ID_Caracteristica,Nombre_Caracteristica,ID_Valor,Nombre_Valor
26191,"EMPAQUE_DE_FABRICA",1679500,"EN: CAJA"
26323,"CONECTIVIDAD_MOVIL",1679501,"4G LTE"
26323,"CONECTIVIDAD_MOVIL",1679502,"NO APLICA"
26324,"PROCESADOR",3865035,"PROCESADOR : AMD Ryzen 7 8840U"
26324,"PROCESADOR",3995701,"PROCESADOR: INTEL CORE I7-13620H"
26324,"PROCESADOR",3995702,"PROCESADOR: INTEL CORE I9-12900HK"
26324,"PROCESADOR",3865043,"PROCESADOR: AMD Ryzen AI 7 PRO 360"
26324,"PROCESADOR",3995830,"PROCESADOR: INTEL CORE ULTRA 5 225H"
26324,"PROCESADOR",3995832,"PROCESADOR: INTEL CORE ULTRA 5 225U"
26324,"PROCESADOR",3995833,"PROCESADOR: INTEL CORE ULTRA 5 235H"
26324,"PROCESADOR",3995835,"PROCESADOR: INTEL CORE ULTRA 7 255H"
26324,"PROCESADOR",3995838,"PROCESADOR: INTEL CORE ULTRA 7 265H"
26324,"PROCESADOR",3995834,"PROCESADOR: INTEL CORE ULTRA 5 235U"
26324,"PROCESADOR",3741041,"PROCESADOR: INTEL CORE i7-13650HX"
26324,"PROCESADOR",2823187,"PROCESADOR: AMD RYZEN 7 7840U"
26324,"PROCESADOR",3741043,"PROCESADOR: INTEL CORE ULTRA 7 258V"
26324,"PROCESADOR",3137212,"PROCESADOR: INTEL CORE 7 150U"
26324,"PROCESADOR",1724482,"PROCESADOR: AMD RYZEN 7 PRO 5875U"
26324,"PROCESADOR",1838454,"PROCESADOR: AMD RYZEN 7 PRO 7730U"
26324,"PROCESADOR",1838460,"PROCESADOR: INTEL CORE I7-1365U"
26324,"PROCESADOR",2747151,"PROCESADOR: INTEL CORE ULTRA 5 125H"
26324,"PROCESADOR",2747155,"PROCESADOR: INTEL CORE ULTRA 5 135U"
26324,"PROCESADOR",2747162,"PROCESADOR: INTEL CORE ULTRA 7 155H"
26324,"PROCESADOR",2747165,"PROCESADOR: INTEL CORE ULTRA 7 155U"
26324,"PROCESADOR",1782514,"PROCESADOR: INTEL CORE I7-1355U"
26324,"PROCESADOR",2745886,"PROCESADOR: INTEL CORE ULTRA 7 165U"
26324,"PROCESADOR",2034115,"PROCESADOR: AMD RYZEN 7 7730U"
26324,"PROCESADOR",1679503,"PROCESADOR : AMD 3015e"
26324,"PROCESADOR",1679506,"PROCESADOR : AMD Ryzen 7 5825U"
26324,"PROCESADOR",1679509,"PROCESADOR: INTEL CORE I7-1255U"
26324,"PROCESADOR",1679510,"PROCESADOR: INTEL CORE I7-1265U"
26324,"PROCESADOR",1679513,"PROCESADOR: INTEL CORE I7-12800HX"
26324,"PROCESADOR",1679515,"PROCESADOR: INTEL CORE I7-10810U"
26324,"PROCESADOR",1679516,"PROCESADOR: INTEL CORE I7-11370H"
26324,"PROCESADOR",1679521,"PROCESADOR: AMD RYZEN 7 5800H"
26324,"PROCESADOR",1679522,"PROCESADOR: INTEL CORE I7-1260P"
26324,"PROCESADOR",1679523,"PROCESADOR: INTEL CORE i7-8750H"
26324,"PROCESADOR",1679524,"PROCESADOR: AMD RYZEN PRO APU R7-2700U"
26324,"PROCESADOR",1679525,"PROCESADOR: INTEL CORE XEON E-2176M"
26324,"PROCESADOR",1679530,"PROCESADOR: INTEL CORE I7-8850H"
26324,"PROCESADOR",1679531,"PROCESADOR: AMD ATHLON GOLD 3150U"
26324,"PROCESADOR",1679533,"PROCESADOR: INTEL CORE i7-11700"
26324,"PROCESADOR",1679536,"PROCESADOR: AMD A12 PRO-8830B"
26324,"PROCESADOR",1679538,"PROCESADOR: INTEL CORE i7 - 4610 M VPRO"
26324,"PROCESADOR",1679540,"PROCESADOR: INTEL CORE i7 - 6500U"
26324,"PROCESADOR",1679542,"PROCESADOR: INTEL CORE i7 - 4810 MQ VPRO"
26324,"PROCESADOR",1679543,"PROCESADOR: INTEL CORE i7-8650U"
26324,"PROCESADOR",1679546,"PROCESADOR: AMD E2-9000E"
26324,"PROCESADOR",1679547,"PROCESADOR INTEL CORE i7 - 8550U"
26324,"PROCESADOR",1679548,"PROCESADOR: INTEL CORE i7 - 6600U VPRO"
26324,"PROCESADOR",1679550,"PROCESADOR: INTEL CORE i7 – 4800 MQ VPRO"
26324,"PROCESADOR",1679552,"PROCESADOR: INTEL PENTIUM N4200"
26324,"PROCESADOR",1679553,"PROCESADOR: INTEL PENTIUM 4410Y"
26324,"PROCESADOR",1679554,"PROCESADOR: AMD A6-9220"
26324,"PROCESADOR",1679555,"PROCESADOR: AMD RYZEN 7 3700U"
26324,"PROCESADOR",1679556,"PROCESADOR: AMD RYZEN 7 PRO 2700U"
26324,"PROCESADOR",1679557,"PROCESADOR: INTEL CORE I7-8550U"
26324,"PROCESADOR",1679563,"PROCESADOR: AMD A4-9125 APU"
26324,"PROCESADOR",1679566,"PROCESADOR: INTEL PENTIUM N5000"
26324,"PROCESADOR",1679567,"PROCESADOR: INTEL CORE I7-8565U"
26324,"PROCESADOR",1679570,"PROCESADOR: INTEL CORE I7-8665U"
26324,"PROCESADOR",1679572,"PROCESADOR: AMD RYZEN 7 PRO 3700U"
26324,"PROCESADOR",1679574,"PROCESADOR: INTEL CORE I7-9750H"
26324,"PROCESADOR",1679575,"PROCESADOR: MEDIATEK MTK6753 CORTEX A53 OCTA CORE"
26324,"PROCESADOR",1679582,"PROCESADOR: AMD RYZEN 7 2700U"
26324,"PROCESADOR",1679583,"PROCESADOR: AMD A4-9120C APU"
26324,"PROCESADOR",1679584,"PROCESADOR: AMD PRO A6-8530B APU"
26324,"PROCESADOR",1679586,"PROCESADOR: AMD PRO A10-9620P APU"
26324,"PROCESADOR",1679587,"PROCESADOR: AMD A9-9425"
26324,"PROCESADOR",1679589,"PROCESADOR: INTEL CORE I7-10510U"
26324,"PROCESADOR",1679590,"PROCESADOR: INTEL CORE I7-10610U"
26324,"PROCESADOR",1679594,"PROCESADOR: INTEL PENTIUM SILVER N5000"
26324,"PROCESADOR",1679596,"PROCESADOR: INTEL CORE I9-10900"
26324,"PROCESADOR",1679599,"PROCESADOR: INTEL CORE I7-10710U"
26324,"PROCESADOR",1679603,"PROCESADOR: AMD RYZEN 7 4700U"
26324,"PROCESADOR",1679608,"PROCESADOR: AMD RYZEN 7 PRO 4750U"
26324,"PROCESADOR",1679609,"PROCESADOR: INTEL CORE I7-1065 G7"
26324,"PROCESADOR",1679614,"PROCESADOR: AMD A6-9220C"
26324,"PROCESADOR",1679615,"PROCESADOR: AMD A4-9120C"
26324,"PROCESADOR",1679619,"PROCESADOR: AMD A4-4300M"
26324,"PROCESADOR",1679620,"PROCESADOR: AMD A4-6210"
26324,"PROCESADOR",1679621,"PROCESADOR: AMD A6 PRO-7050B"
26324,"PROCESADOR",1679622,"PROCESADOR: AMD A6 PRO-8500B"
26324,"PROCESADOR",1679623,"PROCESADOR: AMD A6-1450"
26324,"PROCESADOR",1679624,"PROCESADOR: AMD A6-7000"
26324,"PROCESADOR",1679625,"PROCESADOR: AMD A8 PRO-7150B"
26324,"PROCESADOR",1679626,"PROCESADOR: AMD A8 PRO-8600B"
26324,"PROCESADOR",1679627,"PROCESADOR: AMD A8-5550M"
26324,"PROCESADOR",1679628,"PROCESADOR: AMD A8-6410"
26324,"PROCESADOR",1679629,"PROCESADOR: AMD A8-7100"
26324,"PROCESADOR",1679630,"PROCESADOR: AMD A8-7410"
26324,"PROCESADOR",1679631,"PROCESADOR: AMD E1-2100"
26324,"PROCESADOR",1679632,"PROCESADOR: AMD E1-6010"
26324,"PROCESADOR",1679633,"PROCESADOR: AMD E1-6015"
26324,"PROCESADOR",1679634,"PROCESADOR: AMD E2-6110"
26324,"PROCESADOR",1679635,"PROCESADOR: AMD E2-7110"
26324,"PROCESADOR",1679636,"PROCESADOR: INTEL ATOM X5-Z8350"
26324,"PROCESADOR",3971576,"PROCESADOR: INTEL CORE 5 220U"
26324,"PROCESADOR",1679664,"PROCESADOR: INTEL CORE I7-4510U"
26324,"PROCESADOR",1679665,"PROCESADOR: INTEL CORE I7-4600M"
26324,"PROCESADOR",1679666,"PROCESADOR: INTEL CORE I7-4600U"
26324,"PROCESADOR",1679667,"PROCESADOR: INTEL CORE I7-4610M"
26324,"PROCESADOR",1679668,"PROCESADOR: INTEL CORE I7-4650U"
26324,"PROCESADOR",1679669,"PROCESADOR: INTEL CORE I7-4700MQ"
26324,"PROCESADOR",1679670,"PROCESADOR: INTEL CORE I7-4702MQ"
26324,"PROCESADOR",1679671,"PROCESADOR: INTEL CORE I7-4710HQ"
26324,"PROCESADOR",1679672,"PROCESADOR: INTEL CORE I7-4710MQ"
26324,"PROCESADOR",1679673,"PROCESADOR: INTEL CORE I7-4720HQ"
26324,"PROCESADOR",1679674,"PROCESADOR: INTEL CORE I7-5500U"
26324,"PROCESADOR",1679675,"PROCESADOR: INTEL CORE I7-5600U"
26324,"PROCESADOR",1679676,"PROCESADOR: INTEL CORE I7-6500U"
26324,"PROCESADOR",1679677,"PROCESADOR: INTEL CORE I7-6600U"
26324,"PROCESADOR",1679678,"PROCESADOR: INTEL CORE I7-6700HQ"
26324,"PROCESADOR",1679679,"PROCESADOR: INTEL CORE I7-6820HQ"
26324,"PROCESADOR",1679680,"PROCESADOR: INTEL CORE I7-7500U"
26324,"PROCESADOR",1679681,"PROCESADOR: INTEL CORE M3-6Y30"
26324,"PROCESADOR",1679682,"PROCESADOR: INTEL CORE M5-6Y54"
26324,"PROCESADOR",1679683,"PROCESADOR: INTEL CORE M-5Y10C"
26324,"PROCESADOR",1679684,"PROCESADOR: INTEL CORE M-5Y51"
26324,"PROCESADOR",1679685,"PROCESADOR: INTEL CORE M-5Y71"
26324,"PROCESADOR",1679686,"PROCESADOR: INTEL CORE M7-6Y75"
26324,"PROCESADOR",1679687,"PROCESADOR: INTEL PENTIUM 3805U"
26324,"PROCESADOR",1679688,"PROCESADOR: INTEL PENTIUM N3520"
26324,"PROCESADOR",1679689,"PROCESADOR: INTEL PENTIUM N3700"
26324,"PROCESADOR",1679690,"PROCESADOR: INTEL PENTIUM N3710"
26324,"PROCESADOR",1679691,"PROCESADOR: INTEL XEON E3-1505M V5"
26324,"PROCESADOR",1679692,"PROCESADOR: NVIDIA TEGRA K1 CD570M"
26324,"PROCESADOR",1679693,"PROCESADOR: AMD A10-9600P APU"
26324,"PROCESADOR",1679694,"PROCESADOR: AMD A8-9600B"
26324,"PROCESADOR",1679697,"PROCESADOR: AMD A9-9420"
26324,"PROCESADOR",1679698,"PROCESADOR: INTEL XEON E3-1275 V6"
26324,"PROCESADOR",1679699,"PROCESADOR: INTEL XEON E3-1505M V6"
26324,"PROCESADOR",1679700,"PROCESADOR: INTEL CORE I7-7700HQ"
26324,"PROCESADOR",1679701,"PROCESADOR: INTEL CORE I7-8550"
26324,"PROCESADOR",1679705,"PROCESADOR: INTEL CORE I7-7820HQ"
26324,"PROCESADOR",1679706,"PROCESADOR: AMD A12 - 9800B"
26324,"PROCESADOR",1679707,"PROCESADOR: AMD A12 PRO-9800B"
26324,"PROCESADOR",1679708,"PROCESADOR: APU AMD PRO A12-9800B"
26324,"PROCESADOR",1679710,"PROCESADOR: INTEL CORE M5-6Y57 VPRO"
26324,"PROCESADOR",1679711,"PROCESADOR: INTEL CORE M5-6Y57"
26324,"PROCESADOR",1679712,"PROCESADOR: INTEL CORE I7-7Y75"
26324,"PROCESADOR",1679714,"PROCESADOR: INTEL CORE I7-7600U"
26324,"PROCESADOR",1679715,"PROCESADOR: AMD A6-9225"
26324,"PROCESADOR",1679717,"PROCESADOR: INTEL CORE i7 - 8850H"
26324,"PROCESADOR",1679718,"PROCESADOR: AMD A10-8730B APU"
26324,"PROCESADOR",1679722,"PROCESADOR: AMD A10 PRO-7350B"
26324,"PROCESADOR",1679723,"PROCESADOR: AMD A10 PRO-8700B"
26324,"PROCESADOR",1679724,"PROCESADOR: AMD A10-5745M"
26324,"PROCESADOR",1679725,"PROCESADOR: AMD A10-5750M"
26324,"PROCESADOR",1679726,"PROCESADOR: AMD A12 PRO-8800B"
26324,"PROCESADOR",1679727,"PROCESADOR: AMD A4-1250"
26324,"PROCESADOR",1679747,"PROCESADOR: INTEL CORE I7-10850H"
26324,"PROCESADOR",1679749,"PROCESADOR: AMD RYZEN 7 5700U"
26324,"PROCESADOR",1679750,"PROCESADOR: AMD RYZEN 7 5800U"
26324,"PROCESADOR",1679754,"PROCESADOR: INTEL CORE I7-11800H"
26324,"PROCESADOR",1679755,"PROCESADOR: INTEL CORE I7-12800H"
26324,"PROCESADOR",1679756,"PROCESADOR: AMD A4-9125"
26324,"PROCESADOR",1679757,"PROCESADOR: INTEL CORE I9-11950H"
26324,"PROCESADOR",1679761,"PROCESADOR: INTEL CORE I7-1185G7"
26324,"PROCESADOR",1679763,"PROCESADOR: INTEL CORE I7-1165G7"
26324,"PROCESADOR",1679769,"PROCESADOR: AMD RYZEN 7 4800H"
26324,"PROCESADOR",1679773,"PROCESADOR: INTEL CORE i7-1270P"
26324,"PROCESADOR",1679774,"PROCESADOR: INTEL CORE i7-12700H"
26324,"PROCESADOR",1679775,"PROCESADOR: AMD A6-9220C APU"
26324,"PROCESADOR",1679776,"PROCESADOR: INTEL CORE I7-10750H"
26324,"PROCESADOR",1679780,"PROCESADOR: AMD RYZEN 7 5825U"
26324,"PROCESADOR",1679782,"PROCESADOR: INTEL CORE I7-1065G7"
26324,"PROCESADOR",1679784,"PROCESADOR: AMD RYZEN 7 PRO 5850U"
26324,"PROCESADOR",1679786,"PROCESADOR: INTEL CORE I7-12850HX"
26324,"PROCESADOR",1679789,"PROCESADOR: INTEL XEON W-11855M"
26324,"PROCESADOR",1679792,"PROCESADOR: INTEL CORE I9-12900H"
26324,"PROCESADOR",1679797,"PROCESADOR: INTEL CORE I7-12950HX"
26324,"PROCESADOR",1679798,"PROCESADOR: AMD 3020e"
26324,"PROCESADOR",4130166,"PROCESADOR: MEDIA TEK KOMPANIO ULTRA 910"
26324,"PROCESADOR",4130172,"PROCESADOR: AMD Ryzen™ 7 250"
26324,"PROCESADOR",4051241,"PROCESADOR: INTEL CORE ULTRA 5 135H"
26324,"PROCESADOR",2748371,"PROCESADOR: INTEL CORE I7-13700H"
26324,"PROCESADOR",2744970,"PROCESADOR : AMD Ryzen 7 7735HS"
26324,"PROCESADOR",2744972,"PROCESADOR : AMD Ryzen 7 7735U"
26324,"PROCESADOR",2744976,"PROCESADOR : AMD Ryzen 7 PRO 8840U"
26324,"PROCESADOR",2744975,"PROCESADOR : AMD Ryzen 7 PRO 7735U"
26324,"PROCESADOR",3971237,"PROCESADOR: INTEL CORE ULTRA 7 265U"
26324,"PROCESADOR",3971118,"PROCESADOR: INTEL CORE ULTRA 7 268V"
26324,"PROCESADOR",2027712,"PROCESADOR: INTEL CORE I7-1370P"
26324,"PROCESADOR",2888902,"PROCESADOR: Qualcomm Snapdragon X Elite X1E-78-100"
26324,"PROCESADOR",1804221,"PROCESADOR: INTEL CORE I7-10870H"
26324,"PROCESADOR",1804225,"PROCESADOR: AMD RYZEN 7 4800U"
26324,"PROCESADOR",1765629,"PROCESADOR: AMD ATHLON GOLD 7220U"
26324,"PROCESADOR",1765625,"PROCESADOR: AMD ATHLON SILVER 7120U"
26324,"PROCESADOR",2774480,"PROCESADOR: INTEL CORE ULTRA 7 150U"
26324,"PROCESADOR",3723514,"PROCESADOR: INTEL CORE 5 210H"
26324,"PROCESADOR",3723519,"PROCESADOR: INTEL CORE 7 240H"
26324,"PROCESADOR",3137210,"PROCESADOR: INTEL CORE 3 100U"
26324,"PROCESADOR",2441850,"PROCESADOR: AMD RYZEN 7 PRO 7840U"
26324,"PROCESADOR",3333074,"PROCESADOR: INTEL CORE ULTRA 7 165H"
26324,"PROCESADOR",3137211,"PROCESADOR: INTEL CORE 5 120U"
26324,"PROCESADOR",3995837,"PROCESADOR: INTEL CORE ULTRA 7 255U"
26324,"PROCESADOR",2748372,"PROCESADOR: INTEL CORE ULTRA 9 185H"
26324,"PROCESADOR",2748374,"PROCESADOR: INTEL CORE I7-14700HX"
26324,"PROCESADOR",2630652,"PROCESADOR: INTEL CORE ULTRA 5 125U"
26324,"PROCESADOR",2748369,"PROCESADOR: INTEL CORE I9-14900HX"
26325,"RAM",1770048,"RAM: 40 GB DDR4 3200 400 MHz"
26325,"RAM",2888891,"RAM: 16 GB LPDDR5X 7467 MHz"
26325,"RAM",2888897,"RAM: 8 GB LPDDR5X 8448 MHz"
26325,"RAM",3137204,"RAM: 16 GB LPDDR5 5500 MHz"
26325,"RAM",3137206,"RAM: 16 GB DDR5 5600 MHz"
26325,"RAM",3137231,"RAM: 8 GB LPDDR5X 7500 MHz"
26325,"RAM",2888892,"RAM: 8 GB LPDDR5X 7467 MHz"
26325,"RAM",2561432,"RAM: 12 GB LPDDR5 4800 2400 MHz"
26325,"RAM",1724481,"RAM: 16 GB DDR5 4800 300 MHz"
26325,"RAM",1838444,"RAM: 16 GB LPDDR5 4800 2400 MHz"
26325,"RAM",1838439,"RAM:16 GB DDR4 3200 1600 MHz"
26325,"RAM",1838447,"RAM: 16 GB LPDDR5 6400 400 Mhz"
26325,"RAM",3865211,"RAM: 32 GB LPDDR5X 6400 MHz"
26325,"RAM",2553696,"RAM: 32 GB DDR4 3200 1600 MHz"
26325,"RAM",2553698,"RAM: 64 GB DDR4 3200 1600 MHz"
26325,"RAM",2553710,"RAM: 4 GB LPDDR5 5500 2750 MHz"
26325,"RAM",2553701,"RAM: 8 GB LPDDR5 5500 2750 MHz"
26325,"RAM",2745889,"RAM: 16 GB LPDDR5 6400 MHz"
26325,"RAM",2154644,"RAM: 8 GB DDR5 4800 2400 MHz"
26325,"RAM",1679800,"RAM: 12 GB DDR4 2666 333 MHz"
26325,"RAM",1679801,"RAM: 8 GB DDR4 3733 MHz"
26325,"RAM",1679802,"RAM: 16 GB DDR4 3733 MHz"
26325,"RAM",1679803,"RAM: 8 GB LPDDR3 2133 266 MHz"
26325,"RAM",1679804,"RAM: 16 GB LPDDR3 2133 266 MHz"
26325,"RAM",1679805,"RAM: 12 GB DDR4 2133 266 MHz"
26325,"RAM",1679806,"RAM: 16 GB DDR4 2666 333 MHz"
26325,"RAM",1679807,"RAM: 4 GB LPDDR4 2400 300 MHz"
26325,"RAM",1679808,"RAM: 8 GB DDR4 2666 333 MHz"
26325,"RAM",1679809,"RAM: 4 GB DDR4 1666 200 MHz"
26325,"RAM",1679810,"RAM: 8 GB DDR4 1666 200 MHz"
26325,"RAM",1679811,"RAM: 2 GB DDR3 1GHz"
26325,"RAM",1679812,"RAM: 32 GB DDR4 2666 333 MHz"
26325,"RAM",1679813,"RAM: 4 GB LPDDR3 2133 266 MHz"
26325,"RAM",1679814,"RAM: 24 GB DDR4 2400 300 MHz"
26325,"RAM",1679815,"RAM: 6 GB DDR4 1866 233 MHz"
26325,"RAM",1679816,"RAM: 12 GB DDR4 2400 300 MHz"
26325,"RAM",1679817,"RAM: 8 GB DDR4 2133 MHz"
26325,"RAM",1679818,"RAM: 04GB DDR4 2133 MHz"
26325,"RAM",1679819,"RAM: 32 GB DDR3 2133 MHz"
26325,"RAM",1679820,"RAM: 8 GB DDR3L 2133 266 MHz"
26325,"RAM",1679821,"RAM: 16 GB DDR4 1866 233 MHz"
26325,"RAM",1679822,"RAM: 8 GB DDR4 1866 200 MHz"
26325,"RAM",1679823,"RAM: 4GB DDR4 1866 200 MHz"
26325,"RAM",1679824,"RAM: 4 GB DDR4 1866 233 MHz"
26325,"RAM",1679825,"RAM: 8 GB DDR4 1866 233 MHz"
26325,"RAM",1679826,"RAM: 12 GB DDR3 1600 200 MHz"
26325,"RAM",1679827,"RAM: 12 GB DDR3L 1600 200 MHz"
26325,"RAM",1679828,"RAM: 16 GB DDR3 1600 200 MHz"
26325,"RAM",1679829,"RAM: 16 GB DDR3 2133 266 MHz"
26325,"RAM",1679830,"RAM: 16 GB DDR3L 1600 200 MHz"
26325,"RAM",1679831,"RAM: 16 GB DDR4 2133 266 MHz"
26325,"RAM",1679832,"RAM: 16 GB DDR4 2400 300 MHz"
26325,"RAM",1679833,"RAM: 16 GB LPDDR3 1866 233 MHz"
26325,"RAM",1679834,"RAM: 2 GB DDR3 1600 200 MHz"
26325,"RAM",1679835,"RAM: 2 GB DDR3L 1600 200 MHz"
26325,"RAM",1679836,"RAM: 2 GB LPDDR3 1600 200 MHz"
26325,"RAM",1679837,"RAM: 4 GB DDR3 1066 133 MHz"
26325,"RAM",1679838,"RAM: 4 GB DDR3 1600 200 MHz"
26325,"RAM",1679839,"RAM: 4 GB DDR3L 1333 166 MHz"
26325,"RAM",1679840,"RAM: 4 GB DDR3L 1600 200 MHz"
26325,"RAM",1679841,"RAM: 4 GB DDR4 2133 266 MHz"
26325,"RAM",1679842,"RAM: 4 GB DDR4 2400 300 MHz"
26325,"RAM",1679843,"RAM: 4 GB LPDDR3 1600 200 MHz"
26325,"RAM",1679844,"RAM: 4 GB LPDDR3 1866 233 MHz"
26325,"RAM",1679845,"RAM: 6 GB DDR3 1600 200 MHz"
26325,"RAM",1679846,"RAM: 6 GB DDR3L 1600 200 MHz"
26325,"RAM",1679847,"RAM: 8 GB DDR3 1600 200 MHz"
26325,"RAM",1679848,"RAM: 8 GB DDR3L 1600 200 MHz"
26325,"RAM",1679849,"RAM: 8 GB DDR4 2133 266 MHz"
26325,"RAM",1679850,"RAM: 8 GB DDR4 2400 300 MHz"
26325,"RAM",2641972,"RAM: 8 GB DDR4 5600 2800 MHz"
26325,"RAM",1679851,"RAM: 8 GB LPDDR3 1600 200 MHz"
26325,"RAM",1679852,"RAM: 8 GB LPDDR3 1866 233 MHz"
26325,"RAM",1679853,"RAM: 64 GB DDR4 3200 400 MHz"
26325,"RAM",1679854,"RAM: 4 GB DDR4 1600 200 MHz"
26325,"RAM",1679855,"RAM: 4 GB LPDDR4 2133 MHz"
26325,"RAM",1679856,"RAM: 32 GB LPDDR4 4266 266 MHz"
26325,"RAM",1679857,"RAM: 4 GB LPDDR4 4266 266 MHz"
26325,"RAM",1679858,"RAM: 32 GB DDR4 3200 400 MHz"
26325,"RAM",1679859,"RAM: 8 GB LPDDR4/LPDDR4X 4266 266 MHz"
26325,"RAM",1679860,"RAM: 8 GB DDR4 3200 400 MHz"
26325,"RAM",1679861,"RAM: 16 GB DDR4 3200 400 MHz"
26325,"RAM",1679862,"RAM: 4 GB DDR4 2666 333 MHz"
26325,"RAM",1679863,"RAM: 12 GB DDR4 3200 400 MHz"
26325,"RAM",1679864,"RAM: 16 GB DDR4 2933 366 MHz"
26325,"RAM",1679865,"RAM: 8 GB LPDDR4 2133 MHz"
26325,"RAM",1679866,"RAM: 4 GB LPDDR4 3200 200 MHz"
26325,"RAM",1679867,"RAM: 32 GB DDR4 2400 300 MHz"
26325,"RAM",1679868,"RAM: 20 GB DDR4 2400 300 MHz"
26325,"RAM",1679869,"RAM: 8 GB LPDDR4 2400 300 MHz"
26325,"RAM",1679870,"RAM: 8 GB LPDD4 - 2400 MHz"
26325,"RAM",1679871,"RAM: 4 GB DDR4 3200 400 MHz"
26325,"RAM",1679872,"RAM: 8GB LPDDR4  2666 MHz"
26325,"RAM",1679873,"RAM: 4GB LPDDR4 2666 MHz"
26325,"RAM",1679874,"RAM: 16 GB LPDDR4x 3200 MHz"
26325,"RAM",1679875,"RAM: 24 GB DDR4 3200 400 MHz"
26325,"RAM",1679876,"RAM: 16 GB LPDDR5 4800 300 MHz"
26325,"RAM",1679877,"RAM: 12 GB LPDDR4 -3733 Mhz"
26325,"RAM",1679878,"RAM: 8 GB LPDDR4 -2400 MHz"
26325,"RAM",1679879,"RAM: 16 GB  LPDDR4x 3733 MHz"
26325,"RAM",1679880,"RAM: 16 GB DDR5 4800 600 MHz"
26325,"RAM",1679881,"RAM: 8 GB LPDDR4x 3733 MHz"
26325,"RAM",1679882,"RAM: 8 GB LPDDR4 2933 366 MHz"
26325,"RAM",1679883,"RAM: 8 GB LPDDR4X 4266 MHz"
26325,"RAM",1679884,"RAM: 16 GB LPDDR4X 4266 MHz"
26325,"RAM",1679885,"RAM: 16 GB LPDDR4/LPDDR4X 4266 266 MHz"
26325,"RAM",1679886,"RAM: 32 GB DDR5 4800 300 MHz"
26325,"RAM",1679887,"RAM: 8 GB DDR4 2933 366 MHz"
26325,"RAM",1679888,"RAM: 16 GB LPDDR4 2933 366 MHz"
26325,"RAM",1679889,"RAM: 16 GB LPDDR4x 4266 533 MHz"
26325,"RAM",1679890,"RAM: 32 GB LPDDR4x 4266 533 MHz"
26325,"RAM",2535536,"RAM: 16 GB DDR4 3200 1600 MHz"
26325,"RAM",3850607,"RAM: 4 GB LPDDR5 4800 MHz"
26325,"RAM",3850609,"RAM: 8 GB LPDDR5 4800 MHz"
26325,"RAM",3850651,"RAM: 16 GB LPDDR5X 6400 MHz"
26325,"RAM",2627749,"RAM: 16 GB LPDDR5X 7500 MHz"
26325,"RAM",2034137,"RAM: 8 GB DDR5 5200 2600 MHz"
26325,"RAM",1838442,"RAM: 32 GB LPDDR5 4800 2400 MHz"
26325,"RAM",4130167,"RAM: 4 GB LPDDR4x-3733 MHz"
26325,"RAM",4130168,"RAM: 8 GB LPDDR4x-3733 MHz"
26325,"RAM",4130169,"RAM: 12 GB LPDDR5x-8533 MHz"
26325,"RAM",4130171,"RAM: 16 GB LPDDR5x-8533 MHz"
26325,"RAM",1773913,"RAM: 8 GB DDR5 4800 300 MHz"
26325,"RAM",1885692,"RAM: 16 GB DDR5 5200 2600 MHz"
26325,"RAM",1885694,"RAM: 8 GB DDR4 3200 1600 MHz"
26325,"RAM",2626239,"RAM: 4 GB LPDDR5 6400 3200 Mhz"
26325,"RAM",2154645,"RAM: 16 GB DDR5 4800 2400 MHz"
26325,"RAM",2154646,"RAM: 32 GB DDR5 4800 2400 MHz"
26325,"RAM",2154647,"RAM: 32 GB DDR5 5200 2600 MHz"
26325,"RAM",3971120,"RAM: 32 GB LPDDR5X 8533 MHz"
26325,"RAM",2530209,"RAM: 16 GB DDR5 5600 2800 MHz"
26325,"RAM",2813960,"RAM: 24 GB DDR5 4800 MHz"
26325,"RAM",2813962,"RAM: 48 GB DDR5 4800 MHz"
26325,"RAM",2746985,"RAM: 8 GB DDR5 5600 2800 MHz"
26325,"RAM",3927333,"RAM: 32 GB LPDDR5X 8533 - 4277 MHz"
26325,"RAM",1780242,"RAM: 8 GB LPDDR5 4800 300 MHz"
26325,"RAM",2888895,"RAM: 16 GB LPDDR5X 8448 MHz"
26325,"RAM",3745608,"RAM: 16 GB LPDDR5X 8533 MHz"
26325,"RAM",3333066,"RAM: 32 GB LPDDR5X 8448 MHz"
26325,"RAM",3333062,"RAM: 32 GB LPDDR5X 7467 MHz"
26325,"RAM",2748428,"RAM: 32 GB DDR5 5600 MHz"
26325,"RAM",2748431,"RAM: 16 GB LPDDR5 4800 MHz"
26325,"RAM",2748432,"RAM: 16 GB DDR5 4800 MHz"
26325,"RAM",2748433,"RAM: 32 GB LPDDR5 6400 MHz"
26325,"RAM",2748434,"RAM: 64 GB DDR5 5600 MHz"
26325,"RAM",2553704,"RAM: 8 GB DDR4 2933 1466 MHz"
26326,"ALMACENAMIENTO",1744249,"ALMACENAMIENTO: 1 TB M.2 SSD NVMe"
26326,"ALMACENAMIENTO",1744250,"ALMACENAMIENTO: 512 GB M.2 SSD NVMe"
26326,"ALMACENAMIENTO",1679891,"ALMACENAMIENTO: 256 GB SSD/500 GB HDD 7200 RPM"
26326,"ALMACENAMIENTO",1679892,"ALMACENAMIENTO: 32 GB SSD"
26326,"ALMACENAMIENTO",1679893,"ALMACENAMIENTO: 320 GB HDD 5400 RPM"
26326,"ALMACENAMIENTO",1679894,"ALMACENAMIENTO: 320 GB HDD 7200 RPM"
26326,"ALMACENAMIENTO",1679895,"ALMACENAMIENTO: 500 GB HDD 5400 RPM"
26326,"ALMACENAMIENTO",1679896,"ALMACENAMIENTO: 500 GB HDD 7200 RPM"
26326,"ALMACENAMIENTO",1679897,"ALMACENAMIENTO: 512 GB SSD"
26326,"ALMACENAMIENTO",1679898,"ALMACENAMIENTO: 64 GB SSD"
26326,"ALMACENAMIENTO",1679899,"ALMACENAMIENTO: 750 GB HDD 5400 RPM"
26326,"ALMACENAMIENTO",1679900,"ALMACENAMIENTO: 750 GB HDD 7200 RPM"
26326,"ALMACENAMIENTO",1679901,"ALMACENAMIENTO: 8 GB-1 TB SSHD 5400 RPM"
26326,"ALMACENAMIENTO",1679902,"ALMACENAMIENTO: 2 TB HDD 5400 RPM"
26326,"ALMACENAMIENTO",1679903,"ALMACENAMIENTO: 128 GB SSD/1 TB HDD 7200 RPM"
26326,"ALMACENAMIENTO",1679904,"ALMACENAMIENTO: 960 GB SSD/1 TB HDD 7200 RPM"
26326,"ALMACENAMIENTO",1679905,"ALMACENAMIENTO: 2 TB SSD/1 TB HDD 7200 RPM"
26326,"ALMACENAMIENTO",1679906,"ALMACENAMIENTO: 480 GB SSD/1 TB HDD 5400 RPM"
26326,"ALMACENAMIENTO",1679907,"ALMACENAMIENTO: 240 GB SSD/1 TB HDD 5400 RPM"
26326,"ALMACENAMIENTO",1679908,"ALMACENAMIENTO: 960 GB SSD/1 TB HDD 5400 RPM"
26326,"ALMACENAMIENTO",1679909,"ALMACENAMIENTO: SSHD 1 TB 5400 RPM, 8 GB FLASH"
26326,"ALMACENAMIENTO",1679910,"ALMACENAMIENTO: 2 TB SSD"
26326,"ALMACENAMIENTO",1679911,"ALMACENAMIENTO: 480 GB SSD/1 TB HDD 7200 RPM"
26326,"ALMACENAMIENTO",1679912,"ALMACENAMIENTO: 960 GB SSD"
26326,"ALMACENAMIENTO",1679913,"ALMACENAMIENTO: SSHD 500 GB 7200 RPM / SATA 8GB NAND HYBRID"
26326,"ALMACENAMIENTO",1679914,"ALMACENAMIENTO: 128 GB eMMC"
26326,"ALMACENAMIENTO",1679915,"ALMACENAMIENTO: 128 GB SSD/1 TB HDD 5400 RPM"
26326,"ALMACENAMIENTO",1679916,"ALMACENAMIENTO: 1 TB HDD 5400 RPM"
26326,"ALMACENAMIENTO",1679917,"ALMACENAMIENTO: 1 TB HDD 7200 RPM"
26326,"ALMACENAMIENTO",1679918,"ALMACENAMIENTO: 1 TB SSD"
26326,"ALMACENAMIENTO",1679919,"ALMACENAMIENTO: 1.5 TB HDD 5400 RPM"
26326,"ALMACENAMIENTO",1679920,"ALMACENAMIENTO: 128 GB SSD"
26326,"ALMACENAMIENTO",1679921,"ALMACENAMIENTO: 128 GB SSD/500 GB HDD 7200 RPM"
26326,"ALMACENAMIENTO",1679922,"ALMACENAMIENTO: 16 GB SSD"
26326,"ALMACENAMIENTO",1679923,"ALMACENAMIENTO: 180 GB SSD"
26326,"ALMACENAMIENTO",1679924,"ALMACENAMIENTO: 192 GB SSD"
26326,"ALMACENAMIENTO",1679925,"ALMACENAMIENTO: 240 GB SSD"
26326,"ALMACENAMIENTO",1679926,"ALMACENAMIENTO: 256 GB SSD"
26326,"ALMACENAMIENTO",1679927,"ALMACENAMIENTO: 16 GB eMMC"
26326,"ALMACENAMIENTO",1679928,"ALMACENAMIENTO: 32 GB eMMC"
26326,"ALMACENAMIENTO",1679929,"ALMACENAMIENTO: 240 GB SSD/1 TB HDD 7200 RPM"
26326,"ALMACENAMIENTO",1679930,"ALMACENAMIENTO: SSHD 500 GB 5400 RPM"
26326,"ALMACENAMIENTO",1679931,"ALMACENAMIENTO: 360 GB SSD"
26326,"ALMACENAMIENTO",1679932,"ALMACENAMIENTO: 64 GB eMMC"
26326,"ALMACENAMIENTO",1679933,"ALMACENAMIENTO: SSHD 500 GB 5400 RPM / SATA 8GB NAND HYBRID"
26326,"ALMACENAMIENTO",1679934,"ALMACENAMIENTO: 256 GB SSD/1 TB HDD 5400 RPM"
26326,"ALMACENAMIENTO",1679935,"ALMACENAMIENTO: 512 GB SSD/1 TB HDD 5400 RPM"
26326,"ALMACENAMIENTO",1679936,"ALMACENAMIENTO: 512 GB SSD/1 TB HDD 7200 RPM"
26326,"ALMACENAMIENTO",1679937,"ALMACENAMIENTO: 256 GB SSD/256 GB SSD"
26326,"ALMACENAMIENTO",1679938,"ALMACENAMIENTO: 64 GB SSD/1 TB HDD 5400 RPM"
26326,"ALMACENAMIENTO",1679939,"ALMACENAMIENTO: 500 GB SSD"
26326,"ALMACENAMIENTO",1679940,"ALMACENAMIENTO: 1 TB SSD/1 TB HDD 5400 RPM"
26326,"ALMACENAMIENTO",1679941,"ALMACENAMIENTO: 500 GB SSD/1 TB HDD 7200 RPM"
26326,"ALMACENAMIENTO",1679942,"ALMACENAMIENTO: 256 GB SSD/ 512 GB SSD"
26326,"ALMACENAMIENTO",1679943,"ALMACENAMIENTO: 256 GB SSD/1 TB SSD"
26326,"ALMACENAMIENTO",1679944,"ALMACENAMIENTO: 128 GB NVMe"
26326,"ALMACENAMIENTO",1679945,"ALMACENAMIENTO: 512 GB SSD/2 TB SSD"
26326,"ALMACENAMIENTO",1679946,"ALMACENAMIENTO: 2 X 1 TB SSD"
26326,"ALMACENAMIENTO",1679947,"ALMACENAMIENTO: 2 X 2 TB SSD"
26326,"ALMACENAMIENTO",1679948,"ALMACENAMIENTO: 512 GB SSD/1 TB SSD"
26326,"ALMACENAMIENTO",1679949,"ALMACENAMIENTO: 1 TB  HDD 7200 RPM / 256 GB SSD"
26326,"ALMACENAMIENTO",1679950,"ALMACENAMIENTO: 500 GB SSD/ 1 TB HDD 5400 RPM"
26326,"ALMACENAMIENTO",1679951,"ALMACENAMIENTO: 250 GB SSD/ 1 TB HDD 5400 RPM"
26326,"ALMACENAMIENTO",1679952,"ALMACENAMIENTO: 250 GB SSD"
26326,"ALMACENAMIENTO",1679953,"ALMACENAMIENTO: 256 GB NVMe"
26327,"PANTALLA",2529511,"PANTALLA: LCD CON RETROILUMINACION LED 14.0"" 2880X1800 PIXELES"
26327,"PANTALLA",2641973,"PANTALLA: LCD CON RETROILUMINACION LED 16.0"" 1920X1080 PIXELES"
26327,"PANTALLA",1773054,"PANTALLA: LCD CON RETROILUMINACION LED TACTIL 14.0"" 2560X1600 PIXELES"
26327,"PANTALLA",1838450,"PANTALLA: LCD CON RETROILUMINACION LED TACTIL 13.3"" 1920X1200 PIXELES"
26327,"PANTALLA",2561436,"PANTALLA: LCD CON RETROILUMINACION LED TACTIL 13.3"" 2256X1504 PIXELES"
26327,"PANTALLA",1679954,"PANTALLA: LCD CON RETROILUMINACION LED TACTIL 14.0"" 1920X1200 PIXELES"
26327,"PANTALLA",1679955,"PANTALLA: LCD CON RETROILUMINACION LED 14.0"" 2160X1440 PIXELES"
26327,"PANTALLA",1679956,"PANTALLA: LCD CON RETROILUMINACION LED TACTIL 13.9"" 3000X2000 PIXELES"
26327,"PANTALLA",1679957,"PANTALLA: LCD CON RETROILUMINACION LED 12.5"" 1366X768 PIXELES"
26327,"PANTALLA",1679958,"PANTALLA: LCD CON RETROILUMINACION LED 12.5"" 1920X1080 PIXELES"
26327,"PANTALLA",1679959,"PANTALLA: LCD CON RETROILUMINACION LED 13.3"" 1366X768 PIXELES"
26327,"PANTALLA",1679960,"PANTALLA: LCD CON RETROILUMINACION LED 13.3"" 1600X900 PIXELES"
26327,"PANTALLA",1679961,"PANTALLA: LCD CON RETROILUMINACION LED 13.3"" 1920X1080 PIXELES"
26327,"PANTALLA",1679962,"PANTALLA: LCD CON RETROILUMINACION LED 14.0"" 1366X768 PIXELES"
26327,"PANTALLA",1679963,"PANTALLA: LCD CON RETROILUMINACION LED 14.0"" 1600X900 PIXELES"
26327,"PANTALLA",1679964,"PANTALLA: LCD CON RETROILUMINACION LED 14.0"" 1920X1080 PIXELES"
26327,"PANTALLA",1679965,"PANTALLA: LCD CON RETROILUMINACION LED 14.0"" 1920X1800 PIXELES"
26327,"PANTALLA",1679966,"PANTALLA: LCD CON RETROILUMINACION LED 14.0"" 2560X1440 PIXELES"
26327,"PANTALLA",1679967,"PANTALLA: LCD CON RETROILUMINACION LED 15.6"" 1366X768 PIXELES"
26327,"PANTALLA",1679968,"PANTALLA: LCD CON RETROILUMINACION LED 15.6"" 1920X1080 PIXELES"
26327,"PANTALLA",1679969,"PANTALLA: LCD CON RETROILUMINACION LED 15.8"" 1366X768 PIXELES"
26327,"PANTALLA",1679970,"PANTALLA: LCD CON RETROILUMINACION LED 17.3"" 1600X900 PIXELES"
26327,"PANTALLA",1679971,"PANTALLA: LCD CON RETROILUMINACION LED 17.3"" 1920X1080 PIXELES"
26327,"PANTALLA",1679972,"PANTALLA: LCD CON RETROILUMINACION LED 17.3"" 3840X2160 PIXELES"
26327,"PANTALLA",1679973,"PANTALLA: LCD CON RETROILUMINACION LED TACTIL 10.1"" 1280X800 PIXELES"
26327,"PANTALLA",1679974,"PANTALLA: LCD CON RETROILUMINACION LED TACTIL 11.6"" 1366X768 PIXELES"
26327,"PANTALLA",1679975,"PANTALLA: LCD CON RETROILUMINACION LED TACTIL 11.6"" 1920X1080 PIXELES"
26327,"PANTALLA",1679976,"PANTALLA: LCD CON RETROILUMINACION LED TACTIL 12.0"" 1920X1080 PIXELES"
26327,"PANTALLA",1679977,"PANTALLA: LCD CON RETROILUMINACION LED TACTIL 12.0"" 1920X1280 PIXELES"
26327,"PANTALLA",1679978,"PANTALLA: LCD CON RETROILUMINACION LED TACTIL 12.5"" 1366X768 PIXELES"
26327,"PANTALLA",1679979,"PANTALLA: LCD CON RETROILUMINACION LED TACTIL 12.5"" 1920X1080 PIXELES"
26327,"PANTALLA",1679980,"PANTALLA: LCD CON RETROILUMINACION LED TACTIL 12.5"" 2560X1440 PIXELES"
26327,"PANTALLA",1679981,"PANTALLA: LCD CON RETROILUMINACION LED TACTIL 13.3"" 1366X768 PIXELES"
26327,"PANTALLA",1679982,"PANTALLA: LCD CON RETROILUMINACION LED TACTIL 13.3"" 1920X1080 PIXELES"
26327,"PANTALLA",1679983,"PANTALLA: LCD CON RETROILUMINACION LED TACTIL 14.0"" 1366X768 PIXELES"
26327,"PANTALLA",1679984,"PANTALLA: LCD CON RETROILUMINACION LED TACTIL 14.0"" 1920X1080 PIXELES"
26327,"PANTALLA",1679985,"PANTALLA: LCD CON RETROILUMINACION LED TACTIL 14.0"" 2560X1440 PIXELES"
26327,"PANTALLA",1679986,"PANTALLA: LCD CON RETROILUMINACION LED TACTIL 15.6"" 1366X768 PIXELES"
26327,"PANTALLA",1679987,"PANTALLA: LCD CON RETROILUMINACION LED 13.3"" 1024X768 PIXELES"
26327,"PANTALLA",1679988,"PANTALLA: LCD CON RETROILUMINACION LED 14.1"" 1920X1080 PIXELES"
26327,"PANTALLA",1679989,"PANTALLA: LCD CON RETROILUMINACION LED 10.1"" 1200X800 PIXELES"
26327,"PANTALLA",1679990,"PANTALLA: LCD CON RETROILUMINACION LED 11.6"" 1920X1080 PIXELES"
26327,"PANTALLA",1679991,"PANTALLA: LCD CON RETROILUMINACION LED 42.5"" 3840X2160 PIXELES"
26327,"PANTALLA",1679992,"PANTALLA: LCD CON RETROILUMINACION LED TACTIL 15.6"" 3840X2160 PIXELES"
26327,"PANTALLA",1679993,"PANTALLA: LCD CON RETROILUMINACION LED TACTIL 12.3"" 3000X2000 PIXELES"
26327,"PANTALLA",1679994,"PANTALLA: LCD CON RETROILUMINACION LED TACTIL 13"" 3000X2000 PIXELES"
26327,"PANTALLA",1679995,"PANTALLA: LCD CON RETROILUMINACION LED 13.1"" 1024X768 PIXELES"
26327,"PANTALLA",1679996,"PANTALLA: LCD CON RETROILUMINACION LED TACTIL 10.1"" 1920X1200 PIXELES"
26327,"PANTALLA",1679997,"PANTALLA: LCD CON RETROILUMINACION LED TACTIL 15.6"" 1920X1080 PIXELES"
26327,"PANTALLA",1679998,"PANTALLA: LCD CON RETROILUMINACION LED 11.6"" 1366X768 PIXELES"
26327,"PANTALLA",1679999,"PANTALLA: LCD CON RETROILUMINACION LCD 14.1"", 1920X1080 PIXELES, IPS"
26327,"PANTALLA",1680000,"PANTALLA: LCD CON RETROILUMINACION LCD 13"", 216X1400 PIXELES, IPS"
26327,"PANTALLA",1680001,"PANTALLA: LCD CON RETROILUMINACION LCD 13.3"", 216X1400 PIXELES, IPS"
26327,"PANTALLA",1680002,"PANTALLA: LCD CON RETROILUMINACION LCD14.1"", 216X1400 PIXELES, IPS"
26327,"PANTALLA",1680003,"PANTALLA: LCD CON RETROILUMINACION LCD 11.6"", 1366X768 PIXELES, IPS"
26327,"PANTALLA",1680004,"PANTALLA: LCD CON RETROILUMINACION LED 17.0"" 2560X1600 PIXELES"
26327,"PANTALLA",1680005,"PANTALLA: LCD CON RETROILUMINACION LED 16"" 1920X1200 PIXELES"
26327,"PANTALLA",1680006,"PANTALLA: LCD CON RETROILUMINACION LED 14.0"" 1920X1200 PIXELES"
26327,"PANTALLA",1680007,"PANTALLA: LCD CON RETROILUMINACION LED 16.0"" 2560X1600 PIXELES"
26327,"PANTALLA",1680008,"PANTALLA: LCD CON RETROILUMINACION LCD 15.6"" 1920X1080 IPS"
26327,"PANTALLA",1680009,"PANTALLA: LCD CON RETROILUMINACION LED TACTIL 13.4"" 2520X1680 PIXELES"
26327,"PANTALLA",1680010,"PANTALLA: LCD CON RETROILUNIACION LCD 13.3"", 1920X1080 FHD"
26327,"PANTALLA",1680011,"PANTALLA: LCD CON RETROILUMINACION LED TACTIL 13.5"" 1920x1280 PIXELES"
26327,"PANTALLA",1680012,"PANTALLA: LCD CON RETROILUMINACION LED 20.7"" 1920X1080 PIXELES"
26327,"PANTALLA",2530184,"PANTALLA: LCD CON RETROILUMINACION LED 14.0"" 2240X1400 PIXELES"
26327,"PANTALLA",4051236,"PANTALLA: LCD CON RETROILUMINACION LED TACTIL 14.0"" 2880X1800 PIXELES"
26327,"PANTALLA",2748423,"PANTALLA: LCD CON RETROILUMINACION LED 16.0"" 3840X2400 PIXELES"
26327,"PANTALLA",3927336,"PANTALLA: LCD CON RETROILUMINACION LED 14"" 2.8K 2880X1800 PIXELES"
26327,"PANTALLA",3333054,"PANTALLA: LCD CON RETROILUMINACION LED TACTIL 14.0"" 2240X1400 PIXELES"
26328,"CONECTIVIDAD_LAN",1680013,"LAN: NO"
26328,"CONECTIVIDAD_LAN",1680014,"LAN: SI"
26329,"CONECTIVIDAD_WLAN",1680015,"WLAN: SI"
26330,"CONECTIVIDAD_BLUETOOTH",1680016,"BLUETOOTH: NO"
26330,"CONECTIVIDAD_BLUETOOTH",1680017,"BLUETOOTH: SI"
26331,"VIDEO_VGA",1680018,"VGA: NO"
26332,"VIDEO_HDMI",1680020,"HDMI: NO"
26332,"VIDEO_HDMI",1680021,"HDMI: SI"
26333,"SISTEMA_OPERATIVO",1885674,"SIST. OPER: UBUNTU 23.04 LUNAR LOBSTER 64 BITS ESPAÑOL"
26333,"SISTEMA_OPERATIVO",1680022,"SIST. OPER: LINUX LETOS"
26333,"SISTEMA_OPERATIVO",1680023,"SIST. OPER: WINDOWS 11 PRO 64 BITS ESPAÑOL"
26333,"SISTEMA_OPERATIVO",1680024,"SIST. OPER: UBUNTU 21.04 IMPISH INDRI 64 BITS ESPAÑOL"
26333,"SISTEMA_OPERATIVO",1680025,"SIST. OPER: UBUNTU 22.04 JAMMY JELLYFISH 64 BITS ESPAÑOL"
26333,"SISTEMA_OPERATIVO",1680026,"SIST. OPER: CHROME 1.0 64 BITS ESPAÑOL"
26333,"SISTEMA_OPERATIVO",1680027,"SIST. OPER: FREEDOS 2.0 ESPAÑOL"
26333,"SISTEMA_OPERATIVO",1680028,"SIST. OPER: NO INCLUIDO"
26333,"SISTEMA_OPERATIVO",1680029,"SIST. OPER: SUSE 11 ENTERPRISE DESKTOP 64 BITS ESPAÑOL"
26333,"SISTEMA_OPERATIVO",1680030,"SIST. OPER: UBUNTU 12.04 LTS PRECISE PANGOLIN 64 BITS ESPAÑOL"
26333,"SISTEMA_OPERATIVO",1680031,"SIST. OPER: UBUNTU 14.04 TRUSTY TAHR 64 BITS ESPAÑOL"
26333,"SISTEMA_OPERATIVO",1680032,"SIST. OPER: UBUNTU CR 12.04 64 BITS ESPAÑOL"
26333,"SISTEMA_OPERATIVO",1680033,"SIST. OPER: WINDOWS 10 HOME 64 BITS ESPAÑOL"
26333,"SISTEMA_OPERATIVO",1680034,"SIST. OPER: WINDOWS 10 HOME SL 64 BITS ESPAÑOL"
26333,"SISTEMA_OPERATIVO",1680035,"SIST. OPER: WINDOWS 10 PRO 64 BITS ESPAÑOL"
26333,"SISTEMA_OPERATIVO",1680036,"SIST. OPER: WINDOWS 7 PROFESSIONAL 32 BITS ESPAÑOL"
26333,"SISTEMA_OPERATIVO",1680037,"SIST. OPER: WINDOWS 7 PROFESSIONAL 64 BITS ESPAÑOL"
26333,"SISTEMA_OPERATIVO",1680038,"SIST. OPER: WINDOWS 8 64 BITS ESPAÑOL"
26333,"SISTEMA_OPERATIVO",1680039,"SIST. OPER: WINDOWS 8 PRO 64 BITS ESPAÑOL"
26333,"SISTEMA_OPERATIVO",1680040,"SIST. OPER: WINDOWS 8 SL 64 BITS ESPAÑOL"
26333,"SISTEMA_OPERATIVO",1680041,"SIST. OPER: WINDOWS 8.1 64 BITS ESPAÑOL"
26333,"SISTEMA_OPERATIVO",1680042,"SIST. OPER: WINDOWS 8.1 HIGH END 64 BITS ESPAÑOL"
26333,"SISTEMA_OPERATIVO",1680043,"SIST. OPER: WINDOWS 8.1 PRO 64 BITS ESPAÑOL"
26333,"SISTEMA_OPERATIVO",1680044,"SIST. OPER: WINDOWS 8.1 SL 64 BITS ESPAÑOL"
26333,"SISTEMA_OPERATIVO",1680045,"SIST. OPER: WINDOWS 8.1 SL WITH BING 64 BITS ESPAÑOL"
26333,"SISTEMA_OPERATIVO",1680046,"SIST. OPER: WINDOWS EMBEDDED STANDAR 7 32 BITS ESPAÑOL"
26333,"SISTEMA_OPERATIVO",1680047,"SIST. OPER:	WINDOWS SERVER PROFESIONAL 2012 EN ESPAÑOL 64BIT"
26333,"SISTEMA_OPERATIVO",1680048,"SIST. OPER: CHROME OS 64 BITS"
26333,"SISTEMA_OPERATIVO",1680049,"SIST. OPER: WINDOWS 10 HOME 32 BITS ESPAÑOL"
26333,"SISTEMA_OPERATIVO",1680050,"SIST. OPER: CHROME OS"
26333,"SISTEMA_OPERATIVO",1680051,"SIST. OPER: WINDOWS 10 S ENTRY STD"
26333,"SISTEMA_OPERATIVO",1680052,"SIST. OPER: UBUNTU LINUX 18.04"
26333,"SISTEMA_OPERATIVO",1680053,"SIST. OPER: FREEDOS 3.0 ESPAÑOL"
26333,"SISTEMA_OPERATIVO",1680054,"SIST. OPER: UBUNTU 21.04 LTS HIRSUTE HIPPO 64 BITS ESPAÑOL"
26333,"SISTEMA_OPERATIVO",1680055,"SIST. OPER: WINDOWS 11 PRO 64 BITS ESPAÑOL DOWNGRADE TO WINDOWS 10 PRO 64 BITS ESPAÑOL"
26333,"SISTEMA_OPERATIVO",1680056,"SIST. OPER: WINDOWS 11 HOME 64 BITS ESPAÑOL"
26333,"SISTEMA_OPERATIVO",1680057,"SIST. OPER: UBUNTU 20.04 LTS FOCAL FOSSA 64 BITS ESPAÑOL"
26333,"SISTEMA_OPERATIVO",1680058,"SIST. OPER: FREEDOS ESPAÑOL"
26333,"SISTEMA_OPERATIVO",1680059,"SIST. OPER: UBUNTU 20.10 GROOVY GORILLA 64 BITS ESPAÑOL"
26333,"SISTEMA_OPERATIVO",4051165,"SIST. OPER: UBUNTU 24.04 NOBLE NUMBAT 64 BITS ESPAÑOL"
26333,"SISTEMA_OPERATIVO",1885672,"SIST. OPER: UBUNTU 23.10 MANTIC MINOTAUR 64 BITS ESPAÑOL"
26333,"SISTEMA_OPERATIVO",1885677,"SIST. OPER: UBUNTU 22.10 KINETIC KUDU 64 BITS ESPAÑOL"
26333,"SISTEMA_OPERATIVO",3927337,"SIST. OPER: WINDOWS 11 PRO 64 BITS NEXTGEN PREMIUN ESPAÑOL"
26333,"SISTEMA_OPERATIVO",3325835,"SIST. OPER: UBUNTU 24.10 ORACULAR ORIOLE 64 BITS ESPAÑOL"
26334,"BATERIA",1680060,"BATERIA: LI-PO 2 CELDAS"
26334,"BATERIA",1680061,"BATERIA: LI-ON 10 CELDAS"
26334,"BATERIA",1680062,"BATERIA: LI-ION 10 CELDAS"
26334,"BATERIA",1680063,"BATERIA: LI-ION 2 CELDAS"
26334,"BATERIA",1680064,"BATERIA: LI-ION 3 CELDAS"
26334,"BATERIA",1680065,"BATERIA: LI-ION 4 CELDAS"
26334,"BATERIA",1680066,"BATERIA: LI-ION 6 CELDAS"
26334,"BATERIA",1680067,"BATERIA: LI-ION 8 CELDAS"
26334,"BATERIA",1680068,"BATERIA: LI-PO 3 CELDAS"
26334,"BATERIA",1680069,"BATERIA: LI-PO 6 CELDAS"
26334,"BATERIA",1680070,"BATERIA: LI-ON 9 CELDAS"
26334,"BATERIA",1680071,"BATERIA: LI-PO 4 CELDAS"
26334,"BATERIA",1680072,"BATERIA: LI-ION 7 CELDAS"
26335,"PESO",1827031,"PESO: 1.41 kg"
26335,"PESO",2537280,"PESO: 1.425 kg"
26335,"PESO",1680073,"PESO: 1.53 kg"
26335,"PESO",1680074,"PESO: 1.21 Kg"
26335,"PESO",1680075,"PESO: 0.98 Kg"
26335,"PESO",1680076,"PESO: 3.75 kg"
26335,"PESO",1680077,"PESO: 1.14 Kg"
26335,"PESO",1680078,"PESO: 1.01 Kg"
26335,"PESO",1680079,"PESO: 1.26 kg"
26335,"PESO",1680080,"PESO: 1.27 kg"
26335,"PESO",1680081,"PESO: 1.29 kg"
26335,"PESO",1680082,"PESO: 1.31 kg"
26335,"PESO",1680083,"PESO: 1.32 kg"
26335,"PESO",1680084,"PESO: 1.34 kg"
26335,"PESO",1680085,"PESO: 1.35 kg"
26335,"PESO",1680086,"PESO: 2.17 kg"
26335,"PESO",1680087,"PESO: 2.18 kg"
26335,"PESO",1680088,"PESO: 2.19 kg"
26335,"PESO",1680089,"PESO: 2.20 kg"
26335,"PESO",1680090,"PESO: 2.21 kg"
26335,"PESO",1680091,"PESO: 2.22 kg"
26335,"PESO",1680092,"PESO: 2.24 kg"
26335,"PESO",1680093,"PESO: 2.26 kg"
26335,"PESO",1680094,"PESO: 2.27 kg"
26335,"PESO",1680095,"PESO: 2.30 kg"
26335,"PESO",1680096,"PESO: 2.31 kg"
26335,"PESO",1680097,"PESO: 2.32 kg"
26335,"PESO",1680098,"PESO: 2.35 kg"
26335,"PESO",1680099,"PESO: 2.36 kg"
26335,"PESO",1680100,"PESO: 2.38 kg"
26335,"PESO",1680101,"PESO: 2.40 kg"
26335,"PESO",1680102,"PESO: 2.41 kg"
26335,"PESO",1680103,"PESO: 2.44 kg"
26335,"PESO",1680104,"PESO: 2.45 kg"
26335,"PESO",1680105,"PESO: 2.46 kg"
26335,"PESO",1680106,"PESO: 2.49 kg"
26335,"PESO",1680107,"PESO: 2.50 kg"
26335,"PESO",1680108,"PESO: 2.58 kg"
26335,"PESO",1680109,"PESO: 2.60 kg"
26335,"PESO",1680110,"PESO: 2.67 kg"
26335,"PESO",1680111,"PESO: 2.79 kg"
26335,"PESO",1680112,"PESO: 3.30 kg"
26335,"PESO",1680113,"PESO: 3.40 kg"
26335,"PESO",1680114,"PESO: 0.803 kg"
26335,"PESO",1680115,"PESO: 3.50 Kg."
26335,"PESO",1680116,"PESO: 5.20 Kg"
26335,"PESO",1680117,"PESO: 8.60 Kg"
26335,"PESO",1680118,"PESO: 3.00 kg"
26335,"PESO",1680119,"PESO: 0.81 kg"
26335,"PESO",1680120,"PESO: 1.30 kg"
26335,"PESO",1680121,"PESO: 0.995 kg"
26335,"PESO",1680122,"PESO: 0.95 kg"
26335,"PESO",1680123,"PESO: 1.78 kg"
26335,"PESO",1680124,"PESO: 1.095 kg"
26335,"PESO",1680125,"PESO: 3.54 Kg."
26335,"PESO",1680126,"PESO: 1.24 kg"
26335,"PESO",1680127,"PESO: 1.75 kg"
26335,"PESO",1680128,"PESO: 9.95 Kg"
26335,"PESO",1680129,"PESO: 1.25 kg"
26335,"PESO",1680130,"PESO: 3.20 kg"
26335,"PESO",1680131,"PESO: 9.90 Kg"
26335,"PESO",1680132,"PESO: 1.19 kg"
26335,"PESO",1680133,"PESO: 1.33 kg"
26335,"PESO",1680134,"PESO: 0.86 kg"
26335,"PESO",1680135,"PESO: 1.57 kg"
26335,"PESO",1680136,"PESO: 1.00 kg"
26335,"PESO",1680137,"PESO: 1.62 kg"
26335,"PESO",1680138,"PESO: 1.36 kg"
26335,"PESO",1680139,"PESO: 1.38 kg"
26335,"PESO",1680140,"PESO: 1.40 kg"
26335,"PESO",1680141,"PESO: 1.42 kg"
26335,"PESO",1680142,"PESO: 1.43 kg"
26335,"PESO",1680143,"PESO: 1.44 kg"
26335,"PESO",1680144,"PESO: 1.45 kg"
26335,"PESO",1680145,"PESO: 1.46 kg"
26335,"PESO",1680146,"PESO: 1.47 kg"
26335,"PESO",1680147,"PESO: 1.48 kg"
26335,"PESO",1680148,"PESO: 1.49 kg"
26335,"PESO",1680149,"PESO: 1.50 kg"
26335,"PESO",1680150,"PESO: 1.51 kg"
26335,"PESO",1680151,"PESO: 1.52 kg"
26335,"PESO",1680152,"PESO: 1.54 kg"
26335,"PESO",1680153,"PESO: 1.55 kg"
26335,"PESO",1680154,"PESO: 1.58 kg"
26335,"PESO",1680155,"PESO: 1.59 kg"
26335,"PESO",1680156,"PESO: 1.60 kg"
26335,"PESO",1680157,"PESO: 1.61 kg"
26335,"PESO",1680158,"PESO: 1.63 kg"
26335,"PESO",1680159,"PESO: 1.64 kg"
26335,"PESO",1680160,"PESO: 1.67 kg"
26335,"PESO",1680161,"PESO: 1.68 kg"
26335,"PESO",1680162,"PESO: 1.70 kg"
26335,"PESO",1680163,"PESO: 1.71 kg"
26335,"PESO",1680164,"PESO: 1.72 kg"
26335,"PESO",1680165,"PESO: 1.73 kg"
26335,"PESO",1680166,"PESO: 1.74 kg"
26335,"PESO",1680167,"PESO: 1.76 kg"
26335,"PESO",1680168,"PESO: 1.77 kg"
26335,"PESO",1680169,"PESO: 1.79 kg"
26335,"PESO",1680170,"PESO: 1.80 kg"
26335,"PESO",1680171,"PESO: 1.81 kg"
26335,"PESO",1680172,"PESO: 1.82 kg"
26335,"PESO",1680173,"PESO: 1.83 kg"
26335,"PESO",1680174,"PESO: 1.84 kg"
26335,"PESO",1680175,"PESO: 1.85 kg"
26335,"PESO",1680176,"PESO: 1.86 kg"
26335,"PESO",1680177,"PESO: 1.88 kg"
26335,"PESO",1680178,"PESO: 1.89 kg"
26335,"PESO",1680179,"PESO: 1.90 kg"
26335,"PESO",1680180,"PESO: 1.91 kg"
26335,"PESO",1680181,"PESO: 1.94 kg"
26335,"PESO",1680182,"PESO: 1.95 kg"
26335,"PESO",1680183,"PESO: 1.96 kg"
26335,"PESO",1680184,"PESO: 1.97 kg"
26335,"PESO",1680185,"PESO: 1.98 kg"
26335,"PESO",1680186,"PESO: 1.99 kg"
26335,"PESO",1680187,"PESO: 2.00 kg"
26335,"PESO",1680188,"PESO: 2.02 kg"
26335,"PESO",1680189,"PESO: 2.04 kg"
26335,"PESO",1680190,"PESO: 2.05 kg"
26335,"PESO",1680191,"PESO: 2.06 kg"
26335,"PESO",1680192,"PESO: 2.07 kg"
26335,"PESO",1680193,"PESO: 2.08 kg"
26335,"PESO",1680194,"PESO: 2.09 kg"
26335,"PESO",1680195,"PESO: 2.10 kg"
26335,"PESO",1680196,"PESO: 2.11 kg"
26335,"PESO",1680197,"PESO: 2.13 kg"
26335,"PESO",1680198,"PESO: 2.14 kg"
26335,"PESO",1680199,"PESO: 2.15 kg"
26335,"PESO",1680200,"PESO: 1.65 kg"
26335,"PESO",1680201,"PESO: 1.37 kg"
26335,"PESO",1680202,"PESO: 1.39 kg"
26335,"PESO",1680203,"PESO: 2.25 kg"
26335,"PESO",1680204,"PESO: 1.93 kg"
26335,"PESO",1680205,"PESO: 1.87 kg"
26335,"PESO",1680206,"PESO: 2.65 kg"
26335,"PESO",1680207,"PESO: 3.45 kg"
26335,"PESO",1680208,"PESO: 1.28 kg"
26335,"PESO",1680209,"PESO: 0.78 kg"
26335,"PESO",1680210,"PESO: 0.85 kg"
26335,"PESO",1680211,"PESO: 0.93 kg"
26335,"PESO",1680212,"PESO: 0.97 kg"
26335,"PESO",1680213,"PESO: 1.13 kg"
26335,"PESO",1680214,"PESO: 1.16 kg"
26335,"PESO",1680215,"PESO: 1.17 kg"
26335,"PESO",1680216,"PESO: 1.20 kg"
26335,"PESO",1680217,"PESO: 1.22 kg"
26335,"PESO",1680218,"PESO 1.280 KG"
26335,"PESO",1680219,"PESO 0.910 KG"
26335,"PESO",1680220,"PESO: 1.56 kg"
26335,"PESO",1680221,"PESO: 2.88 kg"
26335,"PESO",1680222,"PESO: 3.61 kg"
26335,"PESO",1680223,"PESO: 1.12 kg"
26335,"PESO",1680224,"PESO: 0.999 kg"
26335,"PESO",1680225,"PESO: 0.99 kg"
26335,"PESO",1680226,"PESO: 1.66 kg"
26335,"PESO",1680227,"PESO: 1.69 kg"
26335,"PESO",1680228,"PESO: 1.06 Kg"
26335,"PESO",3850599,"PESO: 1.23 kg"
26335,"PESO",2748426,"PESO: 3.10 kg"
26335,"PESO",3333059,"PESO: 1.18 kg"
26335,"PESO",2748427,"PESO: 3.60 kg"
26336,"UNIDAD_OPTICA",1680229,"UNIDAD OPTICA: NO"
26337,"CAMARA_WEB",1680231,"CAMARA WEB: NO"
26337,"CAMARA_WEB",1680232,"CAMARA WEB: SI"
26338,"SUITE_OFIMATICA",1680233,"SUITE OFIMATICA PRE-INSTALADA: MICROSOFT OFFICE HOME & BUSINESS 2021"
26338,"SUITE_OFIMATICA",1680234,"SUITE OFIMATICA: LIBREOFFICE 7.1"
26338,"SUITE_OFIMATICA",1680235,"SUITE OFIMATICA PRE-INSTALADA: MICROSOFT OFFICE HOME & BUSINESS 2021"
26338,"SUITE_OFIMATICA",1680236,"SUITE OFIMATICA PRE-INSTALADA: MICROSOFT OFFICE PROFESSIONAL 2021 "
26338,"SUITE_OFIMATICA",1680237,"SUITE OFIMATICA: LIBREOFFICE 6.0"
26338,"SUITE_OFIMATICA",1680238,"SUITE OFIMATICA: NO"
26338,"SUITE_OFIMATICA",1680239,"SUITE OFIMATICA PRE-INSTALADA: MICROSOFT OFFICE PROFESSIONAL 2016"
26338,"SUITE_OFIMATICA",1680240,"SUITE OFIMATICA PRE-INSTALADA: MICROSOFT OFFICE HOME & BUSINESS 2016"
26338,"SUITE_OFIMATICA",1680241,"SUITE OFIMATICA: OFFICE LTSC 2021"
26338,"SUITE_OFIMATICA",1680242,"SUITE OFIMATICA PRE-INSTALADA: MICROSOFT OFFICE PROFESSIONAL 2019"
26338,"SUITE_OFIMATICA",1680243,"SUITE OFIMATICA PRE-INSTALADA: MICROSOFT OFFICE PROFESSIONAL 2021"
26338,"SUITE_OFIMATICA",1680245,"SUITE OFIMATICA: LIBREOFFICE 7.0"
26338,"SUITE_OFIMATICA",2906899,"SUITE OFIMATICA PRE-INSTALADA: MICROSOFT OFFICE HOME & BUSINESS 2024"
26338,"SUITE_OFIMATICA",3325839,"SUITE OFIMATICA: LIBREOFFICE 24.8"
26339,"GARANTIA_DE_FABRICA",1680246,"G. F: 60 MESES ON-SITE"
26339,"GARANTIA_DE_FABRICA",1680247,"G. F: 12 MESES ON-SITE"
26339,"GARANTIA_DE_FABRICA",1680248," G. F: 36 MESES ON-SITE"
26339,"GARANTIA_DE_FABRICA",1680249,"G. F: 36 MESES ON-SITE"
26339,"GARANTIA_DE_FABRICA",1680250,"G. F: 48 MESES CARRY-IN"
26339,"GARANTIA_DE_FABRICA",1680251,"G. F: 36 MESES CARRY-IN"
26339,"GARANTIA_DE_FABRICA",1680252,"G. F: 24 MESES ON-SITE"
26339,"GARANTIA_DE_FABRICA",1680253,"G. F: 24 MESES CARRY-IN"
26339,"GARANTIA_DE_FABRICA",1680254,"G. F: 48 MESES ON-SITE"
26339,"GARANTIA_DE_FABRICA",1680255,"G. F: 60 MESES CARRY-IN"
26339,"GARANTIA_DE_FABRICA",1680256,"G. F: 18 MESES ON-SITE"
26339,"GARANTIA_DE_FABRICA",1680257,"G. F: 12 MESES CARRY-IN"
26340,"UNIDAD",1680258,"UNIDAD"
26341,"MARCA",4022961,"OSB"
26341,"MARCA",4040696,"ECONORACKS"
26341,"MARCA",4040438,"ANAX"
26341,"MARCA",4275359,"T ITED"
26341,"MARCA",3916490,"MEGA CHAMBI"
26341,"MARCA",1728234,"HAITECH"
26341,"MARCA",4104518,"BUGUI(H)"
26341,"MARCA",2149551,"PERBOX"
26341,"MARCA",4104519,"(H)TOOLS"
26341,"MARCA",1680259,"GIGABYTE"
26341,"MARCA",1680260,"CLICKUP"
26341,"MARCA",1680261,"G4U GAME FOR YOU"
26341,"MARCA",1680262,"E4U"
26341,"MARCA",1680263,"RHINOBOX"
26341,"MARCA",1680264,"Q T-GLICH"
26341,"MARCA",1680266,"CHUWI"
26341,"MARCA",1680267,"HAO TECH"
26341,"MARCA",1680268,"SILVER VOLT"
26341,"MARCA",1680269,"ACER"
26341,"MARCA",1680270,"ADVANCE"
26341,"MARCA",1680271,"DELL"
26341,"MARCA",1680272,"HP"
26341,"MARCA",1680273,"LENOVO"
26341,"MARCA",1680274,"OLITEC"
26341,"MARCA",1680275,"TOSHIBA"
26341,"MARCA",1680276,"MSI"
26341,"MARCA",1680277,"PANASONIC"
26341,"MARCA",1680278,"FUJITSU"
26341,"MARCA",1680279,"GETAC"
26341,"MARCA",1680280,"LG"
26341,"MARCA",1680281,"BRENTA"
26341,"MARCA",1680282,"HANDEEL"
26341,"MARCA",1680283,"QOSOFT"
26341,"MARCA",1680284,"KENYA"
26341,"MARCA",1680285,"INSOMED"
26341,"MARCA",1680286,"AOC"
26341,"MARCA",1680287,"HUAWEI"
26341,"MARCA",1680288,"NEW KRAL"
26341,"MARCA",1680289,"TECLAST"
26341,"MARCA",1680290,"JUMPER"
26341,"MARCA",1680291,"DYNABOOK"
26341,"MARCA",1680292,"VASTEC"
26341,"MARCA",1680293,"ASUS"
26341,"MARCA",1680294,"XPG"
26341,"MARCA",1680295,"GCS"
26341,"MARCA",1680296,"M4X"
26341,"MARCA",1680297,"MAXTIC"
26341,"MARCA",1680298,"CIBER"
26341,"MARCA",1680299,"CREATIC"
26341,"MARCA",1729993,"QUAMTU"
26341,"MARCA",1937436,"ARTEC"
26341,"MARCA",4136779,"SURCO"
26341,"MARCA",3755288,"H HANERT"
26341,"MARCA",4103490,"EBSAN"
26341,"MARCA",1754454,"SIKER"
26341,"MARCA",1835925,"ALLWIYA"
26341,"MARCA",1714665,"MADI-TEK"
26341,"MARCA",2611051,"ONERugged"
26341,"MARCA",2611066,"WORLDLIFE"
26341,"MARCA",2022941,"JFA TECHNOLOGY"
26341,"MARCA",4220364,"ROTEXOR"
26342,"MODELO",1780969,"PSY15U-0JW030-OP"
26342,"MODELO",1780971,"SATELLITE PRO™ C40-K"
26342,"MODELO",2516953,"B1402CVA"
26342,"MODELO",3721488,"THINKPAD E16 GEN 2 (INTEL)"
26342,"MODELO",3721499,"THINKPAD E16 GEN 2 (INTEL)"
26342,"MODELO",3721513,"""THINKPAD E16 GEN 2 (INTEL)	"""
26342,"MODELO",3721615,"THINKBOOK 16 G8 IRL"
26342,"MODELO",1937293,"LENOVO V15 G4 IRU"
26342,"MODELO",4120885,"B5405CCA"
26342,"MODELO",3721609,"THINKPAD E16 GEN 2 (INTEL)"
26342,"MODELO",3721601,"THINKPAD E16 GEN 2 (INTEL)"
26342,"MODELO",2748011,"LENOVO V15 G2 IJL"
26342,"MODELO",3969841,"MADLI713"
26342,"MODELO",3721791,"4PTL355-3812SSS3-AN-N"
26342,"MODELO",1836335,"HP PROBOOK 450 15.6 INCH G10"
26342,"MODELO",2033245,"HP PROBOOK 450 15.6"" G9 NOTEBOOK PC 6X2J8LT#ABM."
26342,"MODELO",1805263,"ASUS EXPERTCENTER"
26342,"MODELO",1836333,"HP PROBOOK 450 15.6 INCH G10  NOTEBOOK PC"
26342,"MODELO",1806230,"TECRA® A40-K"
26342,"MODELO",1719141,"THINKPAD L15 GEN 2 (INTEL) 20X4S27B00-MD"
26342,"MODELO",2142275,"HP PROBOOK 450 15.6 INCH G10 NOTEBOOK  PC"
26342,"MODELO",2032601,"THINKPAD L14 GEN 4 (AMD)"
26342,"MODELO",1806117,"WE15I5E114P"
26342,"MODELO",1719064,"THINKPAD L14 GEN2(AMD)"
26342,"MODELO",4232290,"HP PROBOOK 4 G2A 16 INCH NOTEBOOK AI PC"
26342,"MODELO",4005306,"HP ELITEBOOK 6 G1I 16 INCH NOTEBOOK AI PC"
26342,"MODELO",2629686,"HP PROBOOK 460 16 INCH G11 NOTEBOOK PC"
26342,"MODELO",2623605,"HNB-IDL525C"
26342,"MODELO",2142611,"HP ELITEBOOK 650 15.6 INCH G9 NOTEBOOK  PC"
26342,"MODELO",4005351,"THINKPAD L16 GEN 2 (INTEL)"
26342,"MODELO",1836525,"HP PROBOOK 450 15.6 INCH G10 NOTEBOOK PC"
26342,"MODELO",3865242,"HP 240R 14 INCH G10 NOTEBOOK PC"
26342,"MODELO",4231737,"LENOVO V15 G4 ABP"
26342,"MODELO",3721047,"THINKPAD E16 GEN 2 (INTEL)"
26342,"MODELO",4116960,"MADL ULTRA7"
26342,"MODELO",3721127,"THINKPAD E16 GEN 2 (INTEL)"
26342,"MODELO",4231849,"PNM11U-1J902L-"
26342,"MODELO",1879823,"HP 250 G8 NOTEBOOK PC"
26342,"MODELO",3745922,"THINKPAD E16 GEN 2 (INTEL)"
26342,"MODELO",4054951,"""THINKPAD E14 GEN 7 (INTEL)	"""
26342,"MODELO",2797443,"THINKBOOK 14 G4 IAP (INTEL)"
26342,"MODELO",1837422,"THINKPAD E16 GEN 1 (AMD)"
26342,"MODELO",3955326,"P1503CVA"
26342,"MODELO",2129839,"HP PROBOOK 450 15.6"" G9 NOTEBOOK PC"
26342,"MODELO",2779709,"THINKBOOK 16 G7 IML"
26342,"MODELO",1839175,"HP ELITE X360 1040 14 INCH G10 2-IN-1 NOTEBOOK PC"
26342,"MODELO",4107141,"HP PROBOOK 4 G1AH 16 INCH NOTEBOOK AI PC"
26342,"MODELO",4107151,"HP PROBOOK 4 G1A 14 INCH NOTEBOOK AI PC"
26342,"MODELO",3839984,"THINKPAD T14S GEN 5"
26342,"MODELO",1880129,"LENOVO V15 G3 ABA"
26342,"MODELO",2132413,"B9403CVA"
26342,"MODELO",2791021,"HP ELITEBOOK 840 14 INCH G11 NOTEBOOK PC"
26342,"MODELO",4107143,"HP PROBOOK 4 G1I 16 INCH NOTEBOOK AI PC"
26342,"MODELO",1839334,"HP PROBOOK 455 15.6 INCH G10 NOTEBOOK PC"
26342,"MODELO",2623836,"HNB-SX7"
26342,"MODELO",1765690,"LENOVO V14 G4 AMN"
26342,"MODELO",2624026,"HNB-SX7SC"
26342,"MODELO",3744556,"THINKPAD E16 GEN 2 (INTEL)"
26342,"MODELO",2033158,"HP 240 14-INCH G9 NOTEBOOK PC 7P9A6LA#ABM-OPA-"
26342,"MODELO",3724337,"THINKPAD E16 GEN 2 (INTEL)"
26342,"MODELO",3141851,"LENOVO K14 GEN 3"
26342,"MODELO",2552387,"HP ELITEBOOK 840 14 INCH G9  NOTEBOOK PC"
26342,"MODELO",3728205,"THINKPAD E16 GEN 2 (INTEL)"
26342,"MODELO",3728278,"THINKPAD E16 GEN 2 (INTEL)"
26342,"MODELO",2140813,"SATELLITE PRO®  C50-K"
26342,"MODELO",3724254,"THINKPAD E16 GEN 2 (INTEL)"
26342,"MODELO",3728177,"THINKPAD E16 GEN 2 (INTEL)"
26342,"MODELO",3141994,"LENOVO V15 G5 IRL"
26342,"MODELO",3155085,"THINKPAD P14S GEN 5 (INTEL)"
26342,"MODELO",3724298,"THINKPAD E16 GEN 2 (INTEL)"
26342,"MODELO",1901457,"PORTÉGÉ® X40-K"
26342,"MODELO",1743745,"B1500CEAE-EJ2619X"
26342,"MODELO",2034719,"HP PROBOOK 445 14 INCH G10 NOTEBOOK PC"
26342,"MODELO",1744129,"B1502CBA-EJ0806X"
26342,"MODELO",1744181,"B1502CBA-EJ0809X"
26342,"MODELO",1925838,"LENOVO V15 G3 IAP V15G3#I3908011H"
26342,"MODELO",3761218,"LENOVO 14E CHROMEBOOK GEN 3"
26342,"MODELO",2770953,"B9403CVAR"
26342,"MODELO",3137849,"THINKBOOK 14 G7 IML"
26342,"MODELO",1886088,"90NX05U1-M02FT0-OH"
26342,"MODELO",1886094,"90NX05U1-M02FU0-OH"
26342,"MODELO",2770083,"B5604CMA"
26342,"MODELO",2770078,"B5604CVF"
26342,"MODELO",3780875,"WORKPAD E16"
26342,"MODELO",2623364,"IDL525"
26342,"MODELO",2142070,"HP ELITE X360 1040 14 INCH G9 2-IN-1 NOTEBOOK"
26342,"MODELO",3135160,"THINKPAD E16 GEN 2 (INTEL)"
26342,"MODELO",2551820,"HP ELITEBOOK 640 14 INCH G9  NOTEBOOK PC"
26342,"MODELO",2551967,"CHUWI COREBOOK X INTEL"
26342,"MODELO",3378527,"HP PROONE 440 23.8 INCH G9 ALL-IN-ONE DESKTOP PC"
26342,"MODELO",2623366,"HNB-IDL525"
26342,"MODELO",2778765,"HP PROBOOK 440 14 INCH G11 NOTEBOOK PC"
26342,"MODELO",2778995,"PNL13U-09X009"
26342,"MODELO",3135132,"THINKPAD E16 GEN 2 (INTEL)"
26342,"MODELO",4221818,"HP ELITEBOOK 6 G1A 14 INCH NOTEBOOK AI PC"
26342,"MODELO",3137021,"HP FORTIS 11 INCH G10 CHROMEBOOK"
26342,"MODELO",3137051,"HP FORTIS 14 INCH G11 CHROMEBOOK"
26342,"MODELO",2142123,"HP ELITE X360 1040 14 INCH G9 2-IN-1  NOTEBOOK PC"
26342,"MODELO",1777069,"NA1"
26342,"MODELO",3137063,"HP FORTIS X360 11 INCH G5 CHROMEBOOK"
26342,"MODELO",2644918,"HP ELITEBOOK 660 16 INCH G11 NOTEBOOK PC"
26342,"MODELO",2888521,"HP ELITEBOOK 865 16 INCH G10 NOTEBOOK PC"
26342,"MODELO",2938815,"LENOVO V15 G4 ABP"
26342,"MODELO",2938930,"THINKPAD E16 GEN 2 (INTEL)"
26342,"MODELO",2558830,"B3604CVF"
26342,"MODELO",3135959,"HP ELITEBOOK ULTRA G1Q 14 INCH NOTEBOOK AI PC"
26342,"MODELO",2031981,"THINKPAD T16 GEN2  (INTEL)"
26342,"MODELO",2938844,"THINKPAD E14 GEN 6 (INTEL)"
26342,"MODELO",2554270,"HP 245 G10 NOTEBOOK PC"
26342,"MODELO",2631832,"THINKBOOK 16 G6 IRL"
26342,"MODELO",2031982,"THINKPAD T14 GEN 4 (INTEL)"
26342,"MODELO",2031983,"THINKPAD L14 GEN 4 (INTEL)"
26342,"MODELO",3141705,"LENOVO V14 G5 IRL"
26342,"MODELO",2534871,"HP 250 15.6 INCH G9 NOTEBOOK PC"
26342,"MODELO",1777068,"NA"
26342,"MODELO",2555117,"CHUWI FREEBOOK INTEL"
26342,"MODELO",3724073,"THINKPAD E16 GEN 2 (INTEL)"
26342,"MODELO",1927023,"LENOVO V14 G4 IRU"
26342,"MODELO",4226087,"THINKBOOK 16 G9 IRL"
26342,"MODELO",3751978,"THINKPAD E16 GEN 2 (INTEL)"
26342,"MODELO",3929119,"DELL PRO PLUS 14"
26342,"MODELO",3724152,"THINKPAD E16 GEN 2 (INTEL)"
26342,"MODELO",3923138,"HP 255R 15.6 INCH G10 NOTEBOOK PC"
26342,"MODELO",4070166,"THINKBOOK 16 G8 IAL"
26342,"MODELO",2535057,"HP 255 G10 NOTEBOOK PC"
26342,"MODELO",3724041,"THINKPAD E16 GEN 2 (INTEL)"
26342,"MODELO",1763303,"PML20U-0UN011-OH"
26342,"MODELO",3752002,"THINKPAD E16 GEN 2 (INTEL)"
26342,"MODELO",4226232,"B3405CCA"
26342,"MODELO",1837098,"V15G4R3908101"
26342,"MODELO",2553552,"PSY19U-0GS03Q"
26342,"MODELO",1838185,"THINKPAD E15 GEN 3 (AMD)"
26342,"MODELO",2033243,"HP PROBOOK 450 15.6&QUOT; G9 NOTEBOOK PC 6X2J8LT#ABM."
26342,"MODELO",2035517,"LP-M2-2023"
26342,"MODELO",1838167,"THINKPAD E14 GEN 3 (AMD)"
26342,"MODELO",3879606,"THINKBOOK 14 G8 IRL"
26342,"MODELO",2033272,"HP PROBOOK 450 15.6"" G9 NOTEBOOK PC 6X2J8LT#ABM-OP"
26342,"MODELO",2939346,"THINKBOOK 14 G6 IRL"
26342,"MODELO",1880009,"HP PROBOOK 455 15.6 INCH G10  NOTEBOOK PC"
26342,"MODELO",2033220,"HP PROBOOK 450 15.6"" G9 NOTEBOOK PC 6X2J8LT#ABM"
26342,"MODELO",1744139,"B1502CBA-EJ0807X"
26342,"MODELO",1744161,"B1502CBA-EJ0808X"
26342,"MODELO",1744064,"B1502CBA-EJ0802X"
26342,"MODELO",1744066,"B1502CBA-EJ0805X"
26342,"MODELO",1744197,"B1502CBA-EJ0810X"
26342,"MODELO",1724361,"HP ELITEBOOK 840 G9"
26342,"MODELO",1744068,"B1502CBA-EJ0803X"
26342,"MODELO",1836791,"B1500CEAE"
26342,"MODELO",1728424,"21E7S1MG00"
26342,"MODELO",2558221,"HNBY15"
26342,"MODELO",3729473,"THINKPAD T14 GEN 5 (INTEL)"
26342,"MODELO",2647909,"NOTEBOOK LATITUDE 3450"
26342,"MODELO",1757817,"ASUS EXPERTBOOK B15"
26342,"MODELO",2747244,"83A100ERLM"
26342,"MODELO",2565327,"LENOVO V15 G4 IAH"
26342,"MODELO",1886133,"HP ELITEBOOK 640 14 INCH G10  NOTEBOOK PC"
26342,"MODELO",1837091,"V14G4R3908101P#N"
26342,"MODELO",1837149,"THINKPAD X1 YOGA GEN 8"
26342,"MODELO",1886138,"HP ELITEBOOK 640 14 INCH G10 NOTEBOOK PC"
26342,"MODELO",1745080,"NOTEBOOK DELL VOSTRO 3530"
26342,"MODELO",1745095,"NOTEBOOK VOSTRO 3430"
26342,"MODELO",1837306,"THINKPAD L13 YOGA GEN 4 (INTEL)"
26342,"MODELO",1886217,"HP 240 G10 NOTEBOOK PC"
26342,"MODELO",1880470,"90NX05U1-M02FP0-OP"
26342,"MODELO",1744118,"B1502CBA-EJ0804X"
26342,"MODELO",2625201,"HP PROBOOK 455 15.6 INCH G10 NOTEBOOK"
26342,"MODELO",2625250,"HP 250R 15.6 INCH G9 NOTEBOOK PC"
26342,"MODELO",2625272,"CR1102FGA"
26342,"MODELO",1878401,"LENOVO 300E YOGA CHROMEBOOK GEN 4"
26342,"MODELO",3141175,"THINKPAD E14 GEN 6 (INTEL)"
26342,"MODELO",3141177,"THINKPAD E14 GEN 6 (INTEL)"
26342,"MODELO",3898330,"PORTÉGÉ® X30L-M"
26342,"MODELO",1886329,"HP 250 G10 NOTEBOOK PC"
26342,"MODELO",1886489,"HP ELITE X360 1040 14 INCH G10 2-IN-1  NOTEBOOK PC"
26342,"MODELO",1745180,"NOTEBOOK LATITUDE 5330"
26342,"MODELO",3141180,"LENOVO V15 G4 AMN"
26342,"MODELO",3141181,"LENOVO V15 G4 AMN"
26342,"MODELO",1769005,"E15 GEN4 AMD"
26342,"MODELO",1745085,"NOTEBOOK VOSTRO 3530"
26342,"MODELO",2033357,"HP PROBOOK 450 15.6"" G9 NOTEBOOK PC 7G951LS#ABM-OP"
26342,"MODELO",3396821,"LENOVO V15 G4 IRU"
26342,"MODELO",3396960,"LENOVO V15 G4 IRU"
26342,"MODELO",3396977,"LENOVO V15 G4 IRU"
26342,"MODELO",3747181,"THINKPAD E16 GEN 2 (INTEL)"
26342,"MODELO",4227972,"HP PROBOOK 4 G2I 16 INCH NOTEBOOK NEXT GEN AI PC"
26342,"MODELO",2555956,"HNB-Y15M"
26342,"MODELO",1780444,"89C09LA#ABM-OHA"
26342,"MODELO",1780478,"HNB-IP156-11"
26342,"MODELO",4228071,"HP PROBOOK 4 G2I 14 INCH NOTEBOOK NEXT GEN AI PC"
26342,"MODELO",4119539,"THINKPAD E14 GEN 7 (INTEL)"
26342,"MODELO",2557537,"PORTÉGÉ® X30L-K"
26342,"MODELO",1777926,"NOTEBOOK LATITUDE 3540"
26342,"MODELO",2556041,"HNB-Y14M"
26342,"MODELO",2556057,"HNB-A15M"
26342,"MODELO",2556061,"HNB-A14M"
26342,"MODELO",1718954,"THINKPAD E15 GEN4 (AMD)"
26342,"MODELO",3715314,"LENOVO V15 G4 IRU"
26342,"MODELO",2746114,"DYNABOOK E11W-A"
26342,"MODELO",2141750,"B6602FC2"
26342,"MODELO",2030930,"NOTEBOOK LATITUDE 5540"
26342,"MODELO",2556055,"A15MR5105"
26342,"MODELO",4123019,"NG15R8512C"
26342,"MODELO",2776472,"HBNY15"
26342,"MODELO",2790550,"T14G6I518101-OP2"
26342,"MODELO",3954280,"THINKPAD T14 GEN 6 (INTEL)"
26342,"MODELO",3954311,"THINKPAD T16 GEN 4 (INTEL)"
26342,"MODELO",2031338,"THINKPAD L15 GEN 4 (INTEL)"
26342,"MODELO",2031118,"THINKPAD L14 GEN 2 (AMD)"
26342,"MODELO",2031167,"THINKPAD L14 GEN 3 (AMD)"
26342,"MODELO",2031184,"THINKPAD T14 GEN 3 (AMD)"
26342,"MODELO",3398676,"""LENOVO V15 G4 IRU	"""
26342,"MODELO",3130551,"4PTL555-71612SOH3-VP-C"
26342,"MODELO",3747123,"THINKPAD E16 GEN 2 (INTEL)"
26342,"MODELO",3743680,"THINKPAD E16 GEN 2 (INTEL)"
26342,"MODELO",3743697,"THINKPAD E16 GEN 2 (INTEL)"
26342,"MODELO",1998363,"THINKBOOK 14 G6 ABP"
26342,"MODELO",1998390,"THINKBOOK 16 G6 ABP"
26342,"MODELO",2622110,"HLT-MN116"
26342,"MODELO",1724955,"H714XX"
26342,"MODELO",3743717,"E16G6U5168101H"
26342,"MODELO",3743720,"THINKPAD E16 GEN 2 (INTEL)"
26342,"MODELO",2553083,"EXCLUSIVE A15"
26342,"MODELO",2553086,"EXCLUSIVE A14"
26342,"MODELO",2622108,"HLT-MN"
26342,"MODELO",2622105,"Y11H719"
26342,"MODELO",2622106,"HNB-Y11H"
26342,"MODELO",3732154,"LOQ 15IRX9"
26342,"MODELO",2515170,"THINKPAD E15 GEN 4 (AMD)"
26342,"MODELO",3894810,"THINKBOOK 16 G7 ARP"
26342,"MODELO",3731934,"LATITUDE 7450 ULTRALIGHT"
26342,"MODELO",2629467,"NOTEBOOK LATITUDE 3550"
26342,"MODELO",3731983,"NOTEBOOK LATITUDE 7450 ULTRALIGHT"
26342,"MODELO",3743740,"THINKPAD E16 GEN 2 (INTEL)"
26342,"MODELO",4119174,"THINKPAD E16 GEN 2 (AMD)"
26342,"MODELO",1680300,"HP ELITEBOOK 840 G8"
26342,"MODELO",1680301,"NOTEBOOK LATITUDE 5510"
26342,"MODELO",1680302,"HP PROBOOK 445 G8"
26342,"MODELO",1680303,"BOHRDZ WDH9AN"
26342,"MODELO",1680304,"14Z90P-G-PLATEADO"
26342,"MODELO",1680305,"THINKPAD T14S GEN2"
26342,"MODELO",1680306,"53012AAPN - NOBELDZ-WDH9AN - MATEBOOK B3-420"
26342,"MODELO",1680307,"NOBELBZ WBH9BN"
26342,"MODELO",1680308,"20TBS3JA00"
26342,"MODELO",1680309,"THINKBOOK 16P G2 ACH"
26342,"MODELO",1680310,"NOBELDZ-WDH9AN"
26342,"MODELO",1680311,"NOBELBZ-WBH9BN"
26342,"MODELO",1680312,"B1400CEAE-EK0857R"
26342,"MODELO",1680313,"LENOVO K14(AMD)"
26342,"MODELO",1680314,"HP ELITE DRAGONFLY G3"
26342,"MODELO",1680315,"B1400CEAE-EK0853R"
26342,"MODELO",1680316,"THINKPAD E14 AMD"
26342,"MODELO",1680317,"HP ELITEBOOK 650 G9"
26342,"MODELO",1680318,"20X2SAJ900"
26342,"MODELO",1680319,"ROLLEF-W7651"
26342,"MODELO",1680320,"THINKPAD E14 GEN2 (INTEL)"
26342,"MODELO",1680321,"THINKPAD L15 GEN 2"
26342,"MODELO",1680322,"LATITUDE 3520"
26342,"MODELO",1680323,"53012KFJN - BOHRDZ WDH9AN - MATEBOOK B3-520"
26342,"MODELO",1680324,"CELSIUS H780"
26342,"MODELO",1680325,"20X4S4BL00"
26342,"MODELO",1680326,"THINKPAD E14 GEN3"
26342,"MODELO",1680327,"THINKPAD L15 GEN2 (AMD)"
26342,"MODELO",1680328,"53012KFJN MOB - BOHRDZ WDH9AN - MATEBOOK B3-520"
26342,"MODELO",1680329,"TECRA® A50-K"
26342,"MODELO",1680330,"PORTÉGÉ ® X30W-K"
26342,"MODELO",1680331,"NOBELBZ-WBH9B"
26342,"MODELO",1680332,"53012JETN-MOP - NOBELBZ WBH9BN - MATEBOOK B3-410"
26342,"MODELO",1680333,"COMPUTADORA PORTATIL EMPRESARIAL  I5"
26342,"MODELO",1680334,"21ECS01P00"
26342,"MODELO",1680335,"HP PROBOOK 455 G9"
26342,"MODELO",1680336,"COMPUTADORA PORTATIL BUSSINES"
26342,"MODELO",1680337,"U7510"
26342,"MODELO",1680338,"COMPUTADORA PORTATIL EMPRESARIAL I7"
26342,"MODELO",1680339,"THINKPAD E15 GEN3(AMD)"
26342,"MODELO",1680340,"53012AAPN MOP - NOBELDZ WDH9AN - MATEBOOK B3-420"
26342,"MODELO",1680341,"53012JETN-MOB - NOBELBZ WBH9BN - MATEBOOK B3-410"
26342,"MODELO",1680342,"53012JETN - NOBELBZ WBH9BN - MATEBOOK B3-410"
26342,"MODELO",1680343,"HP FIREFLY 14 G7"
26342,"MODELO",1680344,"53012KFW - KELVINDZ-WDH9AQ - MATEBOOK B5-430"
26342,"MODELO",1680345,"LENOVO K14"
26342,"MODELO",1680346,"HP ELITEBOOK 845 G7"
26342,"MODELO",1680347,"53012YDY - BOHRDZ-WDI9A - MATEBOOK B3-520"
26342,"MODELO",1680348,"HP 240 G8"
26342,"MODELO",1680349,"53012YDY-MOP - BOHRDZ-WDI9A - MATEBOOK B3-520"
26342,"MODELO",1726427,"LENOVO V15 ADA"
26342,"MODELO",2510229,"THINKPAD T16 GEN2"
26342,"MODELO",1834381,"HP ELITEBOOK 650 15.6 INCH G10  NOTEBOOK PC"
26342,"MODELO",4121542,"THINKPAD E16 GEN 3 (INTEL)"
26342,"MODELO",2627608,"PRESTIGE 16 AI EVO B1MG"
26342,"MODELO",2627655,"MODERN 15 H AI C1MG"
26342,"MODELO",1680350,"53012YUY - NOBELDZ-WFH9A - MATEBOOK B3-520"
26342,"MODELO",1680351,"53012YDY-MOB - BOHRDZ-WDI9A - MATEBOOK B3-520"
26342,"MODELO",1680352,"53012YDY-MOP"
26342,"MODELO",1680353,"HP ELITE DRAGONFLY MAX"
26342,"MODELO",1680354,"53012KFW-MOB - KELVINDZ-WDH9AQ - MATEBOOK B5-430"
26342,"MODELO",1680355,"NOBELDZ WDH9AN"
26342,"MODELO",1680356,"53012KGP - BOHRDZ-WDI9A - MATEBOOK B3-510"
26342,"MODELO",1680357,"53012YUY-MOB - NOBELDZ-WFH9A - MATEBOOK B3-520"
26342,"MODELO",1680358,"53012YUY-MOP - NOBELDZ-WFH9A - MATEBOOK B3-520"
26342,"MODELO",1680359,"LEVOVO K14"
26342,"MODELO",1680360,"21CSS0A200"
26342,"MODELO",1680361,"53012KGPN - BOHRDZ-WDI9A - MATEBOOK B3-510"
26342,"MODELO",1680362,"53012KGPN-MOB - BOHRDZ-WDI9A - MATEBOOK B3-510"
26342,"MODELO",1680363,"53012KGPN-MOP - BOHRDZ-WDI9A - MATEBOOK B3-510"
26342,"MODELO",1680364,"53011YWT-MOB - NOBELDZ-WFH9A - MATEBOOK B3-420"
26342,"MODELO",1680365,"VOSTRO 3500"
26342,"MODELO",1680366,"NOTEBOOK LATITUDE 5530"
26342,"MODELO",1680367,"THINKPAD L14 GEN 1"
26342,"MODELO",1680368,"NOTEBOOK LATITUDE 5430"
26342,"MODELO",1680369,"THINKPAD E14 GEN 4 (INTEL) 21E4S0RC00-OP CHIPSET INTEL"
26342,"MODELO",1680370,"BOHRDZ-WDH9AN"
26342,"MODELO",1680371,"22V280-L"
26342,"MODELO",1680372,"2E4U1LT#ABM-OP"
26342,"MODELO",1680373,"B1440FA-BV3643"
26342,"MODELO",1680374,"B1500CEAE-BQ0660R"
26342,"MODELO",1680375,"B1500CEAE-BQ0666R"
26342,"MODELO",1680376,"THINKPAD E14"
26342,"MODELO",1680377,"THINKPAD E15"
26342,"MODELO",1680378,"B1500CEAE-EJ3795ROP"
26342,"MODELO",1680379,"P2451FA-EK1441"
26342,"MODELO",1680380,"20U4S3V900"
26342,"MODELO",1680381,"14Z90N-V"
26342,"MODELO",1680382,"15Z90N-V"
26342,"MODELO",1680383,"17Z90N-V"
26342,"MODELO",1680384,"B1400CEAE-EK2456R"
26342,"MODELO",1680385,"B1400CEAE-EK2457R"
26342,"MODELO",1680386,"14Z90N-SILVER"
26342,"MODELO",1680387,"B9400CEA-KC0234R"
26342,"MODELO",1680388,"P2451FA-EK1442R"
26342,"MODELO",1680389,"THINKPAD L15"
26342,"MODELO",1680390,"THINKPAD L15 GEN 1 (AMD)"
26342,"MODELO",1680391,"SPECTRO PRO X360 G2"
26342,"MODELO",1680392,"STREAM 11 PRO G3"
26342,"MODELO",1680393,"T440P"
26342,"MODELO",1680394,"T440S"
26342,"MODELO",1680395,"THINKPAD 11E"
26342,"MODELO",1680396,"THINKPAD 11E AMD"
26342,"MODELO",1680397,"THINKPAD 11E YOGA"
26342,"MODELO",1680398,"THINKPAD E440"
26342,"MODELO",1680399,"THINKPAD E450"
26342,"MODELO",1680400,"THINKPAD E455"
26342,"MODELO",1680401,"P2451FA-EK2034"
26342,"MODELO",1680402,"53012YGJ - NOBELDZ-WDI8A - MATEBOOK B3-420"
26342,"MODELO",1680403,"THINKPAD X1 YOGA GEN 5"
26342,"MODELO",1680404,"THINKPAD X1 YOGA GEN 5"
26342,"MODELO",1680405,"THINKPAD E550"
26342,"MODELO",1680406,"THINKPAD E555"
26342,"MODELO",1680407,"THINKPAD E560"
26342,"MODELO",4005640,"THINKPAD L14 GEN 6 (INTEL)"
26342,"MODELO",1802992,"B6602FC2-MH0582X"
26342,"MODELO",1680408,"THINKPAD E570"
26342,"MODELO",1680409,"THINKPAD L440"
26342,"MODELO",1680410,"THINKPAD L460"
26342,"MODELO",1680411,"THINKPAD L560"
26342,"MODELO",1680412,"THINKPAD P40 YOGA"
26342,"MODELO",1680413,"THINKPAD P50"
26342,"MODELO",1680414,"THINKPAD P70"
26342,"MODELO",1680415,"THINKPAD T440"
26342,"MODELO",1680416,"THINKPAD T440P"
26342,"MODELO",1680417,"THINKPAD T450"
26342,"MODELO",1680418,"THINKPAD T450S"
26342,"MODELO",1680419,"THINKPAD T460"
26342,"MODELO",1680420,"THINKPAD T460P"
26342,"MODELO",1680421,"THINKPAD T460S"
26342,"MODELO",1680422,"THINKPAD T540P"
26342,"MODELO",1680423,"THINKPAD T560"
26342,"MODELO",1680424,"PS5076"
26342,"MODELO",1680425,"THINKPAD X1 CARBON GEN 8"
26342,"MODELO",1680426,"THINKPAD X1 CARBON GEN 8"
26342,"MODELO",1680427,"L45-B4218SL"
26342,"MODELO",1680428,"L55-C5220S"
26342,"MODELO",1680429,"LATITUDE 3560"
26342,"MODELO",1680430,"LATITUDE 5270"
26342,"MODELO",1680431,"LATITUDE 5570"
26342,"MODELO",1680432,"LATITUDE 7240"
26342,"MODELO",1680433,"LATITUDE 7270"
26342,"MODELO",1680434,"LATITUDE 7440"
26342,"MODELO",1680435,"LATITUDE 7470"
26342,"MODELO",1680436,"LATITUDE E3470"
26342,"MODELO",1680437,"LATITUDE E3560"
26342,"MODELO",1680438,"LATITUDE E5470"
26342,"MODELO",1680439,"LATITUDE E5570"
26342,"MODELO",1680440,"LENOVO B40 80"
26342,"MODELO",1680441,"LENOVO B50 80"
26342,"MODELO",1680442,"LENOVO B50-70"
26342,"MODELO",1680443,"LENOVO G40 80"
26342,"MODELO",1680444,"LENOVO V310"
26342,"MODELO",1680445,"MT41 MOBILE THIN CLIENT"
26342,"MODELO",1680446,"NB15-A1203SL"
26342,"MODELO",1680447,"NV7296"
26342,"MODELO",1680448,"OLI LAP 1500 SERIES"
26342,"MODELO",1680449,"P55-A5104SL"
26342,"MODELO",1680450,"P55-B5181SM"
26342,"MODELO",1680451,"P55-B5206SL"
26342,"MODELO",1680452,"P55T-A5105SL"
26342,"MODELO",1680453,"P55T-ASP5303SL"
26342,"MODELO",1680454,"P55T-B5166SM"
26342,"MODELO",1680455,"PAVILION 14-V005LA"
26342,"MODELO",1680456,"PAVILION 15-P002LA"
26342,"MODELO",1680457,"PAVILION X3620 11-N010LA"
26342,"MODELO",1680458,"PRO X2 410 G1"
26342,"MODELO",1680459,"PRO X2 612 G1"
26342,"MODELO",1680460,"PROBOOK 11 EE"
26342,"MODELO",1680461,"PROBOOK 11 EE G1"
26342,"MODELO",1680462,"PROBOOK 11 EE G2"
26342,"MODELO",1680463,"PROBOOK 430 G2"
26342,"MODELO",1680464,"PROBOOK 430 G3"
26342,"MODELO",1680465,"PROBOOK 430 G4"
26342,"MODELO",1680466,"PROBOOK 440 G1"
26342,"MODELO",1680467,"PROBOOK 440 G2"
26342,"MODELO",1680468,"PROBOOK 440 G3"
26342,"MODELO",4005842,"HP ELITEBOOK 6 G1I 14 INCH NOTEBOOK AI PC"
26342,"MODELO",3135159,"THINKPAD E16 GEN 2 (INTEL)"
26342,"MODELO",2129836,"HP PROBOOK 450 15.6&QUOT; G9 NOTEBOOK PC"
26342,"MODELO",2129852,"HP 240 14-INCH G9 NOTEBOOK PC"
26342,"MODELO",4121751,"NV7050"
26342,"MODELO",1680469,"PROBOOK 440 G4"
26342,"MODELO",1680470,"PROBOOK 450 G1"
26342,"MODELO",1680471,"PROBOOK 450 G2"
26342,"MODELO",1680472,"PROBOOK 450 G3"
26342,"MODELO",1680473,"PROBOOK 450 G4"
26342,"MODELO",1680474,"PROBOOK 455 G2"
26342,"MODELO",1680475,"PROBOOK 640 G1"
26342,"MODELO",1680476,"PROBOOK 640 G2"
26342,"MODELO",1680477,"PROBOOK 645 G1"
26342,"MODELO",1680478,"PROBOOK 645 G2"
26342,"MODELO",1680479,"PROBOOK 650 G1"
26342,"MODELO",1680480,"PROBOOK 650 G2"
26342,"MODELO",1680481,"P2451FA-EK2033"
26342,"MODELO",1680482,"HP ELITEBOOK 830 G7"
26342,"MODELO",1680483,"THINKPAD L14"
26342,"MODELO",1680484,"53011YVG-MOB - BOHRDZWFE9A - MATEBOOK B3-520"
26342,"MODELO",1680485,"53011YWT-MOP - NOBELDZ-WFH9A - MATEBOOK B3-420"
26342,"MODELO",1680486,"THINKPAD L14 GEN 2"
26342,"MODELO",1680487,"K14"
26342,"MODELO",1680488,"SF20GM7"
26342,"MODELO",1680489,"LENOVO V15 IML"
26342,"MODELO",1680490,"LENOVO V15 G2 ITL"
26342,"MODELO",1680491,"HP PROBOOK 455 G8"
26342,"MODELO",1680492,"COREBOOK X INTEL"
26342,"MODELO",1680493,"BOHRDZ-WFE9A"
26342,"MODELO",1680494,"NOBELDZ-WDI8A"
26342,"MODELO",1680495,"NOTEBOOK THINKPAD E14 GEN 4"
26342,"MODELO",1680496,"IDEAPAD S145-14AST"
26342,"MODELO",1680497,"NOTEBOOK LATITUDE 5424 RUGGED"
26342,"MODELO",1680498,"COREBOOK PRO INTEL"
26342,"MODELO",1680499,"KELVINDZ-WDH9AQ"
26342,"MODELO",1680500,"PROBOOK X360 11 EE G1"
26342,"MODELO",1680501,"R30-A3101L"
26342,"MODELO",1680502,"R30-A3102L"
26342,"MODELO",1680503,"S410P"
26342,"MODELO",1680504,"S45-A4111SL"
26342,"MODELO",1680505,"THINKPAD X1 CARBON"
26342,"MODELO",1680506,"THINKPAD X1 YOGA"
26342,"MODELO",1680507,"THINKPAD X240"
26342,"MODELO",1680508,"THINKPAD X250"
26342,"MODELO",1680509,"THINKPAD X260"
26342,"MODELO",1680510,"THINKPAD YOGA"
26342,"MODELO",1680511,"THINKPAD YOGA 260"
26342,"MODELO",1680512,"TMP248-M-33P4"
26342,"MODELO",1680513,"TMP248-M-55YN"
26342,"MODELO",1680514,"V110-15"
26342,"MODELO",1680515,"V310"
26342,"MODELO",1680516,"V310-14"
26342,"MODELO",1680517,"V310-15"
26342,"MODELO",1680518,"VOSTRO E3458"
26342,"MODELO",1680519,"W35T-ASP4301SL"
26342,"MODELO",1680520,"X2 210"
26342,"MODELO",1680521,"X2 612 G1"
26342,"MODELO",1680522,"X360 310 G2"
26342,"MODELO",1680523,"X75-A7103KL"
26342,"MODELO",1680524,"YOGA 13"
26342,"MODELO",1680525,"Z10T-A1102L"
26342,"MODELO",1680526,"Z30-A3201L"
26342,"MODELO",1680527,"Z30-B3102M"
26342,"MODELO",1680528,"Z30-B3103S"
26342,"MODELO",1680529,"Z40-A4101L"
26342,"MODELO",2940285,"THINKPAD E14 GEN 6 (INTEL)"
26342,"MODELO",2627715,"PRESTIGE 16EVO A13M"
26342,"MODELO",2627747,"RAIDER GE78 HX 14VHG"
26342,"MODELO",1680530,"Z40-B4103S"
26342,"MODELO",1680531,"Z40-B4104S"
26342,"MODELO",1680532,"Z410"
26342,"MODELO",1680533,"Z50-A5101L"
26342,"MODELO",1680534,"PROBOOK 650 G3"
26342,"MODELO",1680535,"HP ELITEBOOK 840 G3"
26342,"MODELO",1680536,"LENOVO V310-15"
26342,"MODELO",1680537,"LENOVO V310-14"
26342,"MODELO",1680538,"L570"
26342,"MODELO",1680539,"HP 240 G6 NOTEBOOK"
26342,"MODELO",1680540,"THINKPAD E470"
26342,"MODELO",1680541,"HP PROBOOK 640 G3"
26342,"MODELO",1680542,"THINKPAD T470P"
26342,"MODELO",1680543,"HP 245 G6"
26342,"MODELO",1680544,"P51"
26342,"MODELO",1680545,"HP PROBOOK 440 G4"
26342,"MODELO",1680546,"HP PROBOOK 450 G5"
26342,"MODELO",1680547,"HP 348 G4"
26342,"MODELO",1680548,"HP PROBOOK 440 G5"
26342,"MODELO",1680549,"HP SPECTRE PRO 13 G1"
26342,"MODELO",1680550,"LENOVO V310-15"
26342,"MODELO",1680551,"HP ELITEBOOK 725 G4"
26342,"MODELO",1680552,"HP PROBOOK 430 G4"
26342,"MODELO",1680553,"HP PROBOOK 650 G3"
26342,"MODELO",1680554,"HP ELITEBOOK 820 G4"
26342,"MODELO",1680555,"HP PROBOOK 650 G2"
26342,"MODELO",1680556,"B50-80"
26342,"MODELO",1680557,"C45-A4114FL"
26342,"MODELO",1680558,"C45-A4115FL"
26342,"MODELO",1680559,"C45-A4116FL"
26342,"MODELO",1680560,"C45-A4122KL"
26342,"MODELO",1680561,"EXPERBOOK B14"
26342,"MODELO",1680562,"C45-C4205K"
26342,"MODELO",1680563,"C55-B5213KL"
26342,"MODELO",1680564,"C55-B5214KL"
26342,"MODELO",1680565,"C55-C5201K"
26342,"MODELO",1680566,"C55-C5207S"
26342,"MODELO",1680567,"C55-C5208K"
26342,"MODELO",1680568,"C55-C5212K"
26342,"MODELO",1680569,"C55-C5213K"
26342,"MODELO",1680570,"CHROMEBOOK 11 G5"
26342,"MODELO",1680571,"CHROMEBOOK 14 G1"
26342,"MODELO",1680572,"CHROMEBOOK 14 G3"
26342,"MODELO",1680573,"E440"
26342,"MODELO",1680574,"ELITE X2 1011 G1"
26342,"MODELO",1680575,"ELITE X2 1012 G1"
26342,"MODELO",1680576,"ELITEBOOK 1030 G1"
26342,"MODELO",1680577,"ELITEBOOK 1040 G1"
26342,"MODELO",1680578,"ELITEBOOK 1040 G2"
26342,"MODELO",1680579,"ELITEBOOK 1040 G3"
26342,"MODELO",1680580,"ELITEBOOK 720 G2"
26342,"MODELO",1680581,"ELITEBOOK 725 G2"
26342,"MODELO",1680582,"ELITEBOOK 725 G3"
26342,"MODELO",1680583,"ELITEBOOK 740 G2"
26342,"MODELO",1680584,"ELITEBOOK 745 G2"
26342,"MODELO",1680585,"ELITEBOOK 745 G3"
26342,"MODELO",1680586,"ELITEBOOK 750 G2"
26342,"MODELO",1680587,"ELITEBOOK 755 G2"
26342,"MODELO",1680588,"ELITEBOOK 755 G3"
26342,"MODELO",1680589,"ELITEBOOK 820 G1"
26342,"MODELO",1680590,"ELITEBOOK 820 G2"
26342,"MODELO",1680591,"ELITEBOOK 820 G3"
26342,"MODELO",1680592,"ELITEBOOK 840 G2"
26342,"MODELO",1680593,"ELITEBOOK 840 G3"
26342,"MODELO",1680594,"ELITEBOOK 850 G1"
26342,"MODELO",1680595,"ELITEBOOK 850 G2"
26342,"MODELO",1680596,"ELITEBOOK 850 G3"
26342,"MODELO",1680597,"ELITEBOOK FOLIO 1020 G1"
26342,"MODELO",1680598,"ELITEBOOK FOLIO 1040 G1"
26342,"MODELO",1680599,"ELITEBOOK FOLIO 1040 G2"
26342,"MODELO",1680600,"ELITEBOOK FOLIO 1040 G3"
26342,"MODELO",1680601,"ELITEBOOK FOLIO 9480M"
26342,"MODELO",1680602,"ELITEBOOK FOLIO G1"
26342,"MODELO",1680603,"ELITEBOOK REVOLVE 810 G2"
26342,"MODELO",1680604,"ELITEBOOK REVOLVE 810 G3"
26342,"MODELO",1680605,"ENVY 14-U003LA"
26342,"MODELO",1680606,"ENVY 15-K049LA"
26342,"MODELO",1680607,"ENVY 15-K050LA"
26342,"MODELO",1680608,"ENVY 17-J150LA"
26342,"MODELO",1680609,"FOLIO 1020 G2"
26342,"MODELO",1680610,"G400"
26342,"MODELO",1680611,"G400S"
26342,"MODELO",1680612,"G405"
26342,"MODELO",1680613,"HP 240 G5"
26342,"MODELO",1680614,"IDEA 500-14"
26342,"MODELO",1680615,"IDEA 500-15"
26342,"MODELO",1680616,"INSPIRON 14"
26342,"MODELO",1680617,"INSPIRON 14R"
26342,"MODELO",1680618,"INSPIRON 15"
26342,"MODELO",1680619,"INSPIRON 15R"
26342,"MODELO",1680620,"L440"
26342,"MODELO",1680621,"L45-B4205FL"
26342,"MODELO",1680622,"L45-B4208FL"
26342,"MODELO",1680623,"L45-B4215FL"
26342,"MODELO",1680624,"L45-B4216FL"
26342,"MODELO",1680625,"S45-ASP4310SL"
26342,"MODELO",1680626,"S55-B5202SL"
26342,"MODELO",1680627,"S55-B5203SL"
26342,"MODELO",1680628,"S55-C5214S"
26342,"MODELO",1680629,"S55T-C5215S"
26342,"MODELO",1680630,"S55T-C5216S"
26342,"MODELO",1680631,"SPECTRE PRO 13 G1"
26342,"MODELO",1680632,"THINKPAD T14S GEN 2 (INTEL)"
26342,"MODELO",1680633,"SPECTRE PRO X360 G1"
26342,"MODELO",1680634,"SPECTRE PRO X360 G2"
26342,"MODELO",1680635,"V110"
26342,"MODELO",1680636,"X500 SERVER"
26342,"MODELO",1680637,"GETAC X500 SERVER"
26342,"MODELO",1680638,"GETAC B300"
26342,"MODELO",1680639,"HP PROBOOK 430 G5"
26342,"MODELO",1680640,"HP STREAM 11 PRO G3"
26342,"MODELO",1680641,"HP ELITEBOOK FOLIO G1"
26342,"MODELO",1680642,"HP 250 G6 NOTEBOOK"
26342,"MODELO",1680643,"HP ELITEBOOK 1030 G1"
26342,"MODELO",1680644,"LENOVO V330 (14"")"
26342,"MODELO",1680645,"HP ELITE X2 1012 G2"
26342,"MODELO",1680646,"HP 240 G5 NOTEBOOK"
26342,"MODELO",1680647,"LENOVO V330 (15"")"
26342,"MODELO",1680648,"HP ELITEBOOK 1040 G4"
26342,"MODELO",1680649,"HP ELITEBOOK 830 G5"
26342,"MODELO",1680650,"HP PROBOOK 645 G3"
26342,"MODELO",1680651,"HP PROBOOK 655 G3"
26342,"MODELO",1680652,"15Z970"
26342,"MODELO",1680653,"HP 250 G6 NOTEBOOK PC"
26342,"MODELO",1680654,"HP 245 G6 NOTEBOOK"
26342,"MODELO",1680655,"HP PROBOOK440 G5"
26342,"MODELO",1680656,"HP PROBOOK X360 11EE G1"
26342,"MODELO",1680657,"HP PRO X2 612 G2"
26342,"MODELO",1680658,"LIFEBOOK E547"
26342,"MODELO",1680659,"HP ELITEBOOK X360 1020 G2"
26342,"MODELO",1680660,"LIFEBOOK E558"
26342,"MODELO",1680661,"X500 MOBILE SERVER"
26342,"MODELO",1680662,"PANASONIC TOUGHBOOK 31 I5"
26342,"MODELO",1680663,"PANASONIC TOUGHBOOK 20 M5"
26342,"MODELO",1680664,"TOUGHBOOK 54 I5"
26342,"MODELO",1680665,"TOUGHBOOK 31 I5"
26342,"MODELO",1680666,"PANASONIC TOUGHBOOK 54 I5"
26342,"MODELO",1680667,"PANASONIC TOUGHBOOK 54 I5 4G"
26342,"MODELO",1680668,"HP PROBOOK 455 G4"
26342,"MODELO",1680669,"PROBOOK 640 G3"
26342,"MODELO",1680670,"PRO X2 612 G2"
26342,"MODELO",1680671,"ELITEBOOK X360 1030 G2"
26342,"MODELO",1680672,"THINKPAD YOGA 370"
26342,"MODELO",1680673,"THINKPAD X1 CARBON 5TH GEN"
26342,"MODELO",1680674,"X1 YOGA 2GEN"
26342,"MODELO",1680675,"X270"
26342,"MODELO",1680676,"THINKPAD T470"
26342,"MODELO",1680677,"THINKPAD T570"
26342,"MODELO",1680678,"THINKPAD T470S"
26342,"MODELO",1680679,"LATITUDE 3480"
26342,"MODELO",1680680,"LATITUDE 3580"
26342,"MODELO",1680681,"THINKPAD L470"
26342,"MODELO",1680682,"THINKPAD L570"
26342,"MODELO",1680683,"A50-D1532LA"
26342,"MODELO",1680684,"A40-D1432LA"
26342,"MODELO",1680685,"TOUGHBOOK 20 M5"
26342,"MODELO",1680686,"TOUGHBOOK 54 I5 4G"
26342,"MODELO",1680687,"HP ELITEBOOK 850 G3"
26342,"MODELO",1680688,"HP ELITEBOOK 1040 G3"
26342,"MODELO",1680689,"HP ELITEBOOK 745 G4"
26342,"MODELO",1680690,"HP ELITEBOOK X360 1030 G2"
26342,"MODELO",1680691,"HP ZBOOK 15 G4"
26342,"MODELO",1680692,"HP PROBOOK 450 G3"
26342,"MODELO",1680693,"HP PROBOOK 430 G3"
26342,"MODELO",1680694,"HP PROBOOK 440 G3"
26342,"MODELO",1680695,"HP ELITEBOOK 755 G4"
26342,"MODELO",1680696,"HP ELITEBOOK 850 G4"
26342,"MODELO",1680697,"14-R005LA"
26342,"MODELO",1680698,"14-R010LA"
26342,"MODELO",1680699,"14-R011LA"
26342,"MODELO",1680700,"14-R018LA"
26342,"MODELO",1680701,"WORKPÁD T15"
26342,"MODELO",1680702,"EXPERTBOOK B24"
26342,"MODELO",1680703,"HEROBOOK PRO INTEL"
26342,"MODELO",1680704,"15-P003LA"
26342,"MODELO",1680705,"215 G1"
26342,"MODELO",1680706,"240 G2"
26342,"MODELO",1680707,"240 G3"
26342,"MODELO",1680708,"240 G4"
26342,"MODELO",1680709,"240 G5"
26342,"MODELO",1680710,"245 G3"
26342,"MODELO",1680711,"245 G4"
26342,"MODELO",1680712,"245 G5"
26342,"MODELO",2558135,"PORTÉGÉ ® X40L-K"
26342,"MODELO",3133048,"LENOVO V15 G3 IAP"
26342,"MODELO",1680713,"250 G3"
26342,"MODELO",1680714,"250 G4"
26342,"MODELO",1680715,"250 G5"
26342,"MODELO",1680716,"340 G1"
26342,"MODELO",1680717,"340 G2"
26342,"MODELO",1680718,"355 G2"
26342,"MODELO",1680719,"430 G2"
26342,"MODELO",1680720,"440 G2"
26342,"MODELO",1680721,"440 G3"
26342,"MODELO",1680722,"450 G2"
26342,"MODELO",1680723,"450 G3"
26342,"MODELO",1680724,"455 G2"
26342,"MODELO",1680725,"640 G1"
26342,"MODELO",1680726,"650 G1"
26342,"MODELO",1680727,"740 G1"
26342,"MODELO",1680728,"745 G2"
26342,"MODELO",1680729,"750 G1"
26342,"MODELO",1680730,"820 G1"
26342,"MODELO",1680731,"840 G1"
26342,"MODELO",1680732,"840 G2"
26342,"MODELO",1680733,"850 G1"
26342,"MODELO",1680734,"B 50-80"
26342,"MODELO",1680735,"B40-ASP4206KL"
26342,"MODELO",1680736,"B50-70"
26342,"MODELO",1680737,"GF63 THIN 9SC"
26342,"MODELO",1680738,"HP 245 G7 NOTEBOOK PC"
26342,"MODELO",1680739,"THINKPAD T49"
26342,"MODELO",1680740,"NV9839"
26342,"MODELO",1680741,"NV7547"
26342,"MODELO",1680742,"LATITUDE 3400"
26342,"MODELO",1680743,"THINKPAD T490"
26342,"MODELO",1680744,"HP PROBOOK 640 G5"
26342,"MODELO",1680745,"GF63-8RC-C78300082411050N4"
26342,"MODELO",1680746,"LATITUDE 3500"
26342,"MODELO",1680747,"GL73-9SE"
26342,"MODELO",1680748,"THINKPAD T590"
26342,"MODELO",1680749,"HP 250 G7 NOTEBOOK PC"
26342,"MODELO",1680750,"GE75 RAIDER 9SE"
26342,"MODELO",1680751,"THINKPAD L480"
26342,"MODELO",1680752,"20LXS0CJ00"
26342,"MODELO",1680753,"L480"
26342,"MODELO",1680754,"THINKPAD L580"
26342,"MODELO",1680755,"DELL"
26342,"MODELO",1680756,"THINKPAD T480"
26342,"MODELO",1680757,"THINKPAD T480S"
26342,"MODELO",1680758,"HP PROBOOK 640 G4"
26342,"MODELO",1680759,"THINKPAD E580"
26342,"MODELO",1680760,"HP PROBOOK 645 G4"
26342,"MODELO",1680761,"HP ELITEBOOK 840R G4"
26342,"MODELO",1680762,"HP ELITEBOOK 850 G5"
26342,"MODELO",1680763,"S26391-K476-E558-7541WP"
26342,"MODELO",1680764,"20L6S41G00"
26342,"MODELO",1680765,"THINKPAD T580"
26342,"MODELO",1680766,"LENOVO 100E"
26342,"MODELO",1680767,"NOTEBOOK PRECISION 3520"
26342,"MODELO",1680768,"NOTEBOOK LATITUDE 7290"
26342,"MODELO",1680769,"LATITUDE 3490"
26342,"MODELO",1680770,"LATITUDE 3590"
26342,"MODELO",1680771,"NOTEBOOK LATITUDE 5590"
26342,"MODELO",1680772,"NOTEBOOK LATITUDE 5490"
26342,"MODELO",1680773,"NOTEBOOK LATITUDE 7490"
26342,"MODELO",1680774,"HP PROBOOK 455 G5"
26342,"MODELO",2940731,"THINKPAD E14 GEN 6 (INTEL)"
26342,"MODELO",1680775,"HP ZBOOK X2 G4"
26342,"MODELO",1680776,"NV7649"
26342,"MODELO",1680777,"HEROBOOK AIR"
26342,"MODELO",1680778,"COREBOOK PRO"
26342,"MODELO",1680779,"53012KFW-MOP - KELVINDZ-WDH9AQ - MATEBOOK B5-430"
26342,"MODELO",1680780,"LATITUDE 7420"
26342,"MODELO",1680781,"IDEAPAD 330 (15'')"
26342,"MODELO",1680782,"GF62 8RD"
26342,"MODELO",1680783,"NOTEBOOK VOSTRO 5471"
26342,"MODELO",1680784,"NOTEBOOK LATITUDE 3590"
26342,"MODELO",1680785,"14Z980-G"
26342,"MODELO",1680786,"HP ELITEBOOK X360 1030 G3"
26342,"MODELO",1680787,"HP ELITEBOOK 735 G5"
26342,"MODELO",1680788,"HP ELITEBOOK 755 G5"
26342,"MODELO",1680789,"HP 255 G7 NOTEBOOK"
26342,"MODELO",1680790,"HP ELITE X2 1013 G3"
26342,"MODELO",1680791,"THINKPAD E585"
26342,"MODELO",1680792,"THINKPAD X1 EXTREME"
26342,"MODELO",1680793,"THINKPAD A485"
26342,"MODELO",1680794,"THINKPAD E485"
26342,"MODELO",1680795,"3MU98LA#ABM"
26342,"MODELO",1680796,"HP 348 G4 NOTEBOOK"
26342,"MODELO",1680797,"GF72 8RD"
26342,"MODELO",1680798,"LIFEBOOK E548"
26342,"MODELO",1680799,"PRECISION WORKSTATION 7730"
26342,"MODELO",1680800,"HP 240 G6"
26342,"MODELO",1680801,"HP CHROMEBOOK 14 G5"
26342,"MODELO",1680802,"HP CHROMEBOOK 11  G6"
26342,"MODELO",1680803,"HP CHROMEBOOK 11 G6"
26342,"MODELO",1680804,"HP X2 210 G2"
26342,"MODELO",1680805,"HP CHROMEBOOK X360 11 G1"
26342,"MODELO",1680806,"HP PROBOOK X2 612 G2"
26342,"MODELO",1680807,"LATITUDE RUGGED 7414 EXTREME"
26342,"MODELO",1680808,"HP ELITEBOOK 745 G5"
26342,"MODELO",1680809,"YOGA 330"
26342,"MODELO",1680810,"LENOVO 300E"
26342,"MODELO",1680811,"HP PROBOOK X360 440 G1"
26342,"MODELO",1680812,"LIFEBOOK E448"
26342,"MODELO",1680813,"LIFEBOOK U758"
26342,"MODELO",1680814,"S26391-K472-U758-878SSDHBWP"
26342,"MODELO",1680815,"NOTEBOOK VOSTRO  3468"
26342,"MODELO",1680816,"THINKPAD X1 YOGA (3RD GEN)"
26342,"MODELO",1680817,"THINKPAD X1 CARBON (6TH GEN)"
26342,"MODELO",1680818,"S410"
26342,"MODELO",1680819,"B300"
26342,"MODELO",1680820,"GETAC S410"
26342,"MODELO",1680821,"X500"
26342,"MODELO",1680822,"HP 245  G6"
26342,"MODELO",1680823,"C50-C1500LA"
26342,"MODELO",1680824,"C50-C1502LA"
26342,"MODELO",1680825,"Z30-C1320LA"
26342,"MODELO",1680826,"Z40-C1420LA"
26342,"MODELO",1680827,"A30-C1340LA"
26342,"MODELO",1680828,"A30-D1332LA"
26342,"MODELO",1680829,"Z30-C1310LA"
26342,"MODELO",1680830,"Z40-C1410LA"
26342,"MODELO",1680831,"LATITUDE 5480"
26342,"MODELO",1680832,"LATITUDE 5580"
26342,"MODELO",1680833,"LATITUDE 7480"
26342,"MODELO",1680834,"HP PROBOOK 450 G4"
26342,"MODELO",1680835,"L470"
26342,"MODELO",1778743,"THINKPAD L14 GEN3 (AMD)"
26342,"MODELO",1680836,"T470"
26342,"MODELO",1680837,"T570"
26342,"MODELO",1680838,"HP ELITEBOOK 840 G4"
26342,"MODELO",1680839,"HP 250 G6"
26342,"MODELO",1680840,"SUPREMO I5"
26342,"MODELO",1680841,"LENOVO 14E"
26342,"MODELO",1680842,"LENOVO 14W"
26342,"MODELO",1680843,"HP PROBOOK 450 G6"
26342,"MODELO",1680844,"GP73 8RE"
26342,"MODELO",1680845,"GP73-8RE-C78750162411060N6"
26342,"MODELO",1680846,"GP63 8RD"
26342,"MODELO",1680847,"HP 240 G7 NOTEBOOK"
26342,"MODELO",1680848,"LATITUDE 7490"
26342,"MODELO",1680849,"THINKPAD T14 GEN2 AMD"
26342,"MODELO",1680850,"THINKPAD E14 GEN 4 (INTEL)"
26342,"MODELO",1680851,"THINKPAD T14 GEN 2 (INTEL)"
26342,"MODELO",1680852,"20W1S55D00"
26342,"MODELO",1680853,"HPPROBOOK 450G8"
26342,"MODELO",1680854,"LATITUDE 5590"
26342,"MODELO",1680855,"THINKPAD E495"
26342,"MODELO",1680856,"HP PROBOOK X360 11 G4  EE"
26342,"MODELO",1680857,"HP 245 G7 NOTEBOOK"
26342,"MODELO",1680858,"LATITUDE 3190"
26342,"MODELO",1680859,"HP PROBOOK 455 G6"
26342,"MODELO",1680860,"THINKPAD E595"
26342,"MODELO",1680861,"LENOVO V330 (14"") AMD"
26342,"MODELO",1680862,"20MAS5KG00"
26342,"MODELO",1680863,"9PTL35-581SOP5-19"
26342,"MODELO",1680864,"THINKPAD L390"
26342,"MODELO",1680865,"THINKPAD E590"
26342,"MODELO",1680866,"LATITUDE 7212 RUGGED TABLET"
26342,"MODELO",1680867,"THINKPAD L590"
26342,"MODELO",1680868,"HP ELITEBOOK 745 G6"
26342,"MODELO",1680869,"THINKPAD T495S"
26342,"MODELO",1680870,"HP ELITEBOOK 830 G6"
26342,"MODELO",1680871,"THINKPAD X1 YOGA (4TH GEN)"
26342,"MODELO",1680872,"THINKPAD X1 YOGA (4TH GEN)"
26342,"MODELO",1680873,"THINKPAD X1 YOGA (4TH GEN)"
26342,"MODELO",1680874,"THINKPAD L490"
26342,"MODELO",1680875,"THINKPAD X1 YOGA (4TH GEN)"
26342,"MODELO",1680876,"THINKPAD X1 YOGA (4TH GEN)"
26342,"MODELO",1680877,"THINKPAD X1 YOGA (4TH GEN)"
26342,"MODELO",1680878,"THINKPAD X1 YOGA (4TH GEN)"
26342,"MODELO",1680879,"THINKPAD X1 YOGA (4TH GEN)"
26342,"MODELO",1680880,"THINKPAD X1 YOGA (4TH GEN)"
26342,"MODELO",1680881,"THINKPAD X1 YOGA (4TH GEN)"
26342,"MODELO",1680882,"HP CHROMEBOOK X360 11 G2 EE"
26342,"MODELO",1680883,"HP PROBOOK X360 11 G3 EE"
26342,"MODELO",1680884,"HP PROBOOK X360 11 G3  EE"
26342,"MODELO",1680885,"HP CHROMEBOOK 11A G6 EE"
26342,"MODELO",1680886,"LATITUDE 7400 2 EN 1"
26342,"MODELO",1680887,"LATITUDE 5300 2 EN 1"
26342,"MODELO",1680888,"THINKPAD L490"
26342,"MODELO",1680889,"20MVS0TP00"
26342,"MODELO",1680890,"LATITUDE 5500"
26342,"MODELO",1680891,"9PTL35-581OH3-19"
26342,"MODELO",1680892,"9PTL53-581SS3"
26342,"MODELO",1680893,"9PTL35-581SS4"
26342,"MODELO",1680894,"LATITUDE 5300"
26342,"MODELO",1680895,"S26391-K451-E547-7781WP+"
26342,"MODELO",3881352,"DELL PRO 16"
26342,"MODELO",3867406,"DELL PRO 14"
26342,"MODELO",2139519,"HP 250 G10 NOTEBOOK"
26342,"MODELO",1836119,"THINKBOOK 14 G5 ABP"
26342,"MODELO",1680896,"15Z980-G"
26342,"MODELO",1680897,"PRECISION WORKSTATION 3530"
26342,"MODELO",1680898,"LIFEBOOK 547"
26342,"MODELO",1680899,"THINKPAD T590"
26342,"MODELO",1680900,"THINKPAD E590"
26342,"MODELO",1680901,"THINKPAD T590"
26342,"MODELO",1680902,"THINKPAD T590"
26342,"MODELO",1680903,"THINKPAD T590"
26342,"MODELO",1680904,"THINKPAD E495"
26342,"MODELO",1680905,"THINKPAD E495"
26342,"MODELO",1680906,"THINKPAD E495"
26342,"MODELO",1680907,"THINKPAD E590"
26342,"MODELO",1680908,"THINKPAD E490"
26342,"MODELO",1680909,"THINKPAD E590"
26342,"MODELO",1680910,"THINKPAD E490"
26342,"MODELO",1680911,"THINKPAD E590"
26342,"MODELO",1680912,"THINKPAD E590"
26342,"MODELO",1680913,"THINKPAD E590"
26342,"MODELO",1680914,"THINKPAD T590"
26342,"MODELO",1680915,"THINKPAD E495"
26342,"MODELO",1680916,"E495"
26342,"MODELO",1680917,"HP PROBOOK 455R G6"
26342,"MODELO",1680918,"HP 348 G5"
26342,"MODELO",1680919,"TOUGHBOOK 20"
26342,"MODELO",1680920,"CF-20G0255VM"
26342,"MODELO",1680921,"TOUGHBOOK 55"
26342,"MODELO",1680922,"THINKPAD E590"
26342,"MODELO",1680923,"THINKPAD T590"
26342,"MODELO",1680924,"20TES6NH00"
26342,"MODELO",1680925,"THINKPAD E590"
26342,"MODELO",1680926,"TOUGHBOOK 31"
26342,"MODELO",1680927,"THINKPAD P43S"
26342,"MODELO",1680928,"YOGA 330"
26342,"MODELO",1680929,"THINKPAD P53S"
26342,"MODELO",1680930,"HP PROBOOK 650 G5"
26342,"MODELO",1680931,"HP PROBOOK 445R G6"
26342,"MODELO",1680932,"LENOVO V130 (14"")"
26342,"MODELO",1680933,"THINKPAD X1 CARBON (7TH GEN)"
26342,"MODELO",1680934,"9PTL54-7161SOH4-19"
26342,"MODELO",1680935,"7161SSS4"
26342,"MODELO",1680936,"9PTL54-581SOH4-19"
26342,"MODELO",1680937,"LATITUDE 5400"
26342,"MODELO",1680938,"9PTL54-7812SS5"
26342,"MODELO",1680939,"9PTL54-7812SS4"
26342,"MODELO",1680940,"THINKPAD E490"
26342,"MODELO",1680941,"HP ELITEBOOK 1040 G6"
26342,"MODELO",1680942,"15Z960"
26342,"MODELO",1680943,"HP PROBOOK 650 G4"
26342,"MODELO",1680944,"HP ELITEBOOK 840 G5"
26342,"MODELO",1680945,"THINKPAD E14"
26342,"MODELO",1680946,"THINKPAD E14"
26342,"MODELO",1680947,"20RS001PLM"
26342,"MODELO",1680948,"THINKPAD E14"
26342,"MODELO",1680949,"THINKPAD E14"
26342,"MODELO",1680950,"THINKPAD E14"
26342,"MODELO",1680951,"THINKPAD E14"
26342,"MODELO",1680952,"THINKPAD E14"
26342,"MODELO",1680953,"THINKPAD E14"
26342,"MODELO",1680954,"IDEAPAD D330"
26342,"MODELO",1680955,"THINKPAD 14E"
26342,"MODELO",1680956,"MATEBOOK D14"
26342,"MODELO",1680957,"THINKPAD E14"
26342,"MODELO",1836793,"B1502CBA"
26342,"MODELO",1680958,"20RBS2RU00"
26342,"MODELO",1680959,"THINKBOOK 14S"
26342,"MODELO",1680960,"HP PROBOOK 440 G7"
26342,"MODELO",1680961,"LATITUDE 5510"
26342,"MODELO",1680962,"0PTL341-3161SS3"
26342,"MODELO",1680963,"0PTL741-7812OH3"
26342,"MODELO",1680964,"0PTL341-381OP3"
26342,"MODELO",1680965,"LATITUDE 5410"
26342,"MODELO",1680966,"0PTL541-581SSS3"
26342,"MODELO",1680967,"0PTL541-5812OH3"
26342,"MODELO",1680968,"0PTL341-3825OP3"
26342,"MODELO",1680969,"LATITUDE 7410"
26342,"MODELO",1680970,"THINKPAD T14"
26342,"MODELO",1680971,"HP 348 G7 NOTEBOOK PC"
26342,"MODELO",1680972,"THINKPAD T14"
26342,"MODELO",1680973,"THINKPAD T14"
26342,"MODELO",1680974,"THINKPAD T14"
26342,"MODELO",1680975,"THINKPAD T14"
26342,"MODELO",1680976,"0PTL551-51612OH3"
26342,"MODELO",1680977,"LATITUDE 3510"
26342,"MODELO",1680978,"THINKPAD E495"
26342,"MODELO",1680979,"20S1S0CD00"
26342,"MODELO",1680980,"THINKPAD L15 GEN 1"
26342,"MODELO",1680981,"HP CHROMEBOOK 11 G8 EE"
26342,"MODELO",1680982,"HP PROBOOK 445 G7"
26342,"MODELO",1680983,"P PROBOOK 445 G7"
26342,"MODELO",1680984,"HP CHROMEBOOK 14A G5"
26342,"MODELO",1680985,"THINKPAD T14"
26342,"MODELO",1680986,"THINKPAD T14"
26342,"MODELO",1680987,"NV6649"
26342,"MODELO",1680988,"THINKPAD E495"
26342,"MODELO",1680989,"THINKPAD E14 GEN2"
26342,"MODELO",1680990,"HP PROBOOK X360 11 G6 EE"
26342,"MODELO",1680991,"THINKPAD T14"
26342,"MODELO",1680992,"THINKPAD T14"
26342,"MODELO",1680993,"HP CHROMEBOOK X360 11 G3 EE"
26342,"MODELO",1680994,"HP CHROMEBOOK X360 11 G3 E"
26342,"MODELO",1680995,"HP PROBOOK  X360 11 G6 EE"
26342,"MODELO",1680996,"HP ELITEBOOK X360 1040 G6"
26342,"MODELO",1680997,"THINKPAD T14"
26342,"MODELO",1680998,"IDEAPAD S145-14IIL"
26342,"MODELO",1680999,"THINKPAD X1 CARBON (7TH GEN)"
26342,"MODELO",1681000,"THINKPAD T495"
26342,"MODELO",1681001,"THINKPAD X1 CARBON (7TH GEN)"
26342,"MODELO",1681002,"THINKPAD X1 CARBON (7TH GEN)"
26342,"MODELO",1681003,"THINKPAD L490"
26342,"MODELO",1681004,"HP 240 G7"
26342,"MODELO",1681005,"20QES6WB00"
26342,"MODELO",1681006,"THINKPAD E595"
26342,"MODELO",1681007,"THINKPAD L490"
26342,"MODELO",1681008,"THINKPAD X1 CARBON (7TH GEN)"
26342,"MODELO",1681009,"THINKPAD X1 CARBON (7TH GEN)"
26342,"MODELO",1681010,"THINKPAD X1 CARBON (7TH GEN)"
26342,"MODELO",1681011,"THINKPAD L490"
26342,"MODELO",1681012,"20QES6WC00"
26342,"MODELO",1681013,"THINKPAD L490"
26342,"MODELO",1681014,"THINKPAD E595"
26342,"MODELO",1681015,"THINKPAD X1 CARBON (7TH GEN)"
26342,"MODELO",1681016,"THINKPAD L490"
26342,"MODELO",1681017,"THINKPAD L490"
26342,"MODELO",1681018,"THINKPAD L490"
26342,"MODELO",1681019,"THINKPAD L490"
26342,"MODELO",1681020,"THINKPAD X1 CARBON (7TH GEN)"
26342,"MODELO",1681021,"IDEAPAD D330"
26342,"MODELO",1681022,"LATITUDE 5424 RUGGED"
26342,"MODELO",1681023,"LATITUDE 7214 RUGGED"
26342,"MODELO",1681024,"LATITUDE 7400"
26342,"MODELO",1681025,"GP75-9SD LEOPARD"
26342,"MODELO",1681026,"HP ELITEBOOK 840 G6"
26342,"MODELO",1681027,"NV6648"
26342,"MODELO",1681028,"HP CHROMEBOOK 13 G1"
26342,"MODELO",1681029,"HP 250 G7 NOTEBOOK"
26342,"MODELO",1681030,"GF63 8RC"
26342,"MODELO",1681031,"THINKPAD E490"
26342,"MODELO",1681032,"HP 255 G7 NOTEBOOK PC"
26342,"MODELO",1681033,"THINKPAD P52"
26342,"MODELO",1681034,"HP CHROMEBOX G2"
26342,"MODELO",1681035,"HP PROBOOK X360 11 G1 NOTEBOOK PC"
26342,"MODELO",1681036,"GL63 8RC"
26342,"MODELO",1681037,"HP PROBOOK 445 G6"
26342,"MODELO",1681038,"HP ELITEBOOK X360 1040 G5"
26342,"MODELO",1681039,"C5830032481050N4"
26342,"MODELO",1681040,"HP 240 G7 NOTEBOOK PC"
26342,"MODELO",1681041,"HP PROBOOK 440 G6"
26342,"MODELO",1681042,"GS75 STEALTH 9SF"
26342,"MODELO",1681043,"EXPERTBOOK B15"
26342,"MODELO",1681044,"THINKPAD L14 GEN2"
26342,"MODELO",1681045,"53012YGJ-12-MOB - NOBELDZ-WDI8A - MATEBOOK B3-420"
26342,"MODELO",1681046,"THINKBOOK 14"
26342,"MODELO",1681047,"THINKBOOK 14"
26342,"MODELO",1681048,"IDEAPAD D330"
26342,"MODELO",1681049,"6QY20LT#ABM"
26342,"MODELO",1681050,"IDEAPAD D330"
26342,"MODELO",1681051,"IDEAPAD L340-15API"
26342,"MODELO",1681052,"N109W - P"
26342,"MODELO",1681053,"HP ELITE DRAGONFLY G1"
26342,"MODELO",1681054,"IDEAPAD S340-14API"
26342,"MODELO",1681055,"THINKPAD L14 GEN 1"
26342,"MODELO",1681056,"THINKPAD E14"
26342,"MODELO",1681057,"LATITUDE 5310 2 EN 1"
26342,"MODELO",1681058,"THINKPAD T490"
26342,"MODELO",1681059,"HP PROBOOK 450 G7"
26342,"MODELO",1681060,"THINKBOOK 14"
26342,"MODELO",1681061,"LENOVO V15 IIL"
26342,"MODELO",1681062,"HP 340S G7 NOTEBOOK"
26342,"MODELO",1681063,"HP PROBOOK X360 11 G5 EE"
26342,"MODELO",1681064,"THINKPAD T14S"
26342,"MODELO",1681065,"N109W - N"
26342,"MODELO",1681066,"THINKPAD E15"
26342,"MODELO",1681067,"N149W"
26342,"MODELO",1681068,"THINKPAD E15"
26342,"MODELO",1681069,"THINKPAD E14"
26342,"MODELO",1681070,"THINKPAD T14S GEN 1"
26342,"MODELO",1681071,"LATITUDE 3410"
26342,"MODELO",1681072,"0PTL341-3825SS3-C"
26342,"MODELO",1681073,"THINKPAD T14S"
26342,"MODELO",1681074,"THINKPAD E14 GEN2"
26342,"MODELO",1681075,"THINKPAD E15"
26342,"MODELO",1681076,"THINKPAD E14"
26342,"MODELO",1681077,"THINKPAD E15"
26342,"MODELO",2746482,"THINKBOOK 14 G6 IRL"
26342,"MODELO",2557891,"NOTEBOOK LATITUDE 3440"
26342,"MODELO",2139576,"HP PROBOOK 440 14 INCH G10 NOTEBOOK PC"
26342,"MODELO",1681078,"THINKPAD T14S"
26342,"MODELO",1681079,"THINKPAD T14S"
26342,"MODELO",1681080,"HP PROBOOK X360 11 EE G5"
26342,"MODELO",1681081,"HP PROBOOK 455 G7"
26342,"MODELO",1681082,"HP CHROMEBOOK 11A G8 EE"
26342,"MODELO",1681083,"HP ELITEBOOK 850 G7"
26342,"MODELO",1681084,"HP ELITEBOOK 840 G7"
26342,"MODELO",1681085,"LENOVO V14 IKB"
26342,"MODELO",1681086,"HP ELITEBOOK X360 1040 G7"
26342,"MODELO",1681087,"HP 340S G7"
26342,"MODELO",1681088,"HP 348 G7"
26342,"MODELO",1681089,"HP ELITEBOOK 850 G6"
26342,"MODELO",1681090,"HP 250 G7"
26342,"MODELO",1681091,"IDEAPAD S145-14API"
26342,"MODELO",1681092,"HP PROBOOK 430 G7"
26342,"MODELO",1681093,"HP ZBOOK 15 G6"
26342,"MODELO",1681094,"THINKBOOK 15"
26342,"MODELO",1681095,"THINKPAD T14 GEN 1"
26342,"MODELO",1681096,"53012YGJ-12-MOB"
26342,"MODELO",1681097,"THINKBOOK 15"
26342,"MODELO",1681098,"LENOVO V14 IIL"
26342,"MODELO",1681099,"20RW008MLM"
26342,"MODELO",1681100,"THINKBOOK 14"
26342,"MODELO",1681101,"IDEAPAD D330"
26342,"MODELO",1681102,"THINKBOOK 15"
26342,"MODELO",1681103,"THINKBOOK 15"
26342,"MODELO",1681104,"THINKBOOK 14"
26342,"MODELO",1681105,"THINKBOOK 15"
26342,"MODELO",1681106,"MATEBOOK D15"
26342,"MODELO",1681107,"53012YGJ-12 - NOBELDZ-WDI8A - MATEBOOK B3-420"
26342,"MODELO",1681108,"THINKBOOK 14S"
26342,"MODELO",1681109,"THINKBOOK 14"
26342,"MODELO",1681110,"THINKPAD E15"
26342,"MODELO",1681111,"THINKPAD E15"
26342,"MODELO",1681112,"IDEAPAD S340-15API"
26342,"MODELO",1681113,"THINKPAD L14 GEN 1"
26342,"MODELO",1681114,"THINKPAD L14 GEN 1"
26342,"MODELO",1681115,"LATITUDE 3190 2 EN 1"
26342,"MODELO",1681116,"THINKPAD X1 YOGA (4TH GEN)"
26342,"MODELO",1681117,"THINKPAD E490"
26342,"MODELO",1681118,"THINKPAD E495"
26342,"MODELO",1681119,"THINKPAD E15 GEN 2 (AMD)"
26342,"MODELO",1681120,"THINKBOOK 14S"
26342,"MODELO",1681121,"THINKPAD X1 YOGA (5TH GEN)"
26342,"MODELO",1681122,"THINKPAD L14 GEN 1"
26342,"MODELO",1681123,"THINKPAD L14 GEN 1"
26342,"MODELO",1681124,"THINKPAD E14 GEN 2 (AMD)"
26342,"MODELO",1681125,"THINKPAD L14 GEN 1"
26342,"MODELO",1681126,"THINKPAD L14 GEN 1"
26342,"MODELO",1681127,"THINKPAD E15"
26342,"MODELO",1681128,"THINKPAD L14 GEN 1"
26342,"MODELO",1681129,"THINKPAD E15"
26342,"MODELO",1681130,"THINKBOOK 13S"
26342,"MODELO",1681131,"THINKBOOK 14S"
26342,"MODELO",1681132,"THINKPAD E14"
26342,"MODELO",1681133,"THINKPAD E14"
26342,"MODELO",1681134,"BOHRDZWFE9A"
26342,"MODELO",1681135,"NOBELDZ-WFE9A"
26342,"MODELO",1681136,"NOBELDZ-WFH9A"
26342,"MODELO",1681137,"BOHRDZ-WDI9A"
26342,"MODELO",1681138,"53012YGJ-MOB - NOBELDZ-WDI8A - MATEBOOK B3-420"
26342,"MODELO",1681139,"53012YGJ-MOP - NOBELDZ-WDI8A - MATEBOOK B3-420"
26342,"MODELO",1681140,"NOTEBOOK LATITUDE 3420"
26342,"MODELO",1681141,"THINKPAD E14 GEN4(AMD)"
26342,"MODELO",1681142,"BATERIA: LI-PO 3 CELDAS"
26342,"MODELO",1681143,"HP ELITEBOOK 850 G8"
26342,"MODELO",1681144,"THINKPAD E15 GEN3 (AMD)"
26342,"MODELO",1681145,"1PTL552-5161OH3-HD"
26342,"MODELO",1681146,"HP PROBOOK 440 G9"
26342,"MODELO",1681147,"53011YWT - NOBELDZ-WFH9A - MATEBOOK B3-420"
26342,"MODELO",1681148,"LATITUDE 5520"
26342,"MODELO",1681149,"53011YYQ - NOBELDZWFE9A - MATEBOOK B3-420"
26342,"MODELO",1681150,"53011YYQ-MOP - NOBELDZ-WFE9A - MATEBOOK B3-420"
26342,"MODELO",1681151,"THINKPAD L15 GEN1(AMD)"
26342,"MODELO",1681152,"JUMPER EZBOOK X3 8 128 INTEL"
26342,"MODELO",1681153,"HP ELITE DRAGONFLY"
26342,"MODELO",1681154,"53011YYQ-MOB - NOBELDZ-WFE9A - MATEBOOK B3-420"
26342,"MODELO",1681155,"20X4S5BW00"
26342,"MODELO",1681156,"53012YGJ-12-MOP - NOBELDZ-WDI8A - MATEBOOK B3-420"
26342,"MODELO",1681157,"53011YVG-MOP - BOHRDZ-WFE9A - MATEBOOK B3-520"
26342,"MODELO",1681158,"LENOVO E41-50"
26342,"MODELO",1681159,"NB0RVVA0K"
26342,"MODELO",1681160,"THINKPAD X13-INTEL"
26342,"MODELO",1681161,"300E CHROMEBOOK AST"
26342,"MODELO",1681162,"THINKPAD L15 GEN2 (INTEL)"
26342,"MODELO",1681163,"THINKPAD L14 GEN2 (AMD)"
26342,"MODELO",1681164,"IDEAPAD 3 14ALC6"
26342,"MODELO",1681165,"THINKPAD E15 GEN2 INTEL"
26342,"MODELO",1681166,"PRECISION 3551"
26342,"MODELO",1681167,"NL50LU"
26342,"MODELO",1681168,"NBL70VA0B"
26342,"MODELO",1681169,"THINKPAD E14 GEN3 (AMD)"
26342,"MODELO",1681170,"20TES62E00"
26342,"MODELO",1681171,"300E WINDOWS GML-R"
26342,"MODELO",1681172,"14W WINDOWS"
26342,"MODELO",1681173,"THINKPAD T14 GEN 3 (INTEL)"
26342,"MODELO",1681174,"THINKPAD T16 GEN 1 (INTEL)"
26342,"MODELO",1681175,"HP240G8NOTEBOOK"
26342,"MODELO",1681176,"THINKPAD X13 GEN 1 (INTEL)"
26342,"MODELO",1681177,"IDEAPAD 5 14ITL05 82FE00BQLM"
26342,"MODELO",1681178,"IDEAPAD 5 14ITL05"
26342,"MODELO",1681179,"IDEAPAD 5 15ITL05"
26342,"MODELO",1681180,"20TES62400"
26342,"MODELO",1681181,"THINKPAD E15 GEN 2"
26342,"MODELO",1681182,"THINKPAD E14 GEN 2"
26342,"MODELO",1681183,"THINKBOOK 14-IIL"
26342,"MODELO",1681184,"100E CHROMEBOOK AST"
26342,"MODELO",1681185,"HP 240 G8 NOTEBOOK"
26342,"MODELO",1681186,"THINKPAD L14 GEN 2 (INTEL)"
26342,"MODELO",1681187,"P2451FA-EK1442"
26342,"MODELO",1681188,"53011YVG - BOHRDZWFE9A - MATEBOOK B3-520"
26342,"MODELO",1681189,"53011YYQ - NOBELDZ-WFE9A - MATEBOOK B3-420"
26342,"MODELO",1681190,"IDEAPAD 5 14ALC05"
26342,"MODELO",1681191,"GEMIBOOK INTEL"
26342,"MODELO",1681192,"HEROBOOK AIR INTEL"
26342,"MODELO",1681193,"NV6650"
26342,"MODELO",1681194,"A50-K"
26342,"MODELO",1681195,"20T7S2E500"
26342,"MODELO",4018336,"MDL2506N3F5E4"
26342,"MODELO",1681196,"CN4050"
26342,"MODELO",1681197,"JUMPER EZBOOK X3 4 128 INTEL"
26342,"MODELO",1681198,"JUMPER EZBOOK X3 AIR 8 128 INTEL"
26342,"MODELO",1681199,"THINKPAD E14 GEN 4"
26342,"MODELO",1681200,"HPPROBOOK450G8"
26342,"MODELO",1681201,"HP 250 G8 NOTEBOOK"
26342,"MODELO",1681202,"KELVIND-WDH9A"
26342,"MODELO",1681203,"SATELLITE PRO® C50-J"
26342,"MODELO",1681204,"HP255G8NOTEBOOK"
26342,"MODELO",1681205,"NOBELB-WAI9B"
26342,"MODELO",1681206,"LENOVO TATA 4.0  AMD"
26342,"MODELO",1681207,"17Z90P-G-GOB-OFFICE"
26342,"MODELO",1681208,"HP250G8NOTEBOOK"
26342,"MODELO",1681209,"MACHD-WFE9A"
26342,"MODELO",1681210,"KELVINL-WDE9BQ"
26342,"MODELO",1681211,"428R0LS#ABM-OPDA"
26342,"MODELO",1681212,"HP 255 G8 NOTEBOOK"
26342,"MODELO",1681213,"THINKPAD E14 GEN2 (AMD)"
26342,"MODELO",1681214,"SATELLITE PRO® C50-K"
26342,"MODELO",1681215,"HP PROBOOK 450 G8"
26342,"MODELO",1681216,"HP PROBOOK 450G8"
26342,"MODELO",1681217,"HP 245 G8 NOTEBOOK"
26342,"MODELO",1681218,"THINKPAD E15 GEN 2 (INTEL)"
26342,"MODELO",1681219,"JUMPER EZBOOK X3 AIR 8 256 INTEL"
26342,"MODELO",1681220,"JUMPER EZBOOK X3 4 128 OFFICE INTEL"
26342,"MODELO",1681221,"JUMPER EZBOOK X3 4 64 OFFICE INTEL"
26342,"MODELO",1681222,"LIFEBOOK E5410"
26342,"MODELO",1681223,"NOTEBOOK LATITUDE 5410"
26342,"MODELO",1681224,"JUMPER EZBOOK X3 4 64 INTEL"
26342,"MODELO",1681225,"LATITUDE 7220 RUGGED"
26342,"MODELO",1681226,"KLVL-WDE9Q"
26342,"MODELO",1681227,"THINKPAD L14 GEN 3 (INTEL)"
26342,"MODELO",1681228,"THINKPAD L15 GEN 3 (INTEL)"
26342,"MODELO",1681229,"14Z90P-G-GOB-OFFICE PLATEADO"
26342,"MODELO",1681230,"NOBELDZ-WDH9A"
26342,"MODELO",1681231,"TECRA A40-J"
26342,"MODELO",1681232,"PORTEGE X30W-K"
26342,"MODELO",1681233,"TECRA A40-K"
26342,"MODELO",1681234,"14Z90P-G NEGRO"
26342,"MODELO",1681235,"14Z90P-G-GOB-OFFICE"
26342,"MODELO",1681236,"THINKCENTRE M90A GEN 3"
26342,"MODELO",1681237,"TECRA A50-K"
26342,"MODELO",1681238,"15Z90P-G.AH56B4-GOB"
26342,"MODELO",1681239,"16Z90P-G-GOB-OFFICE"
26342,"MODELO",1681240,"14Z90P-G PLATEADO"
26342,"MODELO",1681241,"LATITUDE 5420"
26342,"MODELO",1681242,"16Z90P-G-GOB"
26342,"MODELO",1681243,"17Z90P-G-GOB"
26342,"MODELO",1681244,"15Z90P-G-GOB-OFFICE"
26342,"MODELO",1681245,"VOSTRO 3405"
26342,"MODELO",1681246,"THINKPAD E14 GEN 2"
26342,"MODELO",1681247,"LIFEBOOK U7510"
26342,"MODELO",1681248,"THINKPAD X13 GEN 1(INTEL)"
26342,"MODELO",1681249,"LENOVO TATA 4 AMD"
26342,"MODELO",1681250,"B1500CEAE-BQ1925R"
26342,"MODELO",1681251,"1PTL352-C425SSS3"
26342,"MODELO",1681252,"COMPUTADORA PORTATIL EMPRESARIAL I5"
26342,"MODELO",1681253,"B1500CEAE-BQ1926R"
26342,"MODELO",1681254,"BOHRD-WDH9"
26342,"MODELO",3153034,"HP ELITEBOOK 640 14 INCH G9 NOTEBOOK PC"
26342,"MODELO",1681255,"SATELITE C40-J"
26342,"MODELO",1681256,"TECRA A50-J"
26342,"MODELO",1681257,"PORTEGE X30L-K"
26342,"MODELO",1681258,"PORTEGE X40L-K"
26342,"MODELO",1681259,"14Z90P-G-GOB PLATEADO"
26342,"MODELO",1681260,"15Z90P-G-GOB"
26342,"MODELO",1681261,"KELVIND-WFE9B"
26342,"MODELO",1681262,"NOBELD-WDH9"
26342,"MODELO",1681263,"IDEAPAD 3 15ALC6"
26342,"MODELO",1681264,"PORTEGE X40-J"
26342,"MODELO",1681265,"IDEACENTRE AIO 3 24IMB05"
26342,"MODELO",1681266,"NOBELD-WFE9A"
26342,"MODELO",1681267,"NS50"
26342,"MODELO",1681268,"THINKPAD L14 GEN 1"
26342,"MODELO",1681269,"14Z90N-BLANCA"
26342,"MODELO",1681270,"15Z90N"
26342,"MODELO",1681271,"NOTEBOOK LATITUDE 5420"
26342,"MODELO",1681272,"P2451FA-EK2033-3YOSS"
26342,"MODELO",1681273,"P2451FA-EK1442-3YOSS"
26342,"MODELO",1681274,"P2451FA-EK1441-3YOSS"
26342,"MODELO",1681275,"THINKPAD T15 GEN1"
26342,"MODELO",1681276,"THINKPAD L15 GEN 2 (INTEL)"
26342,"MODELO",1681277,"17Z90N"
26342,"MODELO",1681278,"HP PROBOOK 430 G8"
26342,"MODELO",1681279,"THINKPAD P17 GEN2"
26342,"MODELO",1681280,"THINKPAD P15 GEN2"
26342,"MODELO",1681281,"P2451FA-EK2034-3YOSS"
26342,"MODELO",1681282,"P2451FA-EK1442R-3YOSS"
26342,"MODELO",1681283,"LENOVO NEO 50S"
26342,"MODELO",1681284,"TECLAST F15 PRO"
26342,"MODELO",1681285,"NOTEBOOK LATITUDE 7410"
26342,"MODELO",1681286,"TECLAST F7 PLUS"
26342,"MODELO",1681287,"C214MA-BU0677"
26342,"MODELO",1681288,"LENOVO K14 GEN2 (AMD)"
26342,"MODELO",1681289,"LENOVO K14 (AMD)"
26342,"MODELO",1681290,"THINKPAD P15"
26342,"MODELO",1681291,"LENOVO NEO 50"
26342,"MODELO",1681292,"THINKPAD X1 YOGA GEN 7"
26342,"MODELO",1681293,"P2451FA-EK1441R-3YOSS"
26342,"MODELO",1681294,"B9400CEA-KC0234R-3YOSS"
26342,"MODELO",1681295,"20U8S2F000"
26342,"MODELO",1681296,"21CSS0D700-OH"
26342,"MODELO",1681297,"B1400CEAE-EK0857R-3YOSS"
26342,"MODELO",1681298,"OPTIPLEX 5080 SFF"
26342,"MODELO",1681299,"EXPERTBOOK L24"
26342,"MODELO",1681300,"THINKPAD T14S GEN2 AMD"
26342,"MODELO",1681301,"THINKPAD L14 GEN 1"
26342,"MODELO",1681302,"NH57HP"
26342,"MODELO",1681303,"THINKPAD L15 GEN2(AMD)"
26342,"MODELO",1681304,"NS5L78MIUVA01D"
26342,"MODELO",1681305,"20U2S2CF00"
26342,"MODELO",1681306,"B1500CEAE-EJ2618X"
26342,"MODELO",1681307,"KELVIND-WFE9"
26342,"MODELO",1681308,"THINKPAD E14 GEN2 (INTE"
26342,"MODELO",1681309,"B1400CEAE-EK0853R-3YOSS"
26342,"MODELO",1681310,"EXPERTBOOK P15"
26342,"MODELO",1681311,"CN4048"
26342,"MODELO",1681312,"NOBELD WFE9A"
26342,"MODELO",1681313,"EXPERTBOOK P14"
26342,"MODELO",1681314,"P2451FA-EK1441R"
26342,"MODELO",4004824,"DELL PRO PLUS 14 – 2 EN 1"
26342,"MODELO",1681315,"B1400CEAE-EK2292"
26342,"MODELO",1681316,"HP 348 G7 NOTEBOOK"
26342,"MODELO",1681317,"ASUS CHROMEBOOK C204"
26342,"MODELO",1681318,"CHROMEBOOK C214"
26342,"MODELO",1681319,"CHROMEBOOK C204"
26342,"MODELO",1681320,"THINKPAD L14 GEN 1"
26342,"MODELO",1681321,"BOHRB-WAI9A"
26342,"MODELO",1681322,"NOBELB-WAH9E"
26342,"MODELO",1681323,"KLVL WDE9Q"
26342,"MODELO",1681324,"53012YGJO-12"
26342,"MODELO",1681325,"20RES3K700"
26342,"MODELO",1681326,"THINKPAD E15 GEN 4 (INTEL)"
26342,"MODELO",1681327,"THINKPAD E15"
26342,"MODELO",1681328,"20T3SCCL00"
26342,"MODELO",1681329,"THINKBOOK 14 G4 IAP"
26342,"MODELO",1681330,"BOHRBZ-WAI9A"
26342,"MODELO",1681331,"THINKBOOK 15 G4 IAP"
26342,"MODELO",1681332,"EXPERTBOOK B14"
26342,"MODELO",1681333,"NBP1AVA3O"
26342,"MODELO",1681334,"15Z90P-G"
26342,"MODELO",1681335,"HP ELITEBOOK 1040 G9"
26342,"MODELO",1681336,"THINKPAD T14 GEN2 (AMD)"
26342,"MODELO",1681337,"LATITUDE 3420"
26342,"MODELO",1681338,"THINKPAD L14 GEN 1 (AMD)"
26342,"MODELO",1681339,"HP 250 G9 NOTEBOOK"
26342,"MODELO",1681340,"HP PROBOOK430G8"
26342,"MODELO",1681341,"16Z90P-G"
26342,"MODELO",1681342,"NOBELF"
26342,"MODELO",1681343,"53012JET"
26342,"MODELO",1681344,"14Z90P-G"
26342,"MODELO",1681345,"VOSTRO 3400"
26342,"MODELO",1681346,"100E WINDOWS GML-R"
26342,"MODELO",1681347,"THINKPAD T14-AMD"
26342,"MODELO",1681348,"THINKPAD T14S-AMD"
26342,"MODELO",1681349,"THINKPAD L15-INTEL"
26342,"MODELO",1681350,"HP ELITEBOOK X360 1040 G8"
26342,"MODELO",1681351,"14Z90P-G-GOB"
26342,"MODELO",1681352,"14Z90P-G-GOB NEGRO"
26342,"MODELO",1681353,"BOHRDZ-WDH9A"
26342,"MODELO",1681354,"17Z90P-G"
26342,"MODELO",1681355,"THINKBOOK 13S-IML"
26342,"MODELO",1681356,"C204MA-GJ0484"
26342,"MODELO",1681357,"PRECISION 3571"
26342,"MODELO",1681358,"THINKPAD T14S-INTEL"
26342,"MODELO",1681359,"THINKPAD X1 EXTREME GEN 3"
26342,"MODELO",1681360,"THINKPAD X1 CARBON GEN 8"
26342,"MODELO",1681361,"THINKPAD X1 YOGA GEN 5"
26342,"MODELO",1681362,"THINKPAD L14-AMD"
26342,"MODELO",1681363,"THINKPAD T14-INTEL"
26342,"MODELO",1681364,"THINKPAD X13 YOGA-INTEL"
26342,"MODELO",1681365,"100E CHROMEBOOK GML-R"
26342,"MODELO",1681366,"HP ELITEBOOK X360 1030 G8"
26342,"MODELO",1681367,"HP ELITE DRAGONFLY G2 - TÁCTIL"
26342,"MODELO",1681368,"300E CHROMEBOOK GML-R"
26342,"MODELO",1681369,"14E CHROMEBOOK"
26342,"MODELO",1681370,"THINKPAD E15-IML"
26342,"MODELO",1681371,"LATITUDE 7520"
26342,"MODELO",1681372,"B1400CEAE-EK3929X"
26342,"MODELO",1681373,"B1400CEAE-EK3928X"
26342,"MODELO",1681374,"THINKPAD E14-AMD"
26342,"MODELO",3923081,"B1503CVA"
26342,"MODELO",2527556,"THINKPAD T16 GEN2 (INTEL)"
26342,"MODELO",1681375,"THINKPAD E15-AMD"
26342,"MODELO",1681376,"THINKPAD L15-AMD"
26342,"MODELO",1681377,"THINKPAD L13-INTEL"
26342,"MODELO",1681378,"THINKPAD L13 YOGA-INTEL"
26342,"MODELO",1681379,"THINKPAD L14-INTEL"
26342,"MODELO",1681380,"CHUWI HEROBOOK PRO INTEL"
26342,"MODELO",1681381,"21CSS16V00-OP"
26342,"MODELO",1681382,"MACHD-WFE9B"
26342,"MODELO",1681383,"V14-IIL"
26342,"MODELO",1681384,"V15-ADA"
26342,"MODELO",1681385,"THINKBOOK 14S-IML"
26342,"MODELO",1681386,"THINKPAD E14-IML"
26342,"MODELO",1681387,"HPPROBOOK440G8"
26342,"MODELO",1681388,"HP PROBOOK X360 435 G8"
26342,"MODELO",1681389,"HP 250 G8 NOTEBOO"
26342,"MODELO",1681390,"MACHD-WDH9B"
26342,"MODELO",1681391,"EULER-W19D"
26342,"MODELO",1681392,"B1400CEAE-EK0233"
26342,"MODELO",1681393,"HP PROBOOK 440 G8"
26342,"MODELO",1681394,"X40-L"
26342,"MODELO",1681395,"PS6051"
26342,"MODELO",1681396,"PS5077"
26342,"MODELO",1681397,"THINKPAD T15-INTEL"
26342,"MODELO",1681398,"PS7085"
26342,"MODELO",1681399,"T15"
26342,"MODELO",1681400,"WE15I5E107B"
26342,"MODELO",1681401,"NL50MU"
26342,"MODELO",1681402,"HP 240 G9 NOTEBOOK"
26342,"MODELO",1681403,"HP 245 G9 NOTEBOOK"
26342,"MODELO",1681404,"THINKPAD E15 GEN4(AMD)"
26342,"MODELO",1681405,"53012AAPN -  NOBELDZ WDH9AN - MATEBOOK B3-420"
26342,"MODELO",1681406,"53012AAPN-MOB - NOBELDZ WDH9AN - MATEBOOK B3-420"
26342,"MODELO",1681407,"5U0P1LT#ABM-OP"
26342,"MODELO",1681408,"HP PROBOOK 635 AERO G7 NOTEBOOK PC"
26342,"MODELO",1681409,"WORKPAD E14"
26342,"MODELO",1681410,"NOTEBOOK LATITUDE 3520"
26342,"MODELO",1681411,"B1500CEAE-BQ2595X"
26342,"MODELO",1681412,"THINKPAD E15 GEN2 (INTEL)"
26342,"MODELO",1681413,"LENOVO TATA 4 INTEL"
26342,"MODELO",1681414,"20TBS68200"
26342,"MODELO",1681415,"20TES2Q900-OP"
26342,"MODELO",1681416,"NOTEBOOK LATITUDE 3410"
26342,"MODELO",1681417,"NS5L7GMIUVA01I"
26342,"MODELO",1681418,"NS5L7WMIPVA01V"
26342,"MODELO",1681419,"NOTEBOOK LATITUDE 5520"
26342,"MODELO",1681420,"NS5L78TIPVA01X"
26342,"MODELO",1681421,"HP PROBOOK 650 G8"
26342,"MODELO",1681422,"HP PROBOOK 640 G8"
26342,"MODELO",1681423,"LENOVO 14W GEN2"
26342,"MODELO",1681424,"WORKPAD E15"
26342,"MODELO",1681425,"NOTEBOOK LATITUDE 3510"
26342,"MODELO",1681426,"V14 ARE"
26342,"MODELO",1681427,"HPPROBOOK450G9"
26342,"MODELO",1681428,"V14-ARE"
26342,"MODELO",1681429,"674A5LT#ABM-OPM"
26342,"MODELO",1681430,"HP PROBOOK 450 G9"
26342,"MODELO",1681431,"HP 250 G8"
26342,"MODELO",1681432,"HP PROBOOK 445 G9"
26342,"MODELO",1681433,"53012KFJN-MOP - BOHRDZ WDH9AN - MATEBOOK B3-520"
26342,"MODELO",1681434,"HP 255 G9 NOTEBOOK"
26342,"MODELO",2789208,"HP ELITEBOOK 640 14 INCH G11 NOTEBOOK PC"
26342,"MODELO",1681435,"WORKPAD T15"
26342,"MODELO",1681436,"LATITUDE 5530"
26342,"MODELO",1681437,"LATITUDE 5430"
26342,"MODELO",1681438,"NOTEBOOK VOSTRO 3590"
26342,"MODELO",1681439,"THINKPAD L15 GEN3(AMD)"
26342,"MODELO",1681440,"THINKPAD P15S"
26342,"MODELO",1681441,"HP POWER G7"
26342,"MODELO",1681442,"6K6X5LT#ABM-OP"
26342,"MODELO",1681443,"HP ELITEBOOK 640 G9"
26342,"MODELO",1681444,"53012YGJO-MOP"
26342,"MODELO",1681445,"LENOVO  K14"
26342,"MODELO",1681446,"THINKPAD E15 GEN4 (INTEL)"
26342,"MODELO",1681447,"HP ELITEBOOK 840 G"
26342,"MODELO",1681448,"LATITUDE 7430"
26342,"MODELO",1681449,"GEMIBOOK"
26342,"MODELO",1681450,"COREBOOK X"
26342,"MODELO",1681451,"THINKPAD T14 GEN2 (INTEL)"
26342,"MODELO",4005117,"CZ1104FM2A"
26342,"MODELO",3749807,"THINKPAD E16 GEN 2 (INTEL)"
26342,"MODELO",3749833,"THINKPAD E16 GEN 2 (INTEL)"
26342,"MODELO",4005291,"CR1104FGA"
26342,"MODELO",1780945,"ASUS EXPERTBOOK"
26342,"MODELO",4018021,"WE15I9F146-2"
26342,"MODELO",2802933,"THINKPAD E16 GEN 1 (INTEL)"
26342,"MODELO",3745955,"THINKPAD E16 GEN 2 (INTEL)"
26342,"MODELO",1838790,"L2402CYA"
26342,"MODELO",1838818,"NOTEBOOK LATITUDE 7440"
26342,"MODELO",2644659,"CREATORPRO 16 AI STUDIO A1VJG"
26342,"MODELO",2644663,"CREATORPRO M16 HX C14VIG"
26342,"MODELO",2644667,"CREATORPRO M16 HX C14VJG"
26342,"MODELO",2644671,"CREATORPRO X18 HX A14VMG"
26342,"MODELO",3721270,"THINKPAD E16 GEN 2 (INTEL)"
26342,"MODELO",2802953,"LENOVO V15 G4 AMN"
26342,"MODELO",3967912,"DELL 15"
26342,"MODELO",3721171,"THINKPAD E16 GEN 2 (INTEL)"
26342,"MODELO",2803011,"THINKPAD E16 GEN 1 (INTEL)"
26342,"MODELO",2644653,"CREATORPRO 16 AI STUDIO A1VMG"
26342,"MODELO",1757985,"NOTEBOOK VOSTRO 3525"
26342,"MODELO",3721220,"THINKPAD E16 GEN 2 (INTEL)"
26342,"MODELO",4122138,"THINKPAD P14S GEN 6 (INTEL)"
26342,"MODELO",3396805,"LENOVO V15 G4 IRU"
26342,"MODELO",1838999,"HP DRAGONFLY 13.5 INCH G4 NOTEBOOK PC"
26342,"MODELO",1839003,"COMPUTADORA PORTATIL PREMIUM"
26342,"MODELO",1747696,"PD50PNN"
26342,"MODELO",3721327,"THINKPAD E16 GEN 2 (INTEL)"
26342,"MODELO",2802961,"LENOVO V15 G4 AMN"
26342,"MODELO",1765428,"LENOVO V15 G4 AMN"
26342,"MODELO",3713828,"LENOVO V15 G4 IRU"
26342,"MODELO",2797379,"LENOVO K14 GEN 1 (AMD)"
26342,"MODELO",3721372,"THINKPAD E16 GEN 2 (INTEL)"
26342,"MODELO",3396871,"LENOVO V15 G4 IRU"
26342,"MODELO",3135128,"THINKPAD E14 GEN 6 (INTEL)"
26342,"MODELO",1764434,"L14 GEN3 AMD"
26342,"MODELO",2776457,"HBNY15I7T114-C"
26342,"MODELO",3721411,"THINKPAD E16 GEN 2 (INTEL)"
26342,"MODELO",3721444,"THINKPAD E16 GEN 2 (INTEL)"
26342,"MODELO",3721459,"THINKPAD E16 GEN 2 (INTEL)"
26342,"MODELO",3721476,"THINKPAD E16 GEN 2 (INTEL)"
26342,"MODELO",3396797,"LENOVO V15 G4 IRU"
26342,"MODELO",3396799,"LENOVO V15 G4 IRU"
26342,"MODELO",3135146,"THINKPAD E16 GEN 2 (INTEL)"
26342,"MODELO",3135180,"LENOVO V15 G4 AMN"
26342,"MODELO",2776471,"HBNY15I7"
26342,"MODELO",4143111,"THINKPAD E16 GEN 3 AMD"
26342,"MODELO",3721495,"THINKPAD E16 GEN 2 (INTEL)"
26342,"MODELO",3721504,"THINKPAD E16 GEN 2 (INTEL)"
26342,"MODELO",3744857,"THINKPAD E16 GEN 2 (INTEL)"
26342,"MODELO",2031406,"THINKPAD L15 GEN 4 (AMD)"
26342,"MODELO",3744973,"THINKPAD E16 GEN 2 (INTEL)"
26342,"MODELO",1867147,"THINKPAD X13 GEN 2 (INTEL)"
26342,"MODELO",3713833,"LENOVO V15 G4 IRU"
26342,"MODELO",4112098,"HNB-NG15"
26342,"MODELO",3744901,"THINKPAD E16 GEN 2 (INTEL)"
26342,"MODELO",2551435,"HP PROBOOK 440 14-INCH G9 NOTEBOOK PC"
26342,"MODELO",3744940,"THINKPAD E16 GEN 2 (INTEL)"
26342,"MODELO",4121217,"WANX-14700K"
26342,"MODELO",3745015,"THINKPAD E16 GEN 2 (INTEL)"
26342,"MODELO",2032204,"LP-M1-2023"
26342,"MODELO",2774705,"HP PROBOOK 465 16 INCH G11 NOTEBOOK PC"
26342,"MODELO",4107325,"HP PROBOOK 4 G1I 14 INCH NOTEBOOK AI PC"
26342,"MODELO",1731450,"WORKPAD T14"
26342,"MODELO",4107334,"HP ELITEBOOK 8 G1I 14 INCH NOTEBOOK NEXT GEN AI PC"
26342,"MODELO",4107376,"HP ELITEBOOK 8 G1I 14 INCH NOTEBOOK AI PC"
26342,"MODELO",1779756,"NOTEBOOK VOSTRO 3425"
26342,"MODELO",3864729,"HP ELITEBOOK 665 16 INCH G11 NOTEBOOK PC"
26342,"MODELO",1731765,"21E7S19N00"
26342,"MODELO",4230667,"B3606CCA"
26342,"MODELO",4230701,"HP 200 G2A 16 INCH NOTEBOOK PC"
26342,"MODELO",2033342,"HP PROBOOK 450 15.6"" G9 NOTEBOOK PC 7G951LS#ABM-OH"
26342,"MODELO",3154410,"HP ELITEBOOK 865 16 INCH G11 NOTEBOOK PC"
26342,"MODELO",2527577,"NL57AU"
26342,"MODELO",2629071,"PMM20U-24M07L-DR-OP-"
26342,"MODELO",1757984,"3PTLV352-R5161SSS3-A-AME"
26342,"MODELO",2033328,"HP PROBOOK 450 15.6"" G9 NOTEBOOK PC 7G951LS#ABM"
26342,"MODELO",2034125,"LENOVO K14 GEN 2"
26342,"MODELO",3746652,"THINKPAD E16 GEN 2 (INTEL)"
26342,"MODELO",2507983,"B5602CVA"
26342,"MODELO",2507999,"B3604CVA"
26342,"MODELO",4072786,"MADLI712"
26342,"MODELO",2508008,"B1502CVA"
26342,"MODELO",2940072,"THINKBOOK 14 G6 IRL"
26342,"MODELO",4006355,"HP ELITEBOOK 8 G1I 16 INCH NOTEBOOK AI PC"
26342,"MODELO",3729785,"THINKPAD T16 GEN 3 (INTEL)"
26342,"MODELO",3154420,"HP ELITEBOOK 1040 14 INCH G11 NOTEBOOK PC"
26342,"MODELO",4222732,"MDL2605H7A0T9"
26342,"MODELO",3729695,"THINKPAD L16 GEN 1 (INTEL)"
26342,"MODELO",1805923,"THINKPAD E16 GEN 1 (INTEL)"
26342,"MODELO",3824557,"HP 250R 15.6 INCH G10 NOTEBOOK PC"
26342,"MODELO",1834328,"HP ELITEBOOK 655 15.6 INCH G10  NOTEBOOK PC"
26342,"MODELO",2746562,"NOTEBOOK LATITUDE 5450"
26342,"MODELO",2746569,"NOTEBOOK LATITUDE 5550"
26342,"MODELO",2746576,"NOTEBOOK LATITUDE 7450"
26342,"MODELO",2627776,"VECTOR 17 HX A14VGG"
26342,"MODELO",3778102,"THINKPAD T14S GEN 5 (INTEL)"
26342,"MODELO",1763947,"LENOVO V15 G3 IAP"
26342,"MODELO",4230752,"P3606CCAP"
26342,"MODELO",4231101,"TECRA® 45-M"
26342,"MODELO",1763939,"IDEAPAD 3 14ADA05"
26342,"MODELO",1726410,"THINKPAD T15 GEN 2"
26342,"MODELO",3756973,"DELL PRO RUGGED 14"
26342,"MODELO",3861860,"HP ELITEBOOK 845 14 INCH G11 NOTEBOOK PC"
26342,"MODELO",2531566,"LENOVO V15 G4 IAH"
26342,"MODELO",4230955,"THINKBOOK 16 G8 IRL"
26342,"MODELO",4120586,"MDL2509O4ZT9Q"
26342,"MODELO",1731673,"21CSS1NX00"
26342,"MODELO",4231119,"TECRA® A45-M"
26342,"MODELO",4231186,"PORTATIL BUSINESS SUPERIOR"
26342,"MODELO",4120705,"B5605CCA"
26342,"MODELO",2747002,"THINKPAD E16 GEN 2 (AMD)"
26342,"MODELO",1832238,"COMPUTADORA PORTATIL MAXBOOK"
26342,"MODELO",4228292,"HP ELITEBOOK 6 G2I 14 INCH NOTEBOOK NEXT GEN AI PC"
26342,"MODELO",1720760,"THINKPAD E14 GEN4 (AMD)"
26342,"MODELO",3764206,"CN4058"
26342,"MODELO",4068237,"""THINKPAD E16 GEN 3 (INTEL)	"""
26342,"MODELO",2941063,"""THINKPAD E14 GEN 6 (INTEL)	"""
26342,"MODELO",3898456,"PORTÉGÉ® X30W-M"
26342,"MODELO",1836244,"THINKPAD E14 GEN 5 (AMD)"
26342,"MODELO",2777556,"TECRA® A60-M"
26342,"MODELO",2139828,"HP ELITEBOOK 650 15.6 INCH G10 NOTEBOOK PC"
26342,"MODELO",1779162,"V14G3I5008001#PA"
26342,"MODELO",2626573,"SX7H115FOS-C"
26342,"MODELO",2626579,"SX7"
26342,"MODELO",4142376,"THINKBOOK 16 G7 IML"
26342,"MODELO",1725569,"THINKBOOK 15 G2 ITL"
26342,"MODELO",3898548,"HMB-CC62"
26342,"MODELO",4142455,"THINKBOOK 16 G7 IML"
26342,"MODELO",4067696,"""THINKPAD E14 GEN 7 (INTEL)"
26342,"MODELO",3864316,"HP 240R 14 INCH G9 NOTEBOOK PC"
26342,"MODELO",4142492,"LENOVO V15 G4 IRU"
26342,"MODELO",1779106,"SATELLITE PRO® C40-K"
26342,"MODELO",3864250,"HP ELITEBOOK X FLIP G1I 14 INCH NOTEBOOK NEXT GEN AI PC"
26342,"MODELO",3864282,"HP ELITEBOOK ULTRA G1I 14 INCH NOTEBOOK NEXT GEN AI PC"
26342,"MODELO",2789713,"T14G6I308101-OH2"
26342,"MODELO",4139918,"DELL PRO 14 ESSENTIAL"
26342,"MODELO",3864218,"HP ELITEBOOK X G1A 14 INCH NOTEBOOK NEXT GEN AI PC"
26342,"MODELO",2140512,"HP ELITEBOOK 860 16 INCH G10 NOTEBOOK PC"
26342,"MODELO",3922070,"HP ELITEBOOK 645 14 INCH G11 NOTEBOOK PC"
26342,"MODELO",2557652,"PORTÉGÉ® X30W-K"
26342,"MODELO",1975469,"NOTEBOOK LATITUDE 5440"
26342,"MODELO",3746888,"THINKPAD E16 GEN 2 (INTEL)"
26342,"MODELO",2558313,"THINKPAD P16S GEN 2 (INTEL)"
26342,"MODELO",1741925,"NOTEBOOK LATITUDE 7430"
26342,"MODELO",2745696,"THINKPAD E14 GEN 6 (AMD)"
26342,"MODELO",4093968,"B3605CCA"
26342,"MODELO",3714938,"LENOVO V15 G4 IRU"
26342,"MODELO",3893893,"HP PROBOOK 445 14 INCH G11 NOTEBOOK PC"
26342,"MODELO",2793363,"HP ELITE X360 1040 14 INCH G11 2-IN-1 NOTEBOOK PC"
26342,"MODELO",2624687,"CR1100FKA"
26342,"MODELO",2033260,"HP PROBOOK 450 15.6"" G9 NOTEBOOK PC 6X2J8LT#ABM-OH"
26342,"MODELO",1838060,"B1400CEAE"
26342,"MODELO",1765503,"LENOVO V14 G3 IAP"
26342,"MODELO",1879054,"HP ELITEBOOK 840 14 INCH G10 NOTEBOOK PC"
26342,"MODELO",1878474,"LENOVO V14 G2 ALC"
26342,"MODELO",1878520,"LENOVO V14 G2 ITL"
26342,"MODELO",2141021,"HP 255 G10 NOTEBOOK"
26342,"MODELO",2489606,"LENOVO K14 (AMD) GEN 1"
26342,"MODELO",3723056,"T16G8C734161100"
26342,"MODELO",2793543,"T16G6I308201-OP2"
26342,"MODELO",3894617,"THINKPAD L16 GEN 1 (AMD)"
26342,"MODELO",4137505,"THINKPAD E14 GEN 7"
26342,"MODELO",4126889,"HELIX 8"
26342,"MODELO",3728446,"THINKPAD E16 GEN 2 (INTEL)"
26342,"MODELO",2510141,"THINKPAD L15 GEN 4"
26342,"MODELO",2510103,"THINKPAD L14 GEN 3"
26342,"MODELO",2510157,"THINKPAD L14 GEN 4"
26342,"MODELO",3746197,"THINKPAD E16 GEN 2 (INTEL)"
26342,"MODELO",2510206,"THINKPAD E16 GEN 1"
26342,"MODELO",1745908,"PORTÉGÉ ® X30L-K"
26342,"MODELO",3137543,"HP ELITEBOOK 860 16 INCH G11 NOTEBOOK PC"
26342,"MODELO",3728486,"THINKPAD E16 GEN 2 (INTEL)"
26342,"MODELO",3728556,"THINKPAD L14 GEN 5 (INTEL)"
26342,"MODELO",3135099,"THINKPAD E16 GEN 2(AMD)"
26342,"MODELO",3135119,"THINKPAD E14 GEN 6 (INTEL)"
26342,"MODELO",1835195,"HP DRAGONFLY 13.5 INCH G4  NOTEBOOK PC"
26342,"MODELO",4225574,"THINKBOOK 16 G9 AHP"
26342,"MODELO",2802521,"LENOVO V15 G4 AMN"
26342,"MODELO",2802632,"LENOVO V15 G4 AMN"
26342,"MODELO",1835630,"HP ELITEBOOK 645 G9"
26342,"MODELO",1836536,"HP ELITE X360 1040 14 INCH G9 2-IN-1 NOTEBOOK PC"
26342,"MODELO",2588213,"N14T"
26342,"MODELO",3968997,"HNB-CC62"
26342,"MODELO",3744582,"THINKPAD E16 GEN 2 (INTEL)"
26342,"MODELO",3881416,"DELL PRO PLUS 16"
26342,"MODELO",4227535,"THINKBOOK 14 G9 AHP"
26342,"MODELO",2624024,"HNBSC-SX7"
26342,"MODELO",2630449,"HNBIN15"
26342,"MODELO",1762797,"ASUS EXPERTBOOK B7"
26342,"MODELO",1803267,"THINKBOOK 15P IMH"
26342,"MODELO",2509441,"THINKPAD E14 GEN 5"
26342,"MODELO",1783717,"SATELLITE PRO C40-K"
26342,"MODELO",1723995,"HP ELITEBOOK 655 G9"
26342,"MODELO",1886488,"84A36LT#ABM"
26342,"MODELO",1803297,"THINKBOOK 15 G2 ARE"
26342,"MODELO",2794873,"A9BS1LT#ABM"
26342,"MODELO",4229078,"THINKBOOK 16 G8 IRL"
26342,"MODELO",1783716,"SATELLITE PRO C50-K"
26342,"MODELO",2138965,"TECRA®  A50-K"
26342,"MODELO",1803279,"THINKPAD E14 GEN 5 (INTEL)"
26342,"MODELO",2800676,"LENOVO K14 GEN"
26342,"MODELO",3753415,"THINKPAD E16 GEN 2 (INTEL)"
26342,"MODELO",4229257,"HP PROBOOK 4 G1A 16 INCH NOTEBOOK AI PC"
26342,"MODELO",1723922,"HP ELITE X360 1040 G9"
26342,"MODELO",1803422,"E14G5I71108101HH"
26342,"MODELO",1783852,"COMPUTADORA PORTATIL BUSINESS"
26342,"MODELO",1723788,"HP DRAGONFLY FOLIO G3 2 EN 1"
26342,"MODELO",1786951,"PANQA"
26342,"MODELO",1783996,"COMPUTADORA PORTATIL PREMIUN"
26342,"MODELO",1879933,"HP 255 15.6 INCH G9 NOTEBOOK PC"
26342,"MODELO",1723700,"HP DRAGONFLY FOLIO G3"
26342,"MODELO",2033128,"HP 240 14-INCH G9 NOTEBOOK PC 7P9A6LA#ABM-OP-"
26342,"MODELO",2552007,"HP ELITEBOOK 650 15.6 INCH G9  NOTEBOOK PC"
26342,"MODELO",2778495,"ENIXMA VIN513"
26342,"MODELO",1723382,"HP 255 G9 NOTEBOOK PC"
26342,"MODELO",3728126,"THINKPAD E16 GEN 2 (INTEL)"
26342,"MODELO",3728360,"THINKPAD E16 GEN 2 (INTEL)"
26342,"MODELO",1773386,"THINKPAD L14 GEN3 AMD"
26342,"MODELO",3759999,"LENOVO 100E CHROMEBOOK GEN 4 (INTEL)"
26342,"MODELO",2778587,"ENIXMA VIN713"
26342,"MODELO",2777514,"TECRA® A40-M"
26342,"MODELO",3760197,"LENOVO 500E CHROMEBOOK GEN 4S"
26342,"MODELO",4069705,"THINKBOOK 14 G8 IAL"
26342,"MODELO",3728419,"THINKPAD E16 GEN 2 (INTEL)"
26342,"MODELO",3728468,"E16G6U71916201H"
26342,"MODELO",3731357,"LENOVO V15 G3 IAP"
26342,"MODELO",3779224,"NOTEBOOK LATITUDE 7450 ULTRALIGH"
26343,"NRO_PARTE",1843644,"PSY19U-0HG035-D"
26343,"NRO_PARTE",1843646,"PSY19U-0FG035-D-OH"
26343,"NRO_PARTE",4073843,"WE157F115B"
26343,"NRO_PARTE",4073844,"WE157F115B-1"
26343,"NRO_PARTE",3136131,"T16G7U71716101-OH"
26343,"NRO_PARTE",3136138,"849N7LT#ABM-OH4"
26343,"NRO_PARTE",3136145,"7Z7H2LT#ABM_"
26343,"NRO_PARTE",3136149,"7Z7H2LT#ABM-OH4"
26343,"NRO_PARTE",3136152,"T16G7U71732201"
26343,"NRO_PARTE",3136188,"T16G7U5188001-OH"
26343,"NRO_PARTE",3136194,"T16G7U5188101-OH"
26343,"NRO_PARTE",3136210,"7Y9X1LT#ABM-OH4"
26343,"NRO_PARTE",2530692,"21G1S0BC00-OP"
26343,"NRO_PARTE",2530712,"21G1S0BB00"
26343,"NRO_PARTE",1926711,"V15G3I3#908111HH"
26343,"NRO_PARTE",1926717,"V15G3#I3908111PA"
26343,"NRO_PARTE",1926720,"V14"
26343,"NRO_PARTE",1866983,"20W1SFYQ00-OH"
26343,"NRO_PARTE",1867030,"20W1SGHN00-OH"
26343,"NRO_PARTE",1867059,"20W1SGHP00-OH"
26343,"NRO_PARTE",1721916,"7C6E6LA#ABM"
26343,"NRO_PARTE",3721461,"E16G6U5188001-OH"
26343,"NRO_PARTE",3721477,"E16G6U5188101"
26343,"NRO_PARTE",2464866,"V14G4R38001"
26343,"NRO_PARTE",1937271,"V15G4I5008101H#H"
26343,"NRO_PARTE",1937273,"V15G4I5016101H"
26343,"NRO_PARTE",1937274,"V15G4I5016101HH"
26343,"NRO_PARTE",3822999,"V15G5C73481200#-OH"
26343,"NRO_PARTE",2625987,"A41U6LS#ABM-OPA"
26343,"NRO_PARTE",2626011,"78THP4V419"
26343,"NRO_PARTE",2626036,"7W2PH4V322"
26343,"NRO_PARTE",2626043,"58TPL4V422"
26343,"NRO_PARTE",1691631,"2PTL743-71612SOP3-FHD-N-V"
26343,"NRO_PARTE",1691632,"2PTL743-71612SSS3-FHD-N"
26343,"NRO_PARTE",1691633,"20TES70100"
26343,"NRO_PARTE",1691634,"90NX0441-M034L0-OH"
26343,"NRO_PARTE",1691635,"20TBS1C600"
26343,"NRO_PARTE",1691636,"3D2Q2LT"
26343,"NRO_PARTE",1691637,"20X2SAJ900"
26343,"NRO_PARTE",1691638,"63T19LS#ABM-OP"
26343,"NRO_PARTE",1691639,"90NX0441-M03CU0"
26343,"NRO_PARTE",1691640,"90NX0421-M05BF0-OH"
26343,"NRO_PARTE",1691641,"90NX0421-M05BL0"
26343,"NRO_PARTE",1691642,"1F4Z3LT#ABM"
26343,"NRO_PARTE",1691643,"0PTL341-3812SS3-C-H"
26343,"NRO_PARTE",1691644,"0PTL341-3812OH3-C"
26343,"NRO_PARTE",1691645,"21Y08LA#ABM-OH"
26343,"NRO_PARTE",1691646,"21Y17LA#ABM-OH"
26343,"NRO_PARTE",1691647,"21Y19LA#ABM-OH"
26343,"NRO_PARTE",1691648,"21Y11LA#ABM"
26343,"NRO_PARTE",1691649,"21Y11LA#ABM-A"
26343,"NRO_PARTE",1691650,"21Y06LA#ABM-OH"
26343,"NRO_PARTE",1691651,"21Y07LA#ABM-"
26343,"NRO_PARTE",1691652,"21Y16LA#ABM-HO"
26343,"NRO_PARTE",1691653,"21Y05LA#ABM-OH"
26343,"NRO_PARTE",1691654,"21Y05LA#ABM-A"
26343,"NRO_PARTE",1691655,"21Y05LA#ABM"
26343,"NRO_PARTE",1691656,"21Y19LA#ABM-A"
26343,"NRO_PARTE",1691657,"21Y02LA#ABM"
26343,"NRO_PARTE",1691658,"21Y06LA#ABM-A"
26343,"NRO_PARTE",1691659,"21Y07LA#ABM-A"
26343,"NRO_PARTE",1691660,"21Y09LA#ABM"
26343,"NRO_PARTE",1691661,"21Y04LA#ABM-OH"
26343,"NRO_PARTE",1691662,"21Y15LA#ABM"
26343,"NRO_PARTE",1691663,"3G741LA#ABM-L"
26343,"NRO_PARTE",1691664,"81MQ001YLMS"
26343,"NRO_PARTE",1691665,"20RS001PLMH"
26343,"NRO_PARTE",1691666,"20NES14W00"
26343,"NRO_PARTE",1691667,"3G743LA#ABM"
26343,"NRO_PARTE",1691668,"3H676LA#ABM"
26343,"NRO_PARTE",1691669,"20NES12600"
26343,"NRO_PARTE",1691670,"3G741LA#ABM"
26343,"NRO_PARTE",1691671,"20N9S2YL00"
26343,"NRO_PARTE",1691672,"20NES0MT00"
26343,"NRO_PARTE",1691673,"0PTL34-3825OH1"
26343,"NRO_PARTE",1691674,"0PTL34-3825OE1"
26343,"NRO_PARTE",1691675,"0PTL34-5825OE1"
26343,"NRO_PARTE",1691676,"3G766LA#ABM"
26343,"NRO_PARTE",1691677,"7LP00LT#ABM"
26343,"NRO_PARTE",1691678,"0PTL34-5825OP1"
26343,"NRO_PARTE",1691679,"9YG33LS#ABM"
26343,"NRO_PARTE",1691680,"20N9S0NK00"
26343,"NRO_PARTE",1691681,"21Y17LA#ABM-HO"
26343,"NRO_PARTE",1691682,"21Y15LA#ABM-OH"
26343,"NRO_PARTE",1691683,"21Y14LA#ABM-OH"
26343,"NRO_PARTE",1691684,"9VS18LT#ABM"
26343,"NRO_PARTE",1691685,"0PTL31-N464OH3-2"
26343,"NRO_PARTE",1691686,"0PTL31-N464OP3-2"
26343,"NRO_PARTE",1691687,"9VM11LT#ABM-OH"
26343,"NRO_PARTE",1691688,"0PTL31-N464OP1-2"
26343,"NRO_PARTE",1691689,"2U611LS#ABM"
26343,"NRO_PARTE",1691690,"3E752LS#ABM-OH"
26343,"NRO_PARTE",1691691,"7LP06LT#ABM"
26343,"NRO_PARTE",1691692,"3E752LS#ABM"
26343,"NRO_PARTE",2747742,"A89WKLS#ABM-OP"
26343,"NRO_PARTE",1769548,"3PTL352-3456OH1-FHD"
26343,"NRO_PARTE",1780917,"V14G3I5008101HH"
26343,"NRO_PARTE",2517016,"90NX06W1-M024B0-OH"
26343,"NRO_PARTE",3136124,"849N7LT#ABM."
26343,"NRO_PARTE",3136167,"9Q8T9LS#ABM-OH4"
26343,"NRO_PARTE",3136218,"7Z7H9LT#ABM-OH4"
26343,"NRO_PARTE",3136221,"7Z835LS#ABM-OH4"
26343,"NRO_PARTE",3136241,"81D42LT#ABM-OH4"
26343,"NRO_PARTE",3136245,"81J17LT#ABM-OH4"
26343,"NRO_PARTE",3136250,"846V7LT#ABM-OH4"
26343,"NRO_PARTE",3136254,"8C3Q6LS#ABM-OH4"
26343,"NRO_PARTE",3136258,"9Q1F4AT#ABM-OH4"
26343,"NRO_PARTE",3136259,"A05GXLA#ABM."
26343,"NRO_PARTE",3136260,"A05GYLA#ABM."
26343,"NRO_PARTE",3136261,"A05GZLA#ABM."
26343,"NRO_PARTE",3136262,"A05H4LA#ABM."
26343,"NRO_PARTE",3136263,"A12FJLA#ABM"
26343,"NRO_PARTE",3136264,"9E8M5LA#ABM"
26343,"NRO_PARTE",1866997,"20W1SG5W00"
26343,"NRO_PARTE",2024071,"NS5L5GTIHV9X01"
26343,"NRO_PARTE",2024086,"NS5L5GTIHV9X02"
26343,"NRO_PARTE",2024093,"NS5H5GTIPV9X03"
26343,"NRO_PARTE",2024096,"NS5H5GMIPV9X04"
26343,"NRO_PARTE",2795108,"T16G6I728201-OH2"
26343,"NRO_PARTE",3951349,"5PTDPP14-7U321SOH3-AW7"
26343,"NRO_PARTE",3951423,"5PTDPP16-7U161SOH3-AW7"
26343,"NRO_PARTE",4120854,"MDL2509B1WI8M"
26343,"NRO_PARTE",4120863,"MDL2509R7E4J9"
26343,"NRO_PARTE",4120870,"90NX08N1-M01750"
26343,"NRO_PARTE",3721515,"E16G6U7198101-OH"
26343,"NRO_PARTE",3721616,"T16G8C33281100"
26343,"NRO_PARTE",2464881,"V14G4R38001-OP"
26343,"NRO_PARTE",2464893,"V14G4R38101"
26343,"NRO_PARTE",2464910,"V14G4R38101-OH"
26343,"NRO_PARTE",1937269,"V15G4I5008101#H"
26343,"NRO_PARTE",1937272,"V15G4I5008101P#A"
26343,"NRO_PARTE",3822960,"V15G5C73481200#"
26343,"NRO_PARTE",3823052,"4PTLPR14-7U161SS3W11-V-B"
26343,"NRO_PARTE",1748858,"21E7S3WB00"
26343,"NRO_PARTE",1748863,"21E7S3W900"
26343,"NRO_PARTE",2626033,"582PH4V320"
26343,"NRO_PARTE",2626034,"5G2PH4V321"
26343,"NRO_PARTE",2626050,"5GTPH4V327"
26343,"NRO_PARTE",2626051,"7WTPL4V424"
26343,"NRO_PARTE",2626055,"78TPL4V425"
26343,"NRO_PARTE",2626061,"58THH4V332"
26343,"NRO_PARTE",2626066,"5WMHH4V337"
26343,"NRO_PARTE",2626196,"5GTPL4V447"
26343,"NRO_PARTE",2626373,"5GMHH4V345"
26343,"NRO_PARTE",2626377,"5W2HL4V469"
26343,"NRO_PARTE",2626393,"582HL4V470"
26343,"NRO_PARTE",2626444,"58THH4V356"
26343,"NRO_PARTE",2626472,"5GMP04V489"
26343,"NRO_PARTE",2626651,"90NX0741-M008U0-OH"
26343,"NRO_PARTE",2626666,"IDL525I7H114-C"
26343,"NRO_PARTE",2626847,"7GTH04V540"
26343,"NRO_PARTE",1691693,"0PTL31-N464OH1-2"
26343,"NRO_PARTE",1691694,"9VM11LT#ABM"
26343,"NRO_PARTE",1691695,"2U659LS#ABM"
26343,"NRO_PARTE",1691696,"9VM13LT#ABM"
26343,"NRO_PARTE",1691697,"2U610LS#ABM"
26343,"NRO_PARTE",1691698,"8RD83LT#ABM-OH"
26343,"NRO_PARTE",1691699,"53011VPK_MOP"
26343,"NRO_PARTE",1691700,"53011TVY_MOP"
26343,"NRO_PARTE",1691701,"53011TVY_MOB"
26343,"NRO_PARTE",1691702,"53011VPK_MOB"
26343,"NRO_PARTE",1691703,"20S15LT#ABM-OH1"
26343,"NRO_PARTE",1691704,"6MF23LT_ABM"
26343,"NRO_PARTE",1691705,"67W23LT#ABM-OHW"
26343,"NRO_PARTE",1691706,"0PTL34-581OP3"
26343,"NRO_PARTE",1691707,"0PTL34-5812OP3"
26343,"NRO_PARTE",1691708,"21CSS16S00-OP"
26343,"NRO_PARTE",1691709,"21CSS16S00-OH"
26343,"NRO_PARTE",1691710,"21CSS16R00-OP"
26343,"NRO_PARTE",1691711,"21CSS16R00-OH"
26343,"NRO_PARTE",1691712,"21CSS0C300-OH"
26343,"NRO_PARTE",1691713,"WE14I7E107B"
26343,"NRO_PARTE",1691714,"NB0DA3BVA0R"
26343,"NRO_PARTE",1691715,"20U3S0PN00"
26343,"NRO_PARTE",1691716,"20RDS0TR00"
26343,"NRO_PARTE",1691717,"20N9S0M100"
26343,"NRO_PARTE",1691718,"3G742LA#ABM"
26343,"NRO_PARTE",1691719,"20NES1Q700"
26343,"NRO_PARTE",1691720,"20NES1Q600"
26343,"NRO_PARTE",1691721,"20RS001QLM"
26343,"NRO_PARTE",1691722,"9EA90LT#ABM-OH"
26343,"NRO_PARTE",1691723,"8LX31LS#ABM-OH"
26343,"NRO_PARTE",1691724,"8PZ28LS#ABM-OH"
26343,"NRO_PARTE",1691725,"20RV00ALLMH"
26343,"NRO_PARTE",1691726,"20RS001PLMP"
26343,"NRO_PARTE",1691727,"20RV00ALLMP"
26343,"NRO_PARTE",1691728,"20RV00ALLM"
26343,"NRO_PARTE",1691729,"9VS07LT#ABM"
26343,"NRO_PARTE",1691730,"8VA70LP#ABM"
26343,"NRO_PARTE",1691731,"9EA90LT#ABM"
26343,"NRO_PARTE",1691732,"6QY20LT#ABM"
26343,"NRO_PARTE",1691733,"2U660LS#ABM"
26343,"NRO_PARTE",1691734,"7LL20LT#ABM"
26343,"NRO_PARTE",1691735,"20QKS1CL00"
26343,"NRO_PARTE",1691736,"3G741LA#ABM-A"
26343,"NRO_PARTE",1691737,"3G741LA#ABM-H"
26343,"NRO_PARTE",1691738,"20RV00AKLM"
26343,"NRO_PARTE",1691739,"20NES17600"
26343,"NRO_PARTE",1691740,"21Y10LA#ABM-A"
26343,"NRO_PARTE",1691741,"20RBS2QT00"
26343,"NRO_PARTE",1691742,"20RBS2QV00"
26343,"NRO_PARTE",1691743,"20NFS12Y00"
26343,"NRO_PARTE",1691744,"20NFS13100"
26343,"NRO_PARTE",1691745,"16U21LS#ABM"
26343,"NRO_PARTE",1691746,"16W63LA#ABM"
26343,"NRO_PARTE",1691747,"20RBS2S300"
26343,"NRO_PARTE",1691748,"9PTL34-381EP1"
26343,"NRO_PARTE",1691749,"20RBS2QR00"
26343,"NRO_PARTE",1691750,"20RBS2S000"
26343,"NRO_PARTE",1691751,"167Z8LS#ABM"
26343,"NRO_PARTE",1691752,"20RBS2RT00"
26343,"NRO_PARTE",1691753,"20RBS2T300"
26343,"NRO_PARTE",1691754,"3G741LA#ABM-E"
26343,"NRO_PARTE",2125388,"WE15I7T108P-M"
26343,"NRO_PARTE",2517042,"90NX06W1-M024B0-OP"
26343,"NRO_PARTE",3136228,"801F3LT#ABM-OH4"
26343,"NRO_PARTE",3136285,"B03E1LT#ABM"
26343,"NRO_PARTE",3136352,"7Y9Y1LT#ABM."
26343,"NRO_PARTE",2795434,"83A100GKLMSO-OP"
26343,"NRO_PARTE",3951488,"5PTDPP16-7U321SSS3-AW7"
26343,"NRO_PARTE",1722060,"6Q4H5LT#ABM-OH"
26343,"NRO_PARTE",4120880,"90NX08N1-M01750-OH"
26343,"NRO_PARTE",3721602,"E16G6U71916101"
26343,"NRO_PARTE",1937275,"V15G4I5016101PA"
26343,"NRO_PARTE",3823043,"V15G5C734161100#"
26343,"NRO_PARTE",1927178,"V14G4I5008001HH"
26343,"NRO_PARTE",1927150,"V14G3I3#916011PA"
26343,"NRO_PARTE",1927177,"V14G4I5008001H"
26343,"NRO_PARTE",1927180,"V14G4I5008001PA"
26343,"NRO_PARTE",1927203,"V14G4I3916011H"
26343,"NRO_PARTE",1927205,"V14G4I3916011HH"
26343,"NRO_PARTE",1927240,"V14G4I3908011H#H"
26343,"NRO_PARTE",2626408,"5W2HH4V349"
26343,"NRO_PARTE",2626469,"58MP04V488"
26343,"NRO_PARTE",2626864,"7WTU04V544"
26343,"NRO_PARTE",2626877,"7GTU04V546"
26343,"NRO_PARTE",2626902,"58MU04V548"
26343,"NRO_PARTE",2626917,"5WTPP4V361"
26343,"NRO_PARTE",1691755,"20NKS2TF00"
26343,"NRO_PARTE",1691756,"20RBS2S200"
26343,"NRO_PARTE",1691757,"16W63LA#ABM-OE"
26343,"NRO_PARTE",1691758,"20RR001DLM"
26343,"NRO_PARTE",1691759,"21Y09LA#ABM-OH"
26343,"NRO_PARTE",1691760,"20T7S0L800"
26343,"NRO_PARTE",1691761,"IDEAPAD S340-15API"
26343,"NRO_PARTE",1691762,"20RW00DYLM"
26343,"NRO_PARTE",1691763,"1F4Z3LT#ABM-OH"
26343,"NRO_PARTE",1691764,"20T9S0DF00"
26343,"NRO_PARTE",1691765,"21ECS01R00"
26343,"NRO_PARTE",1691766,"6C5X6LT#ABM-OP"
26343,"NRO_PARTE",1691767,"21CSS0WG00"
26343,"NRO_PARTE",1691768,"21CSS0WH00"
26343,"NRO_PARTE",1691769,"6C5Y1LT#ABM-OP"
26343,"NRO_PARTE",1691770,"9PTL34-781OH3-19"
26343,"NRO_PARTE",1691771,"9PTL34-781OP3-19"
26343,"NRO_PARTE",1691772,"9PTL34-781SSS3"
26343,"NRO_PARTE",1691773,"81B10062LM1"
26343,"NRO_PARTE",1691774,"9PTL54R-71612SS4"
26343,"NRO_PARTE",1691775,"9PTL34-781SSS4"
26343,"NRO_PARTE",1691776,"9PTL34-781SSS5"
26343,"NRO_PARTE",1691777,"9PTL55-7812SS3"
26343,"NRO_PARTE",1691778,"9PTL55-7812OH3-19"
26343,"NRO_PARTE",1691779,"9PTL55-7161SS4"
26343,"NRO_PARTE",1691780,"9PTL55-7161SS5"
26343,"NRO_PARTE",1691781,"9PTL55-7161OH5-19"
26343,"NRO_PARTE",1691782,"9PTL35-581OH4-19-S-H"
26343,"NRO_PARTE",1691783,"9PTL54-5161SOH4"
26343,"NRO_PARTE",1691784,"9PTL54-5161SOH3-19"
26343,"NRO_PARTE",1691785,"9PTL54-781OH5-19"
26343,"NRO_PARTE",1691786,"9PTL54-781OP5-19"
26343,"NRO_PARTE",1691787,"9PTL54-581OH-19"
26343,"NRO_PARTE",1691788,"9PTL54-581OH3-19"
26343,"NRO_PARTE",1691789,"9PTL54-581OH5-19"
26343,"NRO_PARTE",1691790,"9PTL54-581OP3-19"
26343,"NRO_PARTE",1691791,"9PTL54-581OP4-19"
26343,"NRO_PARTE",1691792,"9PTL54-581OP5-19"
26343,"NRO_PARTE",1691793,"9PTL54-581SSS4"
26343,"NRO_PARTE",1691794,"9PTL54-581SSS5"
26343,"NRO_PARTE",1691795,"9PTL54-581SOH3-19"
26343,"NRO_PARTE",1691796,"9PTL54-581SOH5-19"
26343,"NRO_PARTE",1691797,"9PTL54-781SOH5-19"
26343,"NRO_PARTE",1691798,"9PTL54-781SOP3-19"
26343,"NRO_PARTE",1691799,"9PTL54-781SOP5-19"
26343,"NRO_PARTE",1691800,"9PTL54-5812OH3-19"
26343,"NRO_PARTE",1691801,"9PTL54-51612SS4"
26343,"NRO_PARTE",1691802,"9PTL54-51612OP5-19"
26343,"NRO_PARTE",1691803,"9PTL54-7161SSS4"
26343,"NRO_PARTE",1691804,"9PTL54-7161SSS3"
26343,"NRO_PARTE",1691805,"9PTL54-7161SS4"
26343,"NRO_PARTE",1691806,"9PTL54-7161SS5"
26343,"NRO_PARTE",1691807,"9PTL54-7161OH3-19"
26343,"NRO_PARTE",1691808,"1PE48LA#ABM"
26343,"NRO_PARTE",1691809,"2SF01LT#ABM"
26343,"NRO_PARTE",1691810,"2RJ37LT#ABM"
26343,"NRO_PARTE",1691811,"1ZS07LA#ABM"
26343,"NRO_PARTE",1691812,"2RN03LT#ABM"
26343,"NRO_PARTE",1691813,"3BF31LA#ABM"
26343,"NRO_PARTE",1691814,"3MV47LA#ABM"
26343,"NRO_PARTE",1691815,"3KR43LA#ABM"
26343,"NRO_PARTE",2747922,"90NX06X1-M03260"
26343,"NRO_PARTE",1769650,"3PTL352-3412OH1-FHD"
26343,"NRO_PARTE",1769670,"3PTL352-3412OH3-FHD"
26343,"NRO_PARTE",1781233,"V14G4R3908101A"
26343,"NRO_PARTE",4066331,"C77D0LS#ABM-OH4"
26343,"NRO_PARTE",2516954,"90NX06W1-M024B0"
26343,"NRO_PARTE",3136171,"T16G7U71732201-OH"
26343,"NRO_PARTE",3136204,"6Z4J9LA#ABM-OH4"
26343,"NRO_PARTE",3136209,"7B9Q2LS#ABM-OH4"
26343,"NRO_PARTE",3136308,"9F4F5LT#ABM."
26343,"NRO_PARTE",3136332,"9F4F5LT#ABM-OH4"
26343,"NRO_PARTE",1926725,"V15G3I3#90811 1HH"
26343,"NRO_PARTE",1867020,"20W1SGHN00"
26343,"NRO_PARTE",1867047,"20W1SGHP00"
26343,"NRO_PARTE",1867080,"20W5S7GJ00"
26343,"NRO_PARTE",2795297,"T16G6I7216201-OH2"
26343,"NRO_PARTE",2795388,"T16G6I7232201-OH2"
26343,"NRO_PARTE",1721982,"PML20U-158011"
26343,"NRO_PARTE",1721983,"PML20U-158011-OH"
26343,"NRO_PARTE",1722142,"7C6E9LA#ABM"
26343,"NRO_PARTE",3721610,"E16G6U71916101-OH"
26343,"NRO_PARTE",2464875,"V14G4R38001-OH"
26343,"NRO_PARTE",2464927,"V14G4R38101-OP"
26343,"NRO_PARTE",3823125,"4PTLPR14-5U161SS4W11-V-B"
26343,"NRO_PARTE",3128519,"4PTL745-7161SSS3-VP-C"
26343,"NRO_PARTE",1691816,"1LA71LT#ABM"
26343,"NRO_PARTE",1691817,"1PE36LT#ABM"
26343,"NRO_PARTE",1691818,"81B000AYLM"
26343,"NRO_PARTE",1691819,"2UE64LT#ABM"
26343,"NRO_PARTE",1691820,"2UM11LA#ABM"
26343,"NRO_PARTE",1691821,"1PE37LA#ABM"
26343,"NRO_PARTE",1691822,"1UL43LA#ABM"
26343,"NRO_PARTE",1691823,"1LQ00LA#ABM"
26343,"NRO_PARTE",1691824,"81B000B0LM"
26343,"NRO_PARTE",1691825,"81B000B1LM"
26343,"NRO_PARTE",1691826,"2SF00LA#ABM"
26343,"NRO_PARTE",1691827,"2SF01LA#ABM"
26343,"NRO_PARTE",1691828,"2UE31LT#ABM"
26343,"NRO_PARTE",1691829,"81B000AXLM"
26343,"NRO_PARTE",1691830,"3LC90LT#ABM"
26343,"NRO_PARTE",1691831,"3LC89LT#ABM"
26343,"NRO_PARTE",1691832,"3BE89LT#ABM"
26343,"NRO_PARTE",1691833,"3BF28LA#ABM"
26343,"NRO_PARTE",1691834,"2WW56LA#ABM"
26343,"NRO_PARTE",1691835,"2WW58LA#ABM"
26343,"NRO_PARTE",1691836,"2WW60LA#ABM"
26343,"NRO_PARTE",1691837,"1PE59LT#ABM"
26343,"NRO_PARTE",1691838,"3BF27LA#ABM"
26343,"NRO_PARTE",1691839,"20W1SCCQ00"
26343,"NRO_PARTE",1691840,"20W1SCCU00"
26343,"NRO_PARTE",1691841,"674A5LT#ABM-M"
26343,"NRO_PARTE",1691842,"TESTER"
26343,"NRO_PARTE",1691843,"NBHRA3BVA23"
26343,"NRO_PARTE",1691844,"55F79LS#ABM-OH"
26343,"NRO_PARTE",1691845,"55F81LS#ABM"
26343,"NRO_PARTE",1691846,"63T19LS#ABM"
26343,"NRO_PARTE",1691847,"90NX02N1-M26110-OH"
26343,"NRO_PARTE",1691848,"53012YGJO"
26343,"NRO_PARTE",1691849,"21EES0D200"
26343,"NRO_PARTE",1691850,"2E4U2LT#ABM-OP"
26343,"NRO_PARTE",1691851,"2E4U3LT#ABM-OP"
26343,"NRO_PARTE",1691852,"20U1S1A600"
26343,"NRO_PARTE",1691853,"NL5L5GMI3VA007"
26343,"NRO_PARTE",1691854,"NL5L7GMI3VA008"
26343,"NRO_PARTE",1691855,"NL5L58TI3VA009"
26343,"NRO_PARTE",1691856,"NL5L78TI3VA00A"
26343,"NRO_PARTE",1691857,"NL5L5GTI3VA00B"
26343,"NRO_PARTE",1691858,"NL5L7GTI3VA00C"
26343,"NRO_PARTE",1691859,"6C5X5LT#ABM-M"
26343,"NRO_PARTE",1691860,"43G17LT#ABM"
26343,"NRO_PARTE",1691861,"20U2S2J100"
26343,"NRO_PARTE",1691862,"81NC000GLM"
26343,"NRO_PARTE",1691863,"20UCS1HG00"
26343,"NRO_PARTE",1691864,"1F4N8LT#ABM-OP"
26343,"NRO_PARTE",1691865,"21Y08LA#ABM-A"
26343,"NRO_PARTE",1691866,"20RDS0TS00"
26343,"NRO_PARTE",1691867,"20RDS0UY00"
26343,"NRO_PARTE",1691868,"0PTL341-3812OH3-C-H"
26343,"NRO_PARTE",1691869,"0PTL341-31612SS3-H"
26343,"NRO_PARTE",1691870,"1F4Z5LT#ABM-OH"
26343,"NRO_PARTE",1691871,"1F4Z5LT#ABM-OP"
26343,"NRO_PARTE",1691872,"0PTL341-31612SS3-C-H"
26343,"NRO_PARTE",1691873,"0PTL341-3812SS3-H"
26343,"NRO_PARTE",1691874,"21Y12LA#ABM-OH"
26343,"NRO_PARTE",1691875,"21Y12LA#ABM-A"
26343,"NRO_PARTE",1691876,"21Y14LA#ABM"
26343,"NRO_PARTE",1691877,"21Y14LA#ABM-A"
26343,"NRO_PARTE",2748001,"82QY00QALM-OH"
26343,"NRO_PARTE",1769620,"3PTL352-3456OH3-FHD"
26343,"NRO_PARTE",1843645,"PSY19U-0FG035-D"
26343,"NRO_PARTE",1843647,"PSY19U-0FG035-D-OP"
26343,"NRO_PARTE",1780938,"90NX0441-M00E90."
26343,"NRO_PARTE",1780946,"V15G3I5008101HH"
26343,"NRO_PARTE",1780961,"90NX0441-M00E90-OP"
26343,"NRO_PARTE",1780970,"PSY15U-0JW030-OP"
26343,"NRO_PARTE",3136154,"9Q8T9LS#ABM."
26343,"NRO_PARTE",3136170,"9Q8U4LS#ABM."
26343,"NRO_PARTE",3136175,"9Q8U4LS#ABM-OH4"
26343,"NRO_PARTE",3136177,"T16G7U5188001"
26343,"NRO_PARTE",3136184,"A31E7LS#ABM."
26343,"NRO_PARTE",3136191,"A31E7LS#ABM-OH4"
26343,"NRO_PARTE",3136197,"A31GNLS#ABM-OH4"
26343,"NRO_PARTE",3136253,"84A36LT#ABM-OH4"
26343,"NRO_PARTE",3136257,"9Q1F3AT#ABM-OH4"
26343,"NRO_PARTE",3136265,"B03E2LT#ABM"
26343,"NRO_PARTE",3136374,"7Y9Y1LT#ABM-OH4"
26343,"NRO_PARTE",1867008,"20W1SG5W00-OH"
26343,"NRO_PARTE",3969842,"MDL2505B1E4I8"
26343,"NRO_PARTE",2795343,"V14G4R3081002-OP"
26343,"NRO_PARTE",2795370,"T16G6I7232101-OP2"
26343,"NRO_PARTE",2795409,"83A100GKLMSO-OH"
26343,"NRO_PARTE",4120886,"90NX08I1-M013U0"
26343,"NRO_PARTE",3721747,"4PTL355-3812SSS3-A-N"
26343,"NRO_PARTE",3721760,"4PTL355-3812SOH3-A-N"
26343,"NRO_PARTE",2464965,"V14G4R58101"
26343,"NRO_PARTE",2464984,"V14G4R58101-OH"
26343,"NRO_PARTE",2465008,"V14G4R516101"
26343,"NRO_PARTE",2465017,"V14G4R516101-OH"
26343,"NRO_PARTE",3823131,"V15G5C734161100#-OH"
26343,"NRO_PARTE",3823172,"4PTL555-7U161SS3W10-V"
26343,"NRO_PARTE",3823192,"V15G5C734162100#"
26343,"NRO_PARTE",3823229,"V15G5C734162100#-OH"
26343,"NRO_PARTE",1691878,"21Y06LA#ABM"
26343,"NRO_PARTE",1691879,"21Y08LA#ABM"
26343,"NRO_PARTE",1691880,"21Y02LA#ABM-OH"
26343,"NRO_PARTE",1691881,"ID-0000000"
26343,"NRO_PARTE",1691882,"20T7S0L600"
26343,"NRO_PARTE",1691883,"21Y12LA#ABM"
26343,"NRO_PARTE",1691884,"21Y07LA#ABM-OH"
26343,"NRO_PARTE",1691885,"21Y07LA#ABM"
26343,"NRO_PARTE",1691886,"21Y19LA#ABM"
26343,"NRO_PARTE",1691887,"20T7S0L700"
26343,"NRO_PARTE",1691888,"20T7S0MX00"
26343,"NRO_PARTE",1691889,"20T9S0DD00"
26343,"NRO_PARTE",1691890,"20U2S2EL00"
26343,"NRO_PARTE",1691891,"20U2S2EM00"
26343,"NRO_PARTE",1691892,"0PTL341-31612OH3-C"
26343,"NRO_PARTE",1691893,"21Y02LA#ABM-A"
26343,"NRO_PARTE",1691894,"20U2S2J200"
26343,"NRO_PARTE",1691895,"20T9S0DC00"
26343,"NRO_PARTE",1691896,"0PTL341-31612SS3-C"
26343,"NRO_PARTE",1691897,"3H675LA#ABM"
26343,"NRO_PARTE",1691898,"9FK33LS#ABM"
26343,"NRO_PARTE",1691899,"20NCS0CW00"
26343,"NRO_PARTE",1691900,"0PTL34-5825SS1"
26343,"NRO_PARTE",1691901,"20NFS0XK00"
26343,"NRO_PARTE",1691902,"3G765LA#ABM"
26343,"NRO_PARTE",1691903,"3G744LA#ABM"
26343,"NRO_PARTE",1691904,"20QGS3SS00"
26343,"NRO_PARTE",1691905,"20N9S0M600"
26343,"NRO_PARTE",1691906,"0PTL34-3825OP1"
26343,"NRO_PARTE",1691907,"3G764LA#ABM"
26343,"NRO_PARTE",1691908,"8VS64LS#ABM-E"
26343,"NRO_PARTE",1691909,"20NS1Q600"
26343,"NRO_PARTE",1691910,"20NES1L600"
26343,"NRO_PARTE",1691911,"20NFS1B100"
26343,"NRO_PARTE",1691912,"0PTL34-3825SS1"
26343,"NRO_PARTE",1691913,"0PTL34-5825OH1"
26343,"NRO_PARTE",1691914,"3G763LA#ABM"
26343,"NRO_PARTE",1691915,"9UX42LS#ABM"
26343,"NRO_PARTE",1691916,"9PTL74T-7161SS3-VP."
26343,"NRO_PARTE",1691917,"20NFS1B000"
26343,"NRO_PARTE",1691918,"0PTL31-N464SS3-2"
26343,"NRO_PARTE",1691919,"0PTL31-N464SS1-2"
26343,"NRO_PARTE",1691920,"20U2S2HY00"
26343,"NRO_PARTE",1691921,"20RV00RQLM"
26343,"NRO_PARTE",1691922,"1F4Z3LT#ABM-OP"
26343,"NRO_PARTE",1691923,"0PTL541-71612SS3-4"
26343,"NRO_PARTE",1691924,"20U2S2J000"
26343,"NRO_PARTE",1691925,"1F4N8LT#ABM"
26343,"NRO_PARTE",1691926,"1F4Z5LT#ABM"
26343,"NRO_PARTE",1691927,"21ECS01T00"
26343,"NRO_PARTE",1691928,"6U881LA#ABM-OP"
26343,"NRO_PARTE",1691929,"6C5Y1LT#ABM-OH"
26343,"NRO_PARTE",1691930,"2PTL553-7812SOH3-FHD"
26343,"NRO_PARTE",1691931,"2PTL553-7812SOP3-FHD"
26343,"NRO_PARTE",1691932,"2PTL543-5812SOP3-FHD"
26343,"NRO_PARTE",1691933,"2PTL543-7812SOH3-FHD"
26343,"NRO_PARTE",1691934,"2PTL543-7812SOP3-FHD"
26343,"NRO_PARTE",1691935,"3CP37LA#ABM"
26343,"NRO_PARTE",1691936,"3RF56LT#ABM"
26343,"NRO_PARTE",1691937,"1NL91LT#ABM"
26343,"NRO_PARTE",1691938,"2WW70LA#ABM"
26343,"NRO_PARTE",1691939,"3BF26LA#ABM"
26343,"NRO_PARTE",2748015,"83A100ESLM-OH"
26343,"NRO_PARTE",2748038,"83A100ESLM"
26343,"NRO_PARTE",2748054,"82QY00QALM"
26343,"NRO_PARTE",2565162,"A1QM5LA#ABM-OH"
26343,"NRO_PARTE",2565187,"A1QM5LA#ABM-OP"
26343,"NRO_PARTE",1781244,"V14G4R3908101HA"
26343,"NRO_PARTE",1781262,"V14G4R3908101PA"
26343,"NRO_PARTE",1781293,"V14G4R390810#1A"
26343,"NRO_PARTE",3136215,"7Z7H8LT#ABM-OH4"
26343,"NRO_PARTE",3136255,"9C709LT#ABM-OH4"
26343,"NRO_PARTE",3136256,"9Q0A8AT#ABM-OH4"
26343,"NRO_PARTE",3136266,"A12HBLT#ABM."
26343,"NRO_PARTE",3136270,"B03DZAT#ABM"
26343,"NRO_PARTE",3136398,"846V6LT#ABM."
26343,"NRO_PARTE",1867110,"20W5S7GJ00-OH"
26343,"NRO_PARTE",2795330,"T16G6I72321012"
26343,"NRO_PARTE",2795400,"83A100GKLMSO"
26343,"NRO_PARTE",3951385,"5PTDPP16-7U161SSS3-AW7"
26343,"NRO_PARTE",3951502,"5PTDPP16-7U321SOH3-AW7"
26343,"NRO_PARTE",3721729,"4PTL355-3812SOH3-N"
26343,"NRO_PARTE",3721823,"4PTL355-5812SSS3-N"
26343,"NRO_PARTE",3721836,"4PTL355-5812SOH3-N"
26343,"NRO_PARTE",2465028,"V14G4R516101-OP"
26343,"NRO_PARTE",3823140,"4PTLPR14-5U161SS3W11-V-B"
26343,"NRO_PARTE",3823258,"4PTL555-7U161SS3W11-V-TM"
26343,"NRO_PARTE",3823264,"4PTL555-7U161SS4W10-V-TM"
26343,"NRO_PARTE",3823269,"4PTL555-7U161SS4W11-V-TM"
26343,"NRO_PARTE",3823276,"V15G5C73481200H#-OH"
26343,"NRO_PARTE",3823283,"V15G5C734161100H#"
26343,"NRO_PARTE",3823300,"V15G5C734162100H#"
26343,"NRO_PARTE",1691940,"2SE50LA#ABM"
26343,"NRO_PARTE",1691941,"2SE56LA#ABM"
26343,"NRO_PARTE",1691942,"2SE82LA#ABM"
26343,"NRO_PARTE",1691943,"1NL84LT#ABM"
26343,"NRO_PARTE",1691944,"81AX000RLM"
26343,"NRO_PARTE",1691945,"81AX00B4LM"
26343,"NRO_PARTE",1691946,"ALTA GAMA"
26343,"NRO_PARTE",1691947,"1FX06EP#ABM"
26343,"NRO_PARTE",1691948,"Y4B36LT#ABM-O"
26343,"NRO_PARTE",1691949,"Y4B37LT#ABM-O"
26343,"NRO_PARTE",1691950,"Y4B38LA#ABM-O"
26343,"NRO_PARTE",1691951,"Y7C54LT#ABM-O"
26343,"NRO_PARTE",1691952,"Z7Y07LT#ABM-O"
26343,"NRO_PARTE",1691953,"1BZ15LT#ABM"
26343,"NRO_PARTE",1691954,"1NM08LT#ABM"
26343,"NRO_PARTE",1691955,"1NW25LT#ABM"
26343,"NRO_PARTE",1691956,"1BZ14LT#ABM"
26343,"NRO_PARTE",1691957,"Y7C63LT#ABM"
26343,"NRO_PARTE",1691958,"Z1Z11LA#ABM"
26343,"NRO_PARTE",1691959,"2SE66LA#ABM"
26343,"NRO_PARTE",1691960,"1BZ19LA#ABM"
26343,"NRO_PARTE",1691961,"1NW26LT#ABM"
26343,"NRO_PARTE",1691962,"2RU61LT#ABM"
26343,"NRO_PARTE",1691963,"Y7C62LT#ABM"
26343,"NRO_PARTE",1691964,"1AB09LT#ABN"
26343,"NRO_PARTE",1691965,"1BZ13LT#ABM"
26343,"NRO_PARTE",1691966,"1BZ17LT#ABM"
26343,"NRO_PARTE",1691967,"1BZ27LA#ABM"
26343,"NRO_PARTE",1691968,"1LQ02LA#ABM"
26343,"NRO_PARTE",1691969,"1ZR98LT#ABM"
26343,"NRO_PARTE",1691970,"1ZR91LT#ABM"
26343,"NRO_PARTE",1691971,"1ZR92LT#ABM"
26343,"NRO_PARTE",1691972,"1ZQ95LA#ABM"
26343,"NRO_PARTE",1691973,"2WW16LA#ABM"
26343,"NRO_PARTE",1691974,"2SE55LA#ABM"
26343,"NRO_PARTE",1691975,"1ZR93LT#ABM"
26343,"NRO_PARTE",1691976,"1LA83LT#ABM"
26343,"NRO_PARTE",1691977,"BASICO"
26343,"NRO_PARTE",1691978,"PREMIUM"
26343,"NRO_PARTE",1691979,"1ZR97LT#ABM"
26343,"NRO_PARTE",1691980,"1ZR94LT#ABM"
26343,"NRO_PARTE",1691981,"1ZR95LT#ABM"
26343,"NRO_PARTE",1691982,"1ZR96LT#ABM"
26343,"NRO_PARTE",1691983,"1ZR93LA#ABM"
26343,"NRO_PARTE",1691984,"GAMA ALTA"
26343,"NRO_PARTE",1691985,"SERVIDOR PREMIUM"
26343,"NRO_PARTE",1691986,"BASICO - PREMIUM"
26343,"NRO_PARTE",1691987,"X500 MOBILE SERVER"
26343,"NRO_PARTE",1691988,"X500"
26343,"NRO_PARTE",1691989,"X500 FULLY RUGGED"
26343,"NRO_PARTE",1691990,"B300 FULLY RUGGED"
26343,"NRO_PARTE",1691991,"V110 FULLY-RUGGED"
26343,"NRO_PARTE",1691992,"X500 MOBILE SERVER - FULLY RUGGED"
26343,"NRO_PARTE",1691993,"9PTL34-581SS5-S-H"
26343,"NRO_PARTE",1691994,"9PTL35-581OH5-19-S"
26343,"NRO_PARTE",1691995,"9PTL34-7161SOP4-19"
26343,"NRO_PARTE",1691996,"9PTL34-7161SS4"
26343,"NRO_PARTE",1691997,"9PTL34-7161SS5"
26343,"NRO_PARTE",1691998,"20NFS08S00"
26343,"NRO_PARTE",1691999,"9PTL35-7161OH4-19"
26343,"NRO_PARTE",1692000,"9PTL35-7812SS5"
26343,"NRO_PARTE",1692001,"9PTL54R-71612OP3-19"
26343,"NRO_PARTE",2893416,"B0WH7LS#ABM"
26343,"NRO_PARTE",2034790,"HP PROBOOK 455 15.6 INCH G10 NOTEBOOK PC"
26343,"NRO_PARTE",2795620,"82YU00X6LM*"
26343,"NRO_PARTE",1721984,"PML20U-158011-OP"
26343,"NRO_PARTE",1767595,"PML20U-0N8021-OH."
26343,"NRO_PARTE",1767624,"PML20U-0N8021-OP."
26343,"NRO_PARTE",3721808,"4PTL355-3812SOH3-AN-N"
26343,"NRO_PARTE",3721856,"4PTL355-5812SSS3-A-N"
26343,"NRO_PARTE",2465090,"V15G4R38101"
26343,"NRO_PARTE",1956155,"V15G4I5016001P#A"
26343,"NRO_PARTE",1737110,"PSY19U-0FG035-M"
26343,"NRO_PARTE",1692002,"9PTL54R-71612OP4-19"
26343,"NRO_PARTE",1692003,"11"
26343,"NRO_PARTE",1692004,"6Q4H9LT#ABM"
26343,"NRO_PARTE",1692005,"674A1LT#ABM-A"
26343,"NRO_PARTE",1692006,"6N1S9LS#ABM-OH"
26343,"NRO_PARTE",1692007,"7B9Q2LS#ABM-OHMD"
26343,"NRO_PARTE",1692008,"55F80LS#ABM"
26343,"NRO_PARTE",1692009,"63T19LS#ABM-OH"
26343,"NRO_PARTE",1692010,"53012JETNO"
26343,"NRO_PARTE",1692011,"53012JETNO-MOB"
26343,"NRO_PARTE",1692012,"90NX0441-M02YC0"
26343,"NRO_PARTE",1692013,"90NX0421-M04U40"
26343,"NRO_PARTE",1692014,"90NX0421-M02DS0"
26343,"NRO_PARTE",1692015,"90NX0421-M02DS0-OH"
26343,"NRO_PARTE",1692016,"35Y54LT#ABM-OP"
26343,"NRO_PARTE",1692017,"0PTL341-71612OH3-FHD-2V"
26343,"NRO_PARTE",1692018,"2S4X5LA#ABM"
26343,"NRO_PARTE",1692019,"2S4X5LA#ABM-OH"
26343,"NRO_PARTE",1692020,"2S4X5LA#ABM-OP"
26343,"NRO_PARTE",1692021,"20RBS41700"
26343,"NRO_PARTE",1692022,"20U4S1SS00"
26343,"NRO_PARTE",1692023,"20U2S34N00"
26343,"NRO_PARTE",1692024,"20U4S3QS00"
26343,"NRO_PARTE",1692025,"0PTV35-341SS3-W"
26343,"NRO_PARTE",1692026,"NL5L78MI3VA006"
26343,"NRO_PARTE",1692027,"NL5L78MI3VA00E"
26343,"NRO_PARTE",1692028,"NL5L7GMI3VA00G"
26343,"NRO_PARTE",1692029,"NL5L782I3VA00I"
26343,"NRO_PARTE",1692030,"NL5L5G2I3VA00J"
26343,"NRO_PARTE",1692031,"NL5L7G2I3VA00K"
26343,"NRO_PARTE",1692032,"NL5L58QI3VA00L"
26343,"NRO_PARTE",1692033,"NL5L5GQI3VA00N"
26343,"NRO_PARTE",1692034,"NL5L58TI3VA00T"
26343,"NRO_PARTE",1692035,"NL5L78TI3VA00U"
26343,"NRO_PARTE",1692036,"NL5L58MI3VA00X"
26343,"NRO_PARTE",1692037,"NL5L582I3VA011"
26343,"NRO_PARTE",1692038,"NL5L5G2I3VA013"
26343,"NRO_PARTE",1692039,"NL5L7G2I3VA014"
26343,"NRO_PARTE",1692040,"NL5L78QI3VA016"
26343,"NRO_PARTE",1692041,"NL5L5GQI3VA017"
26343,"NRO_PARTE",1692042,"NL5L58MI3VA019"
26343,"NRO_PARTE",1692043,"NL5L78MI3VA01A"
26343,"NRO_PARTE",1692044,"NL5L5GMI3VA01B"
26343,"NRO_PARTE",1692045,"1E7E1LS#ABM"
26343,"NRO_PARTE",1692046,"1F0A5LS#ABM"
26343,"NRO_PARTE",1692047,"6MF23LT#ABM-OH"
26343,"NRO_PARTE",1692048,"8ZN63LT#ABM"
26343,"NRO_PARTE",1692049,"1U3W4LS#ABM"
26343,"NRO_PARTE",1692050,"0PTL341-5825OH3"
26343,"NRO_PARTE",1692051,"1U3S9LA#ABM"
26343,"NRO_PARTE",1692052,"81NB00FELMH"
26343,"NRO_PARTE",1692053,"81NB00FELMP"
26343,"NRO_PARTE",1692054,"7LL20LT#ABM-OH"
26343,"NRO_PARTE",1692055,"221D3LS#ABM"
26343,"NRO_PARTE",1692056,"221D2LS#ABM"
26343,"NRO_PARTE",1692057,"ID 32783034#"
26343,"NRO_PARTE",1692058,"32782902#"
26343,"NRO_PARTE",1692059,"1U3S6LA#ABM"
26343,"NRO_PARTE",1692060,"220Z7LS#ABM"
26343,"NRO_PARTE",1692061,"81NB00FMLM-14"
26343,"NRO_PARTE",1692062,"6GJ36LT#ABM-OH"
26343,"NRO_PARTE",1692063,"0PTL341-5825SS3"
26343,"NRO_PARTE",2748077,"21KH00F5LM"
26343,"NRO_PARTE",1781273,"V14G4R390810#1PA"
26343,"NRO_PARTE",1721894,"7C6E5LA#ABM"
26343,"NRO_PARTE",1767093,"3PTL543-51656SOP3-FHD"
26343,"NRO_PARTE",3721793,"4PTL355-3812SSS3-AN-N"
26343,"NRO_PARTE",3721923,"T16G8C33281100-OH"
26343,"NRO_PARTE",3721948,"4PTL355-5812SOH3-A-N"
26343,"NRO_PARTE",3823242,"4PTL555-7U161SS3W10-V-TM"
26343,"NRO_PARTE",3823255,"V15G5C73481100H#"
26343,"NRO_PARTE",3823293,"V15G5C734161100H#-OH"
26343,"NRO_PARTE",3823416,"T16G8C73482100#"
26343,"NRO_PARTE",1692064,"20RXS0FG00"
26343,"NRO_PARTE",1692065,"ID 32783041#"
26343,"NRO_PARTE",1692066,"1S1R5LA#ABM-U"
26343,"NRO_PARTE",1692067,"81NB00FMLM-06"
26343,"NRO_PARTE",1692068,"81NB00FMLM-08"
26343,"NRO_PARTE",1692069,"81NB00FMLM-04"
26343,"NRO_PARTE",1692070,"81NB00FMLM-05"
26343,"NRO_PARTE",1692071,"20RBS1JA00"
26343,"NRO_PARTE",1692072,"81NB00FNLM-13"
26343,"NRO_PARTE",1692073,"20U6S00300"
26343,"NRO_PARTE",1692074,"20U6S00100A"
26343,"NRO_PARTE",1692075,"20U6S00400A"
26343,"NRO_PARTE",1692076,"20T7S00500"
26343,"NRO_PARTE",1692077,"20T7S00200"
26343,"NRO_PARTE",1692078,"3G741LA#ABM-OH"
26343,"NRO_PARTE",1692079,"8YQ82LT#ABM"
26343,"NRO_PARTE",1692080,"81NB00FELM"
26343,"NRO_PARTE",1692081,"1S1R5LA#ABM-2"
26343,"NRO_PARTE",1692082,"7MA52LA#ABM"
26343,"NRO_PARTE",1692083,"81NB00FMLM-10"
26343,"NRO_PARTE",1692084,"N109W - P"
26343,"NRO_PARTE",1692085,"20U6S00000"
26343,"NRO_PARTE",1692086,"81LW00JMLMH"
26343,"NRO_PARTE",1692087,"1E8A7LS#ABM"
26343,"NRO_PARTE",1692088,"81UV009VLMP"
26343,"NRO_PARTE",1692089,"81UV009VLML"
26343,"NRO_PARTE",1692090,"20NES1PQ00"
26343,"NRO_PARTE",1692091,"20S1S21F00"
26343,"NRO_PARTE",1692092,"20U2S1BL00"
26343,"NRO_PARTE",1692093,"1S1Q1LA#ABM-WM"
26343,"NRO_PARTE",1692094,"81H300MGLM"
26343,"NRO_PARTE",1692095,"81H300MHLM"
26343,"NRO_PARTE",1692096,"2X033LT#ABM-S"
26343,"NRO_PARTE",1692097,"1S1Q8LA#ABM-OH"
26343,"NRO_PARTE",1692098,"1S1S1LA#ABM-A"
26343,"NRO_PARTE",1692099,"1Q3T7LS#ABMV2"
26343,"NRO_PARTE",1692100,"1S1Q1LA#ABM-W"
26343,"NRO_PARTE",1692101,"81H300MELM"
26343,"NRO_PARTE",1692102,"1S1T5LA#ABM"
26343,"NRO_PARTE",1692103,"81UV009VLMA"
26343,"NRO_PARTE",1692104,"81UV009VLMAH"
26343,"NRO_PARTE",1692105,"81UV009VLMT"
26343,"NRO_PARTE",1692106,"81LW00JMLM"
26343,"NRO_PARTE",1692107,"81LW00JMLMAH"
26343,"NRO_PARTE",1692108,"81LW00JMLMP"
26343,"NRO_PARTE",1692109,"81LW00JMLMA"
26343,"NRO_PARTE",1692110,"81LW00JMLML"
26343,"NRO_PARTE",1692111,"1E8A8LS#ABM"
26343,"NRO_PARTE",1692112,"20U2S1BM00"
26343,"NRO_PARTE",1692113,"20RBS2S500"
26343,"NRO_PARTE",1692114,"20RBS2S600"
26343,"NRO_PARTE",1692115,"20RS001NLM"
26343,"NRO_PARTE",1692116,"20RR001DLMP"
26343,"NRO_PARTE",1692117,"20RBS2TN00"
26343,"NRO_PARTE",1692118,"NB0DV3BVA0H"
26343,"NRO_PARTE",1692119,"2PTL543-7812SSS3-FHD"
26343,"NRO_PARTE",1692120,"20W7S1J600"
26343,"NRO_PARTE",1692121,"2PTL743-71612SOH3-FHD"
26343,"NRO_PARTE",1692122,"Y7C42LT#ABM"
26343,"NRO_PARTE",1692123,"Y7C43LT#ABM"
26343,"NRO_PARTE",1692124,"Y7C44LT#ABM"
26343,"NRO_PARTE",1692125,"Y7C45LA#ABM"
26343,"NRO_PARTE",2748167,"21KH00F3LM"
26343,"NRO_PARTE",1769994,"3PTL352-3856OH1-FHD"
26343,"NRO_PARTE",1770079,"3PTL352-3856OH3-FHD"
26343,"NRO_PARTE",1924573,"PCR30U-21303H-OH"
26343,"NRO_PARTE",1924615,"V14G3#I5008001H"
26343,"NRO_PARTE",2132726,"21JSS19J00-OP"
26343,"NRO_PARTE",2132736,"21JSS19G00"
26343,"NRO_PARTE",2132763,"21JSS19U00-OP"
26343,"NRO_PARTE",2132767,"21JSS19K00"
26343,"NRO_PARTE",2132772,"21JSS19K00-OH"
26343,"NRO_PARTE",2132787,"21JSS19K00-OP"
26343,"NRO_PARTE",4122990,"MDL2509K0H7J9"
26343,"NRO_PARTE",2142484,"V14G4I7128201H"
26343,"NRO_PARTE",1806119,"WE15I5E114P"
26343,"NRO_PARTE",1806175,"WE15I5T114P-1"
26343,"NRO_PARTE",1806195,"WE15I5T114CP"
26343,"NRO_PARTE",1806201,"E16G1I71108201HH"
26343,"NRO_PARTE",1719090,"20X6S2R800-OP"
26343,"NRO_PARTE",4232286,"TH16G8U7H162100#"
26343,"NRO_PARTE",3136427,"846V6LT#ABM-OH4"
26343,"NRO_PARTE",3136699,"E16G2R7116203-OH"
26343,"NRO_PARTE",4045983,"5PTDP16-7U161SSS3VP"
26343,"NRO_PARTE",4045984,"5PTDP16-7U161SOH3VP"
26343,"NRO_PARTE",1730918,"21E7S39A00"
26343,"NRO_PARTE",1730920,"21E7S39C00"
26343,"NRO_PARTE",3730710,"V15G5C53382100H-OH"
26343,"NRO_PARTE",3730732,"V15G5C533161100H"
26343,"NRO_PARTE",4018946,"C2CQ1LS#ABM-M"
26343,"NRO_PARTE",4018993,"C3SU6LS#ABM-M"
26343,"NRO_PARTE",4019037,"MDL2506F5VB1R"
26343,"NRO_PARTE",3950017,"5PTDPP14-7U321SSS3-AW7"
26343,"NRO_PARTE",1779143,"V14G3I3908011#A"
26343,"NRO_PARTE",1779144,"V14G3I3908011#HA"
26343,"NRO_PARTE",1779159,"V14G3I5008001"
26343,"NRO_PARTE",1718105,"20X2SBP700"
26343,"NRO_PARTE",1692126,"Y7C46LA#ABM"
26343,"NRO_PARTE",1692127,"Y7C50LT#ABM"
26343,"NRO_PARTE",1692128,"Y7C51LT#ABM"
26343,"NRO_PARTE",1692129,"Y7C52LT#ABM"
26343,"NRO_PARTE",1692130,"Y7C53LT#ABM"
26343,"NRO_PARTE",1692131,"Y7C54LT#ABM"
26343,"NRO_PARTE",1692132,"Y7C55LT#ABM"
26343,"NRO_PARTE",1692133,"Y7C56LT#ABM"
26343,"NRO_PARTE",1692134,"Y7C57LA#ABM"
26343,"NRO_PARTE",1692135,"Y7C58LA#ABM"
26343,"NRO_PARTE",1692136,"Y7C59LA#ABM"
26343,"NRO_PARTE",1692137,"Y7C60LA#ABM"
26343,"NRO_PARTE",1692138,"Y7C61LA#ABM"
26343,"NRO_PARTE",1692139,"Z1Y79LT#ABM"
26343,"NRO_PARTE",1692140,"Z1Z07LA#ABM"
26343,"NRO_PARTE",1692141,"Z1Z09LA#ABM"
26343,"NRO_PARTE",1692142,"Z1Z30LA#ABM"
26343,"NRO_PARTE",1692143,"Z2B82LT#ABM"
26343,"NRO_PARTE",1692144,"Z2B83LT#ABM"
26343,"NRO_PARTE",1692145,"Z3Z77LA#ABM"
26343,"NRO_PARTE",1692146,"Z3Z80LA#ABM"
26343,"NRO_PARTE",1692147,"Z3Z83LA#ABM"
26343,"NRO_PARTE",1692148,"Z3Z88LA#ABM"
26343,"NRO_PARTE",1692149,"Z7Y07LT#ABM"
26343,"NRO_PARTE",1692150,"Z7Y08LT#ABM"
26343,"NRO_PARTE",1692151,"Z7Y09LT#ABM"
26343,"NRO_PARTE",1692152,"Z7Y10LT#ABM"
26343,"NRO_PARTE",1692153,"Z7Y11LT#ABM"
26343,"NRO_PARTE",1692154,"Z7Y12LT#ABM"
26343,"NRO_PARTE",1692155,"S410 SEMI-RUGGED"
26343,"NRO_PARTE",1692156,"X500 - FULLY RUGGED"
26343,"NRO_PARTE",1692157,"B300 - FULLY RUGGED"
26343,"NRO_PARTE",1692158,"B300  - FULLY RUGGED"
26343,"NRO_PARTE",1692159,"1NW21LT#ABM"
26343,"NRO_PARTE",1692160,"LBE558-8781WPHB"
26343,"NRO_PARTE",1692161,"2RY92LA#ABM"
26343,"NRO_PARTE",1692162,"2UE65LT#ABM"
26343,"NRO_PARTE",1692163,"3CN66LT#ABM"
26343,"NRO_PARTE",1692164,"3CN63LT#ABM"
26343,"NRO_PARTE",1692165,"3CN67LT#ABM"
26343,"NRO_PARTE",1692166,"LB7781-WP"
26343,"NRO_PARTE",1692167,"2RZ14LA#ABM"
26343,"NRO_PARTE",1692168,"2WW10LT#ABM"
26343,"NRO_PARTE",1692169,"2WW09LT#ABM"
26343,"NRO_PARTE",1692170,"2UE41LT#ABM"
26343,"NRO_PARTE",1692171,"2UE43LT#ABM"
26343,"NRO_PARTE",1692172,"2WW34LT#ABM"
26343,"NRO_PARTE",1692173,"2WW23LA#ABM"
26343,"NRO_PARTE",1692174,"2WW30LA#ABM"
26343,"NRO_PARTE",1692175,"2UE67LA#ABM"
26343,"NRO_PARTE",1692176,"3BE88LT#ABM"
26343,"NRO_PARTE",1692177,"3CN72LT#ABM"
26343,"NRO_PARTE",1692178,"2UH48LT#ABM"
26343,"NRO_PARTE",1692179,"1WS98LT#ABM"
26343,"NRO_PARTE",1692180,"2WW73LT#ABM"
26343,"NRO_PARTE",1692181,"2SF14LA#ABM"
26343,"NRO_PARTE",1692182,"3KR64LA#ABM"
26343,"NRO_PARTE",1692183,"1LQ04LA#ABM"
26343,"NRO_PARTE",1692184,"81B0009MLM"
26343,"NRO_PARTE",1692185,"2UE45LT#ABM"
26343,"NRO_PARTE",1692186,"1ZR14LT#ABM"
26343,"NRO_PARTE",1692187,"2WW50LA#ABM"
26343,"NRO_PARTE",1692188,"2WW71LA#ABM"
26343,"NRO_PARTE",4005434,"L16G2U5161100-OH"
26343,"NRO_PARTE",2142276,"9J2M7LA#ABM-OPAS"
26343,"NRO_PARTE",2142285,"9J2M7LA#ABM-OPAS-"
26343,"NRO_PARTE",2142302,"9J171LA#ABM-OP"
26343,"NRO_PARTE",2142336,"PML20U-0VL011-DN."
26343,"NRO_PARTE",2142342,"PML20U-0VL011-DN-OP."
26343,"NRO_PARTE",2142345,"V14G4I5118201"
26343,"NRO_PARTE",2142350,"PML20U-1F907C-A-OH-"
26343,"NRO_PARTE",2142355,"V14G4I5118201H"
26343,"NRO_PARTE",1836331,"7Z7H8LT#ABM"
26343,"NRO_PARTE",1836365,"7Z7H8LT#ABM-OH"
26343,"NRO_PARTE",1836377,"7Z7H8LT#ABM-OP"
26343,"NRO_PARTE",4116584,"MDL2509J9ZVQ6"
26343,"NRO_PARTE",4116599,"MDL2509YG6YS8"
26343,"NRO_PARTE",1924663,"V14G3#I5008001HH"
26343,"NRO_PARTE",2033155,"7P9A6LA#ABM-OPA-"
26343,"NRO_PARTE",2132713,"21JSS19J00"
26343,"NRO_PARTE",2132718,"21JSS19J00-OH"
26343,"NRO_PARTE",2132743,"21JSS19G00-OH"
26343,"NRO_PARTE",2132746,"21JSS19G00-OP"
26343,"NRO_PARTE",2132756,"21JSS19U00"
26343,"NRO_PARTE",2132762,"21JSS19U00-OH"
26343,"NRO_PARTE",2132789,"21JSS19W00-OP"
26343,"NRO_PARTE",2142478,"V14G4I7128201"
26343,"NRO_PARTE",2142499,"V14G4I7128201P"
26343,"NRO_PARTE",1806134,"WE15E114P-1"
26343,"NRO_PARTE",1806209,"E16G1I71108201PA"
26343,"NRO_PARTE",1719108,"20RBS4Q800-MDOH"
26343,"NRO_PARTE",1719109,"20RBS4Q800-OH"
26343,"NRO_PARTE",1719112,"20RBS4Q800-DOH"
26343,"NRO_PARTE",1719113,"20RBS4Q800-MD"
26343,"NRO_PARTE",1719144,"20X4S27B00-MD"
26343,"NRO_PARTE",4232208,"MDL2605B1XS8G"
26343,"NRO_PARTE",4232291,"DJ3D4AT#ABM"
26343,"NRO_PARTE",4232309,"DJ3D4AT#ABM-OH4"
26343,"NRO_PARTE",1805612,"E15G4I7808101H"
26343,"NRO_PARTE",1805614,"E15G4I7808101PH"
26343,"NRO_PARTE",1731008,"21E7S39D00"
26343,"NRO_PARTE",4019051,"81H23LT#ABM-"
26343,"NRO_PARTE",4019061,"MDL2506UI8G6V"
26343,"NRO_PARTE",1779128,"PSY15U-0JW030-OH"
26343,"NRO_PARTE",1779287,"V14G3I50081#01PA5"
26343,"NRO_PARTE",1779340,"V14G3I5016101#A"
26343,"NRO_PARTE",1692189,"3MV42LT#ABM"
26343,"NRO_PARTE",1692190,"3RF57LT#ABM"
26343,"NRO_PARTE",1692191,"3RF61LT#ABM"
26343,"NRO_PARTE",1692192,"3RF75LT#ABM"
26343,"NRO_PARTE",1692193,"3MV51LA#ABM"
26343,"NRO_PARTE",1692194,"2WW76LA#ABM"
26343,"NRO_PARTE",1692195,"5"
26343,"NRO_PARTE",1692196,"9CE17LT#ABM-OH"
26343,"NRO_PARTE",1692197,"8ZD86LA#ABM-OP"
26343,"NRO_PARTE",1692198,"9DJ28LT#ABM-OP"
26343,"NRO_PARTE",1692199,"20W1SCCJ00"
26343,"NRO_PARTE",1692200,"407M4LT#ABM"
26343,"NRO_PARTE",1692201,"68G64LT#ABM"
26343,"NRO_PARTE",1692202,"43K48LT#ABM"
26343,"NRO_PARTE",1692203,"7B9Q2LS#ABM-OPMD"
26343,"NRO_PARTE",1692204,"53012JETNO -MOP"
26343,"NRO_PARTE",1692205,"21EES0D500"
26343,"NRO_PARTE",1692206,"90NX0441-M02YC0-OH"
26343,"NRO_PARTE",1692207,"20X8S0UV00"
26343,"NRO_PARTE",1692208,"35Y55LT#ABM-OH"
26343,"NRO_PARTE",1692209,"20X8S0UD00"
26343,"NRO_PARTE",1692210,"20X8S0UG00"
26343,"NRO_PARTE",1692211,"35Y55LT#ABM-OP"
26343,"NRO_PARTE",1692212,"20X8S0UW00"
26343,"NRO_PARTE",1692213,"20X8S0US00"
26343,"NRO_PARTE",1692214,"20X8S0UQ00"
26343,"NRO_PARTE",1692215,"35Y95LT#ABM-OH"
26343,"NRO_PARTE",1692216,"579Z0LT#ABM-OH"
26343,"NRO_PARTE",1692217,"20TBS52X00"
26343,"NRO_PARTE",1692218,"2K9G0LA#ABM-OH"
26343,"NRO_PARTE",1692219,"2K9G0LA#ABM-OP"
26343,"NRO_PARTE",1692220,"2E4U3LT#ABM"
26343,"NRO_PARTE",1692221,"2E4U3LT#ABM-OH"
26343,"NRO_PARTE",1692222,"0PTV35-541SS3"
26343,"NRO_PARTE",1692223,"20RBS2SE00"
26343,"NRO_PARTE",1692224,"20RR001DLMH"
26343,"NRO_PARTE",1692225,"20RBS2SD00"
26343,"NRO_PARTE",1692226,"0PTL34-3825PP3"
26343,"NRO_PARTE",1692227,"0PTL34-3825OE3"
26343,"NRO_PARTE",1692228,"0PTL35-3825SS3"
26343,"NRO_PARTE",1692229,"0PTL35-3825OP3"
26343,"NRO_PARTE",1692230,"0PTL35-3825PP3"
26343,"NRO_PARTE",1692231,"0PTL35-3825OE3"
26343,"NRO_PARTE",1692232,"20NES0U700"
26343,"NRO_PARTE",1692233,"9MR60LS#ABM-E2"
26343,"NRO_PARTE",1692234,"9PTL34-381OH1"
26343,"NRO_PARTE",1692235,"20RBS2TJ00"
26343,"NRO_PARTE",1692236,"20RBS2TK00"
26343,"NRO_PARTE",1692237,"20RBS2TL00"
26343,"NRO_PARTE",1692238,"20RBS2RU00"
26343,"NRO_PARTE",1692239,"20RBS2SC00"
26343,"NRO_PARTE",1692240,"20T9S0DE00"
26343,"NRO_PARTE",1692241,"21Y04LA#ABM-A"
26343,"NRO_PARTE",1692242,"21Y13LA#ABM"
26343,"NRO_PARTE",1692243,"20RDS0AV00"
26343,"NRO_PARTE",1692244,"1M9U5LT#ABM-S"
26343,"NRO_PARTE",1692245,"1N0R7LT#ABM"
26343,"NRO_PARTE",1692246,"1M9U6LT#ABM-S"
26343,"NRO_PARTE",1692247,"1M9U5LT#ABM"
26343,"NRO_PARTE",1692248,"ID: 32783016#"
26343,"NRO_PARTE",1692249,"81NB00FJLM-02"
26343,"NRO_PARTE",1692250,"0PTL341-3825SS3-C-H"
26343,"NRO_PARTE",4005354,"L16G2U5161100"
26343,"NRO_PARTE",2142294,"9J164LA#ABM-OP"
26343,"NRO_PARTE",2142314,"9J173LA#ABM-OP"
26343,"NRO_PARTE",2142346,"PML20U-1F907C-A-"
26343,"NRO_PARTE",2142353,"PML20U-1F907C-A-OP-"
26343,"NRO_PARTE",2142358,"V14G4I5118201P"
26343,"NRO_PARTE",2142360,"V14G4I51116201"
26343,"NRO_PARTE",2142363,"V14G4I51116201H"
26343,"NRO_PARTE",2142369,"V14G4I7128101"
26343,"NRO_PARTE",2142370,"V14G4I7128101H"
26343,"NRO_PARTE",2623606,"IDL525C"
26343,"NRO_PARTE",1836550,"8N9L8LS#ABM-OHA"
26343,"NRO_PARTE",1837048,"E16G1I31108001PA"
26343,"NRO_PARTE",4116615,"MDL2509A0WA0Y"
26343,"NRO_PARTE",4116623,"MDL2509YO4UH7"
26343,"NRO_PARTE",2031701,"21H4S54500"
26343,"NRO_PARTE",2031703,"21H4S54500-OP"
26343,"NRO_PARTE",2031731,"21H4S54600"
26343,"NRO_PARTE",2032645,"3PTL544-7825SSS3-D"
26343,"NRO_PARTE",2132803,"21JSS19H00-OH"
26343,"NRO_PARTE",2132807,"21JSS19H00-OP"
26343,"NRO_PARTE",2142398,"V14G4I7128101P"
26343,"NRO_PARTE",3764440,"PSY29U-4U7001"
26343,"NRO_PARTE",1758928,"3PTLV35-5812SOH3-AME"
26343,"NRO_PARTE",1758931,"3PTLV35-5812SOP3-AME"
26343,"NRO_PARTE",1806220,"E16G1I71116101H"
26343,"NRO_PARTE",1806249,"PMM20U-1PP06V-OH"
26343,"NRO_PARTE",1806302,"E14G5I51116101H"
26343,"NRO_PARTE",1806303,"E14G5I51116101HH"
26343,"NRO_PARTE",1719227,"21E7S2VK00"
26343,"NRO_PARTE",1719277,"21E4S1Y100"
26343,"NRO_PARTE",4232187,"MDL2605O4R7B1"
26343,"NRO_PARTE",4232230,"MDL2605I8Q6B1"
26343,"NRO_PARTE",4232251,"MDL2605XUZC2I"
26343,"NRO_PARTE",1773169,"3PTL342-3456SS1-HD"
26343,"NRO_PARTE",1731186,"20XLS3L900-OH"
26343,"NRO_PARTE",1731207,"20XLS3L900-OP"
26343,"NRO_PARTE",1804250,"V14G3I500810#1"
26343,"NRO_PARTE",1804251,"V14G3I500810#1H"
26343,"NRO_PARTE",1803674,"V14G4R39081#01HA"
26343,"NRO_PARTE",1803785,"V14G3R5008101A"
26343,"NRO_PARTE",3730804,"V15G5C533162100H"
26343,"NRO_PARTE",4019016,"MDL2506M2WWA0"
26343,"NRO_PARTE",4019184,"CC62F226"
26343,"NRO_PARTE",1779108,"V14G3I3908011"
26343,"NRO_PARTE",1779283,"V14G3I50081#01HA"
26343,"NRO_PARTE",1718094,"20X2SBPB00"
26343,"NRO_PARTE",1692251,"0PTL341-581SS3-H"
26343,"NRO_PARTE",1692252,"0PTL341-5800SS3"
26343,"NRO_PARTE",1692253,"0PTL341-581SS3"
26343,"NRO_PARTE",1692254,"20RXS1D300"
26343,"NRO_PARTE",1692255,"20UES00000"
26343,"NRO_PARTE",1692256,"0PTL341-5800OH3"
26343,"NRO_PARTE",1692257,"20U6S01P00"
26343,"NRO_PARTE",1692258,"20U6S02500"
26343,"NRO_PARTE",1692259,"20U6S02500A"
26343,"NRO_PARTE",1692260,"20U6S00300A"
26343,"NRO_PARTE",1692261,"20U6S00600"
26343,"NRO_PARTE",1692262,"20RBS2SH00"
26343,"NRO_PARTE",1692263,"81UV00A9LM-14"
26343,"NRO_PARTE",1692264,"81NB00FJLM"
26343,"NRO_PARTE",1692265,"0PTL341-3825SS3"
26343,"NRO_PARTE",1692266,"20RDS0JN00"
26343,"NRO_PARTE",1692267,"20RDS0JP00"
26343,"NRO_PARTE",1692268,"20U6S00900"
26343,"NRO_PARTE",1692269,"20T7S00400"
26343,"NRO_PARTE",1692270,"20U6S00700A"
26343,"NRO_PARTE",1692271,"20T7S00600"
26343,"NRO_PARTE",1692272,"20U6S01M00A"
26343,"NRO_PARTE",1692273,"81NB00FNLM-09"
26343,"NRO_PARTE",1692274,"81NB00FNLM-11"
26343,"NRO_PARTE",1692275,"20U6S02300"
26343,"NRO_PARTE",1692276,"20U6S02300A"
26343,"NRO_PARTE",1692277,"20RXS06T00"
26343,"NRO_PARTE",1692278,"20UES00100"
26343,"NRO_PARTE",1692279,"20RXS06W00"
26343,"NRO_PARTE",1692280,"20UJS00000"
26343,"NRO_PARTE",1692281,"20UJS00100"
26343,"NRO_PARTE",1692282,"N149W"
26343,"NRO_PARTE",1692283,"N109W - N"
26343,"NRO_PARTE",1692284,"20RDS0AP00"
26343,"NRO_PARTE",1692285,"20RDS0AQ00"
26343,"NRO_PARTE",1692286,"0PTL341-5812OH3-C-H"
26343,"NRO_PARTE",1692287,"1T2P9LA#ABM"
26343,"NRO_PARTE",1692288,"0PTL341-5812OH3"
26343,"NRO_PARTE",1692289,"21C8S08500"
26343,"NRO_PARTE",1692290,"21C8S08D00"
26343,"NRO_PARTE",1692291,"2PTL553-5812SSS3-FHD"
26343,"NRO_PARTE",1692292,"2PTL553-51612SOP3-FHD"
26343,"NRO_PARTE",1692293,"81AX00HRLM"
26343,"NRO_PARTE",1692294,"81AX00HSLM"
26343,"NRO_PARTE",1692295,"81AX00HTLM"
26343,"NRO_PARTE",1692296,"81AX00HQLM"
26343,"NRO_PARTE",1692297,"2SA45LA#ABM"
26343,"NRO_PARTE",1692298,"2SA46LA#ABM"
26343,"NRO_PARTE",1692299,"81B0000FLM"
26343,"NRO_PARTE",1692300,"1BZ47LT#ABM-O"
26343,"NRO_PARTE",1692301,"Y4B35LT#ABM-O"
26343,"NRO_PARTE",1692302,"2WW11LT#ABM"
26343,"NRO_PARTE",1692303,"2WW13LT#ABM"
26343,"NRO_PARTE",1692304,"2WW12LT#ABM"
26343,"NRO_PARTE",1692305,"X500 - PREMIUM"
26343,"NRO_PARTE",1692306,"V110 - PREMIUM"
26343,"NRO_PARTE",1692307,"S410 - PREMIUM"
26343,"NRO_PARTE",1692308,"B300 - PREMIUM"
26343,"NRO_PARTE",1692309,"X500 SERVER - PREMIUM"
26343,"NRO_PARTE",1692310,"81AX000NLM"
26343,"NRO_PARTE",1692311,"1ZR48LA#ABM-O"
26343,"NRO_PARTE",1692312,"Y4B34LT#ABM-O"
26343,"NRO_PARTE",4005302,"C3VT3LA#ABM"
26343,"NRO_PARTE",4005309,"C2CQ1LS#ABM-MA"
26343,"NRO_PARTE",4005400,"5PTDP14-7U161SSS3"
26343,"NRO_PARTE",2142309,"9J172LA#ABM-OP"
26343,"NRO_PARTE",2142367,"V14G4I51116201P"
26343,"NRO_PARTE",1999093,"V15G4I3908011"
26343,"NRO_PARTE",2629811,"4PTL355-5161SOH3-A"
26343,"NRO_PARTE",4116730,"MDL2509T9A0WP"
26343,"NRO_PARTE",4116747,"MDL2509E4F5J9"
26343,"NRO_PARTE",1924693,"V14G3#I5008101HH"
26343,"NRO_PARTE",1924725,"V14G3#I5008101PA"
26343,"NRO_PARTE",1924732,"V14G3I5#008101H"
26343,"NRO_PARTE",2034180,"V15G4I5016101S"
26343,"NRO_PARTE",2555413,"A11S4LA#ABM-ATR"
26343,"NRO_PARTE",2142612,"68T13LT#ABM-OHD"
26343,"NRO_PARTE",1806159,"WE15I5T114P"
26343,"NRO_PARTE",1806258,"E16G1I71116101PA"
26343,"NRO_PARTE",1806259,"PMM20U-1PP06V-OP"
26343,"NRO_PARTE",1806282,"E16G1I71116201HH"
26343,"NRO_PARTE",1806346,"E14G5I51108201PA"
26343,"NRO_PARTE",1719082,"20X6S2R800-OH"
26343,"NRO_PARTE",1719153,"11HAS06300."
26343,"NRO_PARTE",1719213,"21E7S2VJ00"
26343,"NRO_PARTE",1719262,"21E4S1Y000"
26343,"NRO_PARTE",4232369,"MDL2605XF5R7W"
26343,"NRO_PARTE",1773695,"3PTL342-3456SS3-FHD"
26343,"NRO_PARTE",1731119,"20XLS3L900"
26343,"NRO_PARTE",1731342,"20XLS3M800"
26343,"NRO_PARTE",2489608,"21CUS0WG00"
26343,"NRO_PARTE",2489626,"21CUS0WG00-OH"
26343,"NRO_PARTE",3730760,"V15G5C533161100H-OH"
26343,"NRO_PARTE",3730896,"V15G5C73481100H"
26343,"NRO_PARTE",1779195,"V14G3I5008101"
26343,"NRO_PARTE",1779342,"V14G3I5016101#PA"
26343,"NRO_PARTE",1779374,"V14G3I7808101"
26343,"NRO_PARTE",1779197,"V14G3I5008101#HA"
26343,"NRO_PARTE",4231431,"90NX0AL1-M00820"
26343,"NRO_PARTE",4231604,"TB16C7161F*-OH"
26343,"NRO_PARTE",4231608,"TB16C7161F*"
26343,"NRO_PARTE",1720594,"PSY19U-0HH035-OP"
26343,"NRO_PARTE",1692313,"2SE41LA#ABM"
26343,"NRO_PARTE",1692314,"1NW35LT#ABM"
26343,"NRO_PARTE",1692315,"81AY000CLM"
26343,"NRO_PARTE",1692316,"2WV92LT#ABM"
26343,"NRO_PARTE",1692317,"2WW04LA#ABM"
26343,"NRO_PARTE",1692318,"2WW05LA#ABM"
26343,"NRO_PARTE",1692319,"8PTL34-716SSS3"
26343,"NRO_PARTE",1692320,"8PTL35-5081SS3"
26343,"NRO_PARTE",1692321,"81AX00VPLM"
26343,"NRO_PARTE",1692322,"20L6S40C00"
26343,"NRO_PARTE",1692323,"20L8S3QR00"
26343,"NRO_PARTE",1692324,"20L6S41F00"
26343,"NRO_PARTE",1692325,"20LAS1QT00"
26343,"NRO_PARTE",1692326,"20LAS1NR00"
26343,"NRO_PARTE",1692327,"20LAS1U400"
26343,"NRO_PARTE",1692328,"20LAS1U500"
26343,"NRO_PARTE",1692329,"81AX000KLM"
26343,"NRO_PARTE",1692330,"20LAS0A300"
26343,"NRO_PARTE",1692331,"20L8S3QS00"
26343,"NRO_PARTE",1692332,"20L8S3VT00"
26343,"NRO_PARTE",1692333,"20L8S3VU00"
26343,"NRO_PARTE",1692334,"20L6S0MN00"
26343,"NRO_PARTE",1692335,"81CY002XLM"
26343,"NRO_PARTE",1692336,"20L6S3UF00"
26343,"NRO_PARTE",1692337,"20L6S41G00"
26343,"NRO_PARTE",1692338,"20L6S0MQ00"
26343,"NRO_PARTE",1692339,"20L6S40B00"
26343,"NRO_PARTE",1692340,"20L6S3UJ00"
26343,"NRO_PARTE",1692341,"81AX00S7LM"
26343,"NRO_PARTE",1692342,"8PTL72-7082SSS3"
26343,"NRO_PARTE",1692343,"S26391-K476-E558-8781WPOP"
26343,"NRO_PARTE",1692344,"81AX00RYLM"
26343,"NRO_PARTE",1692345,"81AX00RXLM"
26343,"NRO_PARTE",1692346,"81AW0048LM"
26343,"NRO_PARTE",1692347,"81AW0049LM"
26343,"NRO_PARTE",1692348,"20L8S0MT00"
26343,"NRO_PARTE",1692349,"8PTL35-7162SS4"
26343,"NRO_PARTE",1692350,"8PTL35-7162SS5"
26343,"NRO_PARTE",1692351,"S26391-K476-E558-8781WPHB"
26343,"NRO_PARTE",1692352,"81B000K8LM"
26343,"NRO_PARTE",1692353,"3RF73LT#ABM"
26343,"NRO_PARTE",1692354,"2ZA04LP#ABM"
26343,"NRO_PARTE",1692355,"3YV93LT#ABM"
26343,"NRO_PARTE",1692356,"3YW44LT#ABM"
26343,"NRO_PARTE",1692357,"4JB41LT#ABM"
26343,"NRO_PARTE",1692358,"20L8S0MS00"
26343,"NRO_PARTE",1692359,"3YW24LT#ABM"
26343,"NRO_PARTE",1692360,"20L8S0MU00"
26343,"NRO_PARTE",1692361,"3RF68LT#ABM"
26343,"NRO_PARTE",1692362,"4JB48LT#ABM"
26343,"NRO_PARTE",1692363,"3MU89LA#ABM"
26343,"NRO_PARTE",1692364,"1313"
26343,"NRO_PARTE",1692365,"15"
26343,"NRO_PARTE",1692366,"1B8V1LS#ABM-OP"
26343,"NRO_PARTE",1692367,"2B262LA#ABM-OP"
26343,"NRO_PARTE",1692368,"3J352LT#ABM-OP"
26343,"NRO_PARTE",1692369,"9CE17LT#ABM-OP"
26343,"NRO_PARTE",1692370,"20W1SCCV00"
26343,"NRO_PARTE",1692371,"67W23LT#ABM-W"
26343,"NRO_PARTE",1692372,"6M0J3LS#ABM-A"
26343,"NRO_PARTE",1692373,"6N1S9LS#ABM-OP"
26343,"NRO_PARTE",1692374,"484R5LT#ABM"
26343,"NRO_PARTE",1692375,"618T1LA#ABM-M"
26343,"NRO_PARTE",4005294,"90NX07R1-M00AC0"
26343,"NRO_PARTE",4005455,"5PTDP14-7U161SOH3"
26343,"NRO_PARTE",2142339,"PML20U-0VL011-DN-OH."
26343,"NRO_PARTE",1999077,"V15G4I5008101"
26343,"NRO_PARTE",1836625,"E14G5R31108001P#A"
26343,"NRO_PARTE",1837024,"E14G5I51108101PA"
26343,"NRO_PARTE",1837086,"V14G4R3908101H#N"
26343,"NRO_PARTE",1837100,"V15G4R3908101"
26343,"NRO_PARTE",4116775,"MDL2509N3R7T9"
26343,"NRO_PARTE",1924672,"V14G3#I5008001PA"
26343,"NRO_PARTE",2031719,"21H4S54400-OH"
26343,"NRO_PARTE",2031733,"21H4S54600-OP"
26343,"NRO_PARTE",2034103,"21JUS19100"
26343,"NRO_PARTE",2132799,"21JSS19H00"
26343,"NRO_PARTE",2132829,"21JSS19X00-OP"
26343,"NRO_PARTE",2784531,"4PTL355-7U161SSS3-B"
26343,"NRO_PARTE",3720985,"4PTL355-3812SSS3-N"
26343,"NRO_PARTE",2142511,"V14G4I71216101"
26343,"NRO_PARTE",2142707,"V14G4I71216201P"
26343,"NRO_PARTE",1758924,"3PTLV34-5812SOP3-AME"
26343,"NRO_PARTE",1758813,"3PTLV352-R5161SSS3-AME"
26343,"NRO_PARTE",1758884,"3PTLV352-R5161SOP3-AME"
26343,"NRO_PARTE",1806232,"PMM20U-1PP06V"
26343,"NRO_PARTE",1806237,"E16G1I71116101HH"
26343,"NRO_PARTE",1806269,"E16G1I71116201H"
26343,"NRO_PARTE",1806284,"PDA31U-0LL053-OH"
26343,"NRO_PARTE",1719065,"20X6S2R800"
26343,"NRO_PARTE",1719107,"20RBS4Q800."
26343,"NRO_PARTE",1719111,"20RBS4Q800-D"
26343,"NRO_PARTE",1719256,"21E4S1Y700"
26343,"NRO_PARTE",1719261,"21E4S1Y400"
26343,"NRO_PARTE",4232334,"MDL2605XB1D3G"
26343,"NRO_PARTE",1803628,"V15G3R5008101PA"
26343,"NRO_PARTE",1803660,"V15G3R5016101#PA"
26343,"NRO_PARTE",1803644,"V15G3R5016101#A"
26343,"NRO_PARTE",3730977,"V15G5C73481200H"
26343,"NRO_PARTE",1998364,"T14G5R5108101H"
26343,"NRO_PARTE",1998370,"T14G5R5108101HH"
26343,"NRO_PARTE",1779199,"V14G3I500810#1A"
26343,"NRO_PARTE",4231652,"MDL2605D3D3VZ"
26343,"NRO_PARTE",4231703,"MDL2605WP5XN3"
26343,"NRO_PARTE",4231726,"V15G4ABPR716512*"
26343,"NRO_PARTE",1692376,"618T1LA#ABM-OHM"
26343,"NRO_PARTE",1692377,"20TES75N00"
26343,"NRO_PARTE",1692378,"20TES75P00"
26343,"NRO_PARTE",1692379,"S26391-K503-V100#100"
26343,"NRO_PARTE",1692380,"55F80LS#ABM-OH"
26343,"NRO_PARTE",1692381,"20T1S62T00"
26343,"NRO_PARTE",1692382,"20T1S62S00"
26343,"NRO_PARTE",1692383,"20U4S21Q00"
26343,"NRO_PARTE",1692384,"20U2S34P00"
26343,"NRO_PARTE",1692385,"20U4S3V600"
26343,"NRO_PARTE",1692386,"NL5L78QI3VA002"
26343,"NRO_PARTE",1692387,"NL5L5GQI3VA003"
26343,"NRO_PARTE",1692388,"NL5L7GQI3VA004"
26343,"NRO_PARTE",1692389,"NL5L58MI3VA005"
26343,"NRO_PARTE",1692390,"NL5L58MI3VA00D"
26343,"NRO_PARTE",1692391,"NL5L5GMI3VA00F"
26343,"NRO_PARTE",1692392,"0PTL341-5800OH3-C-H"
26343,"NRO_PARTE",1692393,"3C281LT#ABM-OH"
26343,"NRO_PARTE",1692394,"1S1R5LA#ABM-2OH"
26343,"NRO_PARTE",1692395,"20UES00A00"
26343,"NRO_PARTE",1692396,"20UJS00A00"
26343,"NRO_PARTE",1692397,"1U3W4LS#ABM-HAC"
26343,"NRO_PARTE",1692398,"1U3T2LA#ABM"
26343,"NRO_PARTE",1692399,"0PTL351-3828SS3-LTE"
26343,"NRO_PARTE",1692400,"81NB00FMLM"
26343,"NRO_PARTE",1692401,"81NB00FMLM-03"
26343,"NRO_PARTE",1692402,"81NB00FNLM-14"
26343,"NRO_PARTE",1692403,"81NB00FMLM-02"
26343,"NRO_PARTE",1692404,"20RXS0FF00"
26343,"NRO_PARTE",1692405,"ID 32783024#"
26343,"NRO_PARTE",1692406,"20RBS2SJ00"
26343,"NRO_PARTE",1692407,"20U6S00600A"
26343,"NRO_PARTE",1692408,"20RBS18600"
26343,"NRO_PARTE",1692409,"20U6S00900A"
26343,"NRO_PARTE",1692410,"20U6S01L00"
26343,"NRO_PARTE",1692411,"1U318LS#ABM"
26343,"NRO_PARTE",1692412,"0PTL341-581OP3"
26343,"NRO_PARTE",1692413,"20NYSBY300"
26343,"NRO_PARTE",1692414,"81NB00FNLM-10"
26343,"NRO_PARTE",1692415,"220Z4LS#ABM"
26343,"NRO_PARTE",1692416,"0PTL341-5800OH3-C"
26343,"NRO_PARTE",1692417,"1S1S2LA#ABM-UHAC"
26343,"NRO_PARTE",1692418,"81NB00FNLM-03"
26343,"NRO_PARTE",1692419,"81NB00FJLM-10"
26343,"NRO_PARTE",1692420,"0PTL341-5812OH3-C"
26343,"NRO_PARTE",1692421,"81NB00FJLM-12"
26343,"NRO_PARTE",1692422,"81NB00FJLM-13"
26343,"NRO_PARTE",1692423,"1M9U6LT#ABM"
26343,"NRO_PARTE",1692424,"1M9U2LT#ABM-S"
26343,"NRO_PARTE",1692425,"0PTL341-581OH3"
26343,"NRO_PARTE",1692426,"20NYSBY400"
26343,"NRO_PARTE",1692427,"81NB00FJLM-09"
26343,"NRO_PARTE",1692428,"0PTL341-5812SS3"
26343,"NRO_PARTE",1692429,"0PTL341-5812SS3-C"
26343,"NRO_PARTE",1692430,"0PTL341-5812SS3-C-H"
26343,"NRO_PARTE",1692431,"0PTL531T-71612SS3-VP"
26343,"NRO_PARTE",1692432,"1U3T5LA#ABM"
26343,"NRO_PARTE",1692433,"1U3T7LA#ABM"
26343,"NRO_PARTE",1692434,"1U3W4LS#ABM-OHAC"
26343,"NRO_PARTE",1692435,"HP PROBOOK 455 G7"
26343,"NRO_PARTE",1692436,"81NB00FMLM-12"
26343,"NRO_PARTE",1692437,"20U4S1E900"
26343,"NRO_PARTE",4005513,"L16G2U5161100H"
26343,"NRO_PARTE",3865243,"BP1Q5LS#ABM"
26343,"NRO_PARTE",3865248,"BP1Q5LS#ABM-OH4"
26343,"NRO_PARTE",1836851,"21JLS04C00-OH"
26343,"NRO_PARTE",1837152,"3PTL354-3812SSS3"
26343,"NRO_PARTE",2032689,"21H6S29Y00-OP"
26343,"NRO_PARTE",1749166,"3PTL352-7161SOH3-D-F"
26343,"NRO_PARTE",2047460,"PML30U-09Y00V"
26343,"NRO_PARTE",2784517,"4PTL355-7U1612SOP3-B"
26343,"NRO_PARTE",2142700,"V14G4I71216201H"
26343,"NRO_PARTE",1758912,"3PTLV35-51612SOH3-AME"
26343,"NRO_PARTE",1806294,"PDA31U-0LL053-OP"
26343,"NRO_PARTE",1806297,"E16G1I71116201PA"
26343,"NRO_PARTE",1806304,"E14G5I51116101PA"
26343,"NRO_PARTE",1806929,"8F786LS#ABM"
26343,"NRO_PARTE",1719207,"21E7S2VE00"
26343,"NRO_PARTE",4232356,"MDL2605M2VI8X"
26343,"NRO_PARTE",4232380,"MDL2605G6R7R7"
26343,"NRO_PARTE",4232393,"MDL2605YG6A0T"
26343,"NRO_PARTE",1773237,"3PTL342-3456OP1-HD"
26343,"NRO_PARTE",1773252,"3PTL342-3456OH1-FHD"
26343,"NRO_PARTE",1773685,"3PTL342-3456OP3-HD"
26343,"NRO_PARTE",1803722,"V14G4R3908011HH"
26343,"NRO_PARTE",1803802,"V14G3R5008101HH"
26343,"NRO_PARTE",3731021,"V15G5C73481200H-OH"
26343,"NRO_PARTE",4019090,"A9BS1LT#ABM-"
26343,"NRO_PARTE",1998058,"21JUS0WF00"
26343,"NRO_PARTE",1998070,"21JUS0WG00"
26343,"NRO_PARTE",4231629,"E16G3R732512"
26343,"NRO_PARTE",4231669,"E16G3R732512-OH"
26343,"NRO_PARTE",4231686,"E16G3R732512-OHU"
26343,"NRO_PARTE",4231696,"PNL13U-0CT009-A"
26343,"NRO_PARTE",4231733,"MDL2605H7Q6A0"
26343,"NRO_PARTE",4231752,"PNL11U-1KR024-OH-"
26343,"NRO_PARTE",4231756,"V15G4ABPR716512*-OH"
26343,"NRO_PARTE",1692438,"20U4S1EB00"
26343,"NRO_PARTE",1692439,"6QY20LT#ABM-OH"
26343,"NRO_PARTE",1692440,"7LP06LT#ABM-OH"
26343,"NRO_PARTE",1692441,"81NB00FNLM-12"
26343,"NRO_PARTE",1692442,"ID: 32753857"
26343,"NRO_PARTE",1692443,"1E7E8LS#ABM"
26343,"NRO_PARTE",1692444,"1F0A0LS#ABM-M"
26343,"NRO_PARTE",1692445,"1F0B1LS#ABM"
26343,"NRO_PARTE",1692446,"82C500C3LM"
26343,"NRO_PARTE",1692447,"6QY11LT#ABM-OH"
26343,"NRO_PARTE",1692448,"2Z788LT#ABM-OH"
26343,"NRO_PARTE",1692449,"7LL24LA#ABM"
26343,"NRO_PARTE",1692450,"6LM90LT#ABM-OH"
26343,"NRO_PARTE",1692451,"81UV009VLM"
26343,"NRO_PARTE",1692452,"81NB00FNLM-02"
26343,"NRO_PARTE",1692453,"81NB00FMLM-07"
26343,"NRO_PARTE",1692454,"81NB00FMLM-11"
26343,"NRO_PARTE",1692455,"81NB00FMLM-13"
26343,"NRO_PARTE",1692456,"81NB00FMLM-15"
26343,"NRO_PARTE",1692457,"1M9U6LT#ABM-OH"
26343,"NRO_PARTE",1692458,"3C281LT#ABM-W"
26343,"NRO_PARTE",1692459,"ID: 32753746"
26343,"NRO_PARTE",1692460,"ID: 32783013#"
26343,"NRO_PARTE",1692461,"21C8S08400"
26343,"NRO_PARTE",1692462,"6K6X5LT#ABM-OH"
26343,"NRO_PARTE",1692463,"2PTL743-71612SOP3-FHD"
26343,"NRO_PARTE",1692464,"2PTL743-71612SSS3-FHD"
26343,"NRO_PARTE",1692465,"3RF69LT#ABM"
26343,"NRO_PARTE",1692466,"4KZ90LA#ABM"
26343,"NRO_PARTE",1692467,"4DA25LA#ABM"
26343,"NRO_PARTE",1692468,"3YW44LT#ABM}"
26343,"NRO_PARTE",1692469,"3YW29LT#ABM"
26343,"NRO_PARTE",1692470,"3RF25LT#ABM"
26343,"NRO_PARTE",1692471,"3YW32LT#ABM"
26343,"NRO_PARTE",1692472,"8PTL74-78512SS3"
26343,"NRO_PARTE",1692473,"20LAS0XK00"
26343,"NRO_PARTE",1692474,"20LAS0XL00"
26343,"NRO_PARTE",1692475,"8PTL55-5081SS3"
26343,"NRO_PARTE",1692476,"20LXS0CH00"
26343,"NRO_PARTE",1692477,"20LXS0CL00"
26343,"NRO_PARTE",1692478,"20LXS0A300"
26343,"NRO_PARTE",1692479,"20LXS0CJ00"
26343,"NRO_PARTE",1692480,"20LTS0LU00"
26343,"NRO_PARTE",1692481,"20LTS0LX00"
26343,"NRO_PARTE",1692482,"20LXS0A400"
26343,"NRO_PARTE",1692483,"20LTS0B300"
26343,"NRO_PARTE",1692484,"20LTS0LV00"
26343,"NRO_PARTE",1692485,"20LTS0LY00"
26343,"NRO_PARTE",1692486,"20LTS0B200"
26343,"NRO_PARTE",1692487,"20LTS0B100"
26343,"NRO_PARTE",1692488,"20LXS1H700"
26343,"NRO_PARTE",1692489,"3RF26LT#ABM"
26343,"NRO_PARTE",1692490,"3RF30LT#ABM"
26343,"NRO_PARTE",1692491,"4FG73LA#ABM"
26343,"NRO_PARTE",1692492,"3MV11LA#ABM"
26343,"NRO_PARTE",1692493,"3YW55LT#ABM"
26343,"NRO_PARTE",1692494,"8PTL35-7162OP5"
26343,"NRO_PARTE",1692495,"8PTL35-7162OH5"
26343,"NRO_PARTE",1692496,"8PTL35-7162OH4"
26343,"NRO_PARTE",1692497,"8PTL35-7162OP3"
26343,"NRO_PARTE",1692498,"S26391-K476-E558-8781WP"
26343,"NRO_PARTE",1692499,"8PTL35-7162OH3"
26343,"NRO_PARTE",2629870,"WE14I3T107P-5"
26343,"NRO_PARTE",2630210,"4PTL355-3812SOP3-AN"
26343,"NRO_PARTE",3865255,"BP2A5LS#ABM"
26343,"NRO_PARTE",3865263,"BP2A5LS#ABM-OH4"
26343,"NRO_PARTE",3865279,"BP2C0LS#ABM"
26343,"NRO_PARTE",1837300,"E14G5R51108101P#A"
26343,"NRO_PARTE",4116797,"MDL2509T9I8H7"
26343,"NRO_PARTE",4116886,"MDL2509T9G6D3"
26343,"NRO_PARTE",4116900,"MDL2509ZO4E4M"
26343,"NRO_PARTE",2031702,"21H4S54500-OH"
26343,"NRO_PARTE",1749141,"3PTL352-7161SSS3-D-F"
26343,"NRO_PARTE",2143166,"21C2SAMU00"
26343,"NRO_PARTE",2143168,"21C2SAMU00-OP"
26343,"NRO_PARTE",1758902,"3PTLV35-51612SSS3-AME"
26343,"NRO_PARTE",1758915,"3PTLV35-51612SOP3-AME"
26343,"NRO_PARTE",1758918,"3PTLV34-5812SSS3-AME"
26343,"NRO_PARTE",1758921,"3PTLV34-5812SOH3-AME"
26343,"NRO_PARTE",1758926,"3PTLV35-5812SSS3-AME"
26343,"NRO_PARTE",4100211,"V15G4I7H11611-OH"
26343,"NRO_PARTE",3136934,"T16G7U5188201"
26343,"NRO_PARTE",1804147,"V14G3I5008001#PH"
26343,"NRO_PARTE",1803622,"V15G3R5008101HH"
26343,"NRO_PARTE",2489969,"9R7Q5LS#ABM-OP"
26343,"NRO_PARTE",2489984,"9R7Q4LS#ABM-OP"
26343,"NRO_PARTE",3730847,"V15G5C533162100H-OH"
26343,"NRO_PARTE",3730935,"V15G5C73481100H-OH"
26343,"NRO_PARTE",1998256,"V15G4R3008101HP"
26343,"NRO_PARTE",1998410,"21JSS0QL00"
26343,"NRO_PARTE",1779328,"V14G4R3908101AC"
26343,"NRO_PARTE",1998185,"V14G4R5108101HH"
26343,"NRO_PARTE",1998198,"V14G4R5116101H"
26343,"NRO_PARTE",1998213,"V14G4R5116101HP"
26343,"NRO_PARTE",1998236,"V15G4R3008001HH"
26343,"NRO_PARTE",1998251,"V15G4R3008101#HP"
26343,"NRO_PARTE",1987236,"21JSS0Q900-OP"
26343,"NRO_PARTE",4231721,"E16G3R7321000"
26343,"NRO_PARTE",4231739,"E16G3R7321000-OH"
26343,"NRO_PARTE",4231772,"PNL11U-1KR024-"
26343,"NRO_PARTE",4231786,"PNL11U-2DV024-OH-"
26343,"NRO_PARTE",1720303,"PSY19U-0JN035-OH"
26343,"NRO_PARTE",1720304,"PSY19U-0JN035-OP"
26343,"NRO_PARTE",1692500,"15Z970-P"
26343,"NRO_PARTE",1692501,"Y4A39AA#ABM"
26343,"NRO_PARTE",1692502,"Y4B32LA#ABM"
26343,"NRO_PARTE",1692503,"Y4B33LT#ABM"
26343,"NRO_PARTE",1692504,"Y4B34LT#ABM"
26343,"NRO_PARTE",1692505,"Y4B35LT#ABM"
26343,"NRO_PARTE",1692506,"Y4B36LT#ABM"
26343,"NRO_PARTE",1692507,"Y4B37LT#ABM"
26343,"NRO_PARTE",1692508,"Y4B38LA#ABM"
26343,"NRO_PARTE",1692509,"Y4B39LT#ABM"
26343,"NRO_PARTE",1692510,"Y4B40LT#ABM"
26343,"NRO_PARTE",1692511,"Y4B41LA#ABM"
26343,"NRO_PARTE",1692512,"Y4B42LA#ABM"
26343,"NRO_PARTE",1692513,"Y4B57LT#ABM"
26343,"NRO_PARTE",1692514,"3MV26LA#ABM"
26343,"NRO_PARTE",1692515,"1LQ03LA#ABM"
26343,"NRO_PARTE",1692516,"1LQ05LA#ABM"
26343,"NRO_PARTE",1692517,"1NL88LT#ABM"
26343,"NRO_PARTE",1692518,"1BS74LT#ABM"
26343,"NRO_PARTE",1692519,"5RR25LA#ABM"
26343,"NRO_PARTE",1692520,"S26391-K476-E558-8781WPFP"
26343,"NRO_PARTE",1692521,"S26391-K476-E558-8781WPFPHB"
26343,"NRO_PARTE",1692522,"5RQ99LA#ABM"
26343,"NRO_PARTE",1692523,"5RY72LA#ABM"
26343,"NRO_PARTE",1692524,"8PTL77-7161OP3"
26343,"NRO_PARTE",1692525,"2WW69LA#ABM"
26343,"NRO_PARTE",1692526,"3MV39LA#ABM"
26343,"NRO_PARTE",1692527,"81AX00RYLMOH"
26343,"NRO_PARTE",1692528,"8PTL77-7161OH3"
26343,"NRO_PARTE",1692529,"3MU96LA#ABM"
26343,"NRO_PARTE",1692530,"3MU91LA#ABM"
26343,"NRO_PARTE",1692531,"1ZR98LA#ABM"
26343,"NRO_PARTE",1692532,"4LA36LT#ABM"
26343,"NRO_PARTE",1692533,"20KUS08300"
26343,"NRO_PARTE",1692534,"GP62-8RDC7875032240150N04"
26343,"NRO_PARTE",1692535,"20KUS07Q00"
26343,"NRO_PARTE",1692536,"3333"
26343,"NRO_PARTE",1692537,"20W1SCCM00"
26343,"NRO_PARTE",1692538,"562V1LS#ABM"
26343,"NRO_PARTE",1692539,"562V1LS#ABM-OH"
26343,"NRO_PARTE",1692540,"562V1LS#ABM-OP"
26343,"NRO_PARTE",1692541,"53011YVG-MOP"
26343,"NRO_PARTE",1692542,"6Z4J9LA#ABM"
26343,"NRO_PARTE",1692543,"53012YGJO-12"
26343,"NRO_PARTE",1692544,"53012YGJO-12-MOP"
26343,"NRO_PARTE",1692545,"53012YGJO-12-MOB"
26343,"NRO_PARTE",1692546,"21EES0D600"
26343,"NRO_PARTE",1692547,"90NX0421-M04U40-OH"
26343,"NRO_PARTE",1692548,"20X4S69100"
26343,"NRO_PARTE",1692549,"20U1S1A700"
26343,"NRO_PARTE",1692550,"20RBS40400"
26343,"NRO_PARTE",1692551,"0PTL341-5800SS3-C"
26343,"NRO_PARTE",1692552,"0PTL341-5800SS3-C-H"
26343,"NRO_PARTE",1692553,"174H1LT#ABM"
26343,"NRO_PARTE",1692554,"20T1S0TQ00"
26343,"NRO_PARTE",1692555,"0PTL341-581OH3-H"
26343,"NRO_PARTE",1692556,"0PTL341-5800OH3-H"
26343,"NRO_PARTE",1692557,"ID: 32753859"
26343,"NRO_PARTE",1692558,"32782598"
26343,"NRO_PARTE",1692559,"ID: 32782598#"
26343,"NRO_PARTE",1692560,"ID 32783028#"
26343,"NRO_PARTE",1692561,"20T1S0TN00"
26343,"NRO_PARTE",2629687,"A51PYLA#ABM-OP"
26343,"NRO_PARTE",2629726,"4PTL355-5161SSS3-A"
26343,"NRO_PARTE",3865277,"BP2A7LS#ABM-OH4"
26343,"NRO_PARTE",4116713,"MDL2509M2J9G6"
26343,"NRO_PARTE",4116945,"MDL2509XJ9H7I"
26343,"NRO_PARTE",4116967,"MDL2509WZC2K0"
26343,"NRO_PARTE",4116998,"MDL2509I8WZWY"
26343,"NRO_PARTE",1880046,"7Y9Y1LT#ABM-OH"
26343,"NRO_PARTE",1880061,"7Y9Y1LT#ABM-OP"
26343,"NRO_PARTE",1880172,"82YU00X6LM-OH"
26343,"NRO_PARTE",2031720,"21H4S54400-OP"
26343,"NRO_PARTE",3721050,"E16G6U5168001"
26343,"NRO_PARTE",3721128,"E16G6U5168001-OH"
26343,"NRO_PARTE",2143100,"21C2SAN100-OH"
26343,"NRO_PARTE",2143167,"21C2SAMU00-OH"
26343,"NRO_PARTE",2143261,"V14G4I71216101A"
26343,"NRO_PARTE",2143275,"21C2SAMY00"
26343,"NRO_PARTE",2143279,"21C2SAMY00-OP"
26343,"NRO_PARTE",2143293,"V14G4I71216101HA"
26343,"NRO_PARTE",1758822,"3PTLV352-R5161SOH3-AME"
26343,"NRO_PARTE",1806344,"E14G5I51108201H"
26343,"NRO_PARTE",1806345,"E14G5I51108201HH"
26343,"NRO_PARTE",4100219,"V15G4I7H21611"
26343,"NRO_PARTE",3136977,"B03E5LA#ABM-OH4"
26343,"NRO_PARTE",3136990,"B03E6LA#ABM-OH4"
26343,"NRO_PARTE",1773206,"3PTL342-3456OH1-HD"
26343,"NRO_PARTE",1731393,"20XLS3M800-OP"
26343,"NRO_PARTE",1731406,"20W1SCPY00."
26343,"NRO_PARTE",1731427,"20X2SAHQ00."
26343,"NRO_PARTE",1731435,"82KB00G4LM.OH"
26343,"NRO_PARTE",1731456,"WT14I5E107"
26343,"NRO_PARTE",1803651,"V15G3R5016101#HH"
26343,"NRO_PARTE",1803673,"21EES1YB00-OB"
26343,"NRO_PARTE",1803701,"V14G4R3908011A"
26343,"NRO_PARTE",2489655,"21CUS0WH00"
26343,"NRO_PARTE",3731074,"V15G5C734161100H"
26343,"NRO_PARTE",3731104,"A2VA7LS#ABM-AS"
26343,"NRO_PARTE",1998164,"V14G4R3016101HP"
26343,"NRO_PARTE",1998179,"V14G4R5108101#HP"
26343,"NRO_PARTE",1998205,"V14G4R5116101HH"
26343,"NRO_PARTE",1998247,"V15G4R3008001#HP"
26343,"NRO_PARTE",1998301,"V15G4R5108101HH"
26343,"NRO_PARTE",1998303,"V15G4R5108101H"
26343,"NRO_PARTE",4231835,"PNM11U-1J902L-OH-"
26343,"NRO_PARTE",4231860,"MDL2605XR7K0B"
26343,"NRO_PARTE",1692562,"20T1S0TP00"
26343,"NRO_PARTE",1692563,"0PTL341-3825SS3-H"
26343,"NRO_PARTE",1692564,"0PTL341-3825OH3-H"
26343,"NRO_PARTE",1692565,"1T2P4LA#ABM"
26343,"NRO_PARTE",1692566,"0PTL341-381OH3-H"
26343,"NRO_PARTE",1692567,"81NB00FJLM-05"
26343,"NRO_PARTE",1692568,"0PTL341-381SS3-C"
26343,"NRO_PARTE",1692569,"0PTL341-381SS3-C-H"
26343,"NRO_PARTE",1692570,"81NB00FJLM-01"
26343,"NRO_PARTE",1692571,"1E3G0LA#ABM-OH"
26343,"NRO_PARTE",1692572,"6LM84LT#ABM-OH"
26343,"NRO_PARTE",1692573,"1Q8H6LS#ABM"
26343,"NRO_PARTE",1692574,"81H300M7LM"
26343,"NRO_PARTE",1692575,"2Z748LT#ABM"
26343,"NRO_PARTE",1692576,"1S1P9LA#ABM-OH"
26343,"NRO_PARTE",1692577,"1Q6K6LS#ABM-OHA"
26343,"NRO_PARTE",1692578,"81UV00A9LM-09"
26343,"NRO_PARTE",1692579,"81UV00A9LM"
26343,"NRO_PARTE",1692580,"20U2S16C00"
26343,"NRO_PARTE",1692581,"20S1S1JJ00"
26343,"NRO_PARTE",1692582,"0PTL341-3825OH3"
26343,"NRO_PARTE",1692583,"1T2P8LA#ABM"
26343,"NRO_PARTE",1692584,"1T2P7LA#ABM"
26343,"NRO_PARTE",1692585,"81NB00FNLM-08"
26343,"NRO_PARTE",1692586,"20RDS0AU00"
26343,"NRO_PARTE",1692587,"20T7S00B00"
26343,"NRO_PARTE",1692588,"20T7S00300"
26343,"NRO_PARTE",1692589,"20T7S00000"
26343,"NRO_PARTE",1692590,"2X USB 3.1 GEN1, 1X USB-C 3.1 GEN1, 1X USB-C GEN2, USD CARD. AUDIO JACK (AUDIO/MICROFONO); RJ45 , HDMI 1.4"
26343,"NRO_PARTE",1692591,"20U6S01J00A"
26343,"NRO_PARTE",1692592,"20T7S00100"
26343,"NRO_PARTE",1692593,"20U6S01Q00A"
26343,"NRO_PARTE",1692594,"20RBS1J700"
26343,"NRO_PARTE",1692595,"20U6S02400A"
26343,"NRO_PARTE",1692596,"20U6S02600A"
26343,"NRO_PARTE",1692597,"20RDS0AT00"
26343,"NRO_PARTE",1692598,"8ZN65LT#ABM-OH"
26343,"NRO_PARTE",1692599,"ID: 32753743"
26343,"NRO_PARTE",1692600,"7EY19LT#ABM"
26343,"NRO_PARTE",1692601,"7YZ15LT#ABM"
26343,"NRO_PARTE",1692602,"1M9U2LT#ABM-OH"
26343,"NRO_PARTE",1692603,"221D1LS#ABM"
26343,"NRO_PARTE",1692604,"20U6S00000A"
26343,"NRO_PARTE",1692605,"20RBS2SG00"
26343,"NRO_PARTE",1692606,"20U6S01L00A"
26343,"NRO_PARTE",1692607,"20U6S01P00A"
26343,"NRO_PARTE",1692608,"20RDS0JQ00"
26343,"NRO_PARTE",1692609,"20RDS0JR00"
26343,"NRO_PARTE",1692610,"20RXS1CJ00"
26343,"NRO_PARTE",1692611,"18W96LS#ABM-M"
26343,"NRO_PARTE",1692612,"18W98LS#ABM-M"
26343,"NRO_PARTE",1692613,"1F0A4LS#ABM"
26343,"NRO_PARTE",1692614,"1F0A0LS#ABM"
26343,"NRO_PARTE",1692615,"1F0A2LS#ABM"
26343,"NRO_PARTE",1692616,"17G32LT#ABM-OH"
26343,"NRO_PARTE",1692617,"8ZD82LT#ABM"
26343,"NRO_PARTE",1692618,"17G32LT#ABM-G3"
26343,"NRO_PARTE",1692619,"21C8S08A00"
26343,"NRO_PARTE",1692620,"NHL7GT86T2VAZS"
26343,"NRO_PARTE",1692621,"21E7S07600"
26343,"NRO_PARTE",1692622,"21E7S07800"
26343,"NRO_PARTE",1692623,"20KUS07T00"
26343,"NRO_PARTE",4005644,"L14G6U5161100"
26343,"NRO_PARTE",1879864,"8B5W7LT#ABM-OP"
26343,"NRO_PARTE",2500599,"21JQS1HV00."
26343,"NRO_PARTE",4051846,"L14G6U721162100C-OH"
26343,"NRO_PARTE",4001023,"BJ2N0LS#ABM-OH4"
26343,"NRO_PARTE",1837308,"E14G5R51108201HH"
26343,"NRO_PARTE",1837324,"E14G5R51108201PA"
26343,"NRO_PARTE",1837343,"E14G5R51116101H"
26343,"NRO_PARTE",1837350,"E14G5R51116101HH"
26343,"NRO_PARTE",1837361,"E14G5R51116101P#A"
26343,"NRO_PARTE",1837389,"E14G5R51116201P#A"
26343,"NRO_PARTE",2465850,"V15G4R316101"
26343,"NRO_PARTE",2031540,"21H4S54700-OP"
26343,"NRO_PARTE",2032420,"21H2S4HS00-OH"
26343,"NRO_PARTE",1839035,"21JLS09Y00"
26343,"NRO_PARTE",1839037,"21JLS09V00"
26343,"NRO_PARTE",1839041,"21JLS09U00"
26343,"NRO_PARTE",1839080,"CP5IN_0001"
26343,"NRO_PARTE",1839110,"CP5IN_0003"
26343,"NRO_PARTE",2779575,"4PTL355-7U1612SOH3"
26343,"NRO_PARTE",2779601,"4PTL355-7U1612SOP3"
26343,"NRO_PARTE",2779651,"4PTL355-7U161SOP3"
26343,"NRO_PARTE",3955309,"90NX0801-M04T00"
26343,"NRO_PARTE",2528643,"4PTL544-71641SOH3-VP"
26343,"NRO_PARTE",2528652,"4PTL544-71641SOP3-VP"
26343,"NRO_PARTE",2024535,"NS5L5GMIHV9X05"
26343,"NRO_PARTE",2024536,"NS5L5GMIHV9X06"
26343,"NRO_PARTE",2024541,"NS5L5GMIPV9X07"
26343,"NRO_PARTE",2024558,"NS5L58TIHV9X09"
26343,"NRO_PARTE",2024599,"NS5L58MIHV9X13"
26343,"NRO_PARTE",2024615,"NS5L58MIPV9X15"
26343,"NRO_PARTE",4054952,"E14G7C5H81100"
26343,"NRO_PARTE",1803753,"V14G4R3908011PA"
26343,"NRO_PARTE",1692624,"20KUS07V00"
26343,"NRO_PARTE",1692625,"20KUS07X00"
26343,"NRO_PARTE",1692626,"20KUS08200"
26343,"NRO_PARTE",1692627,"8PTV54-70811SS4-V"
26343,"NRO_PARTE",1692628,"8PTL39-7081SS5-V"
26343,"NRO_PARTE",1692629,"8PTL39-5081OP4"
26343,"NRO_PARTE",1692630,"8PTL39-5081SS4"
26343,"NRO_PARTE",1692631,"8PTL39-7081OP5-V"
26343,"NRO_PARTE",1692632,"8PTV54-5041SS3"
26343,"NRO_PARTE",1692633,"8PTV54-50825SS3"
26343,"NRO_PARTE",1692634,"8PTV54-50825SS5"
26343,"NRO_PARTE",1692635,"8PTV54-70811OP4-V"
26343,"NRO_PARTE",1692636,"8PTV54-70811SS5-V"
26343,"NRO_PARTE",1692637,"8PTL39-7081OH4-V"
26343,"NRO_PARTE",1692638,"3MV40LA#ABM"
26343,"NRO_PARTE",1692639,"2SE89LA#ABM"
26343,"NRO_PARTE",1692640,"3MV45LA#ABM"
26343,"NRO_PARTE",1692641,"4DY24LA#ABM"
26343,"NRO_PARTE",1692642,"2SE91LA#ABM"
26343,"NRO_PARTE",1692643,"4AK75LA#ABM"
26343,"NRO_PARTE",1692644,"1BZ09LA#ABM"
26343,"NRO_PARTE",1692645,"1LQ26LA#ABM"
26343,"NRO_PARTE",1692646,"4LA03LA#ABM"
26343,"NRO_PARTE",1692647,"1AB13LA#ABM"
26343,"NRO_PARTE",1692648,"8PTL55-7161SS4"
26343,"NRO_PARTE",1692649,"8PTL74-7165SOH5"
26343,"NRO_PARTE",1692650,"8PTL74-7165SOH3"
26343,"NRO_PARTE",1692651,"8PTL55-7161OP3"
26343,"NRO_PARTE",1692652,"8PTV34-3081OH3"
26343,"NRO_PARTE",1692653,"8PTL74-7165SSS3"
26343,"NRO_PARTE",1692654,"8PTL74-7165SSS4"
26343,"NRO_PARTE",1692655,"8PTL74-7165SOP4"
26343,"NRO_PARTE",1692656,"8PTL74-7165SOH4"
26343,"NRO_PARTE",1692657,"8PTL54-7161OH4"
26343,"NRO_PARTE",1692658,"8PTL54-7161OH5"
26343,"NRO_PARTE",1692659,"8PTL54-7161OP5"
26343,"NRO_PARTE",1692660,"20L6S0MM00"
26343,"NRO_PARTE",1692661,"20L6S3UK00"
26343,"NRO_PARTE",1692662,"20L6S0MJ00"
26343,"NRO_PARTE",1692663,"20L6S3BY00"
26343,"NRO_PARTE",1692664,"20HES7HD00"
26343,"NRO_PARTE",1692665,"8PTL35-7162OP4"
26343,"NRO_PARTE",1692666,"S26391-K476-E558-8781OPWP"
26343,"NRO_PARTE",1692667,"20LAS0A100"
26343,"NRO_PARTE",1692668,"20LAS1QU00"
26343,"NRO_PARTE",1692669,"8PTL72-7082SOP4"
26343,"NRO_PARTE",1692670,"S26391-K476-E558-7541WP"
26343,"NRO_PARTE",1692671,"8PTL72-7082SOH5"
26343,"NRO_PARTE",1692672,"8PTL72-7082SOP5"
26343,"NRO_PARTE",1692673,"8PTL72-7082SSS5"
26343,"NRO_PARTE",1692674,"81B000KULM"
26343,"NRO_PARTE",1692675,"S26391-K476-E558-8581WP"
26343,"NRO_PARTE",1692676,"S26391-K476-E558-7581WP"
26343,"NRO_PARTE",1692677,"81B000KTLM"
26343,"NRO_PARTE",1692678,"8PTL72-7082SOH4"
26343,"NRO_PARTE",1692679,"8PTL72-7082SOP3"
26343,"NRO_PARTE",1692680,"8PTL72-7082SSS4"
26343,"NRO_PARTE",1692681,"20L8S59W00"
26343,"NRO_PARTE",1692682,"20L8S59X00"
26343,"NRO_PARTE",1692683,"81B000K7LM"
26343,"NRO_PARTE",1692684,"3RF22LT#ABM"
26343,"NRO_PARTE",1692685,"81AY001HLM"
26343,"NRO_PARTE",3840017,"E16G6U71916201H"
26343,"NRO_PARTE",1879821,"8B5W7LT#ABM"
26343,"NRO_PARTE",1879972,"8G9T1LS#ABM"
26343,"NRO_PARTE",2500609,"21JQS1HV00-OH."
26343,"NRO_PARTE",2500617,"21JQS1HV00-OP."
26343,"NRO_PARTE",1837376,"E14G5R51116201HH"
26343,"NRO_PARTE",1837423,"E16G1R31108001H"
26343,"NRO_PARTE",1837427,"E16G1R31108001HH"
26343,"NRO_PARTE",1837443,"E16G1R31108101H"
26343,"NRO_PARTE",1837454,"E16G1R31108101HH"
26343,"NRO_PARTE",1837470,"E16G1R31108101PA"
26343,"NRO_PARTE",2132317,"21JUS1GD00"
26343,"NRO_PARTE",2132337,"21JUS1GD00-OH"
26343,"NRO_PARTE",2465887,"V14G4R316101"
26343,"NRO_PARTE",2032476,"PSY19U-0EG03Q"
26343,"NRO_PARTE",1839043,"849N3LT#ABM-OP"
26343,"NRO_PARTE",1839145,"84A36LT#ABM"
26343,"NRO_PARTE",1839212,"CPIN_0005"
26343,"NRO_PARTE",2790908,"T14G6I51162012"
26343,"NRO_PARTE",2791022,"A1UQ5LA#ABM"
26343,"NRO_PARTE",2779531,"4PTL355-71612SOP3"
26343,"NRO_PARTE",2779557,"4PTL355-7U1612SSS3"
26343,"NRO_PARTE",3131934,"4PTL355-7U161SOH3-C"
26343,"NRO_PARTE",3132026,"4PTL355-5U812SOH3-C"
26343,"NRO_PARTE",3377113,"V15G5C782100"
26343,"NRO_PARTE",3377115,"V15G5C782100-OH"
26343,"NRO_PARTE",3955317,"B1503CVA-S74331X-OH"
26343,"NRO_PARTE",2528629,"4PTL544-71641SSS3-VP"
26343,"NRO_PARTE",2528678,"4PTL544-71641SSS3-VP-TM"
26343,"NRO_PARTE",2528722,"4PTL544-71641SOP3-VP-TM"
26343,"NRO_PARTE",4099119,"T16G7H5116*-OH"
26343,"NRO_PARTE",2024635,"NS5P78TIPV9X17"
26343,"NRO_PARTE",2024657,"NS5P78TIPV9X18"
26343,"NRO_PARTE",2024683,"NS5H5WTIPV9X21"
26343,"NRO_PARTE",1839883,"WE15I7T114"
26343,"NRO_PARTE",1692686,"20KTS0BH00"
26343,"NRO_PARTE",1692687,"20KTS0BJ00"
26343,"NRO_PARTE",1692688,"81AY001JLM"
26343,"NRO_PARTE",1692689,"81AX00S8LM"
26343,"NRO_PARTE",1692690,"8PTL72-7082SOH3"
26343,"NRO_PARTE",1692691,"3YW42LT#ABM"
26343,"NRO_PARTE",1692692,"3RF60LT#ABM"
26343,"NRO_PARTE",1692693,"3RF66LT#ABM"
26343,"NRO_PARTE",1692694,"20KTS0BL00"
26343,"NRO_PARTE",1692695,"33"
26343,"NRO_PARTE",1692696,"7777"
26343,"NRO_PARTE",1692697,"9999"
26343,"NRO_PARTE",1692698,"8ZD86LA#ABM-OH"
26343,"NRO_PARTE",1692699,"1F4N6LT#ABM-OP"
26343,"NRO_PARTE",1692700,"2B264LA#ABM-OP"
26343,"NRO_PARTE",1692701,"3J043LT#ABM-OP"
26343,"NRO_PARTE",1692702,"8ZN68LT#ABM-OP"
26343,"NRO_PARTE",1692703,"0PTL351-341SS3-HD-U"
26343,"NRO_PARTE",1692704,"0PTL351-3825SS3-FHD"
26343,"NRO_PARTE",1692705,"0PTL351-3825OH3-HD"
26343,"NRO_PARTE",1692706,"0PTL351-5825SS1-FHD"
26343,"NRO_PARTE",1692707,"0PTL351-5825OH3-FHD"
26343,"NRO_PARTE",1692708,"0PTL351-5812OH1-FHD"
26343,"NRO_PARTE",1692709,"0PTL351-781SS3-FHD"
26343,"NRO_PARTE",1692710,"0PTL351-781OP3-FHD"
26343,"NRO_PARTE",1692711,"0PTL351-781OH3-FHD"
26343,"NRO_PARTE",1692712,"3T724LS#ABM-OH"
26343,"NRO_PARTE",1692713,"3Y040LS#ABM"
26343,"NRO_PARTE",1692714,"53011YWT"
26343,"NRO_PARTE",1692715,"53012YGJO-MOB"
26343,"NRO_PARTE",1692716,"90NX0421-M10570-OH"
26343,"NRO_PARTE",1692717,"90NX0421-M28090-OH"
26343,"NRO_PARTE",1692718,"90NX0441-M08820-OH"
26343,"NRO_PARTE",1692719,"90NX0441-M00DB0-OH"
26343,"NRO_PARTE",1692720,"LPNKI516512_WPOFP"
26343,"NRO_PARTE",1692721,"LPNKI58512_WPOFP"
26343,"NRO_PARTE",1692722,"20X4S6QJ00"
26343,"NRO_PARTE",1692723,"20X8S0UY00"
26343,"NRO_PARTE",1692724,"20X4S6QK00"
26343,"NRO_PARTE",1692725,"20T7S2TJ00"
26343,"NRO_PARTE",1692726,"30Z03LS#ABM-OH"
26343,"NRO_PARTE",1692727,"0PTL541-51612OH3-FHD"
26343,"NRO_PARTE",1692728,"0PTL551-71625OH3-FHD"
26343,"NRO_PARTE",1692729,"0PTL541-7161OH3-FHD-4V"
26343,"NRO_PARTE",1692730,"0PTL541-71612SS3-FHD-4V"
26343,"NRO_PARTE",1692731,"0PTL541-71612OH3-FHD-4V"
26343,"NRO_PARTE",1692732,"0PTL541-71612OP3-FHD-4V"
26343,"NRO_PARTE",1692733,"0PTL551-7161SS3-FHD-4V"
26343,"NRO_PARTE",1692734,"20RBS41800"
26343,"NRO_PARTE",1692735,"20U2S34Q00"
26343,"NRO_PARTE",1692736,"0PTV35-341SS3"
26343,"NRO_PARTE",1692737,"0PTV35-541OH3-W"
26343,"NRO_PARTE",1692738,"0PTL351-71621SSS3-V"
26343,"NRO_PARTE",1692739,"1E9Z9LS#ABM"
26343,"NRO_PARTE",1692740,"20U4S1EK00"
26343,"NRO_PARTE",1692741,"20RS005YLM"
26343,"NRO_PARTE",1692742,"81UV009VLMH"
26343,"NRO_PARTE",1692743,"20RS005WLM"
26343,"NRO_PARTE",1692744,"20U4S1EN00"
26343,"NRO_PARTE",1692745,"20U4S1ER00"
26343,"NRO_PARTE",1692746,"20RR00BGLM"
26343,"NRO_PARTE",1879857,"8B5W7LT#ABM-OH"
26343,"NRO_PARTE",4001086,"BV6V5LS#ABM"
26343,"NRO_PARTE",1837369,"E14G5R51116201H"
26343,"NRO_PARTE",1837478,"E16G1R51108101HH"
26343,"NRO_PARTE",2132366,"21JUS1GD00-OP"
26343,"NRO_PARTE",2465857,"V15G4R316101-OH"
26343,"NRO_PARTE",3745956,"E16G6U5188001H"
26343,"NRO_PARTE",1839013,"849N3LT#ABM-OH"
26343,"NRO_PARTE",1839036,"21JLS09W00"
26343,"NRO_PARTE",1839275,"801F3LT#ABM"
26343,"NRO_PARTE",1839312,"7Y9X9LT#ABM"
26343,"NRO_PARTE",2790925,"T14G6I5116201-OH2"
26343,"NRO_PARTE",2791028,"T14G6I728101-OH2"
26343,"NRO_PARTE",2791053,"T14G6I7282012"
26343,"NRO_PARTE",2779701,"4PTL355-5U812SOP3"
26343,"NRO_PARTE",3131982,"4PTL355-7U641SOH3-B"
26343,"NRO_PARTE",2528739,"4PTL544-71651SSS3-VP"
26343,"NRO_PARTE",2528815,"4PTL544-71651SSS3-VP-TM"
26343,"NRO_PARTE",2024550,"NS5L58TIHV9X08"
26343,"NRO_PARTE",2024607,"NS5L58MIHV9X14"
26343,"NRO_PARTE",2024673,"NS5L5WTIHV9X19"
26343,"NRO_PARTE",2024697,"NS5L5WMIHV9X22"
26343,"NRO_PARTE",3132788,"82TT00EALMSO-OH"
26343,"NRO_PARTE",3132814,"82YU00X5LMSO-OH"
26343,"NRO_PARTE",2797639,"V14G4R51081002"
26343,"NRO_PARTE",2797869,"E16G1I31108101-OP2"
26343,"NRO_PARTE",1692747,"0PTL35-3825OH3"
26343,"NRO_PARTE",1692748,"20NES0U000"
26343,"NRO_PARTE",1692749,"20RV00RLLM"
26343,"NRO_PARTE",1692750,"20NES17400"
26343,"NRO_PARTE",1692751,"81H300M6LM"
26343,"NRO_PARTE",1692752,"0PTL341-5825OP3"
26343,"NRO_PARTE",1692753,"NOBELK-WAQ9BR"
26343,"NRO_PARTE",1692754,"20RS005ULM"
26343,"NRO_PARTE",1692755,"20RV00RPLM"
26343,"NRO_PARTE",1692756,"20RS005VLM"
26343,"NRO_PARTE",1692757,"20RW00DWLM"
26343,"NRO_PARTE",1692758,"20RW00DVLM"
26343,"NRO_PARTE",1692759,"BOHRK-WAQ9AR"
26343,"NRO_PARTE",1692760,"20RV00RNLM"
26343,"NRO_PARTE",1692761,"20RV00RRLM"
26343,"NRO_PARTE",1692762,"6QY19LT#ABM"
26343,"NRO_PARTE",1692763,"20RS005XLM"
26343,"NRO_PARTE",1692764,"20RS0060LM"
26343,"NRO_PARTE",1692765,"8ZN63LT#ABM-OH"
26343,"NRO_PARTE",1692766,"1U3T1LA#ABM-A"
26343,"NRO_PARTE",1692767,"1U3T0LA#ABM"
26343,"NRO_PARTE",1692768,"82C400EELM"
26343,"NRO_PARTE",1692769,"2Z788LT#ABM"
26343,"NRO_PARTE",1692770,"18W99LS#ABM"
26343,"NRO_PARTE",1692771,"20RV00AKLMH"
26343,"NRO_PARTE",1692772,"9CE18LT#ABM-OH"
26343,"NRO_PARTE",1692773,"20RW0024LMH"
26343,"NRO_PARTE",1692774,"9CD72LT#ABM"
26343,"NRO_PARTE",1692775,"6QY19LT#ABM-OH"
26343,"NRO_PARTE",1692776,"1F0A2LS#ABM-M"
26343,"NRO_PARTE",1692777,"20RW0024LM"
26343,"NRO_PARTE",1692778,"17G32LT#ABM-POE"
26343,"NRO_PARTE",1692779,"2Z358LT#ABM"
26343,"NRO_PARTE",1692780,"20RW0024LMP"
26343,"NRO_PARTE",1692781,"6QY11LT#ABM-OH3"
26343,"NRO_PARTE",1692782,"20RW008MLMP"
26343,"NRO_PARTE",1692783,"82C400EFLM"
26343,"NRO_PARTE",1692784,"1E7D9LS#ABM"
26343,"NRO_PARTE",1692785,"1E7E0LS#ABM"
26343,"NRO_PARTE",1692786,"1F0A6LS#ABM"
26343,"NRO_PARTE",1692787,"1E9Z8LS#ABM"
26343,"NRO_PARTE",1692788,"20RV00RMLM"
26343,"NRO_PARTE",1692789,"20RS001QLMH"
26343,"NRO_PARTE",1692790,"ID: 32783022#"
26343,"NRO_PARTE",1692791,"ID 32783043#"
26343,"NRO_PARTE",1692792,"2Z357LT#ABM"
26343,"NRO_PARTE",1692793,"2X035LT#ABM"
26343,"NRO_PARTE",1692794,"8ZD84LT#ABM"
26343,"NRO_PARTE",1692795,"2Y348LT#ABM"
26343,"NRO_PARTE",1692796,"6KZ55LT#ABM-OH"
26343,"NRO_PARTE",1692797,"1E7E3LS#ABM"
26343,"NRO_PARTE",1692798,"1E7F0LS#ABM"
26343,"NRO_PARTE",1692799,"18W96LS#ABM"
26343,"NRO_PARTE",1692800,"2X033LT#ABM"
26343,"NRO_PARTE",1692801,"220Z5LS#ABM"
26343,"NRO_PARTE",1692802,"16W63LA#ABM-OH"
26343,"NRO_PARTE",1692803,"18W99LS#ABM-M"
26343,"NRO_PARTE",1692804,"1S1S0LA#ABM"
26343,"NRO_PARTE",1692805,"7EY49LT#ABM-OH"
26343,"NRO_PARTE",1692806,"1S1R9LA#ABM"
26343,"NRO_PARTE",1692807,"1Q3T8LS#ABM-OH"
26343,"NRO_PARTE",1692808,"7UB46LT#ABM"
26343,"NRO_PARTE",1692809,"1U3T1LA#ABM"
26343,"NRO_PARTE",1880134,"82TV007GLM-OH"
26343,"NRO_PARTE",1880165,"82TT00CWLM-OH"
26343,"NRO_PARTE",4051809,"L14G6U721162100C"
26343,"NRO_PARTE",4001167,"BV6V5LS#ABM-OH4"
26343,"NRO_PARTE",1837382,"E14G5R51116201PA"
26343,"NRO_PARTE",1837430,"E16G1R31108001PA"
26343,"NRO_PARTE",1837529,"E16G1I51108101PA"
26343,"NRO_PARTE",1837549,"V14G4R3908101#P#N"
26343,"NRO_PARTE",2132378,"21JUS1H600"
26343,"NRO_PARTE",2132396,"21JUS1GE00"
26343,"NRO_PARTE",2132428,"21JUS1GE00-OH"
26343,"NRO_PARTE",2132446,"21JUS1GE00-OP"
26343,"NRO_PARTE",2132451,"21JUS1H400"
26343,"NRO_PARTE",2132474,"21JUS1GC00-OH"
26343,"NRO_PARTE",2132491,"21JUS1GF00-OH"
26343,"NRO_PARTE",2031357,"21H4S54900-OP"
26343,"NRO_PARTE",2031440,"21H4S54800-OH"
26343,"NRO_PARTE",2031441,"21H4S54800"
26343,"NRO_PARTE",1839213,"CPIN_0004"
26343,"NRO_PARTE",1839355,"PMM20U-1Q206V"
26343,"NRO_PARTE",2791011,"T14G6I7281012"
26343,"NRO_PARTE",3956112,"PSY29U-4U7001-DY-OH"
26343,"NRO_PARTE",2779672,"4PTL355-5U812SSS3"
26343,"NRO_PARTE",2779697,"4PTL355-5U812SOH3"
26343,"NRO_PARTE",2779710,"T16G7U5168101"
26343,"NRO_PARTE",2528710,"4PTL544-71641SOH3-VP-TM"
26343,"NRO_PARTE",2528830,"4PTL544-71651SOH3-VP-TM"
26343,"NRO_PARTE",2024569,"NS5L58TIPV9X10"
26343,"NRO_PARTE",2024583,"NS5L58MIPV9X12"
26343,"NRO_PARTE",2024631,"NS5L7GMIPV9X16"
26343,"NRO_PARTE",2024742,"NS5L5WMIPV9X25"
26343,"NRO_PARTE",2024745,"NS5L7WMIPV9X27"
26343,"NRO_PARTE",2797658,"V14G4R51081002-OH"
26343,"NRO_PARTE",2797915,"E16G1I51108101-2"
26343,"NRO_PARTE",2797962,"E16G1I51108101-OH2"
26343,"NRO_PARTE",1692810,"1U3S7LA#ABM"
26343,"NRO_PARTE",1692811,"32753743"
26343,"NRO_PARTE",1692812,"NHL7WM86T2VAZR"
26343,"NRO_PARTE",1692813,"3RF31LT#ABM"
26343,"NRO_PARTE",1692814,"4JB56LT#ABM"
26343,"NRO_PARTE",1692815,"4LA02LA#ABM"
26343,"NRO_PARTE",1692816,"3XU40LA#ABM"
26343,"NRO_PARTE",1692817,"3XU39LA#ABM"
26343,"NRO_PARTE",1692818,"20LXS1H800"
26343,"NRO_PARTE",1692819,"20KTS0NF00"
26343,"NRO_PARTE",1692820,"20KTS0NE00"
26343,"NRO_PARTE",1692821,"20KTS0BK00"
26343,"NRO_PARTE",1692822,"8PTL35-7162SS3"
26343,"NRO_PARTE",1692823,"5SH48LA_ABM"
26343,"NRO_PARTE",1692824,"4NC25LT_ABM"
26343,"NRO_PARTE",1692825,"5SH50LA#ABM"
26343,"NRO_PARTE",1692826,"4NC25LT#ABM"
26343,"NRO_PARTE",1692827,"HP 240 G6"
26343,"NRO_PARTE",1692828,"30BXS07N00"
26343,"NRO_PARTE",1692829,"5SH50LA_ABM"
26343,"NRO_PARTE",1692830,"5WE84LA#ABM"
26343,"NRO_PARTE",1692831,"3MU85LA#ABM"
26343,"NRO_PARTE",1692832,"5WE84LA_ABM"
26343,"NRO_PARTE",1692833,"2WW36LA#ABM"
26343,"NRO_PARTE",1692834,"2XU61LA#ABM"
26343,"NRO_PARTE",1692835,"2XU63LA#ABM"
26343,"NRO_PARTE",1692836,"3BF38LA#ABM"
26343,"NRO_PARTE",1692837,"3MU81LA#ABM"
26343,"NRO_PARTE",1692838,"20MVS0NK00"
26343,"NRO_PARTE",1692839,"4XN25LA#ABM"
26343,"NRO_PARTE",1692840,"4RA31LT#ABM"
26343,"NRO_PARTE",1692841,"4XM62LA#ABM"
26343,"NRO_PARTE",1692842,"4LA12LT#ABM"
26343,"NRO_PARTE",1692843,"14Z980-G.AH58B4"
26343,"NRO_PARTE",1692844,"5ND09LA#ABM"
26343,"NRO_PARTE",1692845,"4XM64LA#ABM"
26343,"NRO_PARTE",1692846,"5NC99LA#ABM"
26343,"NRO_PARTE",1692847,"8PTL39-5081OH4"
26343,"NRO_PARTE",1692848,"8PTL39-5081OH5"
26343,"NRO_PARTE",1692849,"8PTL39-5081OP3"
26343,"NRO_PARTE",1692850,"8PTV54-50825OH3"
26343,"NRO_PARTE",1692851,"8PTL39-5081SS3"
26343,"NRO_PARTE",1692852,"8PTL39-7081OH3-V"
26343,"NRO_PARTE",1692853,"8PTL39-7081SS3-V"
26343,"NRO_PARTE",1692854,"8PTL39-7081SS4-V"
26343,"NRO_PARTE",1692855,"8PTL39-5081OP5"
26343,"NRO_PARTE",1692856,"8PTL39-5081SS5"
26343,"NRO_PARTE",1692857,"8PTL39-7081OP3-V"
26343,"NRO_PARTE",1692858,"8PTL39-7081OP4-V"
26343,"NRO_PARTE",1692859,"8PTL39-7081OH5-V"
26343,"NRO_PARTE",1692860,"8PTV54-5041OP4"
26343,"NRO_PARTE",1692861,"8PTV54-70811OH3-V"
26343,"NRO_PARTE",1692862,"8PTV54-70811OP5-V"
26343,"NRO_PARTE",1692863,"8PTV54-70811SS3-V"
26343,"NRO_PARTE",1692864,"8PTV54-70811OH4-V"
26343,"NRO_PARTE",1692865,"8PTV54-70811OH5-V"
26343,"NRO_PARTE",1692866,"8PTV54-70811OP3-V"
26343,"NRO_PARTE",1692867,"NOTEBOOK VOSTRO 5471"
26343,"NRO_PARTE",1692868,"8PTL39-5081OH3"
26343,"NRO_PARTE",1692869,"8PTV54-5041OH4"
26343,"NRO_PARTE",1692870,"8PTV54-5041OH5"
26343,"NRO_PARTE",1692871,"8PTV54-5041OP3"
26343,"NRO_PARTE",1880171,"82YU00X6LM"
26343,"NRO_PARTE",1880195,"82YU00XYLM"
26343,"NRO_PARTE",1837330,"E14G5R51108201P#A"
26343,"NRO_PARTE",1837355,"E14G5R51116101PA"
26343,"NRO_PARTE",1837569,"E16G1R51108201HH"
26343,"NRO_PARTE",1837593,"E16G1R51116101HH"
26343,"NRO_PARTE",1837595,"20W1SFYQ00"
26343,"NRO_PARTE",1837596,"E16G1I51108201PA"
26343,"NRO_PARTE",1837609,"E16G1R51116201H"
26343,"NRO_PARTE",1837620,"E16G1R51116201HH"
26343,"NRO_PARTE",2132478,"21JUS1GC00-OP"
26343,"NRO_PARTE",1839395,"7Y9Y1LT#ABM"
26343,"NRO_PARTE",2790987,"T14G6I5116201-OP2"
26343,"NRO_PARTE",2791061,"T14G6I728201-OH2"
26343,"NRO_PARTE",2791081,"A1UQ5LA#ABM-OP"
26343,"NRO_PARTE",2791092,"T14G6I72161012"
26343,"NRO_PARTE",3956245,"A24Z6LT#ABM-A"
26343,"NRO_PARTE",3955327,"90NX0881-M00LD0"
26343,"NRO_PARTE",3955344,"90NX0881-M01JS0"
26343,"NRO_PARTE",2024679,"NS5H5WTIPV9X20"
26343,"NRO_PARTE",2024710,"NS5L5WMIHV9X23"
26343,"NRO_PARTE",2024744,"NS5L7WTIPV9X26"
26343,"NRO_PARTE",1692872,"8PTV54-50825OP5"
26343,"NRO_PARTE",1692873,"8PTV54-50825SS4"
26343,"NRO_PARTE",1692874,"8PTV54-50825OP3"
26343,"NRO_PARTE",1692875,"8PTV54-50825OP4"
26343,"NRO_PARTE",1692876,"8PTV54-50825OH4"
26343,"NRO_PARTE",1692877,"8PTV54-50825OH5"
26343,"NRO_PARTE",1692878,"8PTV54-5041OP5"
26343,"NRO_PARTE",1692879,"8PTV54-5041SS5"
26343,"NRO_PARTE",1692880,"8PTV54-5041SS4"
26343,"NRO_PARTE",1692881,"8PTV54-5041OH3"
26343,"NRO_PARTE",1692882,"GF62-8RDC7875016240150N04"
26343,"NRO_PARTE",1692883,"1717"
26343,"NRO_PARTE",1692884,"1A2X3LA#ABM-OH"
26343,"NRO_PARTE",1692885,"150S9LS#ABM-OP"
26343,"NRO_PARTE",1692886,"67W23LT#ABM"
26343,"NRO_PARTE",1692887,"6N1S9LS#ABM"
26343,"NRO_PARTE",1692888,"67W23LT#ABM-OPW"
26343,"NRO_PARTE",1692889,"7B9Q2LS#ABM-MD"
26343,"NRO_PARTE",1692890,"6Z4J9LA#ABM-OH"
26343,"NRO_PARTE",1692891,"53012YGJO-MOP"
26343,"NRO_PARTE",1692892,"90NX02N1-M26100-OH"
26343,"NRO_PARTE",1692893,"90NX0421-M10670-OH"
26343,"NRO_PARTE",1692894,"5A919LA#ABM-OH"
26343,"NRO_PARTE",1692895,"35Y54LT#ABM"
26343,"NRO_PARTE",1692896,"20X8S0UH00"
26343,"NRO_PARTE",1692897,"20X4S6QD00"
26343,"NRO_PARTE",1692898,"0PTL551-7161OP3-FHD-4V"
26343,"NRO_PARTE",1692899,"0PTL551-71612OH3-FHD-4V"
26343,"NRO_PARTE",1692900,"20T1S61V00"
26343,"NRO_PARTE",1692901,"0PTL551-71625SS3-FHD"
26343,"NRO_PARTE",1692902,"0PTL551-71612OP3-FHD"
26343,"NRO_PARTE",1692903,"20U4S3VA00"
26343,"NRO_PARTE",1692904,"0PTV35-541SS3-W"
26343,"NRO_PARTE",1692905,"20U4S3VB00"
26343,"NRO_PARTE",1692906,"20U4S3V800"
26343,"NRO_PARTE",1692907,"20U4S48G00"
26343,"NRO_PARTE",1692908,"ID: 32782598-OH"
26343,"NRO_PARTE",1692909,"220Z3LS#ABM"
26343,"NRO_PARTE",1692910,"1Q6K6LS#ABM-L"
26343,"NRO_PARTE",1692911,"81UV00A9LM-05"
26343,"NRO_PARTE",1692912,"81UV00A9LM-07"
26343,"NRO_PARTE",1692913,"0PTL341-5812SS3-H"
26343,"NRO_PARTE",1692914,"81NB00FJLM-11"
26343,"NRO_PARTE",1692915,"1U328LS#ABM"
26343,"NRO_PARTE",1692916,"81NB00FNLM"
26343,"NRO_PARTE",1692917,"3C281LT#ABM"
26343,"NRO_PARTE",1692918,"1M9U2LT#ABM"
26343,"NRO_PARTE",1692919,"ID: 32783005#"
26343,"NRO_PARTE",1692920,"ID 32783033#"
26343,"NRO_PARTE",1692921,"1Q6J8LS#ABM-E"
26343,"NRO_PARTE",1692922,"1S1R4LA#ABM-A"
26343,"NRO_PARTE",1692923,"1S1Q7LA#ABM-OH"
26343,"NRO_PARTE",1692924,"1Q6J8LS#ABM-EO"
26343,"NRO_PARTE",1692925,"81NB00FJLM-04"
26343,"NRO_PARTE",1692926,"1S1Q6LA#ABM-OH"
26343,"NRO_PARTE",1692927,"1S1R0LA#ABM-A"
26343,"NRO_PARTE",1692928,"1Q6K6LS#ABM-OHC"
26343,"NRO_PARTE",1692929,"161F7LA#ABM"
26343,"NRO_PARTE",1692930,"1S1Q1LA#ABM-OH"
26343,"NRO_PARTE",1692931,"1S1S2LA#ABM-UO"
26343,"NRO_PARTE",1692932,"81NB00FJLM-14"
26343,"NRO_PARTE",1880169,"82TT00CYLM-OH"
26343,"NRO_PARTE",1837474,"E16G1R51108101H"
26343,"NRO_PARTE",1837488,"E16G1R51108101PA"
26343,"NRO_PARTE",1837587,"E16G1R51116101H"
26343,"NRO_PARTE",2132487,"21JUS1GF00"
26343,"NRO_PARTE",3955334,"90NX0881-M01V80"
26343,"NRO_PARTE",4107145,"BH8N1LT#ABM"
26343,"NRO_PARTE",4107152,"BZ2G2LT#ABM"
26343,"NRO_PARTE",2024740,"NS5L5WMIPV9X24"
26343,"NRO_PARTE",2797855,"V14G4R51081003-OP"
26343,"NRO_PARTE",2798005,"E16G1I51108101-OP2"
26343,"NRO_PARTE",2798012,"9Q6R8LA#ABM"
26343,"NRO_PARTE",1692933,"1U348LS#ABM"
26343,"NRO_PARTE",1692934,"0PTL551-5161SSS3"
26343,"NRO_PARTE",1692935,"0PTL551-5161SOP3"
26343,"NRO_PARTE",1692936,"0PTL351-51612OH3"
26343,"NRO_PARTE",1692937,"0PTL551-581SS3"
26343,"NRO_PARTE",1692938,"0PTL741-781SSS3"
26343,"NRO_PARTE",1692939,"0PTL741-7825OP3"
26343,"NRO_PARTE",1692940,"0PTL551-51612OP3"
26343,"NRO_PARTE",1692941,"0PTL351-581SS3"
26343,"NRO_PARTE",1692942,"0PTL351-5161OH3"
26343,"NRO_PARTE",1692943,"0PTL341-51600OH3"
26343,"NRO_PARTE",1692944,"0PTL351-3825SS1-C-H-LTE"
26343,"NRO_PARTE",1692945,"6RD12LT#ABM"
26343,"NRO_PARTE",1692946,"81H300MMLM"
26343,"NRO_PARTE",1692947,"0PTL341-5161OH3"
26343,"NRO_PARTE",1692948,"0PTL541-7825SS3"
26343,"NRO_PARTE",1692949,"LATITUDE 5510"
26343,"NRO_PARTE",1692950,"0PTL551-51612OH3"
26343,"NRO_PARTE",1692951,"9CD70LT#ABM"
26343,"NRO_PARTE",1692952,"3G745LA#ABM"
26343,"NRO_PARTE",1692953,"20NES1RR00"
26343,"NRO_PARTE",1692954,"20NES1RS00"
26343,"NRO_PARTE",1692955,"9CE18LT#ABM"
26343,"NRO_PARTE",1692956,"8YT02LT#ABM"
26343,"NRO_PARTE",1692957,"9DJ26LT#ABM"
26343,"NRO_PARTE",1692958,"20NFS13200"
26343,"NRO_PARTE",1692959,"20NES17500"
26343,"NRO_PARTE",1692960,"20RBS2S100"
26343,"NRO_PARTE",1692961,"20NES22C00"
26343,"NRO_PARTE",1692962,"20RBS2T100"
26343,"NRO_PARTE",1692963,"221D3LS#ABM-SO"
26343,"NRO_PARTE",1692964,"173Q4LS#ABM"
26343,"NRO_PARTE",1692965,"167Z7LS#ABM"
26343,"NRO_PARTE",1692966,"20NES17300"
26343,"NRO_PARTE",1692967,"20RBS2RU00"
26343,"NRO_PARTE",1692968,"20NKS2TD00"
26343,"NRO_PARTE",1692969,"20NKS2TE00"
26343,"NRO_PARTE",1692970,"0PTL34-3825SS3"
26343,"NRO_PARTE",1692971,"0PTL34-3825OH3"
26343,"NRO_PARTE",1692972,"173Q4LS#ABM-E"
26343,"NRO_PARTE",1692973,"20RBS2S400"
26343,"NRO_PARTE",1692974,"0PTL34-3825OPP3"
26343,"NRO_PARTE",1692975,"0PTL34-3825OP3"
26343,"NRO_PARTE",1692976,"20NES22B00"
26343,"NRO_PARTE",1692977,"9PTL34-381SS1"
26343,"NRO_PARTE",1692978,"20NES22A00"
26343,"NRO_PARTE",1692979,"21C8S08300"
26343,"NRO_PARTE",1692980,"2PTL543-5812SOH3-FHD"
26343,"NRO_PARTE",1692981,"6K6X5LT#ABM-OP"
26343,"NRO_PARTE",1692982,"2PTL543-5812SSS3-FHD"
26343,"NRO_PARTE",1692983,"3TP64LA#ABM"
26343,"NRO_PARTE",1692984,"3MU75LA#ABM"
26343,"NRO_PARTE",1692985,"3TP69LA#ABM"
26343,"NRO_PARTE",1692986,"4FB05LA#ABM"
26343,"NRO_PARTE",1692987,"3XU27LA#ABM"
26343,"NRO_PARTE",1692988,"81DE01T8LM"
26343,"NRO_PARTE",1692989,"81DE01T8LMB"
26343,"NRO_PARTE",1692990,"3MV70LA#ABM"
26343,"NRO_PARTE",1692991,"3MV56LA#ABM"
26343,"NRO_PARTE",1692992,"3TR93LA#ABM"
26343,"NRO_PARTE",1692993,"8PTV54-5041OP4-19"
26343,"NRO_PARTE",1692994,"8PTV54-70811OH3-V-19"
26343,"NRO_PARTE",3840023,"E14G6U7178101"
26343,"NRO_PARTE",1837555,"V15G4R3908101#P#N"
26343,"NRO_PARTE",1837576,"E16G1I51108201H"
26343,"NRO_PARTE",2132414,"90NX05W1-M00BN0"
26343,"NRO_PARTE",2516080,"PSY19U-0EK03Q-ND-OH"
26343,"NRO_PARTE",1839367,"7Y9X9LT#ABM-OP"
26343,"NRO_PARTE",2528779,"4PTL544-71651SOH3-VP"
26343,"NRO_PARTE",4107142,"BZ2F6AT#ABM-OH4"
26343,"NRO_PARTE",4107157,"BH8N1LT#ABM-OH4"
26343,"NRO_PARTE",4099572,"V15G4I7H1811-OH"
26343,"NRO_PARTE",2035022,"WE15I5T114P-3"
26343,"NRO_PARTE",2797821,"E16G1I31108101-OH2"
26343,"NRO_PARTE",1692995,"8PTV54-70811OH4-V-19"
26343,"NRO_PARTE",1692996,"8PTV54-70811OH5-V-19"
26343,"NRO_PARTE",1692997,"8PTV54-70811OP5-V-19"
26343,"NRO_PARTE",1692998,"3MV66LA#ABM"
26343,"NRO_PARTE",1692999,"4KZ89LA#ABM"
26343,"NRO_PARTE",1693000,"8PTV34-5081OH5-19"
26343,"NRO_PARTE",1693001,"20KUS07L00"
26343,"NRO_PARTE",1693002,"20KUS08900"
26343,"NRO_PARTE",1693003,"3XU57LA#ABM"
26343,"NRO_PARTE",1693004,"8PTV54-50825OP3-19"
26343,"NRO_PARTE",1693005,"8PTV54-50825OP4-19"
26343,"NRO_PARTE",1693006,"8PTV54-70811OP3-V-19"
26343,"NRO_PARTE",1693007,"8PTL54-7161SS3"
26343,"NRO_PARTE",1693008,"8PTL54-7161SS4"
26343,"NRO_PARTE",1693009,"8PTL74-7165SOP5"
26343,"NRO_PARTE",1693010,"8PTL55-7161OH4"
26343,"NRO_PARTE",1693011,"4MZ86LT#ABM"
26343,"NRO_PARTE",1693012,"8PTL74-7165SSS5"
26343,"NRO_PARTE",1693013,"8PTL74-7165SOP3"
26343,"NRO_PARTE",1693014,"8PTL54-7161OH3"
26343,"NRO_PARTE",1693015,"8PTL54-7161SS5"
26343,"NRO_PARTE",1693016,"8PTL55-7161OH3"
26343,"NRO_PARTE",1693017,"8PTL55-7161OH5"
26343,"NRO_PARTE",1693018,"8PTL55-7161OP4"
26343,"NRO_PARTE",1693019,"8PTL55-7161OP5"
26343,"NRO_PARTE",1693020,"8PTL55-7161SS3"
26343,"NRO_PARTE",1693021,"3MU90LA#ABM"
26343,"NRO_PARTE",1693022,"3BF05LA#ABM"
26343,"NRO_PARTE",1693023,"20KUS07P00"
26343,"NRO_PARTE",1693024,"20KVS05T00"
26343,"NRO_PARTE",1693025,"20KUS07W00"
26343,"NRO_PARTE",1693026,"20KVS05R00"
26343,"NRO_PARTE",1693027,"20KUS08100"
26343,"NRO_PARTE",1693028,"20KUS08000"
26343,"NRO_PARTE",1693029,"20KUS07R00"
26343,"NRO_PARTE",1693030,"20KUS08400"
26343,"NRO_PARTE",1693031,"20KUS08A00"
26343,"NRO_PARTE",1693032,"20KUS08500"
26343,"NRO_PARTE",1693033,"20NES19700"
26343,"NRO_PARTE",1693034,"20NFS0XL00"
26343,"NRO_PARTE",1693035,"20NFS14B00"
26343,"NRO_PARTE",1693036,"20KUS07Y00"
26343,"NRO_PARTE",1693037,"20KUS08600"
26343,"NRO_PARTE",1693038,"20KUS08700"
26343,"NRO_PARTE",1693039,"20KUS07N00"
26343,"NRO_PARTE",1693040,"2V939LA#ABM"
26343,"NRO_PARTE",1693041,"20MVS0NG00"
26343,"NRO_PARTE",1693042,"20MVS0NJ00"
26343,"NRO_PARTE",1693043,"20MVS0NL00"
26343,"NRO_PARTE",1693044,"20MVS0NQ00"
26343,"NRO_PARTE",1693045,"20KVS02M00"
26343,"NRO_PARTE",1693046,"20KVS06300"
26343,"NRO_PARTE",1693047,"20KVS06500"
26343,"NRO_PARTE",1693048,"20KVS06600"
26343,"NRO_PARTE",1693049,"20MVS0NS00"
26343,"NRO_PARTE",1693050,"20MGS0FB00"
26343,"NRO_PARTE",1693051,"20MGS0FE00"
26343,"NRO_PARTE",1693052,"53012JET_MOB"
26343,"NRO_PARTE",1693053,"0PTL351-3825SS3-HD"
26343,"NRO_PARTE",1693054,"0PTL341-3161SS3-FHD"
26343,"NRO_PARTE",1693055,"0PTL341-781OH3-FHD"
26343,"NRO_PARTE",1693056,"0PTL341-7825OH3-FHD"
26343,"NRO_PARTE",1837580,"E16G1R51108201PA"
26343,"NRO_PARTE",1837599,"E16G1R51116101PA"
26343,"NRO_PARTE",1839382,"PMM20U-1Q206V-OH"
26343,"NRO_PARTE",2791037,"T14G6I728101-OP2"
26343,"NRO_PARTE",2516079,"PSY19U-0EK03Q-ND"
26343,"NRO_PARTE",2516467,"21C6S4JC00-OP"
26343,"NRO_PARTE",4099498,"T16G8I5165*"
26343,"NRO_PARTE",4099507,"T16G8I5165*-OH"
26343,"NRO_PARTE",1724802,"7C6F9LA#ABM"
26343,"NRO_PARTE",2798059,"A4UJ6LS#ABM-OP."
26343,"NRO_PARTE",2798075,"E16G1I51108201-2"
26343,"NRO_PARTE",1693057,"674A0LT#ABM-OHM"
26343,"NRO_PARTE",1693058,"6Z4J9LA#ABM-M"
26343,"NRO_PARTE",1693059,"6Z4J9LA#ABM-OHM"
26343,"NRO_PARTE",1693060,"90NX0441-M00E80-OH"
26343,"NRO_PARTE",1693061,"LPNKI516512_WPOFHB"
26343,"NRO_PARTE",1693062,"LPNKI58512_WPOFHB"
26343,"NRO_PARTE",1693063,"0PTL341-7161OH3-FHD-2V"
26343,"NRO_PARTE",1693064,"0PTL351-7161SS3-FHD-2V"
26343,"NRO_PARTE",1693065,"0PTL351-7161OH3-FHD-2V"
26343,"NRO_PARTE",2131621,"PSY19U-0RD05F"
26343,"NRO_PARTE",2131677,"PML20U-1F207C-A"
26343,"NRO_PARTE",2131679,"PML20U-1F207C-A-OH"
26343,"NRO_PARTE",2131683,"PML20U-1F207C-A-OP"
26343,"NRO_PARTE",2131690,"PSY19U-0RD05F-A-OH"
26343,"NRO_PARTE",2131691,"PSY19U-0RD05F-A-OP"
26343,"NRO_PARTE",2623837,"SX7"
26343,"NRO_PARTE",1781454,"V14G4R51008001HA"
26343,"NRO_PARTE",2508849,"3PTL543-71612SSS3-SO-LTE-V-B"
26343,"NRO_PARTE",3141631,"T14G6IRLI5116101"
26343,"NRO_PARTE",3141652,"T14G6IRLI5116101-OH"
26343,"NRO_PARTE",3141671,"T14G6IRLI5116201-OH"
26343,"NRO_PARTE",3141684,"T14G6IRLI728201"
26343,"NRO_PARTE",3141722,"V14G5C380100-OH"
26343,"NRO_PARTE",3141729,"V14G5C380100H"
26343,"NRO_PARTE",3141731,"T16G6IRLI308001"
26343,"NRO_PARTE",2552257,"9Q6Q8LA#ABM-OP"
26343,"NRO_PARTE",2552277,"9Q1F4AT#ABM"
26343,"NRO_PARTE",2552294,"9Q1F4AT#ABM-OH"
26343,"NRO_PARTE",2552312,"9Q1F4AT#ABM-OP"
26343,"NRO_PARTE",3923670,"BV5Z7LA#ABM-OH4A"
26343,"NRO_PARTE",3923675,"BV6D1LA#ABM-OH4"
26343,"NRO_PARTE",3154767,"A27NWLA#ABM-OH4"
26343,"NRO_PARTE",3154776,"A2CJ6LA#ABM-OH4"
26343,"NRO_PARTE",4100227,"V15G4I7H21611-OH"
26343,"NRO_PARTE",3305846,"4PTL555-7161SSS3-ME"
26343,"NRO_PARTE",3305874,"4PTL745-7161SSS3-AC-ME"
26343,"NRO_PARTE",4006358,"C3SU6LS#ABM"
26343,"NRO_PARTE",3724341,"E16G6U71716201H"
26343,"NRO_PARTE",1955272,"V15G4I5008001PA"
26343,"NRO_PARTE",3722382,"4PTL355-5161SOH3-N"
26343,"NRO_PARTE",2131622,"PSY19U-0RD05F-OH"
26343,"NRO_PARTE",2131667,"PSY19U-0RD05F-OP"
26343,"NRO_PARTE",2131688,"PSY19U-0RD05F-A"
26343,"NRO_PARTE",1781318,"V14G4R39081#01A"
26343,"NRO_PARTE",1781461,"E15G4I7816101HH"
26343,"NRO_PARTE",1781515,"V14G4R5100800#1HA"
26343,"NRO_PARTE",1781528,"E14G4I5908201AP"
26343,"NRO_PARTE",1781530,"V14G4R5100800#1A"
26343,"NRO_PARTE",3141703,"T14G6IRLI7216201-OH"
26343,"NRO_PARTE",3141706,"V14G5C380100"
26343,"NRO_PARTE",3141747,"T16G6IRLI308001-OH"
26343,"NRO_PARTE",3141748,"V14G5C380100H-OH"
26343,"NRO_PARTE",3141756,"V14G5C381100"
26343,"NRO_PARTE",3141759,"T16G6IRLI308101"
26343,"NRO_PARTE",3141761,"V14G5C381100-OH"
26343,"NRO_PARTE",3141769,"V14G5C581100"
26343,"NRO_PARTE",3141771,"T16G6IRLI308101-OH"
26343,"NRO_PARTE",2140548,"21G1S05H00-OP"
26343,"NRO_PARTE",2140571,"9C6S6LA#ABM-RA"
26343,"NRO_PARTE",3923708,"BU0S4LS#ABM-OH4"
26343,"NRO_PARTE",3923711,"BU0S8LS#ABM"
26343,"NRO_PARTE",3923726,"BV2A2LS#ABM-OH4"
26343,"NRO_PARTE",3923729,"BV2C5LS#ABM"
26343,"NRO_PARTE",3923732,"BV2C5LS#ABM-OH4"
26343,"NRO_PARTE",3923738,"BV2C8LS#ABM-OH4"
26343,"NRO_PARTE",1914527,"PMM2CU-0MS005-OH"
26343,"NRO_PARTE",1925790,"V15G3#I3908001PA"
26343,"NRO_PARTE",1902516,"V15#G4#R3908101PA"
26343,"NRO_PARTE",4067507,"E14G7C5H162100-OH"
26343,"NRO_PARTE",4067549,"E14G7C5H162100H"
26343,"NRO_PARTE",4019024,"C3SU6LS#ABM-MA"
26343,"NRO_PARTE",1777941,"3PTL354-7161SOH3"
26343,"NRO_PARTE",4006448,"C3SU6LS#ABM-A"
26343,"NRO_PARTE",3728129,"E16G6U71716201H-OH"
26343,"NRO_PARTE",1955275,"V15G4I5008101PA"
26343,"NRO_PARTE",1781406,"V14G4R39081#01PA"
26343,"NRO_PARTE",1781444,"V14G4R51008001A"
26343,"NRO_PARTE",1781487,"V14G4R51008001PA"
26343,"NRO_PARTE",1781506,"V14G4R5100800#1PA"
26343,"NRO_PARTE",1781587,"V14G4R510081#01HA"
26343,"NRO_PARTE",2508912,"90NX06X1-M00X30-OP"
26343,"NRO_PARTE",2508961,"90NX06X1-M00X30-OH"
26343,"NRO_PARTE",2508985,"90NX06X1-M00TR0-OH"
26343,"NRO_PARTE",3141805,"V14G5C7162100"
26343,"NRO_PARTE",3141820,"T16G6IRLI518201"
26343,"NRO_PARTE",3141869,"K14G3U5168201"
26343,"NRO_PARTE",3141873,"K14G3U5168201-OH"
26343,"NRO_PARTE",3141889,"K14G3U51616201-OH"
26343,"NRO_PARTE",3923667,"BV5Z7LA#ABM"
26343,"NRO_PARTE",3923680,"BV6D1LA#ABM-OH4A"
26343,"NRO_PARTE",3923688,"B5AU3LS#ABM"
26343,"NRO_PARTE",3923697,"B5AU3LS#ABM-OH4"
26343,"NRO_PARTE",3923703,"BU0S4LS#ABM"
26343,"NRO_PARTE",3923715,"BU0S8LS#ABM-OH4"
26343,"NRO_PARTE",3923719,"BU9L5LS#ABM-OH4"
26343,"NRO_PARTE",3923723,"BV2A2LS#ABM"
26343,"NRO_PARTE",3154729,"A24Z2LT#ABM-OH4"
26343,"NRO_PARTE",3154757,"A24ZXLA#ABM-OH4"
26343,"NRO_PARTE",3154926,"A9BS2LT#ABM-OH4"
26343,"NRO_PARTE",1839597,"WE15I5T1114P-2"
26343,"NRO_PARTE",1927045,"V14G4I5016001#H"
26343,"NRO_PARTE",3744557,"E16G6U5168201H"
26343,"NRO_PARTE",4067531,"C77D0LS#ABM"
26343,"NRO_PARTE",4067588,"C77D0LS#ABM-OH4A"
26343,"NRO_PARTE",1844076,"82TT00CVLM-OH"
26343,"NRO_PARTE",1778001,"3PTL354-3161SOH3-12"
26343,"NRO_PARTE",3730527,"T16G8C734162100"
26343,"NRO_PARTE",3305858,"4PTL555-7161SOH3-AC-ME"
26343,"NRO_PARTE",3305869,"4PTL745-7161SSS3-ME"
26343,"NRO_PARTE",3728180,"E16G6U51816101H"
26343,"NRO_PARTE",3722283,"T16G8C53382100"
26343,"NRO_PARTE",3722329,"4PTL355-5161SSS3-N"
26343,"NRO_PARTE",3722476,"4PTL355-5161SOH3-AN-N"
26343,"NRO_PARTE",2624025,"SX7SC"
26343,"NRO_PARTE",1781288,"V14G4R390810#1HA"
26343,"NRO_PARTE",1781527,"E14G4I5916201AP"
26343,"NRO_PARTE",3141801,"T16G6IRLI518101-OH"
26343,"NRO_PARTE",3141814,"V14G5C7162100-OH"
26343,"NRO_PARTE",3141852,"K14G3U5168101"
26343,"NRO_PARTE",3141860,"K14G3U5168101-OH"
26343,"NRO_PARTE",3141868,"T16G6IRLI5116201"
26343,"NRO_PARTE",3141898,"K14G3U71716101"
26343,"NRO_PARTE",3141907,"T16G6IRLI728201"
26343,"NRO_PARTE",3141908,"K14G3U71716101-OH"
26343,"NRO_PARTE",3141914,"K14G3U71716201"
26343,"NRO_PARTE",3141921,"T16G6IRLI728201-OH"
26343,"NRO_PARTE",3141924,"K14G3U71716201-OH"
26343,"NRO_PARTE",2552424,"9Q1S0AT#ABM-OH"
26343,"NRO_PARTE",2552449,"9Q1S0AT#ABM-OP"
26343,"NRO_PARTE",3923735,"BV2C8LS#ABM"
26343,"NRO_PARTE",3923741,"BV2L1LS#ABM"
26343,"NRO_PARTE",3923743,"BV2L1LS#ABM-OH4"
26343,"NRO_PARTE",3154742,"A24Z9LA#ABM-OH4"
26343,"NRO_PARTE",1839670,"WE15I5T114P-2"
26343,"NRO_PARTE",1839689,"PMM20U-1QE06V-OH"
26343,"NRO_PARTE",1927063,"V14G4I5016101H"
26343,"NRO_PARTE",1902664,"PMM2CU-0MR005-OH"
26343,"NRO_PARTE",1765952,"V15G3I7816101H"
26343,"NRO_PARTE",1766135,"WT14I5E107CP"
26343,"NRO_PARTE",1778019,"3PTL354-3161SOP3-13"
26343,"NRO_PARTE",1829575,"WE15I5E114P-1"
26343,"NRO_PARTE",3305852,"4PTL555-7161SSS3-AC-ME"
26343,"NRO_PARTE",3305915,"7Z7J0LT#ABM-OH4M"
26343,"NRO_PARTE",3722405,"4PTL355-5161SSS3-A-N"
26343,"NRO_PARTE",3722465,"4PTL355-5161SSS3-AN-N"
26343,"NRO_PARTE",1781629,"V14G4R51016101#PA"
26343,"NRO_PARTE",1781648,"V14G4R51016101#HA"
26343,"NRO_PARTE",3141845,"T16G6IRLI518201-OH"
26343,"NRO_PARTE",3141881,"K14G3U51616201"
26343,"NRO_PARTE",3141883,"T16G6IRLI5116201-OH"
26343,"NRO_PARTE",3141957,"T16G6IRLI7216201-OH"
26343,"NRO_PARTE",2552652,"9Q6Q6LA#ABM-OH"
26343,"NRO_PARTE",2140814,"PSY19U-0EK03Q-D"
26343,"NRO_PARTE",2140819,"PSY19U-0EK03Q-D-OH"
26343,"NRO_PARTE",2140824,"PSY19U-0EK03Q-D-OP"
26343,"NRO_PARTE",3155033,"A89WKLS#ABM-OH4"
26343,"NRO_PARTE",1927073,"V14G3I3#908011PA"
26343,"NRO_PARTE",1766166,"WT14I5T107CP"
26343,"NRO_PARTE",4067567,"C77D0LS#ABM-A"
26343,"NRO_PARTE",1843980,"82TT00CXLM-OH"
26343,"NRO_PARTE",3722434,"T16G8C533161100-OH"
26343,"NRO_PARTE",3722447,"4PTL355-5161SOH3-A-N"
26343,"NRO_PARTE",3722529,"T16G8C533162100"
26343,"NRO_PARTE",1781464,"E15G4I7816101PH"
26343,"NRO_PARTE",1781696,"V15G4R51008001A"
26343,"NRO_PARTE",2030941,"3PTL744-7161SOH3-A-VP-S-U-A"
26343,"NRO_PARTE",2030943,"3PTL744-7161SSS3-A-VP-S-U-B"
26343,"NRO_PARTE",3141940,"T16G6IRLI7216201"
26343,"NRO_PARTE",2552804,"9Q6Q7LA#ABM-OH"
26343,"NRO_PARTE",2552850,"9Q6R3LA#ABM"
26343,"NRO_PARTE",2906230,"4PTL355-7U641SOH3"
26343,"NRO_PARTE",3155088,"P14SG5U719161100"
26343,"NRO_PARTE",1839647,"PMM20U-1QE06V"
26343,"NRO_PARTE",1839842,"PML20U-0UN011-D-OH"
26343,"NRO_PARTE",1956144,"V15G4I5016001#H"
26343,"NRO_PARTE",1843972,"82TT00CXLM"
26343,"NRO_PARTE",3730572,"THINKPAD E16 GEN 2 (INTEL)"
26343,"NRO_PARTE",3722519,"4PTL355-7812SSS3-N"
26343,"NRO_PARTE",1781396,"LENOVO V14 G4 AMN"
26343,"NRO_PARTE",1781460,"E15G4I7816101H"
26343,"NRO_PARTE",1781466,"E15G4I7816201HH"
26343,"NRO_PARTE",1781709,"V15G4R51008101PA"
26343,"NRO_PARTE",1781713,"V15G4R51008101HA"
26343,"NRO_PARTE",1781749,"V15G4R51008101A"
26343,"NRO_PARTE",1781790,"V15G4R5100810#1PA"
26343,"NRO_PARTE",3142086,"V15G5C3161100"
26343,"NRO_PARTE",3142124,"V15G5C3161100-OH"
26343,"NRO_PARTE",2552388,"9Q1S0AT#ABM"
26343,"NRO_PARTE",2552484,"9Q1F0AT#ABM"
26343,"NRO_PARTE",2552502,"9Q1F0AT#ABM-OH"
26343,"NRO_PARTE",2906238,"4PTL355-7U641SOP3"
26343,"NRO_PARTE",2143097,"21C2SAN100"
26343,"NRO_PARTE",3155026,"A2VA7LS#ABM-OH4"
26343,"NRO_PARTE",3155032,"A71FNLT#ABM-OH4"
26343,"NRO_PARTE",1839731,"PMM20U-1QE06V-OP"
26343,"NRO_PARTE",1839745,"WE15I5E114P-2"
26343,"NRO_PARTE",1839822,"PML20U-0UN011-D"
26343,"NRO_PARTE",1839868,"PML20U-0UN011-D-OP"
26343,"NRO_PARTE",1901458,"PMM2AU-11Q03C"
26343,"NRO_PARTE",1901463,"PMM2AU-11S03C"
26343,"NRO_PARTE",1902108,"V15#G4#R5008101HH5"
26343,"NRO_PARTE",3744583,"E16G6U5168201H-OH"
26343,"NRO_PARTE",1770606,"3PTL352-3812OH3-FHD"
26343,"NRO_PARTE",3722596,"T16G8C533162100-OH"
26343,"NRO_PARTE",1781873,"V15G4R3908101PA"
26343,"NRO_PARTE",2801901,"K14G2I516101P-2"
26343,"NRO_PARTE",3142052,"V15G5C7162100H-OH"
26343,"NRO_PARTE",3155031,"A71FKLT#ABM-OH4"
26343,"NRO_PARTE",3155034,"A89WLLS#ABM-OH4"
26343,"NRO_PARTE",2914336,"A24Z6LT#ABM-OH4"
26343,"NRO_PARTE",1844060,"82TT00CVLM"
26343,"NRO_PARTE",3730629,"V15G5C53381100H"
26343,"NRO_PARTE",3730647,"V15G5C53381100H-OH"
26343,"NRO_PARTE",3730672,"V15G5C53382100H"
26343,"NRO_PARTE",3722538,"4PTL355-7812SOH3-N"
26343,"NRO_PARTE",3837456,"4PTL555-7U321SS4W11-V-TM-B"
26343,"NRO_PARTE",3837457,"4PTL745-7U161SS3W10-V-TM-B"
26343,"NRO_PARTE",3837467,"4PTL745-7U321SS3W11-V-TM-B"
26343,"NRO_PARTE",3837469,"4PTL745-7U321SS4W10-V-TM-B"
26343,"NRO_PARTE",3837472,"4PTL745-7U321SS4W11-V-TM-B"
26343,"NRO_PARTE",3732391,"T16G7U719162012"
26343,"NRO_PARTE",3761146,"83L4000FPD"
26343,"NRO_PARTE",3892386,"T14G8C533161100"
26343,"NRO_PARTE",3892553,"T14G8C533162100"
26343,"NRO_PARTE",3954337,"T16G4U741162100IR"
26343,"NRO_PARTE",3954370,"T16G4U741162100D"
26343,"NRO_PARTE",3954399,"T16G4U741322100"
26343,"NRO_PARTE",3954407,"T16G4U741322100D"
26343,"NRO_PARTE",3954416,"90NX07B1-M00640_LT"
26343,"NRO_PARTE",3153582,"T14G7U71916101"
26343,"NRO_PARTE",3153587,"T14G7U71916101-OH"
26343,"NRO_PARTE",3153591,"T14G7U71932201-OH"
26343,"NRO_PARTE",1743748,"90NX0441-M00E90"
26343,"NRO_PARTE",2034801,"9B422LS#ABM-OPA"
26343,"NRO_PARTE",1836648,"E14G5R31108101PA"
26343,"NRO_PARTE",2888522,"9J6J0LS#ABM"
26343,"NRO_PARTE",1728706,"21EES1D500"
26343,"NRO_PARTE",3837455,"4PTL555-7U321SS4W10-V-TM-B"
26343,"NRO_PARTE",3837458,"4PTL745-7U161SS3W11-V-TM-B"
26343,"NRO_PARTE",3837459,"4PTL745-7U161SS4W10-V-TM-B"
26343,"NRO_PARTE",3837462,"4PTL745-7U161SS4W11-V-TM-B"
26343,"NRO_PARTE",3837465,"4PTL745-7U321SS3W10-V-TM-B"
26343,"NRO_PARTE",1997881,"21JUS0WA00-OH"
26343,"NRO_PARTE",3732291,"A24ZWLA#ABM-A"
26343,"NRO_PARTE",3732410,"T16G7U719162012-OH"
26343,"NRO_PARTE",3717583,"T16G7U71716201H"
26343,"NRO_PARTE",3717606,"T16G7U71716201H-OH"
26343,"NRO_PARTE",3761194,"83L4000GPD"
26343,"NRO_PARTE",3761219,"82W60031PD"
26343,"NRO_PARTE",3892336,"T14G8C53382100-OH"
26343,"NRO_PARTE",3954359,"T16G4U741162100IR-OH"
26343,"NRO_PARTE",3954383,"T16G4U741162100D-OH"
26343,"NRO_PARTE",3954411,"T16G4U741322100D-OH"
26343,"NRO_PARTE",3954418,"90NX0741-M002F0_LT"
26343,"NRO_PARTE",1998046,"21JUS0WF00-OH"
26343,"NRO_PARTE",3851177,"BP2D1LS#ABM-OH4A"
26343,"NRO_PARTE",1997892,"21JUS0WA00-OP"
26343,"NRO_PARTE",1997941,"21JUS0W800-OH"
26343,"NRO_PARTE",1997943,"21JUS0W800"
26343,"NRO_PARTE",1997957,"21JUS0W600-OH"
26343,"NRO_PARTE",3732304,"4PTL745A-7U161SSS3-VP-A-B"
26343,"NRO_PARTE",3732334,"T16G7U71982012"
26343,"NRO_PARTE",3732364,"LOQI727161106V-OH"
26343,"NRO_PARTE",3717647,"T16G7U71732201H"
26343,"NRO_PARTE",3717650,"T16G7U71732201H-OH"
26343,"NRO_PARTE",3717653,"T16G7U5188101H"
26343,"NRO_PARTE",3717659,"T16G7U5188101H-OH"
26343,"NRO_PARTE",3717665,"T16G7U5188201H"
26343,"NRO_PARTE",3717671,"T16G7U51816101H"
26343,"NRO_PARTE",3717673,"T16G7U51816201H"
26343,"NRO_PARTE",3717676,"T16G7U7198101H"
26343,"NRO_PARTE",3717678,"T16G7U7198201H"
26343,"NRO_PARTE",3717679,"T16G7U7198201H-OH"
26343,"NRO_PARTE",3717680,"T16G7U71916101H"
26343,"NRO_PARTE",3717681,"T16G7U71916101H-OH"
26343,"NRO_PARTE",3717682,"T16G7U71916201H"
26343,"NRO_PARTE",3717683,"T16G7U71916201H-OH"
26343,"NRO_PARTE",1744200,"90NX05U1-M00YC0"
26343,"NRO_PARTE",2034793,"9B432LS#ABM-OPA"
26343,"NRO_PARTE",1729975,"21E7S35300"
26343,"NRO_PARTE",1730024,"21E7S35200"
26343,"NRO_PARTE",1730026,"21E7S35600"
26343,"NRO_PARTE",3897930,"SX7F215"
26343,"NRO_PARTE",1997952,"21JUS0W600"
26343,"NRO_PARTE",3717674,"T16G7U51816201H-OH"
26343,"NRO_PARTE",3717677,"T16G7U7198101H-OH"
26343,"NRO_PARTE",3717684,"T16G7U71932201H"
26343,"NRO_PARTE",3717685,"T16G7U71932201H-OH"
26343,"NRO_PARTE",3761070,"4PTLPR14-7U161SOH4-VP"
26343,"NRO_PARTE",3761237,"4PTL344-5812SOH3-HD-S"
26343,"NRO_PARTE",2772950,"90NX06X1-M01RS0"
26343,"NRO_PARTE",3954404,"T16G4U741322100-OH"
26343,"NRO_PARTE",1998270,"V15G4R3008101H"
26343,"NRO_PARTE",1927108,"V14G4I5008101HH"
26343,"NRO_PARTE",1927110,"V14G4I5008101PA"
26343,"NRO_PARTE",1927114,"V14G4I5008101H#H"
26343,"NRO_PARTE",1730029,"21E7S35000"
26343,"NRO_PARTE",1730095,"21EES1DG00"
26343,"NRO_PARTE",1997900,"21JUS0W900-OP"
26343,"NRO_PARTE",1997924,"21JUS0W700-OP"
26343,"NRO_PARTE",1997976,"21JUS0WB00-OP"
26343,"NRO_PARTE",3732393,"LOQI727162106V-OH"
26343,"NRO_PARTE",3717670,"T16G7U5188201H-OH"
26343,"NRO_PARTE",3761246,"82W60032PD"
26343,"NRO_PARTE",3761272,"4PTL344-5812SSS3-FHD-S"
26343,"NRO_PARTE",3761285,"4PTL344-5812SOH3-FHD-S"
26343,"NRO_PARTE",1744465,"7C6F0LA#ABM-W"
26343,"NRO_PARTE",2034718,"9B428LS#ABM-OPA"
26343,"NRO_PARTE",2034887,"9B420LS#ABM-OPA"
26343,"NRO_PARTE",1927105,"V14G4I5008101H"
26343,"NRO_PARTE",2770954,"90NX05W1-M00YD0"
26343,"NRO_PARTE",1729549,"21E7S0AY00- OH"
26343,"NRO_PARTE",3837816,"A24ZSLT#ABM-AC"
26343,"NRO_PARTE",1997873,"21JUS0WA00"
26343,"NRO_PARTE",1998908,"21JQS1HV00"
26343,"NRO_PARTE",1998916,"21JQS1HV00-OH"
26343,"NRO_PARTE",1998927,"21JQS1HV00-OP"
26343,"NRO_PARTE",1998936,"21JLS14Q00"
26343,"NRO_PARTE",3717672,"T16G7U51816101H-OH"
26343,"NRO_PARTE",3761156,"4PTL344-5812SSS3-HD-S"
26343,"NRO_PARTE",3154008,"9Q6Q6LA#ABM-OH4"
26343,"NRO_PARTE",3154029,"9Q6Q7LA#ABM-OH4"
26343,"NRO_PARTE",2030927,"3PTL544-7161SOP3-VP-P"
26343,"NRO_PARTE",2144851,"PSY19U-0Q405F-DN-OP"
26343,"NRO_PARTE",1744494,"7C6F0LA#ABM-OPW"
26343,"NRO_PARTE",1744029,"3PTL553-71612SSS3-FHD-V"
26343,"NRO_PARTE",1987315,"21JSS0QK00-OH"
26343,"NRO_PARTE",2035007,"9B430LS#ABM-OPA"
26343,"NRO_PARTE",1754969,"3PTLV35-5812SSS3-A-AME"
26343,"NRO_PARTE",1754997,"3PTLV35-51612SOH3-A-AME"
26343,"NRO_PARTE",1729760,"21ECS04U00"
26343,"NRO_PARTE",1729763,"3PTL743-7161SOH3-VP-A3"
26343,"NRO_PARTE",1729764,"3PTL743-7161SOP3-VP-A3"
26343,"NRO_PARTE",1729769,"21ECS16E00"
26343,"NRO_PARTE",1729907,"21E7S1QM00"
26343,"NRO_PARTE",1729908,"21E7S35500"
26343,"NRO_PARTE",1730114,"21EES1DH00"
26343,"NRO_PARTE",1997932,"21JUS0W800-OP"
26343,"NRO_PARTE",1997966,"21JUS0W600-OP"
26343,"NRO_PARTE",1998086,"21JUS0WG00-OP"
26343,"NRO_PARTE",1998229,"V15G4R3008001H"
26343,"NRO_PARTE",1998264,"V15G4R3008101HH"
26343,"NRO_PARTE",3153951,"A6WB0LA#ABM-OH4"
26343,"NRO_PARTE",1744007,"7P9A6LA#ABM-OPA"
26343,"NRO_PARTE",2537098,"9F4F5LT#ABM"
26343,"NRO_PARTE",1730359,"21EES1F300"
26343,"NRO_PARTE",1730320,"PML20U-139011"
26343,"NRO_PARTE",1730598,"20XLS3LA00-OP"
26343,"NRO_PARTE",1730652,"82KB00G6LM."
26343,"NRO_PARTE",1998078,"21JUS0WG00-OH"
26343,"NRO_PARTE",1998112,"V14G4R3008001HH"
26343,"NRO_PARTE",1998311,"V15G4R5116101H"
26343,"NRO_PARTE",1744524,"7Z835LS#ABM"
26343,"NRO_PARTE",3823305,"V15G5C734162100H#-OH"
26343,"NRO_PARTE",2626087,"58MPL4V428"
26343,"NRO_PARTE",2626090,"5GMPL4V429"
26343,"NRO_PARTE",2626094,"78MPL4V431"
26343,"NRO_PARTE",2626095,"7GMPL4V432"
26343,"NRO_PARTE",2626100,"5WMPL4V433"
26343,"NRO_PARTE",2626107,"7WMPL4V436"
26343,"NRO_PARTE",2626113,"78MPL4V437"
26343,"NRO_PARTE",2626122,"7GMPL4V438"
26343,"NRO_PARTE",2626136,"5G2PL4V441"
26343,"NRO_PARTE",2626161,"7G2PL4V444"
26343,"NRO_PARTE",1997699,"V15G3#I5016101H#"
26343,"NRO_PARTE",1997702,"V14G3#I3908011HH"
26343,"NRO_PARTE",1886084,"90NX05U1-M01H90"
26343,"NRO_PARTE",1886087,"90NX05U1-M02FT0-OP"
26343,"NRO_PARTE",1886090,"90NX05U1-M02FV0"
26343,"NRO_PARTE",1886091,"90NX05U1-M01H90-OP"
26343,"NRO_PARTE",2627073,"7W2U04V562"
26343,"NRO_PARTE",2627075,"782U04V563"
26343,"NRO_PARTE",2796048,"V15G4I7108201-OP2"
26343,"NRO_PARTE",2035189,"WE15I7T415P"
26343,"NRO_PARTE",2557160,"90NX06W1-M02FS0-OH"
26343,"NRO_PARTE",2538400,"PMM20U-24M07L-ND-OP"
26343,"NRO_PARTE",2538402,"PMM20U-24M07L-RD-OP"
26343,"NRO_PARTE",2538403,"PMM20U-24M07L-DR-OP"
26343,"NRO_PARTE",2538406,"PML20U-1FJ07C-ND-OP"
26343,"NRO_PARTE",2538408,"PML20U-1FJ07C-DN-OP"
26343,"NRO_PARTE",2538409,"PML20U-1FJ07C-RD-OP"
26343,"NRO_PARTE",2538412,"PML20U-1FJ07C-DR-OP"
26343,"NRO_PARTE",4222769,"D90F8LS#ABM-OH4"
26343,"NRO_PARTE",4093983,"90NX08N1-M01620_SPDC_OH"
26343,"NRO_PARTE",4093985,"90NX08N1-M01620_SPDC"
26343,"NRO_PARTE",3137852,"T14G7U5168101"
26343,"NRO_PARTE",3823212,"4PTL555-7U161SS3W11-V"
26343,"NRO_PARTE",2626093,"7WMPL4V430"
26343,"NRO_PARTE",2626103,"58MPL4V434"
26343,"NRO_PARTE",2626104,"5GMPL4V435"
26343,"NRO_PARTE",2626129,"582PL4V440"
26343,"NRO_PARTE",2626143,"7W2PL4V442"
26343,"NRO_PARTE",2626154,"782PL4V443"
26343,"NRO_PARTE",2626187,"58TPL4V446"
26343,"NRO_PARTE",1886081,"90NX05U1-M02FT0"
26343,"NRO_PARTE",1886082,"90NX05U1-M026W0"
26343,"NRO_PARTE",1886083,"90NX05U1-M02FU0"
26343,"NRO_PARTE",1886085,"90NX05U1-M026W0-OP"
26343,"NRO_PARTE",1886086,"90NX05U1-M026W0-OH"
26343,"NRO_PARTE",1886089,"90NX05U1-M02FT0-OH"
26343,"NRO_PARTE",1886092,"90NX05U1-M01H90-OH"
26343,"NRO_PARTE",1886093,"90NX05U1-M02FU0-OP"
26343,"NRO_PARTE",1886095,"90NX05U1-M02FU0-OH"
26343,"NRO_PARTE",2796039,"V14G4R3081003-OH"
26343,"NRO_PARTE",2796046,"21KG00LELM"
26343,"NRO_PARTE",2144847,"PSY19U-0Q405F-DN"
26343,"NRO_PARTE",2557082,"90NX06X1-M01TX0-OH"
26343,"NRO_PARTE",2538401,"PMM20U-24M07L-DN-OP"
26343,"NRO_PARTE",2552604,"9Q1F0AT#ABM-OP"
26343,"NRO_PARTE",3823272,"V15G5C73481200H#"
26343,"NRO_PARTE",3823381,"T16G8C73481100#-OH"
26343,"NRO_PARTE",2626125,"5W2PL4V439"
26343,"NRO_PARTE",2626206,"7WTPL4V448"
26343,"NRO_PARTE",2626211,"78TPL4V449"
26343,"NRO_PARTE",2626246,"58THL4V452"
26343,"NRO_PARTE",2626262,"5GTHL4V453"
26343,"NRO_PARTE",2626264,"7WTHL4V454"
26343,"NRO_PARTE",2626278,"5WMHL4V457"
26343,"NRO_PARTE",2626285,"5GMHL4V459"
26343,"NRO_PARTE",2626361,"78MHL4V467"
26343,"NRO_PARTE",2626366,"58MHH4V344"
26343,"NRO_PARTE",1998219,"V14G4R5116101#HP"
26343,"NRO_PARTE",1998285,"V15G4R3016101#HP"
26343,"NRO_PARTE",1998291,"LENOVO V15 G4 AMN"
26343,"NRO_PARTE",1998294,"V15G4R5108101HP"
26343,"NRO_PARTE",1998592,"PSY15U-0JM030-OH"
26343,"NRO_PARTE",1998598,"PSY15U-0JS030"
26343,"NRO_PARTE",2796012,"V14G4R3081003"
26343,"NRO_PARTE",2796018,"V15G4I7108201-OH2"
26343,"NRO_PARTE",2144849,"PSY19U-0Q405F-DN-OH"
26343,"NRO_PARTE",1774757,"3PTL342-3812SS1-HD"
26343,"NRO_PARTE",1774764,"3PTL342-3812OP1-HD"
26343,"NRO_PARTE",1774778,"3PTL342-3812OH1-FHD"
26343,"NRO_PARTE",2551821,"9Q6K4LA#ABM"
26343,"NRO_PARTE",2552062,"9Q6L1LA#ABM-OP"
26343,"NRO_PARTE",4094294,"TH16G8U5U161100-OH"
26343,"NRO_PARTE",2770079,"90NX0721-M002J0"
26343,"NRO_PARTE",2770085,"90NX0751-M00620-OH"
26343,"NRO_PARTE",2628903,"5GMHP4V405"
26343,"NRO_PARTE",2628951,"58THP4V416"
26343,"NRO_PARTE",2629520,"4PTL355-5812SOP3-A"
26343,"NRO_PARTE",3823265,"V15G5C73481100H#-OH"
26343,"NRO_PARTE",3823614,"T16G8C734161100#"
26343,"NRO_PARTE",2626184,"5WTPL4V445"
26343,"NRO_PARTE",2626229,"7GTPL4V450"
26343,"NRO_PARTE",2626267,"78THL4V455"
26343,"NRO_PARTE",2626321,"78MHL4V461"
26343,"NRO_PARTE",2626338,"5WMHL4V463"
26343,"NRO_PARTE",2626427,"7G2HL4V474"
26343,"NRO_PARTE",2626433,"782HH4V353"
26343,"NRO_PARTE",2626449,"5GTHH4V357"
26343,"NRO_PARTE",2626457,"58TP04V482"
26343,"NRO_PARTE",2626459,"5GTP04V483"
26343,"NRO_PARTE",1987253,"21JSS0QB00"
26343,"NRO_PARTE",1998274,"V15G4R3016101H"
26343,"NRO_PARTE",1998282,"V15G4R3016101HP"
26343,"NRO_PARTE",1998422,"21JUS0WE00"
26343,"NRO_PARTE",2796053,"V14G4R3081003-OP"
26343,"NRO_PARTE",2796180,"V15G4I71016201-OH2"
26343,"NRO_PARTE",2796215,"E14G5I31108001-2"
26343,"NRO_PARTE",2489886,"21HR000ULM-OH"
26343,"NRO_PARTE",2509843,"90NX06X1-M01960-OP"
26343,"NRO_PARTE",2557119,"90NX06X1-M01TY0-OH"
26343,"NRO_PARTE",1774785,"3PTL342-3812SS3-HD"
26343,"NRO_PARTE",1799951,"3PTL543-5856SOP3-FHD"
26343,"NRO_PARTE",4093988,"90NX08N1-M01CT0_PCMSB"
26343,"NRO_PARTE",4094346,"TH16G8U7H81100-OH"
26343,"NRO_PARTE",2770081,"90NX0721-M002J0-OP"
26343,"NRO_PARTE",2770084,"90NX0751-M00620"
26343,"NRO_PARTE",2629534,"4PTL355-5812SSS3-AN"
26343,"NRO_PARTE",2626274,"7GTHL4V456"
26343,"NRO_PARTE",2626287,"7WMHL4V460"
26343,"NRO_PARTE",2626464,"78TP04V485"
26343,"NRO_PARTE",2626649,"90NX07B1-M00SP0"
26343,"NRO_PARTE",2626650,"90NX07B1-M00SP0-OH"
26343,"NRO_PARTE",2626652,"HNPIDL525I7H114-C"
26343,"NRO_PARTE",2626654,"90NX06X1-M02HK0-OH"
26343,"NRO_PARTE",2626655,"90NX06X1-M02HK0"
26343,"NRO_PARTE",2626824,"5GTH04V537"
26343,"NRO_PARTE",2626856,"58TU04V542"
26343,"NRO_PARTE",1987059,"21JSS0Q900"
26343,"NRO_PARTE",2796185,"V15G4I71016201-OP2"
26343,"NRO_PARTE",3839321,"A24ZWLA#ABM-ACG4M"
26343,"NRO_PARTE",2035347,"PSY19U-0EG03Q-OH"
26343,"NRO_PARTE",2489899,"21HR000ULM-OP"
26343,"NRO_PARTE",3823356,"T16G8C73481100#"
26343,"NRO_PARTE",3823605,"T16G8C73482100#-OH"
26343,"NRO_PARTE",1987086,"21JSS0Q900-OH"
26343,"NRO_PARTE",2796177,"V15G4I71016201-2"
26343,"NRO_PARTE",3839373,"B41X4LS#ABM-ACG4M"
26343,"NRO_PARTE",2035392,"PSY19U-0EL03Q"
26343,"NRO_PARTE",2035522,"K14G2I5108101HP"
26343,"NRO_PARTE",2035531,"LPSVG12JN1007"
26343,"NRO_PARTE",2138884,"21G1S05900"
26343,"NRO_PARTE",2138889,"21G1S05200"
26343,"NRO_PARTE",2138891,"21G1S05200-OP"
26343,"NRO_PARTE",2138893,"21G1S05C00-OH"
26343,"NRO_PARTE",4094291,"TH16G8U5U161100"
26343,"NRO_PARTE",2770086,"90NX0751-M00620-OP"
26343,"NRO_PARTE",3823717,"T16G8C73481100H#-OH"
26343,"NRO_PARTE",3823730,"T16G8C734161100H#-OH"
26343,"NRO_PARTE",3823733,"T16G8C734162100H#"
26343,"NRO_PARTE",2938810,"21KH00TWLM"
26343,"NRO_PARTE",2938811,"21KG00RKLM"
26343,"NRO_PARTE",2938813,"82YY002YLM"
26343,"NRO_PARTE",2938875,"E14G619162100"
26343,"NRO_PARTE",2035375,"PSY19U-0EG03Q-OP"
26343,"NRO_PARTE",2035406,"PSY19U-0EL03Q-OH"
26343,"NRO_PARTE",2035520,"LPSVG12JN1006"
26343,"NRO_PARTE",2138887,"21G1S05900-OH"
26343,"NRO_PARTE",2138888,"21G1S05900-OP"
26343,"NRO_PARTE",2138923,"21G1S05800"
26343,"NRO_PARTE",2138929,"21G1S05A00-OP"
26343,"NRO_PARTE",2138932,"21G1S05300"
26343,"NRO_PARTE",2138944,"21G1S05700"
26343,"NRO_PARTE",2138967,"PML20U-1FJ07C-A"
26343,"NRO_PARTE",4094383,"TH14G8U5U81100-OH"
26343,"NRO_PARTE",2629585,"4PTL355-5161SSS3"
26343,"NRO_PARTE",2939967,"6P2G7LT#ABM-OH4"
26343,"NRO_PARTE",3839416,"A24ZSLT#ABM-ACG4M"
26343,"NRO_PARTE",3305855,"4PTL555-7161SOH3-ME"
26343,"NRO_PARTE",2138890,"21G1S05200-OH"
26343,"NRO_PARTE",2138892,"21G1S05C00"
26343,"NRO_PARTE",2138959,"PML20U-1FJ07C"
26343,"NRO_PARTE",2138962,"PML20U-1FJ07C-OH"
26343,"NRO_PARTE",2138970,"PML20U-1FJ07C-A-OH"
26343,"NRO_PARTE",2138973,"PML20U-1FJ07C-A-OP"
26343,"NRO_PARTE",2138975,"PMM20U-1YD07L"
26343,"NRO_PARTE",2138977,"PMM20U-1YD07L-OP"
26343,"NRO_PARTE",2138978,"PMM20U-1YD07L-A"
26343,"NRO_PARTE",2138980,"PMM20U-1YD07L-A-OP"
26343,"NRO_PARTE",2141956,"21AJS1SA00"
26343,"NRO_PARTE",2141963,"90NX04U1-M00U60-OH"
26343,"NRO_PARTE",2141973,"21AJS1SC00"
26343,"NRO_PARTE",2141981,"21HR000ULM"
26343,"NRO_PARTE",2141989,"90NX04U1-M00U60"
26343,"NRO_PARTE",2141991,"V15G4I5128201H"
26343,"NRO_PARTE",2142029,"V15G4I5128201HA"
26343,"NRO_PARTE",1839342,"7Y9X9LT#ABM-OH"
26343,"NRO_PARTE",2031335,"21H4S54B00-OH"
26343,"NRO_PARTE",2031460,"21H8S1SM00-OP"
26343,"NRO_PARTE",2031493,"21H8S1SS00-OH"
26343,"NRO_PARTE",2778873,"L07AN5X32"
26343,"NRO_PARTE",2778905,"PNL13U-09W009-OH"
26343,"NRO_PARTE",3135100,"E16G2R7116201"
26343,"NRO_PARTE",4227164,"TB16G9R732512-OH"
26343,"NRO_PARTE",4227167,"V15G5C533081100#"
26343,"NRO_PARTE",4227219,"TB16G9R7321000"
26343,"NRO_PARTE",2530704,"21G1S0BD00- OH"
26343,"NRO_PARTE",3979513,"5PTDPP14-7U321SOH3-BW7"
26343,"NRO_PARTE",3153476,"T14G7U71732201"
26343,"NRO_PARTE",1832963,"MAXBOOK0004"
26343,"NRO_PARTE",3137023,"AJ7B4LT#ABM"
26343,"NRO_PARTE",1782747,"20V3002ELM"
26343,"NRO_PARTE",3780877,"WE16I7F146"
26343,"NRO_PARTE",2623365,"IDL525"
26343,"NRO_PARTE",2798096,"A4UJ6LS#ABM-OPA."
26343,"NRO_PARTE",4117013,"MDL2509UL1E4K"
26343,"NRO_PARTE",4117034,"MDL2509O4C2S8"
26343,"NRO_PARTE",2142049,"V15G4I5128201P"
26343,"NRO_PARTE",1839444,"PMM20U-1Q206V-OP"
26343,"NRO_PARTE",1887062,"20W5S69Y00-OH."
26343,"NRO_PARTE",2032482,"21H2S4HW00-OP"
26343,"NRO_PARTE",2032483,"21H2S4HW00"
26343,"NRO_PARTE",2031359,"21H4S54900"
26343,"NRO_PARTE",2031407,"21H8S1ST00"
26343,"NRO_PARTE",2778740,"L05AN5X1D"
26343,"NRO_PARTE",2778837,"A24Z2LT#ABM-OP"
26343,"NRO_PARTE",2778841,"L07AN5X38"
26343,"NRO_PARTE",2778866,"L07AN5X33"
26343,"NRO_PARTE",2778951,"PNL13U-09W009-OP"
26343,"NRO_PARTE",3776551,"T14G5U721322100DCW-OH"
26343,"NRO_PARTE",3776825,"T16G3U721162100W"
26343,"NRO_PARTE",3135114,"E16G2R7116201-OH"
26343,"NRO_PARTE",4227189,"TB16G9R732512-OHU"
26343,"NRO_PARTE",2551875,"9Q6K4LA#ABM-OH"
26343,"NRO_PARTE",3137055,"AJ7B5LT#ABM"
26343,"NRO_PARTE",3137064,"AG4Y1LT#ABM"
26343,"NRO_PARTE",3137071,"A92JJLS#ABM"
26343,"NRO_PARTE",2788423,"A27NWLA#ABM-OP"
26343,"NRO_PARTE",2788498,"A24Z8LA#ABM"
26343,"NRO_PARTE",2788536,"A24Z8LA#ABM-OH"
26343,"NRO_PARTE",2629923,"WE14I3T107P-6"
26343,"NRO_PARTE",2629928,"4PTL355-5161SOH3-AN"
26343,"NRO_PARTE",2552618,"9Q6Q6LA#ABM"
26343,"NRO_PARTE",2798092,"83A100GJLMSO"
26343,"NRO_PARTE",2798149,"83A100GJLMSO-OP"
26343,"NRO_PARTE",2798163,"K14G2I7216201-2"
26343,"NRO_PARTE",4116877,"MDL2509D3P5I8"
26343,"NRO_PARTE",4117085,"MDL2509M2M2WH"
26343,"NRO_PARTE",2141996,"21HR000VLM"
26343,"NRO_PARTE",2142135,"V15G4I5128201PA"
26343,"NRO_PARTE",2142146,"PSY19U-0FG035-DN-OH"
26343,"NRO_PARTE",2142185,"SATELLITE PRO® C50-K"
26343,"NRO_PARTE",2142210,"PSY19U-0FG035-DN-OP"
26343,"NRO_PARTE",1887046,"20W5S69Y00."
26343,"NRO_PARTE",2778692,"L07AN5X1C"
26343,"NRO_PARTE",2778809,"L05AN5X24"
26343,"NRO_PARTE",2778872,"PNL13U-09W009"
26343,"NRO_PARTE",3776408,"T14G5U721322100DC"
26343,"NRO_PARTE",3135409,"T16G7U5168201"
26343,"NRO_PARTE",4227201,"V15G5C533081100#-OH"
26343,"NRO_PARTE",4227227,"V15G5C533161100#"
26343,"NRO_PARTE",4227280,"TB16G9R7321000-OH"
26343,"NRO_PARTE",2530673,"21G1S0BE00-OH"
26343,"NRO_PARTE",3136968,"B03E5LA#ABM"
26343,"NRO_PARTE",3378492,"801F3LT#ABM."
26343,"NRO_PARTE",3378528,"8L763LS#ABM."
26343,"NRO_PARTE",2788545,"A24Z8LA#ABM-OP"
26343,"NRO_PARTE",2629860,"4PTL355-5161SOP3-A"
26343,"NRO_PARTE",2589441,"4PTL344-5812SOH3-FHD-AC"
26343,"NRO_PARTE",2798219,"83A100EQLMSO-OH"
26343,"NRO_PARTE",2798253,"83A100EQLMSO"
26343,"NRO_PARTE",4116964,"MDL2509T9H7A0"
26343,"NRO_PARTE",4116987,"MDL2509WZVR7L"
26343,"NRO_PARTE",2030947,"3PTL544-7161SOH3-P-VP"
26343,"NRO_PARTE",2778736,"L07AN5X1E"
26343,"NRO_PARTE",2779035,"PNL13U-09X009-OH"
26343,"NRO_PARTE",4225329,"WE15U7A115"
26343,"NRO_PARTE",3135451,"T16G7U5168201-OH"
26343,"NRO_PARTE",1776973,"3PTLV352-R5856SOH3-AME"
26343,"NRO_PARTE",3153513,"T14G7U71732201-OH"
26343,"NRO_PARTE",3137048,"AJ7B3LT#ABM"
26343,"NRO_PARTE",3378519,"81D42LT#ABM."
26343,"NRO_PARTE",3780986,"WE15I7F115B"
26343,"NRO_PARTE",2788683,"A24Z9LA#ABM"
26343,"NRO_PARTE",2788699,"A24Z9LA#ABM-OH"
26343,"NRO_PARTE",2788719,"A24Z9LA#ABM-OP"
26343,"NRO_PARTE",2630070,"4PTL355-3812SOH3"
26343,"NRO_PARTE",2630092,"4PTL355-3812SOP3"
26343,"NRO_PARTE",2798073,"83A100GJLMSO-OH"
26343,"NRO_PARTE",2800060,"E14G6R3108102-OP"
26343,"NRO_PARTE",4116882,"MDL2509ZJ9H7J"
26343,"NRO_PARTE",4116891,"MDL2509YB1ZH7"
26343,"NRO_PARTE",4116953,"MDL2509R7S8XZ"
26343,"NRO_PARTE",4117140,"MDL2509H7I8D3"
26343,"NRO_PARTE",4117144,"MDL2509M2D3G6"
26343,"NRO_PARTE",4117166,"MDL2509Q6I8F5"
26343,"NRO_PARTE",2142071,"9F3S4LS#ABM"
26343,"NRO_PARTE",2142718,"V14G4I5118201A"
26343,"NRO_PARTE",2778794,"L05AN5X23"
26343,"NRO_PARTE",3135130,"E16G216161100-OH"
26343,"NRO_PARTE",3135489,"T16G7U51616101-O"
26343,"NRO_PARTE",3135498,"T16G7U71718201"
26343,"NRO_PARTE",3135506,"T16G7U7178201-OH"
26343,"NRO_PARTE",3135508,"T16G7U7178201"
26343,"NRO_PARTE",4227331,"V15G5C533161100#-OH"
26343,"NRO_PARTE",4221819,"CR5S5LS#ABM"
26343,"NRO_PARTE",1777021,"3PTLV35-5856SOH1-AME"
26343,"NRO_PARTE",1777024,"3PTLV35-5856SOH3-AME"
26343,"NRO_PARTE",3153572,"T14G7U51816101"
26343,"NRO_PARTE",3153577,"T14G7U51816101-OH"
26343,"NRO_PARTE",3153589,"T14G7U71932201"
26343,"NRO_PARTE",3136981,"B03E6LA#ABM"
26343,"NRO_PARTE",3378512,"7Z835LS#ABM."
26343,"NRO_PARTE",2589394,"4PTL344-5812SOH3-FHD"
26343,"NRO_PARTE",2589458,"4PTL344-5812SOP3-FHD-AC"
26343,"NRO_PARTE",2892265,"PML20U-1FJ07C-NA-OP"
26343,"NRO_PARTE",2798338,"82YU00X6LMSO"
26343,"NRO_PARTE",2798343,"82YU00X6LMSO-OH"
26343,"NRO_PARTE",4117016,"MDL2509T9R7S8"
26343,"NRO_PARTE",4117116,"MDL2509ZUZD3N"
26343,"NRO_PARTE",4117174,"MDL2509K0C2YB"
26343,"NRO_PARTE",2142124,"9F3S4LS#ABM-OH"
26343,"NRO_PARTE",2142140,"9F3S4LS#ABM-OP"
26343,"NRO_PARTE",2031443,"21H4S54800-OP"
26343,"NRO_PARTE",3398507,"21HL000TLM****"
26343,"NRO_PARTE",2778768,"A24Z2LT#ABM"
26343,"NRO_PARTE",2778787,"L07AN5X24"
26343,"NRO_PARTE",2778802,"L07AN5X2B"
26343,"NRO_PARTE",2778828,"L07AN5X39"
26343,"NRO_PARTE",2779000,"PNL13U-09X009"
26343,"NRO_PARTE",2779031,"WE14I3T102CM"
26343,"NRO_PARTE",3135161,"E16G219162100-OH"
26343,"NRO_PARTE",3135178,"82YU00X6LMSO*"
26343,"NRO_PARTE",1777180,"PSY15U-0JU056"
26343,"NRO_PARTE",1777214,"PSY15U-0JU056-OH"
26343,"NRO_PARTE",2745516,"V15G4I5216201"
26343,"NRO_PARTE",3153559,"T14G7U5188101-OH"
26343,"NRO_PARTE",3137052,"AJ7B6LT#ABM"
26343,"NRO_PARTE",3378589,"8C3Q6LS#ABM."
26343,"NRO_PARTE",3999295,"BV4T4LS#ABM"
26343,"NRO_PARTE",2788777,"A24Z6LT#ABM-OH"
26343,"NRO_PARTE",2892295,"PMM20U-24M07L-NA-OP"
26343,"NRO_PARTE",4116874,"MDL2509N3C2J9"
26343,"NRO_PARTE",4117188,"MDL2509UP5A0N"
26343,"NRO_PARTE",4117199,"MDL2509C2Q6D3"
26343,"NRO_PARTE",4117215,"MDL2509B1VP5O"
26343,"NRO_PARTE",2030946,"3PTL544-7161SSS3-P-VP"
26343,"NRO_PARTE",3398511,"82W3S02E00-OH*****"
26343,"NRO_PARTE",2745595,"V15G4I5216201-OP"
26343,"NRO_PARTE",3153547,"T14G7U5188101"
26343,"NRO_PARTE",3999343,"BV4T6LS#ABM"
26343,"NRO_PARTE",3999371,"BV4T6LS#ABM-OH4"
26343,"NRO_PARTE",1777073,"NA3"
26343,"NRO_PARTE",1777076,"NA6"
26343,"NRO_PARTE",2788742,"A24Z6LT#ABM"
26343,"NRO_PARTE",2798898,"E16G1I311016101-OP2"
26343,"NRO_PARTE",2798902,"E16G1I71108201-2"
26343,"NRO_PARTE",2798903,"E16G1I71108201-OH2"
26343,"NRO_PARTE",4117195,"MDL2509I8WP5L"
26343,"NRO_PARTE",2030951,"3PTL554-7161SOP3-P"
26343,"NRO_PARTE",1997658,"21CUS0PT00."
26343,"NRO_PARTE",2745541,"V15G4I5216201-OH"
26343,"NRO_PARTE",2745662,"T16G6I5116201"
26343,"NRO_PARTE",2745675,"T16G6I5116201A"
26343,"NRO_PARTE",2745681,"T16G6I5116201A-OH"
26343,"NRO_PARTE",2745687,"T16G6I5116201A-OP"
26343,"NRO_PARTE",2745697,"E14G6R3108001"
26343,"NRO_PARTE",2788856,"PML30U-09Y00V-A"
26343,"NRO_PARTE",2788864,"PML30U-09Y00V-A-OP"
26343,"NRO_PARTE",2788880,"PSY19U-0FH035-A-OH"
26343,"NRO_PARTE",2788884,"PSY19U-0FH035-A-OP"
26343,"NRO_PARTE",2798922,"E16G1I71116101-OH2"
26343,"NRO_PARTE",4117035,"MDL2509S8Q6VV"
26343,"NRO_PARTE",4117224,"MDL2509D3D3H7"
26343,"NRO_PARTE",2644937,"A58PQLS#ABM-OPA"
26343,"NRO_PARTE",3141225,"E16G6U5188201-OH"
26343,"NRO_PARTE",3141326,"E16G6U71932201"
26343,"NRO_PARTE",3141343,"E16G6U71932201-OH"
26343,"NRO_PARTE",3141364,"E16G2R5108102-OH"
26343,"NRO_PARTE",3141391,"T14G6IRLI308001"
26343,"NRO_PARTE",3141392,"E14G6R3108203-OH"
26343,"NRO_PARTE",2588468,"A2QU5LS#ABM-OP"
26343,"NRO_PARTE",2589662,"4PTL344-781SSS3-FHD"
26343,"NRO_PARTE",2553417,"MODELO 2L"
26343,"NRO_PARTE",1781565,"V14G4R510081#01A"
26343,"NRO_PARTE",1781896,"V15G4R390810#1HA"
26343,"NRO_PARTE",2798413,"K14G2I7216201H-2"
26343,"NRO_PARTE",2798427,"K14G2I7216201P-2"
26343,"NRO_PARTE",2798475,"K14G2I7208201H-2"
26343,"NRO_PARTE",1764061,"3PTL352-3456SS1-FHD"
26343,"NRO_PARTE",3136048,"T16G7U71716101"
26343,"NRO_PARTE",3136072,"T16G7U51616101-OH"
26343,"NRO_PARTE",2784559,"4PTL355-7U161SOP3-B"
26343,"NRO_PARTE",3777609,"T16G3U721162100DW-OH"
26343,"NRO_PARTE",2644919,"A58PQLS#ABM-OP"
26343,"NRO_PARTE",3141257,"E16G6U51816201-OH"
26343,"NRO_PARTE",3141273,"E16G6U7198201"
26343,"NRO_PARTE",3141305,"E16G6U71916201-OH"
26343,"NRO_PARTE",3141372,"E16G2R7132101"
26343,"NRO_PARTE",2553465,"9C6S6LA#ABM-AC"
26343,"NRO_PARTE",2553484,"A09DZLS#ABM-OP"
26343,"NRO_PARTE",2553506,"A09E0LS#ABM-OP"
26343,"NRO_PARTE",1781705,"V15G4R51008001PA"
26343,"NRO_PARTE",1781818,"V15G4R51016101#HA"
26343,"NRO_PARTE",1781860,"V15G4R3908101HA"
26343,"NRO_PARTE",2558809,"90NX0741-M002F0."
26343,"NRO_PARTE",2798451,"K14G2I7208201-2"
26343,"NRO_PARTE",2798501,"K14G2I7208201P-2"
26343,"NRO_PARTE",1763622,"21E4S24T00"
26343,"NRO_PARTE",2938910,"E16G216161100"
26343,"NRO_PARTE",2784436,"4PTL355-5U812SOH3-B"
26343,"NRO_PARTE",4108074,"BS6G7LT#ABM-OH4"
26343,"NRO_PARTE",3777830,"T16G3U721322100W"
26343,"NRO_PARTE",3141351,"E16G2R5116202-OH"
26343,"NRO_PARTE",3141444,"T14G6IRLI308001-OH"
26343,"NRO_PARTE",3141467,"T14G6IRLI308101"
26343,"NRO_PARTE",3141478,"T14G6IRLI308101-OH"
26343,"NRO_PARTE",2553013,"WE15I5T115P-3"
26343,"NRO_PARTE",1781607,"V14G4R510081#01PA"
26343,"NRO_PARTE",1781668,"V14G4R51016101#A"
26343,"NRO_PARTE",1781700,"V15G4R51008001HA"
26343,"NRO_PARTE",1781765,"V15G4R5100810#1A"
26343,"NRO_PARTE",1781771,"V15G4R5100810#1HA"
26343,"NRO_PARTE",1781807,"V15G4R51016101#PA"
26343,"NRO_PARTE",3153038,"A24ZWLA#ABM-OH4"
26343,"NRO_PARTE",2798515,"K14G2I716101-2"
26343,"NRO_PARTE",2798540,"K14G2I716101H-2"
26343,"NRO_PARTE",1764332,"3PTL352-3412OP3-HD"
26343,"NRO_PARTE",1764026,"3PTL352-3456OP1-HD"
26343,"NRO_PARTE",1764152,"3PTL352-3456SS3-FHD"
26343,"NRO_PARTE",1764325,"3PTL352-3412SS3-HD"
26343,"NRO_PARTE",2938837,"E14G616161100"
26343,"NRO_PARTE",2938945,"E16G219161100"
26343,"NRO_PARTE",2555443,"A11S3LA#ABM-AR"
26343,"NRO_PARTE",2031987,"PML20U-1F207C"
26343,"NRO_PARTE",2031989,"PML20U-1F207C-OH"
26343,"NRO_PARTE",2488696,"PSY19U-0FG035-DN"
26343,"NRO_PARTE",2488716,"PML30U-0C000V"
26343,"NRO_PARTE",1781830,"V15G4R51016101#A"
26343,"NRO_PARTE",1781882,"V15G4R390810#1PA"
26343,"NRO_PARTE",1781909,"V15G4R390810#1A"
26343,"NRO_PARTE",3153035,"9Q6K4LA#ABM-OH4"
26343,"NRO_PARTE",2558866,"Y15MI7105"
26343,"NRO_PARTE",2558907,"Y15MI7105W"
26343,"NRO_PARTE",2798624,"K14G2I708101-2"
26343,"NRO_PARTE",1763498,"21E4S0DW00"
26343,"NRO_PARTE",1763720,"21E4S0FP00"
26343,"NRO_PARTE",1763775,"21CSS1NA00"
26343,"NRO_PARTE",3136004,"A98Y1LT#ABM"
26343,"NRO_PARTE",2938854,"E14G619161100"
26343,"NRO_PARTE",2938973,"E16G219162100"
26343,"NRO_PARTE",2554276,"A05GYLA#ABM"
26343,"NRO_PARTE",3806812,"PSY29U-09K00L-E-OH"
26343,"NRO_PARTE",3864010,"B7KG0AT#ABM-OH4"
26343,"NRO_PARTE",3993714,"BV4T3LS#ABM"
26343,"NRO_PARTE",3777673,"T16G3U721322100"
26343,"NRO_PARTE",3777687,"4PTL745-7U161SSS31-VP"
26343,"NRO_PARTE",2031975,"T16G2I7916201"
26343,"NRO_PARTE",2031976,"T14G4I7916201"
26343,"NRO_PARTE",2031977,"L15G4I7916201"
26343,"NRO_PARTE",3917234,"5PTDP16-5851SSS3"
26343,"NRO_PARTE",2790318,"T14G6I3016101-OP2"
26343,"NRO_PARTE",2790339,"T14G6I3016201-OP2"
26343,"NRO_PARTE",1738727,"21E7S34R00"
26343,"NRO_PARTE",1738728,"21E7S18V00"
26343,"NRO_PARTE",3141534,"T14G6IRLI518101"
26343,"NRO_PARTE",1781844,"V15G4R3908101A"
26343,"NRO_PARTE",1763829,"3PTL342-3812SS3-FHD"
26343,"NRO_PARTE",1763830,"3PTL342-3812OP3-FHD"
26343,"NRO_PARTE",2554310,"A05H4LA#ABM"
26343,"NRO_PARTE",2554321,"A05H4LA#ABM-OP"
26343,"NRO_PARTE",2631845,"T16G6I71116201-OH"
26343,"NRO_PARTE",3777772,"T16G3U721322100DC-OH"
26343,"NRO_PARTE",3777936,"T16G3U721322100DCW"
26343,"NRO_PARTE",3777988,"T16G3U721322100DCW-OH"
26343,"NRO_PARTE",2031978,"L14G4I7916201"
26343,"NRO_PARTE",3917277,"5PTDP16-5851SOH3"
26343,"NRO_PARTE",1738729,"21E7S1JG00"
26343,"NRO_PARTE",1738730,"21E7S19H00"
26343,"NRO_PARTE",1738756,"21E7S19M00"
26343,"NRO_PARTE",1738763,"21E7S1FD00"
26343,"NRO_PARTE",1738772,"21E7S17J00"
26343,"NRO_PARTE",1738773,"21E7S1AX00"
26343,"NRO_PARTE",1738780,"21E7S1KV00"
26343,"NRO_PARTE",1738781,"21E7S1D700"
26343,"NRO_PARTE",1738783,"21E7S17G00"
26343,"NRO_PARTE",3141543,"T14G6IRLI518101-OH"
26343,"NRO_PARTE",3141571,"T14G6IRLI518201"
26343,"NRO_PARTE",1774408,"3PTL342-3412SS1-HD"
26343,"NRO_PARTE",1774434,"3PTL342-3412OP1-HD"
26343,"NRO_PARTE",1806066,"E16G1I71108201H"
26343,"NRO_PARTE",1763734,"21E4S24S00"
26343,"NRO_PARTE",3135962,"A98Y0LT#ABM"
26343,"NRO_PARTE",3136073,"A98Y1LT#ABM-OH4"
26343,"NRO_PARTE",2939170,"21KH00TWLMSO"
26343,"NRO_PARTE",2554422,"A09DJLS#ABM-OH"
26343,"NRO_PARTE",3777878,"T16G3U721322100W-OH"
26343,"NRO_PARTE",2031990,"PML20U-1F207C-OP"
26343,"NRO_PARTE",3917364,"5PTDP16-71651SSS3"
26343,"NRO_PARTE",3917385,"5PTDP16-71651SOH3"
26343,"NRO_PARTE",2790426,"T14G6I518101-OH2"
26343,"NRO_PARTE",3141663,"T14G6IRLI5116201"
26343,"NRO_PARTE",1774383,"3PTL342-3456OP3-FHD"
26343,"NRO_PARTE",1774449,"3PTL342-3412SS1-FHD"
26343,"NRO_PARTE",2798593,"K14G2I716101P-2"
26343,"NRO_PARTE",1763794,"21CSS1MX00"
26343,"NRO_PARTE",1763707,"21E4S0FN00"
26343,"NRO_PARTE",3136111,"7Y9X9LT#ABM-OH4"
26343,"NRO_PARTE",2554378,"A09DJLS#ABM"
26343,"NRO_PARTE",2790319,"T14G6I30162012"
26343,"NRO_PARTE",2790364,"T14G6I5181012"
26343,"NRO_PARTE",1738785,"21E7S18300"
26343,"NRO_PARTE",3141595,"T14G6IRLI518201-OH"
26343,"NRO_PARTE",3141690,"T14G6IRLI728201-OH"
26343,"NRO_PARTE",3141696,"T14G6IRLI7216201"
26343,"NRO_PARTE",3141778,"V14G5C581100-OH"
26343,"NRO_PARTE",3141786,"V14G5C5162100-OH"
26343,"NRO_PARTE",3141789,"T16G6IRLI518101"
26343,"NRO_PARTE",3141790,"V14G5C5162100"
26343,"NRO_PARTE",1774428,"3PTL342-3412OH1-HD"
26343,"NRO_PARTE",1774460,"3PTL342-3412OH1-FHD"
26343,"NRO_PARTE",1774475,"3PTL342-3412OP1-FHD"
26343,"NRO_PARTE",1774504,"3PTL342-3412SS3-HD"
26343,"NRO_PARTE",3895385,"V15G5C33280100NSO"
26343,"NRO_PARTE",3895391,"V15G5C33281100NSO"
26343,"NRO_PARTE",2558939,"Y15MI7105WHB"
26343,"NRO_PARTE",2559030,"N50SG4I7616401"
26343,"NRO_PARTE",2559031,"N50SG4I7616401H"
26343,"NRO_PARTE",2559032,"N50SG4I7616401P"
26343,"NRO_PARTE",1763517,"21E4S24M00"
26343,"NRO_PARTE",3136096,"7Y9X9LT#ABM."
26343,"NRO_PARTE",2939100,"21KH00CHLM-OH"
26343,"NRO_PARTE",2939116,"21KH00CHLMSO"
26343,"NRO_PARTE",2939124,"21KH00CHLMSO-OH"
26343,"NRO_PARTE",2554450,"A09DJLS#ABM-OP"
26343,"NRO_PARTE",3778107,"T14SG5U721162100"
26343,"NRO_PARTE",2803242,"21CUS0PT00-2"
26343,"NRO_PARTE",4069798,"TH14G8U7H162100"
26343,"NRO_PARTE",4069888,"TH14G8U7H162100H-OH"
26343,"NRO_PARTE",3732786,"4PTL555-7U161SSS3F-4V"
26343,"NRO_PARTE",2893451,"B0WH7LS#ABM-OH"
26343,"NRO_PARTE",3967028,"PDA52U-07T00Y"
26343,"NRO_PARTE",3130585,"4PTL555-7161SSS3-VP-C"
26343,"NRO_PARTE",3130629,"4PTL555-7U641SSS3-B"
26343,"NRO_PARTE",2033563,"WE15I7T115P-M"
26343,"NRO_PARTE",2033564,"WE15I7T107P-M"
26343,"NRO_PARTE",2033565,"WE15I7108P-M"
26343,"NRO_PARTE",3852076,"PNM13U-0WD00F-OH"
26343,"NRO_PARTE",2488237,"9Q8T9LS#ABM"
26343,"NRO_PARTE",2488267,"9Q8U3LS#ABM-OH"
26343,"NRO_PARTE",2488268,"9Q8U3LS#ABM-OP"
26343,"NRO_PARTE",2488277,"9Q8U4LS#ABM"
26343,"NRO_PARTE",3723926,"4PTL355-7U161SSS3-N"
26343,"NRO_PARTE",3723944,"4PTL355-7U161SOH3-C-N"
26343,"NRO_PARTE",1901465,"PMM2AU-11R03C-OH"
26343,"NRO_PARTE",1902136,"V15#G4#R5008101PA5"
26343,"NRO_PARTE",3752196,"B98Q0LA#ABM"
26343,"NRO_PARTE",3752230,"B98Q0LA#ABM-OH4"
26343,"NRO_PARTE",3752258,"B98Q1LA#ABM-OH4"
26343,"NRO_PARTE",1836734,"E14G5I31108101H"
26343,"NRO_PARTE",1837018,"E14G5I31108101PA"
26343,"NRO_PARTE",1837054,"E16G1I31108101H"
26343,"NRO_PARTE",1777071,"NA2"
26343,"NRO_PARTE",1777074,"NA4"
26343,"NRO_PARTE",1777075,"NA5"
26343,"NRO_PARTE",4054663,"PNM11U-1W200D"
26343,"NRO_PARTE",4054836,"T16G4U741162100C-OH"
26343,"NRO_PARTE",2555021,"A09DKLS#ABM-OP"
26343,"NRO_PARTE",2555118,"LPECWVFRBKW11"
26343,"NRO_PARTE",4099408,"CWI570"
26343,"NRO_PARTE",4099576,"V15G4I7H11611"
26343,"NRO_PARTE",2803265,"21CUS0PT00-OH2"
26343,"NRO_PARTE",2803292,"21CUS0PT00-OP2"
26343,"NRO_PARTE",2893487,"B0WH7LS#ABM-OP"
26343,"NRO_PARTE",3967073,"PDA52U-07T00Y-OH"
26343,"NRO_PARTE",3967105,"PDA52U-07U00Y"
26343,"NRO_PARTE",2623474,"NL5H58IM2VA9I5"
26343,"NRO_PARTE",2534872,"9P7L0AT#ABM"
26343,"NRO_PARTE",2534880,"9P7L2AT#ABM"
26343,"NRO_PARTE",2534949,"89K99LS#ABM"
26343,"NRO_PARTE",2488245,"9Q8T9LS#ABM-OH"
26343,"NRO_PARTE",2488251,"9Q8T9LS#ABM-OP"
26343,"NRO_PARTE",2488257,"9Q8U3LS#ABM"
26343,"NRO_PARTE",3723947,"4PTL355-7U641SSS3-N"
26343,"NRO_PARTE",3723960,"4PTL355-7U641SOH3-N"
26343,"NRO_PARTE",3724001,"E16G6U51616101H"
26343,"NRO_PARTE",1901435,"PML20U-1DR07C-OP"
26343,"NRO_PARTE",3851118,"BP3M7LS#ABM-OH4A"
26343,"NRO_PARTE",4054604,"PNM11U-1W200D-OH"
26343,"NRO_PARTE",4054635,"T14G6U741162100B"
26343,"NRO_PARTE",2555000,"A09DKLS#ABM-OH"
26343,"NRO_PARTE",2555068,"7Z7J0LT#ABM-M"
26343,"NRO_PARTE",2537370,"9Q1F3AT#ABM-OP"
26343,"NRO_PARTE",3922991,"BU0M6LS#ABM"
26343,"NRO_PARTE",3922992,"BU4D7LS#ABM"
26343,"NRO_PARTE",3732765,"4PTL355-7161SSS3F-2V"
26343,"NRO_PARTE",3953014,"5PTDP16-3825SSS3-U"
26343,"NRO_PARTE",2588248,"N14T"
26343,"NRO_PARTE",2535025,"9D197LT#ABM"
26343,"NRO_PARTE",3723938,"V15G5C73481200"
26343,"NRO_PARTE",3723966,"V15G5C734162100"
26343,"NRO_PARTE",3724043,"E16G6U51616101H-OH"
26343,"NRO_PARTE",3724074,"E16G6U51616201H"
26343,"NRO_PARTE",1926992,"V14G4I3908001PA"
26343,"NRO_PARTE",1780437,"V14G4R51008101PA"
26343,"NRO_PARTE",1780465,"V14G4R5100810#1HA"
26343,"NRO_PARTE",1780701,"21E4S3CC00"
26343,"NRO_PARTE",1780705,"21E7S4TN00"
26343,"NRO_PARTE",1780707,"21CSS1WB00"
26343,"NRO_PARTE",4054748,"T14G6U741162100B-OH"
26343,"NRO_PARTE",4226088,"T16G9C73481100"
26343,"NRO_PARTE",4099521,"V15G2N450008111"
26343,"NRO_PARTE",3923070,"90NX06X1-M01920_"
26343,"NRO_PARTE",3923075,"90NX06X1-M01920_OH"
26343,"NRO_PARTE",4069959,"TH14G8U7H322100"
26343,"NRO_PARTE",4070024,"TH14G8U7H322100-OH"
26343,"NRO_PARTE",4070054,"TH14G8U7H82100"
26343,"NRO_PARTE",4002180,"BM5M6LA#ABM-M"
26343,"NRO_PARTE",3929038,"5PTDP14-7U321SSS3-A"
26343,"NRO_PARTE",2893530,"A6WB0LA#ABM"
26343,"NRO_PARTE",2893619,"A6WB0LA#ABM-OP"
26343,"NRO_PARTE",3967174,"PDA52U-07U00Y-OH"
26343,"NRO_PARTE",2622109,"MN156I5"
26343,"NRO_PARTE",2535058,"9E527LA#ABM"
26343,"NRO_PARTE",2535073,"81U53LT#ABM"
26343,"NRO_PARTE",2535083,"9J6K7AT#ABM"
26343,"NRO_PARTE",3723951,"V15G5C73481200-OH"
26343,"NRO_PARTE",3723961,"V15G5C734161100"
26343,"NRO_PARTE",3723964,"V15G5C734161100-OH"
26343,"NRO_PARTE",3723971,"V15G5C734162100-OH"
26343,"NRO_PARTE",1901461,"PMM2AU-11S03C-OP"
26343,"NRO_PARTE",1902066,"V14#G4R3908001A"
26343,"NRO_PARTE",3851296,"V15G5C53381100H#-OH"
26343,"NRO_PARTE",1780423,"V14G4R51008101HA"
26343,"NRO_PARTE",1780454,"89C09LA#ABM-OPA"
26343,"NRO_PARTE",4054883,"PSY29U-4VM001"
26343,"NRO_PARTE",4054887,"T16G4U741162100B"
26343,"NRO_PARTE",1763305,"PML20U-0UN011-OH"
26343,"NRO_PARTE",1763310,"PML20U-0UN011-OP"
26343,"NRO_PARTE",1763331,"21E4S24K00"
26343,"NRO_PARTE",1763333,"21E4S24R00"
26343,"NRO_PARTE",1763339,"21E4S24Q00"
26343,"NRO_PARTE",2555116,"7Z7J0LT#ABM-OHM"
26343,"NRO_PARTE",2555157,"7Z7J0LT#ABM-OPM"
26343,"NRO_PARTE",4226117,"E16G3U721162100#"
26343,"NRO_PARTE",4226164,"T16G9C734161100"
26343,"NRO_PARTE",4226165,"T16G9C734161100-OH"
26343,"NRO_PARTE",4226169,"90NX0881-M02PM0"
26343,"NRO_PARTE",4226185,"TB16G9R7161000"
26343,"NRO_PARTE",4226187,"E16G3U721322100#-OH"
26343,"NRO_PARTE",4099570,"V15G4I7H1811"
26343,"NRO_PARTE",2537362,"9Q1F3AT#ABM"
26343,"NRO_PARTE",3923063,"BU4D7LS#ABM-OH4"
26343,"NRO_PARTE",4070111,"TH14G8U7H161100"
26343,"NRO_PARTE",3130599,"4PTL555-7161SOH3-VP-C"
26343,"NRO_PARTE",3130641,"4PTL555-7U641SOH3-B"
26343,"NRO_PARTE",2534877,"81H23LT#ABM"
26343,"NRO_PARTE",2534946,"9S7D5AT#ABM"
26343,"NRO_PARTE",2535029,"9S8U5LA#ABM"
26343,"NRO_PARTE",3724154,"E16G6U51616201H-OH"
26343,"NRO_PARTE",3376260,"V15G5C380100-OH"
26343,"NRO_PARTE",1901460,"PMM2AU-11Q03C-OP"
26343,"NRO_PARTE",3750167,"B5LR2LS#ABM"
26343,"NRO_PARTE",1780540,"V15G3I501610#1A"
26343,"NRO_PARTE",1780473,"V14G4R5100810#1A"
26343,"NRO_PARTE",4054800,"PSY29U-4VM001-OH"
26343,"NRO_PARTE",3752003,"E16G6U7198201H-OH"
26343,"NRO_PARTE",3752035,"B9FN1LA#ABM"
26343,"NRO_PARTE",4226095,"TB16G9R716512-OH"
26343,"NRO_PARTE",4226120,"TB16G9R716512-OHU"
26343,"NRO_PARTE",4226134,"T16G9C73482100"
26343,"NRO_PARTE",4226158,"A24Z2LT#ABM."
26343,"NRO_PARTE",4226208,"T16G9C734162100"
26343,"NRO_PARTE",4226210,"TB16G9R7161000-OH"
26343,"NRO_PARTE",4226211,"T16G9C734322100"
26343,"NRO_PARTE",4226212,"T16G9C734322100-OH"
26343,"NRO_PARTE",2537366,"9Q1F3AT#ABM-OH"
26343,"NRO_PARTE",1837157,"3PTL354-3812SOP3"
26343,"NRO_PARTE",3923078,"BU4D9LS#ABM-OH4"
26343,"NRO_PARTE",3923086,"BU9J9LS#ABM"
26343,"NRO_PARTE",3923088,"90NX07B1-M00640_"
26343,"NRO_PARTE",3923089,"90NX07B1-M00640_OH"
26343,"NRO_PARTE",3923092,"BU9J9LS#ABM-OH4"
26343,"NRO_PARTE",3923101,"BU9K0LS#ABM-OH4"
26343,"NRO_PARTE",3923107,"BU9K1LS#ABM"
26343,"NRO_PARTE",3923112,"BR3V3LS#ABM"
26343,"NRO_PARTE",3923119,"BU9K4LS#ABM"
26343,"NRO_PARTE",3923128,"BU9K5LS#ABM-OH4"
26343,"NRO_PARTE",3923132,"BU9K8LS#ABM"
26343,"NRO_PARTE",3923135,"BU9K8LS#ABM-OH4"
26343,"NRO_PARTE",3923136,"BT2Y8LS#ABM"
26343,"NRO_PARTE",3923139,"BU9K9LS#ABM"
26343,"NRO_PARTE",3923142,"BU9K9LS#ABM-OH4"
26343,"NRO_PARTE",3923143,"BT2Y4LS#ABM"
26343,"NRO_PARTE",3923145,"BU9L0LS#ABM"
26343,"NRO_PARTE",3923147,"BV5Z6LA#ABM"
26343,"NRO_PARTE",3923148,"BU9L0LS#ABM-OH4"
26343,"NRO_PARTE",3923149,"BT2Y7LS#ABM-OH4"
26343,"NRO_PARTE",3923151,"BU9L1LS#ABM"
26343,"NRO_PARTE",3923153,"BV5Z6LA#ABM-A"
26343,"NRO_PARTE",3923155,"BT2Y9LS#ABM-OH4"
26343,"NRO_PARTE",4070088,"TH14G8U7H82100-OH"
26343,"NRO_PARTE",4070167,"TH16G8U5U162100"
26343,"NRO_PARTE",3929130,"5PTDPP14-7U321SSS3-A"
26343,"NRO_PARTE",2535044,"9S7D1LS#ABM"
26343,"NRO_PARTE",1800815,"PSY15U-0JU056-OP"
26343,"NRO_PARTE",3724300,"E16G6U71716101H-OH"
26343,"NRO_PARTE",4066894,"E14G7C5H81100-OH"
26343,"NRO_PARTE",1925576,"891Z7LA#ABM"
26343,"NRO_PARTE",1925628,"891Z7LA#ABM-OP"
26343,"NRO_PARTE",3749836,"E16G6U7198101H-OH"
26343,"NRO_PARTE",2553343,"MODELO 4"
26343,"NRO_PARTE",1763296,"PML20U-0UN011"
26343,"NRO_PARTE",1763320,"21E4S0D300"
26343,"NRO_PARTE",1763328,"21E4S0AV00"
26343,"NRO_PARTE",3751981,"E16G6U7198201H"
26343,"NRO_PARTE",4226090,"T16G9C73481100-OH"
26343,"NRO_PARTE",4226142,"90NX0881-M02CV0"
26343,"NRO_PARTE",4226221,"E16G3U721162100#-OH"
26343,"NRO_PARTE",4226234,"90NX08L1-M02P10"
26343,"NRO_PARTE",3923123,"BT4P4LS#ABM"
26343,"NRO_PARTE",3923140,"BT2Y8LS#ABM-OH4"
26343,"NRO_PARTE",3923144,"BV5Z9LA#ABM-OH4A"
26343,"NRO_PARTE",3923146,"BT2Y4LS#ABM-OH4"
26343,"NRO_PARTE",3923154,"BU9L1LS#ABM-OH4"
26343,"NRO_PARTE",3923156,"BV5Z6LA#ABM-OH4A"
26343,"NRO_PARTE",3923157,"BU9L2LS#ABM"
26343,"NRO_PARTE",3923199,"BU9L3LS#ABM-OH4"
26343,"NRO_PARTE",4070249,"TH16G8U5U162100H"
26343,"NRO_PARTE",3928960,"5PTDP14-7U161SSS3-A"
26343,"NRO_PARTE",2893565,"A6WB0LA#ABM-OH"
26343,"NRO_PARTE",2628888,"58MHP4V404"
26343,"NRO_PARTE",2628921,"78MHP4V407"
26343,"NRO_PARTE",2629513,"4PTL355-5812SSS3-A"
26343,"NRO_PARTE",2534955,"9E4Y4LT#ABM"
26343,"NRO_PARTE",2629656,"4PTL355-5161SOP3"
26343,"NRO_PARTE",1800922,"3PTL354-7161SOH3-2V"
26343,"NRO_PARTE",1800923,"3PTL354-7161SOP3-2V"
26343,"NRO_PARTE",1800924,"3PTL354-71612SSS3"
26343,"NRO_PARTE",1800925,"3PTL354-71612SOH3"
26343,"NRO_PARTE",2901863,"4PTL555-7U641SOH3"
26343,"NRO_PARTE",3724255,"E16G6U71716101H"
26343,"NRO_PARTE",1901437,"PML20U-1DR07C"
26343,"NRO_PARTE",1780374,"V15G3I5016101#A"
26343,"NRO_PARTE",1780485,"LPECWVHEROBKPRO+MSO365STD"
26343,"NRO_PARTE",1780502,"V14G3I501610#1PA"
26343,"NRO_PARTE",1780505,"V14G3I5016101PAG"
26343,"NRO_PARTE",1780541,"V15G3I501610#1PA"
26343,"NRO_PARTE",1780542,"V15G3I5016101AG"
26343,"NRO_PARTE",1780355,"V14G4R510081#01A5"
26343,"NRO_PARTE",2553516,"A09E1LS#ABM-OP"
26343,"NRO_PARTE",2554561,"A11S7LA#ABM-OPS"
26343,"NRO_PARTE",1763378,"21E4S0AU00"
26343,"NRO_PARTE",2555409,"A11S4LA#ABM-AR"
26343,"NRO_PARTE",2555457,"A11S3LA#ABM-ATR"
26343,"NRO_PARTE",2555470,"A11S3LA#ABM-AT"
26343,"NRO_PARTE",3752072,"B9FN1LA#ABM-A"
26343,"NRO_PARTE",1760339,"80A99LA#ABM"
26343,"NRO_PARTE",4226269,"TB16G9R732512"
26343,"NRO_PARTE",4226322,"T16G9C73482100H-OH"
26343,"NRO_PARTE",1837025,"E16G1I31108001H"
26343,"NRO_PARTE",1837083,"V14G4R3908101"
26343,"NRO_PARTE",3923150,"BV5Z6LA#ABM-OH4"
26343,"NRO_PARTE",3923152,"BT2Y9LS#ABM"
26343,"NRO_PARTE",3132860,"21KG00LDLM-OH"
26343,"NRO_PARTE",4070216,"TH16G8U5U162100-OH"
26343,"NRO_PARTE",4070268,"TH16G8U5U162100H-OH"
26343,"NRO_PARTE",3928906,"5PTDPP16-7U321SSS3-A"
26343,"NRO_PARTE",2628683,"891Z7LA#ABM-OHA."
26343,"NRO_PARTE",2628696,"58MPP4V374"
26343,"NRO_PARTE",2628719,"8L3X3LT#ABM."
26343,"NRO_PARTE",2629551,"A51PXLA#ABM-OP"
26343,"NRO_PARTE",1800926,"3PTL354-71612SOP3"
26343,"NRO_PARTE",1800932,"3PTL354-5812SSS3"
26343,"NRO_PARTE",1800933,"3PTL354-5812SOH3"
26343,"NRO_PARTE",1800934,"3PTL354-5812SOP3"
26343,"NRO_PARTE",1800935,"3PTL354-51612SSS3"
26343,"NRO_PARTE",1800938,"3PTL354-51612SOH3"
26343,"NRO_PARTE",2901881,"4PTL555-7U641SOP3"
26343,"NRO_PARTE",3750166,"B5LR2LS#ABM-A"
26343,"NRO_PARTE",1780398,"89C07LA#ABM-OHA"
26343,"NRO_PARTE",1780412,"V14G4R51008101A"
26343,"NRO_PARTE",1780493,"01"
26343,"NRO_PARTE",1780501,"V14G3I50161#01A"
26343,"NRO_PARTE",1780176,"V15G4R3908001PA"
26343,"NRO_PARTE",4054895,"PSY29U-4R8002-OH"
26343,"NRO_PARTE",1763365,"21E4S0AX00"
26343,"NRO_PARTE",1763466,"21E4S0E800"
26343,"NRO_PARTE",3752108,"B9FN1LA#ABM-AS"
26343,"NRO_PARTE",3752139,"B9FN3LA#ABM-OH4"
26343,"NRO_PARTE",3752165,"B9FN3LA#ABM-OH4A"
26343,"NRO_PARTE",3752180,"B9FN3LA#ABM-OH4AS"
26343,"NRO_PARTE",4226138,"T16G9C73482100-OH"
26343,"NRO_PARTE",4226370,"T16G9C734161100H-OH"
26343,"NRO_PARTE",4226372,"T16G9C734162100H-OH"
26343,"NRO_PARTE",1838168,"20YDS26L00"
26343,"NRO_PARTE",1838186,"20YHS1M900"
26343,"NRO_PARTE",1838204,"90NX05U1-M026X0-OH"
26343,"NRO_PARTE",1838214,"21DJ00GMLM"
26343,"NRO_PARTE",1954410,"V15G4I3908001P#A"
26343,"NRO_PARTE",1954413,"V15G4I3908011H"
26343,"NRO_PARTE",1954416,"V15G4I3908011HH"
26343,"NRO_PARTE",1954419,"V15G4I3908011PA"
26343,"NRO_PARTE",3999791,"BV6U1LS#ABM"
26343,"NRO_PARTE",1730075,"21EES1DF00"
26343,"NRO_PARTE",3922087,"BV5Z8LA#ABM-OH4A"
26343,"NRO_PARTE",3922089,"BL8C8LS#ABM-OH4"
26343,"NRO_PARTE",3922104,"BU4D0LS#ABM"
26343,"NRO_PARTE",3140545,"E14G6U7198201-OH"
26343,"NRO_PARTE",3140583,"E14G6U71916201-OH"
26343,"NRO_PARTE",3140602,"E14G6U71932201"
26343,"NRO_PARTE",2033259,"6X2J8LT#ABM-OH"
26343,"NRO_PARTE",2787977,"A2CQ9LT#ABM-OP"
26343,"NRO_PARTE",2626679,"5GTH04V513"
26343,"NRO_PARTE",2626694,"7GTH04V516"
26343,"NRO_PARTE",2626723,"7WMH04V520"
26343,"NRO_PARTE",2626741,"7GMH04V522"
26343,"NRO_PARTE",2626745,"5WMH04V523"
26343,"NRO_PARTE",2626753,"58MH04V524"
26343,"NRO_PARTE",2626760,"5GMH04V525"
26343,"NRO_PARTE",1838143,"90NX05U1-M026X0"
26343,"NRO_PARTE",1838215,"90NX05U1-M026X0-OP"
26343,"NRO_PARTE",2795767,"V15G4I5008001H-2"
26343,"NRO_PARTE",2795768,"V15G4I5008001H-OH2"
26343,"NRO_PARTE",2795769,"V15G4I5008001A-OP2"
26343,"NRO_PARTE",2795771,"V15G4I5008101-2"
26343,"NRO_PARTE",2795777,"V15G4I5008101S-OH2"
26343,"NRO_PARTE",2795783,"V15G4I5008101A-OP2"
26343,"NRO_PARTE",2795789,"V15G4I5128201A-2"
26343,"NRO_PARTE",2795799,"V15G4I5128201-OH2"
26343,"NRO_PARTE",1954509,"V15G4I3916011PA"
26343,"NRO_PARTE",2906220,"4PTL355-7U641SSS3"
26343,"NRO_PARTE",3922068,"BV5Z8LA#ABM-OH4"
26343,"NRO_PARTE",3922071,"BL8C8LS#ABM"
26343,"NRO_PARTE",3922119,"BU4D0LS#ABM-OH4"
26343,"NRO_PARTE",3140564,"E14G6U71916201"
26343,"NRO_PARTE",2033271,"6X2J8LT#ABM-OP"
26343,"NRO_PARTE",2034563,"V15G4R5108101#HP#"
26343,"NRO_PARTE",2788003,"A27NWLA#ABM"
26343,"NRO_PARTE",1744474,"7C6F0LA#ABM-OHW"
26343,"NRO_PARTE",2626685,"7WTH04V514"
26343,"NRO_PARTE",2626710,"58MH04V518"
26343,"NRO_PARTE",2626718,"5GMH04V519"
26343,"NRO_PARTE",2626731,"78MH04V521"
26343,"NRO_PARTE",2626770,"7WMH04V526"
26343,"NRO_PARTE",2626790,"5W2H04V529"
26343,"NRO_PARTE",2626797,"582H04V530"
26343,"NRO_PARTE",2626802,"5G2H04V531"
26343,"NRO_PARTE",2626806,"7W2H04V532"
26343,"NRO_PARTE",2626810,"782H04V533"
26343,"NRO_PARTE",2626815,"7G2H04V534"
26343,"NRO_PARTE",2626817,"5WTH04V535"
26343,"NRO_PARTE",2626820,"58TH04V536"
26343,"NRO_PARTE",1838234,"21DJ00RNLM"
26343,"NRO_PARTE",1724577,"6Q4H7LT#ABM"
26343,"NRO_PARTE",1724636,"6Q4H7LT#ABM-OH"
26343,"NRO_PARTE",1724654,"6Q4H7LT#ABM-OP"
26343,"NRO_PARTE",2554272,"A05GXLA#ABM"
26343,"NRO_PARTE",2795839,"V15G4I5016001H-2"
26343,"NRO_PARTE",2795866,"V15G4I5016001A-OH2"
26343,"NRO_PARTE",1954506,"V15G4I3908011P#A"
26343,"NRO_PARTE",3999736,"BV6F4LS#ABM"
26343,"NRO_PARTE",1728293,"7P9A6LA#ABM-OP"
26343,"NRO_PARTE",1728285,"7P9A6LA#ABM"
26343,"NRO_PARTE",2939299,"21KH00TWLMSO-OH"
26343,"NRO_PARTE",2939348,"21KG00RKLM-OH"
26343,"NRO_PARTE",3140617,"E14G6U71932201-OH"
26343,"NRO_PARTE",3140701,"E16G6U5168101"
26343,"NRO_PARTE",3879939,"BP0L7LA#ABM"
26343,"NRO_PARTE",2033251,"WE15I7T114P-M"
26343,"NRO_PARTE",2034944,"9B4D2LS#ABM-OPA"
26343,"NRO_PARTE",4073043,"T14G6U7411621002-OH"
26343,"NRO_PARTE",4073086,"T16G4U7411621002-OH"
26343,"NRO_PARTE",4073093,"T16G4U7411621002"
26343,"NRO_PARTE",1743845,"90NX0441-M00E90-OH"
26343,"NRO_PARTE",2626688,"78TH04V515"
26343,"NRO_PARTE",2626829,"7WTH04V538"
26343,"NRO_PARTE",2626835,"78TH04V539"
26343,"NRO_PARTE",2626852,"5WTU04V541"
26343,"NRO_PARTE",2626860,"5GTU04V543"
26343,"NRO_PARTE",2626897,"5WMU04V547"
26343,"NRO_PARTE",2626908,"5GMU04V549"
26343,"NRO_PARTE",1838225,"90NX0421-M10570.OH"
26343,"NRO_PARTE",1724413,"6Q4H5LT#ABM-OP"
26343,"NRO_PARTE",1724462,"7C6F4LA#ABM-OH"
26343,"NRO_PARTE",2554279,"A05GYLA#ABM-OP"
26343,"NRO_PARTE",1954505,"V15G4I3908011H#H"
26343,"NRO_PARTE",1954507,"V15G4I3916011H"
26343,"NRO_PARTE",1954508,"V15G4I3916011HH"
26343,"NRO_PARTE",3999708,"BV4T8LS#ABM-OH4"
26343,"NRO_PARTE",1728291,"7P9A6LA#ABM-OH"
26343,"NRO_PARTE",2939378,"82YY002YLMSO"
26343,"NRO_PARTE",2939401,"82YY002YLMSO-OH"
26343,"NRO_PARTE",3922117,"BV5Z5LA#ABM-OH4"
26343,"NRO_PARTE",3922273,"BV5Z5LA#ABM-A"
26343,"NRO_PARTE",3922281,"BV5Z5LA#ABM-OH4A"
26343,"NRO_PARTE",3922284,"BV5Z9LA#ABM-OH4"
26343,"NRO_PARTE",3140789,"E16G6U51616201"
26343,"NRO_PARTE",3879987,"BP2C0LS#ABM-OH4"
26343,"NRO_PARTE",2033213,"HP PROBOOK 450 15.6"" G9 NOTEBOOK PC 6X2J8LT#ABM"
26343,"NRO_PARTE",2034451,"V15G4R5108101H#"
26343,"NRO_PARTE",4073041,"T14G6U7411621002"
26343,"NRO_PARTE",1756805,"PML20U-0N7021"
26343,"NRO_PARTE",1756806,"PML20U-0N7021-OH"
26343,"NRO_PARTE",1756810,"PML20U-0N7021-OP"
26343,"NRO_PARTE",1744065,"90NX05U1-M00Y40"
26343,"NRO_PARTE",1744130,"90NX05U1-M00Y80"
26343,"NRO_PARTE",1744140,"90NX05U1-M00Y90"
26343,"NRO_PARTE",2626913,"7WMU04V550"
26343,"NRO_PARTE",2626925,"7GMU04V552"
26343,"NRO_PARTE",2626927,"5WMU04V553"
26343,"NRO_PARTE",2626944,"5GMU04V555"
26343,"NRO_PARTE",2626954,"7WMU04V556"
26343,"NRO_PARTE",2554349,"A09DXLS#ABM"
26343,"NRO_PARTE",2795766,"V15G4I3908011A-OP2"
26343,"NRO_PARTE",3140718,"E16G6U5168101-OH"
26343,"NRO_PARTE",3140732,"E16G6U51616101"
26343,"NRO_PARTE",3140754,"E16G6U51616101-OH"
26343,"NRO_PARTE",1744062,"3PTL543-71612SSS3-FHD-V"
26343,"NRO_PARTE",1744069,"90NX05U1-M00Y50"
26343,"NRO_PARTE",2626701,"5WMH04V517"
26343,"NRO_PARTE",2627006,"7GMU04V558"
26343,"NRO_PARTE",1838243,"90NX0421-M10570.OP"
26343,"NRO_PARTE",1838250,"21E4S05G00"
26343,"NRO_PARTE",2795662,"21KH00F4LM"
26343,"NRO_PARTE",2795806,"V15G4I5128201-OP2"
26343,"NRO_PARTE",2795994,"V15G4I7108201-2"
26343,"NRO_PARTE",3999826,"BV6U1LS#ABM-OH4"
26343,"NRO_PARTE",3140803,"E16G6U51616201-OH"
26343,"NRO_PARTE",3140820,"E16G6U7178101"
26343,"NRO_PARTE",3879925,"BP0J2LA#ABM"
26343,"NRO_PARTE",4073299,"MDL2507D3O4K0"
26343,"NRO_PARTE",1802421,"PML20U-0N8021-D-OP"
26343,"NRO_PARTE",1756551,"6X2J8LT#ABM"
26343,"NRO_PARTE",1744162,"90NX05U1-M00YA0"
26343,"NRO_PARTE",2626782,"7GMH04V528"
26343,"NRO_PARTE",2626950,"5GTPP4V363"
26343,"NRO_PARTE",1838593,"20YDS26L00-OH"
26343,"NRO_PARTE",1724360,"6Q4H5LT#ABM"
26343,"NRO_PARTE",3922518,"BU4E3LS#ABM-OH4"
26343,"NRO_PARTE",3922529,"BU9J7LS#ABM"
26343,"NRO_PARTE",3140886,"E16G6U7178101-OH"
26343,"NRO_PARTE",3140903,"E16G6U71716201-OH"
26343,"NRO_PARTE",3879986,"BP2A9LS#ABM"
26343,"NRO_PARTE",1744119,"90NX05U1-M00Y60"
26343,"NRO_PARTE",2626870,"78TU04V545"
26343,"NRO_PARTE",2627029,"78TPP4V365"
26343,"NRO_PARTE",1838657,"21DJ00RNLM-OH"
26343,"NRO_PARTE",2795912,"V15G4I5016001A-OP2"
26343,"NRO_PARTE",3999846,"BJ2N0LS#ABM"
26343,"NRO_PARTE",3140917,"E16G6U71732201"
26343,"NRO_PARTE",2910497,"21KH00CHLM"
26343,"NRO_PARTE",2626920,"78MU04V551"
26343,"NRO_PARTE",2047395,"K14G2I5116101H"
26343,"NRO_PARTE",2047397,"K14G2I5108101H"
26343,"NRO_PARTE",2047398,"K14G2I3108101N"
26343,"NRO_PARTE",3307061,"4PTL745-7161SOH3-AC-ME"
26343,"NRO_PARTE",1728459,"21E7S35800"
26343,"NRO_PARTE",4229642,"90NX0801-M05KN0_"
26343,"NRO_PARTE",4229684,"90NX0801-M05KN0_OH"
26343,"NRO_PARTE",2143575,"V15G4I7108201"
26343,"NRO_PARTE",1827271,"CPIN_0001"
26343,"NRO_PARTE",3136195,"A31GNLS#ABM."
26343,"NRO_PARTE",3136373,"E16G2R7116202-OH"
26343,"NRO_PARTE",2787344,"A9EH2LT#ABM"
26343,"NRO_PARTE",2787397,"A9EH2LT#ABM-OH"
26343,"NRO_PARTE",2787406,"A9EH2LT#ABM-OP"
26343,"NRO_PARTE",2787424,"A2CQ9LT#ABM"
26343,"NRO_PARTE",2747058,"21KK0025LM-OH"
26343,"NRO_PARTE",2747093,"E16G2R5116101N"
26343,"NRO_PARTE",4117743,"MDL2509WN3P5N"
26343,"NRO_PARTE",4117772,"MDL2509M2K0R7"
26343,"NRO_PARTE",4117785,"MDL2509J9O4E4"
26343,"NRO_PARTE",1836815,"V14G3I50#08101"
26343,"NRO_PARTE",1836818,"V14G3I50#08101PH"
26343,"NRO_PARTE",1837058,"E16G1I31108101HH"
26343,"NRO_PARTE",1837062,"E16G1I31108101PA"
26343,"NRO_PARTE",1837146,"21HRS19Q00-OP"
26343,"NRO_PARTE",1837147,"21HRS19Q00"
26343,"NRO_PARTE",1837148,"21HRS19Q00-OH"
26343,"NRO_PARTE",3999280,"BV4T3LS#ABM-OH4"
26343,"NRO_PARTE",2047396,"K14G2I5116101HP"
26343,"NRO_PARTE",2047401,"K14G2I3108001N"
26343,"NRO_PARTE",2143576,"V15G4I7108201H"
26343,"NRO_PARTE",2901842,"4PTL555-7U641SSS3"
26343,"NRO_PARTE",2747011,"E16G2R5108101OH"
26343,"NRO_PARTE",4117739,"MDL2509P5Q6J9"
26343,"NRO_PARTE",1835632,"6U8K7LC#ABM-OH"
26343,"NRO_PARTE",1836867,"21JQS07H00-OH"
26343,"NRO_PARTE",2787892,"A2CQ9LT#ABM-OH"
26343,"NRO_PARTE",2747024,"E16G2R5108101N"
26343,"NRO_PARTE",2747075,"E16G2R5116101OP"
26343,"NRO_PARTE",2747118,"E16G2R5116201"
26343,"NRO_PARTE",4117576,"MDL2509P5ZD3K"
26343,"NRO_PARTE",4117612,"MDL2509O4J9Q6"
26343,"NRO_PARTE",4117792,"MDL2509D3C2J9"
26343,"NRO_PARTE",4117800,"MDL2509N3P5XR"
26343,"NRO_PARTE",4117817,"MDL2509XP5A0F"
26343,"NRO_PARTE",1835633,"6U8K7LC#ABM-OP"
26343,"NRO_PARTE",1836817,"V14G3I50#08101HH"
26343,"NRO_PARTE",1836841,"21JLS04B00"
26343,"NRO_PARTE",1837022,"E14G5I51108101H"
26343,"NRO_PARTE",1837032,"E16G1I31108001HH"
26343,"NRO_PARTE",4019475,"L16G2U51611002-OH"
26343,"NRO_PARTE",3999310,"BV4T4LS#ABM-OH4"
26343,"NRO_PARTE",3999421,"BV4T8LS#ABM"
26343,"NRO_PARTE",1728441,"21E7S1MG00"
26343,"NRO_PARTE",1728461,"21E7S35100"
26343,"NRO_PARTE",1728474,"21EES1D400"
26343,"NRO_PARTE",2143577,"V15G4I7108201P"
26343,"NRO_PARTE",2747186,"E16G2R5116201N"
26343,"NRO_PARTE",4117768,"MDL2509K0C2M2"
26343,"NRO_PARTE",4117861,"MDL2509J9N3ZB"
26343,"NRO_PARTE",4117926,"MDL2509UM2G6E"
26343,"NRO_PARTE",1836858,"21JQS07J00"
26343,"NRO_PARTE",1836859,"21JQS07J00-OH"
26343,"NRO_PARTE",1836868,"21JQS07H00-OP"
26343,"NRO_PARTE",1836874,"21JQS07G00"
26343,"NRO_PARTE",1837015,"E14G5I31108101HH"
26343,"NRO_PARTE",1759078,"NA"
26343,"NRO_PARTE",4019451,"L16G2U51611002"
26343,"NRO_PARTE",3892496,"T14G8C533161100-OH"
26343,"NRO_PARTE",2552827,"9Q6Q7LA#ABM-OP"
26343,"NRO_PARTE",1956149,"V15G4I5016001H#A"
26343,"NRO_PARTE",2914612,"7Z7H4LT#ABM-OH4"
26343,"NRO_PARTE",2747271,"83A100GJLM-OH"
26343,"NRO_PARTE",4117670,"MDL2509VYP5D3"
26343,"NRO_PARTE",4117852,"MDL2509J9UP5R"
26343,"NRO_PARTE",4117857,"MDL2509L1B1F5"
26343,"NRO_PARTE",4117964,"MDL2509A0C2Q6"
26343,"NRO_PARTE",2557196,"90NX06X1-M01V00-OP"
26343,"NRO_PARTE",1799949,"3PTL543-5856SSS3-FHD"
26343,"NRO_PARTE",3892597,"T14G8C533162100-OH"
26343,"NRO_PARTE",3729496,"T14G5U721162100-OH"
26343,"NRO_PARTE",3307385,"6P2G7LT#ABM."
26343,"NRO_PARTE",2914665,"7Z7H4LT#ABM-OH4D"
26343,"NRO_PARTE",2747132,"83A100GKLM"
26343,"NRO_PARTE",2747281,"83A100EQLM"
26343,"NRO_PARTE",2747284,"83A100EQLM-OH"
26343,"NRO_PARTE",2747309,"E16G2R3108101"
26343,"NRO_PARTE",2747320,"E16G2R3108101OH"
26343,"NRO_PARTE",2747331,"E16G2R3108101OP"
26343,"NRO_PARTE",4118015,"MDL2509ZL1YO4"
26343,"NRO_PARTE",1757997,"90NX05U1-M00Y80-OH"
26343,"NRO_PARTE",2558189,"PZA26U-02H005-OP"
26343,"NRO_PARTE",2558223,"Y15MI7105FO"
26343,"NRO_PARTE",3892663,"T14G8C73481100"
26343,"NRO_PARTE",3892695,"T14G8C73481100-OH"
26343,"NRO_PARTE",2552052,"9Q6L1LA#ABM-OH"
26343,"NRO_PARTE",3729551,"T14G5U721162100D-OH"
26343,"NRO_PARTE",4230136,"TH14G8U7H322100#"
26343,"NRO_PARTE",4230152,"TH14G8U7H322100-OH#"
26343,"NRO_PARTE",2647911,"4PTL345-3812SSS3"
26343,"NRO_PARTE",2647916,"4PTL345-3812SSS3-A"
26343,"NRO_PARTE",2914632,"7Z7H4LT#ABM-D"
26343,"NRO_PARTE",2747158,"E16G2R5116201OP"
26343,"NRO_PARTE",2747256,"83A100GJLM"
26343,"NRO_PARTE",4117866,"MDL2509R7H7H7"
26343,"NRO_PARTE",2557170,"90NX06W1-M02FS0-OP"
26343,"NRO_PARTE",2557185,"90NX06X1-M01V00-OH"
26343,"NRO_PARTE",3892715,"T14G8C73482100-OH"
26343,"NRO_PARTE",3892741,"T14G8C734161100"
26343,"NRO_PARTE",3892748,"BT4M1LS#ABM"
26343,"NRO_PARTE",3729476,"T14G5U721162100"
26343,"NRO_PARTE",3729508,"T14G5U721162100DC"
26343,"NRO_PARTE",3307368,"81H23LT#ABM."
26343,"NRO_PARTE",2648032,"4PTL345-5812SOP3-AN"
26343,"NRO_PARTE",2648040,"4PTL345-5161SOH3"
26343,"NRO_PARTE",2648043,"4PTL345-5161SOP3"
26343,"NRO_PARTE",2747136,"E16G2R5116201OH"
26343,"NRO_PARTE",2747145,"83A100GKLM-OH"
26343,"NRO_PARTE",2747237,"83A100ERLM"
26343,"NRO_PARTE",2747356,"E16G2R3108101N"
26343,"NRO_PARTE",3999762,"BV6F4LS#ABM-OH4"
26343,"NRO_PARTE",2554273,"A05GXLA#ABM-OP"
26343,"NRO_PARTE",2554285,"A05GZLA#ABM"
26343,"NRO_PARTE",2554291,"A05GZLA#ABM-OP"
26343,"NRO_PARTE",3140899,"E16G6U71716201"
26343,"NRO_PARTE",3140955,"E16G6U5188201"
26343,"NRO_PARTE",1998602,"PSY15U-0JS030-OH"
26343,"NRO_PARTE",3139348,"T14G7U5188201"
26343,"NRO_PARTE",1886137,"801F3LT#ABM-OH"
26343,"NRO_PARTE",1886155,"801F3LT#ABM-OP"
26343,"NRO_PARTE",2465761,"V15G4R58101-OH"
26343,"NRO_PARTE",4143144,"E16G3R7161001OH"
26343,"NRO_PARTE",1880464,"90NX05U1-M02FN0"
26343,"NRO_PARTE",1880466,"90NX05U1-M02FR0"
26343,"NRO_PARTE",1880469,"90NX05U1-M02FN0-OH"
26343,"NRO_PARTE",1880472,"90NX05U1-M02FP0-OH"
26343,"NRO_PARTE",1880483,"7Z7H9LT#ABM"
26343,"NRO_PARTE",4018432,"PSY29U-4V201T"
26343,"NRO_PARTE",4018434,"MDL2506S8L1Q6"
26343,"NRO_PARTE",4018523,"PSY29U-4V201T-OH"
26343,"NRO_PARTE",1997731,"PML22U-0K600N"
26343,"NRO_PARTE",1997735,"PML20U-1E9011-OH"
26343,"NRO_PARTE",2557421,"E14G5R50708201P"
26343,"NRO_PARTE",1744182,"90NX05U1-M00YB0"
26343,"NRO_PARTE",2599982,"4PTL354-512812SOP3"
26343,"NRO_PARTE",2600034,"4PTL354-3812SSS3"
26343,"NRO_PARTE",2625202,"A31GNLS#ABM"
26343,"NRO_PARTE",4118190,"MDL2509R7F5K0"
26343,"NRO_PARTE",4118224,"MDL2509T9I8T9"
26343,"NRO_PARTE",2141942,"21C40017LM"
26343,"NRO_PARTE",2142981,"V14G4I7128101HA"
26343,"NRO_PARTE",1837092,"V14G4R3908101P#N"
26343,"NRO_PARTE",3865278,"BP2A9LS#ABM-OH4"
26343,"NRO_PARTE",3131868,"4PTL355-7U1612SSS3-C"
26343,"NRO_PARTE",3131892,"4PTL355-7U1612SOH3-C"
26343,"NRO_PARTE",1998590,"PSY15U-0JM030"
26343,"NRO_PARTE",1998595,"PSY15U-0JM030-OP"
26343,"NRO_PARTE",1998604,"PSY15U-0JS030-OP"
26343,"NRO_PARTE",1726871,"7C6F9LA#ABM-D"
26343,"NRO_PARTE",1726878,"7C6F9LA#ABM-OHD"
26343,"NRO_PARTE",1726882,"7C6F9LA#ABM-OPD"
26343,"NRO_PARTE",1878414,"82W3S02E00-OH"
26343,"NRO_PARTE",1878471,"82KC0080LM"
26343,"NRO_PARTE",1878526,"82KA00C6LM-OH"
26343,"NRO_PARTE",1878540,"82KB0151LM"
26343,"NRO_PARTE",3139533,"T14G7U71916201-OH"
26343,"NRO_PARTE",1886228,"81D42LT#ABM-OH"
26343,"NRO_PARTE",3865868,"B5UU9AT#ABM"
26343,"NRO_PARTE",3865951,"9J308LT#ABM"
26343,"NRO_PARTE",2031479,"21H4S54700"
26343,"NRO_PARTE",2031718,"21H4S54400"
26343,"NRO_PARTE",2034168,"21JSS11X00-OP"
26343,"NRO_PARTE",1997732,"PML22U-0K600N-OH"
26343,"NRO_PARTE",1997739,"PML22U-0K700N-OP"
26343,"NRO_PARTE",1998979,"21JLS14R00"
26343,"NRO_PARTE",1998987,"21JLS14R00-OH"
26343,"NRO_PARTE",1998990,"21JLS14R00-OP"
26343,"NRO_PARTE",1999019,"21JQS1HW00-OP"
26343,"NRO_PARTE",1999073,"V15G4I5008101H# H"
26343,"NRO_PARTE",2557132,"90NX06W1-M02FR0"
26343,"NRO_PARTE",2557145,"90NX06W1-M02FR0-OP"
26343,"NRO_PARTE",2557147,"90NX06W1-M02FR0-OH"
26343,"NRO_PARTE",1745081,"3PTLV35-51612SSS3-A-AME"
26343,"NRO_PARTE",2599970,"4PTL354-512812SOH3"
26343,"NRO_PARTE",2600067,"4PTL354-3812SOH3"
26343,"NRO_PARTE",2625218,"A31GNLS#ABM-OH"
26343,"NRO_PARTE",1837112,"V15G4R3908101H#N"
26343,"NRO_PARTE",1837287,"E14G5R51108101H"
26343,"NRO_PARTE",1837301,"21FKS0N000"
26343,"NRO_PARTE",3140924,"E16G6U71732201-OH"
26343,"NRO_PARTE",1997420,"21JSS0QA00-OH"
26343,"NRO_PARTE",1997432,"21JSS0QA00"
26343,"NRO_PARTE",3139405,"T14G7U51816201-OH"
26343,"NRO_PARTE",3139448,"T14G7U7198101"
26343,"NRO_PARTE",1886216,"81D42LT#ABM"
26343,"NRO_PARTE",1886250,"81D42LT#ABM-OP"
26343,"NRO_PARTE",3866538,"BP2C7LS#ABM"
26343,"NRO_PARTE",2031669,"21H8S1SJ00-OP"
26343,"NRO_PARTE",4222461,"D90F8LS#ABM"
26343,"NRO_PARTE",1880465,"90NX05U1-M02FP0"
26343,"NRO_PARTE",1880467,"90NX05U1-M02FS0"
26343,"NRO_PARTE",1880468,"90NX05U1-M02FN0-OP"
26343,"NRO_PARTE",1880471,"90NX05U1-M02FP0-OP"
26343,"NRO_PARTE",4018582,"MDL2506M2Q6T9"
26343,"NRO_PARTE",1745097,"3PTLV34-5812SSS3-A-AME"
26343,"NRO_PARTE",2599965,"4PTL354-512812SSS3"
26343,"NRO_PARTE",2600082,"4PTL354-3812SOH3-AC"
26343,"NRO_PARTE",2600095,"4PTL354-31612SSS3"
26343,"NRO_PARTE",2600100,"4PTL354-31612SOH3"
26343,"NRO_PARTE",2625263,"90NX03E1-M002H0"
26343,"NRO_PARTE",4118530,"MDL2509VF5Q6J"
26343,"NRO_PARTE",1837154,"3PTL354-3812SOH3"
26343,"NRO_PARTE",3865270,"BP2A7LS#ABM"
26343,"NRO_PARTE",3131957,"4PTL355-7U641SSS3-B"
26343,"NRO_PARTE",3898308,"PSY2AU-01K003"
26343,"NRO_PARTE",1998903,"21JLS14Q00-OH"
26343,"NRO_PARTE",1769031,"21EES1YB00"
26343,"NRO_PARTE",2031646,"21H8S1SR00-OP"
26343,"NRO_PARTE",4018671,"PML30U-040NAF"
26343,"NRO_PARTE",1998995,"21JQS1HW00"
26343,"NRO_PARTE",1999008,"21JQS1HW00-OH"
26343,"NRO_PARTE",2557092,"90NX06X1-M01TX0-OP"
26343,"NRO_PARTE",2557105,"90NX06X1-M01TY0"
26343,"NRO_PARTE",2557117,"90NX06X1-M01TY0-OP"
26343,"NRO_PARTE",1745254,"21CUS0P900"
26343,"NRO_PARTE",1744067,"90NX05U1-M00Y70"
26343,"NRO_PARTE",4017785,"90NX06X1-M01920*"
26343,"NRO_PARTE",1782476,"WE15I7T115"
26343,"NRO_PARTE",2600147,"4PTL354-31612SOP3-AC"
26343,"NRO_PARTE",2625271,"A41V6LS#ABM-OP"
26343,"NRO_PARTE",4118669,"MDL2509C2P5O4"
26343,"NRO_PARTE",4118732,"MDL2509F5I8L1"
26343,"NRO_PARTE",3131923,"4PTL355-7U161SSS3-C"
26343,"NRO_PARTE",3141170,"21M8001JLM-OH"
26343,"NRO_PARTE",3141172,"E14G619162100-OH"
26343,"NRO_PARTE",3141176,"21M8001KLM-OH"
26343,"NRO_PARTE",3141178,"E14G619161100-OH"
26343,"NRO_PARTE",3141179,"82YU00XYLMSO"
26343,"NRO_PARTE",3898331,"PQU10U-0KU018"
26343,"NRO_PARTE",1997346,"21JSS0QJ00-OP"
26343,"NRO_PARTE",1997356,"21JSS0QC00"
26343,"NRO_PARTE",1997373,"21JSS0QC00-OP"
26343,"NRO_PARTE",1769024,"21EES1YD00-OP"
26343,"NRO_PARTE",4018861,"C2CQ1LS#ABM"
26343,"NRO_PARTE",1997733,"PML22U-0K600N-OP"
26343,"NRO_PARTE",1997734,"PML20U-1E9011"
26343,"NRO_PARTE",1997736,"PML20U-1E9011-OP"
26343,"NRO_PARTE",1997737,"PML22U-0K700N"
26343,"NRO_PARTE",1997738,"PML22U-0K700N-OH"
26343,"NRO_PARTE",1999084,"E14G5I51116201"
26343,"NRO_PARTE",1999100,"V15G3I3#908111H H"
26343,"NRO_PARTE",1999110,"V14G3#I3908011"
26343,"NRO_PARTE",1999114,"V14G3#I3908001P"
26343,"NRO_PARTE",2537109,"9F4F5LT#ABM-OH"
26343,"NRO_PARTE",2600075,"4PTL354-3812SSS3-AC"
26343,"NRO_PARTE",2600124,"4PTL354-31612SSS3-AC"
26343,"NRO_PARTE",2600138,"4PTL354-31612SOH3-AC"
26343,"NRO_PARTE",2625226,"A31GNLS#ABM-OP"
26343,"NRO_PARTE",4118632,"MDL2509B1B1Q6"
26343,"NRO_PARTE",4118696,"MDL2509H7YI8W"
26343,"NRO_PARTE",3132013,"4PTL355-5U812SSS3-C"
26343,"NRO_PARTE",3141182,"82YU00XYLMSO-OH"
26343,"NRO_PARTE",3141241,"E16G6U51816201"
26343,"NRO_PARTE",3898356,"PQU10U-0KU018-OH"
26343,"NRO_PARTE",3391741,"V15G5C381100H"
26343,"NRO_PARTE",1886328,"81J17LT#ABM"
26343,"NRO_PARTE",1886507,"84A36LT#ABM-OH"
26343,"NRO_PARTE",1886517,"84A36LT#ABM-OP"
26343,"NRO_PARTE",4018810,"PML30U-040NEP"
26343,"NRO_PARTE",2554516,"A09DKLS#ABM"
26343,"NRO_PARTE",1745300,"20TES4A000"
26343,"NRO_PARTE",2600091,"4PTL354-3812SOP3-AC"
26343,"NRO_PARTE",2600115,"4PTL354-31612SOP3"
26343,"NRO_PARTE",2625251,"A41V6LS#ABM"
26343,"NRO_PARTE",2625264,"A41V6LS#ABM-OH"
26343,"NRO_PARTE",2625269,"90NX05Y1-M002C0"
26343,"NRO_PARTE",2625273,"90NX05Y1-M002R0"
26343,"NRO_PARTE",4118560,"MDL2509S8S8S8"
26343,"NRO_PARTE",3141282,"E16G6U7198201-OH"
26343,"NRO_PARTE",3141296,"E16G6U71916201"
26343,"NRO_PARTE",3898453,"PDA52U-07R00Y"
26343,"NRO_PARTE",1998398,"T16G1R5116101HH"
26343,"NRO_PARTE",1997329,"21JSS0QK00-OP"
26343,"NRO_PARTE",1997361,"21JSS0QC00-OH"
26343,"NRO_PARTE",3139493,"T14G7U7198101-OH"
26343,"NRO_PARTE",1886344,"81J17LT#ABM-OH"
26343,"NRO_PARTE",2537121,"9F4F5LT#ABM-OP"
26343,"NRO_PARTE",1745181,"3PTL533-7161SSS3-FHD"
26343,"NRO_PARTE",2600072,"4PTL354-3812SOP3"
26343,"NRO_PARTE",4118606,"MDL2509ZG6B1S"
26343,"NRO_PARTE",4118795,"MDL2509R7B1UL"
26343,"NRO_PARTE",3141359,"E16G2R5116102-OH"
26343,"NRO_PARTE",3141376,"E16G2R7132101-OH"
26343,"NRO_PARTE",3141383,"E14G6R3108103-OH"
26343,"NRO_PARTE",3141405,"E14G6R3116103-OH"
26343,"NRO_PARTE",3898471,"PDA52U-07R00Y-OH"
26343,"NRO_PARTE",3898513,"PDA52U-07S00Y-OH"
26343,"NRO_PARTE",1997395,"21JSS0QE00-OP"
26343,"NRO_PARTE",1997408,"21JSS0QA00-OP"
26343,"NRO_PARTE",3139524,"T14G7U71916201"
26343,"NRO_PARTE",4222452,"CR5S5LS#ABM-OH4"
26343,"NRO_PARTE",4018711,"MDL2506XP5D3C"
26343,"NRO_PARTE",4018883,"C2CQ1LS#ABM-A"
26343,"NRO_PARTE",2553780,"PSY19U-0GS03Q-OP"
26343,"NRO_PARTE",1745257,"21CUS0PA00"
26343,"NRO_PARTE",1745376,"NS5P7GTIPVAZ2M"
26343,"NRO_PARTE",1745409,"20W5S5KD00-OH"
26343,"NRO_PARTE",4118576,"MDL2509UJ9N3Z"
26343,"NRO_PARTE",4118877,"MDL2509L1M2R7"
26343,"NRO_PARTE",4119057,"MDL2509H7T9YY"
26343,"NRO_PARTE",4119183,"L14U7171621100"
26343,"NRO_PARTE",4119185,"L14U7171621100-OH"
26343,"NRO_PARTE",4119272,"MDL2509VI8K0U"
26343,"NRO_PARTE",4119278,"L16U7171621100-OH"
26343,"NRO_PARTE",4098373,"PNL11U-2C5008-OH"
26343,"NRO_PARTE",2509498,"21JN00F3LM"
26343,"NRO_PARTE",2509512,"21JN00F3LM-OH"
26343,"NRO_PARTE",2509521,"21JN00F3LM-OP"
26343,"NRO_PARTE",2033356,"7G951LS#ABM-OP"
26343,"NRO_PARTE",4070324,"TH16G8U7H82100"
26343,"NRO_PARTE",1900811,"V15#G4#R5008001HH"
26343,"NRO_PARTE",2557523,"E14G5R30708201"
26343,"NRO_PARTE",2557538,"PCR42U-0HT00Q"
26343,"NRO_PARTE",2557573,"PCR42U-0HT00Q-OH"
26343,"NRO_PARTE",1718599,"20X2SBP800"
26343,"NRO_PARTE",1718619,"20X2SBWF00-OP"
26343,"NRO_PARTE",1718631,"20X2SBSF00"
26343,"NRO_PARTE",1718661,"20X2SBSF00-OP"
26343,"NRO_PARTE",3892772,"T14G8C734161100-OH"
26343,"NRO_PARTE",2745745,"T16G6I308101"
26343,"NRO_PARTE",2745851,"T16G6I518101-OH"
26343,"NRO_PARTE",2745854,"E14G6R3116001OH"
26343,"NRO_PARTE",2745874,"E14G6R3116101"
26343,"NRO_PARTE",3138679,"A24Z8LA#ABM-OH4"
26343,"NRO_PARTE",1901462,"PMM2AU-11S03C-OH"
26343,"NRO_PARTE",1780369,"V14G4R510081#01HA5"
26343,"NRO_PARTE",1780425,"V15G3I7808101"
26343,"NRO_PARTE",1780426,"V15G3I7808101H"
26343,"NRO_PARTE",1780427,"V15G3I7808101P"
26343,"NRO_PARTE",1780321,"V15G4R51016101#A5"
26343,"NRO_PARTE",3728591,"L14G5U721162100DC-OH"
26343,"NRO_PARTE",1747477,"21CSS1S900"
26343,"NRO_PARTE",1747478,"21CSS1SC00"
26343,"NRO_PARTE",1747479,"21CSS1SF00"
26343,"NRO_PARTE",1747480,"21CSS1SE00"
26343,"NRO_PARTE",1747485,"21CSS1SA00"
26343,"NRO_PARTE",1747486,"21CSS1SD00"
26343,"NRO_PARTE",1747487,"21CSS1SB00"
26343,"NRO_PARTE",1747488,"21CSS1S800"
26343,"NRO_PARTE",3396792,"V15G4I7181100H"
26343,"NRO_PARTE",4118972,"MDL2509B1K0XX"
26343,"NRO_PARTE",4119210,"A27NWLA#ABM-D"
26343,"NRO_PARTE",4119253,"L14U7171611100"
26343,"NRO_PARTE",4119294,"L16U5161621100"
26343,"NRO_PARTE",4070387,"TH16G8U7H161100"
26343,"NRO_PARTE",4070399,"TH16G8U7H161100-OH"
26343,"NRO_PARTE",4070405,"TH16G8U7H162100"
26343,"NRO_PARTE",2555959,"Y15MI5105"
26343,"NRO_PARTE",2745634,"V15G4I5216201A-OP"
26343,"NRO_PARTE",2745715,"E14G6R3108001OP"
26343,"NRO_PARTE",2745718,"T16G6I308001"
26343,"NRO_PARTE",2745867,"E14G6R3116001N"
26343,"NRO_PARTE",2745973,"T16G6I5116101-OH"
26343,"NRO_PARTE",2745976,"T16G6I5116101-OP"
26343,"NRO_PARTE",1901464,"PMM2AU-11R03C"
26343,"NRO_PARTE",1901466,"PMM2AU-11R03C-OP"
26343,"NRO_PARTE",2630038,"WE15I5T115P-6"
26343,"NRO_PARTE",2630195,"4PTL355-3812SOH3-AN"
26343,"NRO_PARTE",2630237,"4PTL355-7161SOH3"
26343,"NRO_PARTE",1780361,"89C01LA#ABM-OHA"
26343,"NRO_PARTE",1780377,"V15G3I5016101#PA"
26343,"NRO_PARTE",1780417,"89C07LA#ABM-OPA"
26343,"NRO_PARTE",1780429,"89C09LA#ABM-A"
26343,"NRO_PARTE",1780446,"89C09LA#ABM-OHA"
26343,"NRO_PARTE",1780450,"V15G3I7816211#H"
26343,"NRO_PARTE",1780451,"V15G3I7816211#HH"
26343,"NRO_PARTE",1780452,"V15G3I7816211#PH"
26343,"NRO_PARTE",1780455,"V14G4R5100810#1PA"
26343,"NRO_PARTE",1780482,"HNB-IP156-11"
26343,"NRO_PARTE",1777929,"3PTL354-7161SSS3"
26343,"NRO_PARTE",1777970,"3PTL354-7161SOP3"
26343,"NRO_PARTE",3396873,"V15G4I5016101"
26343,"NRO_PARTE",3747124,"E16G6U5188201H"
26343,"NRO_PARTE",4119509,"E14G7U7171621-OH"
26343,"NRO_PARTE",4119518,"E16G3U717161"
26343,"NRO_PARTE",4119519,"E16G3U717161-OH"
26343,"NRO_PARTE",4119526,"E16G3U717162-OH"
26343,"NRO_PARTE",4098422,"PNL11U-2C5008"
26343,"NRO_PARTE",2509624,"3PTL553-781SSS3-FHD-VP"
26343,"NRO_PARTE",2509633,"3PTL553-781SOH3-FHD-VP"
26343,"NRO_PARTE",2509669,"3PTL553-7161SOP3-FHD-VP"
26343,"NRO_PARTE",2509679,"3PTL553-7321SSS3-FHD-VP"
26343,"NRO_PARTE",2034362,"21H2S4PA00"
26343,"NRO_PARTE",2034363,"21HES6N400"
26343,"NRO_PARTE",2034364,"21H4S59F00"
26343,"NRO_PARTE",2035425,"PSY19U-0EL03Q-OP"
26343,"NRO_PARTE",4070415,"TH16G8U7H162100-OH"
26343,"NRO_PARTE",4070428,"TH16G8U7H162100H"
26343,"NRO_PARTE",3715316,"V15G4I5616101H-OH"
26343,"NRO_PARTE",2557544,"E14G5R30708201P"
26343,"NRO_PARTE",1718934,"21CUS00700."
26343,"NRO_PARTE",1718945,"20X2SC0700"
26343,"NRO_PARTE",3892703,"T14G8C73482100"
26343,"NRO_PARTE",2745862,"E14G6R3116001OP"
26343,"NRO_PARTE",2745899,"E14G6R3116101OP"
26343,"NRO_PARTE",2745994,"T16G6I7216101"
26343,"NRO_PARTE",2746008,"T16G6I7216101-OH"
26343,"NRO_PARTE",2746015,"T16G6I7216101-OP"
26343,"NRO_PARTE",2746026,"T16G6I7216201-OP"
26343,"NRO_PARTE",2746029,"T16G6I7232201-OH"
26343,"NRO_PARTE",1902090,"V15#G4#R5008101A5"
26343,"NRO_PARTE",1901429,"PML20U-1DR07C-OH"
26343,"NRO_PARTE",2630178,"4PTL355-3812SSS3-AN"
26343,"NRO_PARTE",1777975,"3PTL354-3161SSS3-12"
26343,"NRO_PARTE",1778005,"3PTL354-3161SOP3-12"
26343,"NRO_PARTE",1778010,"3PTL354-3161SSS3-13"
26343,"NRO_PARTE",1778016,"3PTL354-3161SOH3-13"
26343,"NRO_PARTE",1775427,"90NX04V1-M00W00-OP"
26343,"NRO_PARTE",1747632,"21E4S0ND00"
26343,"NRO_PARTE",3396979,"V15G4I5016101H-OH"
26343,"NRO_PARTE",4228106,"5PTDP16-7U161SOH3VPD"
26343,"NRO_PARTE",4119156,"E16G2R7H201616"
26343,"NRO_PARTE",4119320,"21L40015LM-OH"
26343,"NRO_PARTE",4119322,"21L40015LM"
26343,"NRO_PARTE",4119327,"21L4001ALM-OH"
26343,"NRO_PARTE",4119376,"PSY29U-09K00L"
26343,"NRO_PARTE",4119386,"PSY29U-4VM001-D-OH"
26343,"NRO_PARTE",4098530,"PNL11U-1KR008"
26343,"NRO_PARTE",2034132,"K14G2I5108101S"
26343,"NRO_PARTE",2034164,"V15G4I5008101S"
26343,"NRO_PARTE",2035521,"K14G2I5108101N"
26343,"NRO_PARTE",4070554,"TH16G8U7H322100-OH"
26343,"NRO_PARTE",2556042,"Y14MI3103"
26343,"NRO_PARTE",2556056,"A15MR5105"
26343,"NRO_PARTE",1718949,"20W1SGEB00"
26343,"NRO_PARTE",1718950,"21EES09900."
26343,"NRO_PARTE",1718951,"21EES19P00"
26343,"NRO_PARTE",1718960,"82KB00G4LM- OH"
26343,"NRO_PARTE",1719142,"20X4S27B00."
26343,"NRO_PARTE",2745805,"E14G6R3108101OH"
26343,"NRO_PARTE",2745839,"E14G6R3108201N"
26343,"NRO_PARTE",2745843,"T16G6I518101"
26343,"NRO_PARTE",2745882,"T16G6I518201"
26343,"NRO_PARTE",2745888,"E14G6R3116101OH"
26343,"NRO_PARTE",2745920,"T16G6I518201-OH"
26343,"NRO_PARTE",2745983,"T16G6I728101-OH"
26343,"NRO_PARTE",2745987,"T16G6I728101-OP"
26343,"NRO_PARTE",3138850,"T14G7U51616101-OH"
26343,"NRO_PARTE",2141919,"V15G4I5128201"
26343,"NRO_PARTE",1747693,"PD07GM40WVAZ01"
26343,"NRO_PARTE",1747722,"PDH7G140WVAZ09"
26343,"NRO_PARTE",1747764,"PDP7G140WVAZ1H"
26343,"NRO_PARTE",1747774,"PD07WM40WVAZ1Z"
26343,"NRO_PARTE",1747788,"PDH7WM40WVAZ25"
26343,"NRO_PARTE",3397149,"V15G5C5161100H-OH"
26343,"NRO_PARTE",3397158,"V15G5C5162100H"
26343,"NRO_PARTE",3397163,"V15G5C5162100H-OH"
26343,"NRO_PARTE",3397170,"V15G5C781100H"
26343,"NRO_PARTE",2536601,"81Z35LT#ABM"
26343,"NRO_PARTE",4227974,"DJ2U4AT#ABM"
26343,"NRO_PARTE",4228024,"DJ2U4AT#ABM-OH4"
26343,"NRO_PARTE",4228151,"5PTDPP16-7U161SOH3-BW7D"
26343,"NRO_PARTE",4119241,"L14U5161611100-OH"
26343,"NRO_PARTE",4119255,"L14U7171611100-OH"
26343,"NRO_PARTE",4119275,"L16U7171621100"
26343,"NRO_PARTE",4119293,"L16U5161611100-OH"
26343,"NRO_PARTE",4098484,"PNL11U-1KR008-OH"
26343,"NRO_PARTE",4098595,"C2CQ3LS#ABM-A."
26343,"NRO_PARTE",4142335,"TB167I719162110"
26343,"NRO_PARTE",2509847,"90NX06X1-M01960-OH"
26343,"NRO_PARTE",1926566,"V15G3#I3916111PA"
26343,"NRO_PARTE",4070340,"TH16G8U7H82100-OH"
26343,"NRO_PARTE",4070442,"TH16G8U7H162100H-OH"
26343,"NRO_PARTE",1718959,"82KB00G4LM."
26343,"NRO_PARTE",1719143,"20X4S27B00-M"
26343,"NRO_PARTE",1719145,"20X4S27B00-OH"
26343,"NRO_PARTE",1719146,"20X4S27B00-MOH"
26343,"NRO_PARTE",1719147,"20X4S27B00-MDOH"
26343,"NRO_PARTE",1719214,"21E7S2VG00"
26343,"NRO_PARTE",1719226,"21E7S2VH00"
26343,"NRO_PARTE",1719228,"21E7S10J00"
26343,"NRO_PARTE",2745834,"E14G6R3108201OP"
26343,"NRO_PARTE",2745837,"T16G6I3016101-OP"
26343,"NRO_PARTE",2745847,"E14G6R3116001"
26343,"NRO_PARTE",2745858,"T16G6I518101-OP"
26343,"NRO_PARTE",2746024,"T16G6I7216201-OH"
26343,"NRO_PARTE",2746028,"T16G6I7232201"
26343,"NRO_PARTE",2746031,"T16G6I7232201-OP"
26343,"NRO_PARTE",1747634,"21E4S0Q600"
26343,"NRO_PARTE",1747681,"21E4S2M700"
26343,"NRO_PARTE",4228205,"D9FJ2AT#ABM-OH4"
26343,"NRO_PARTE",4228241,"DJ3A7AT#ABM"
26343,"NRO_PARTE",4228290,"5PTDP14-7165SOH3D"
26343,"NRO_PARTE",4228295,"DJ2Z8AT#ABM"
26343,"NRO_PARTE",4119326,"21L4001ALM"
26343,"NRO_PARTE",4119382,"PNL11U-2CL008-OH"
26343,"NRO_PARTE",4098516,"C2CQ3LS#ABM."
26343,"NRO_PARTE",2509651,"3PTL553-7161SSS3-FHD-VP"
26343,"NRO_PARTE",2509661,"3PTL553-7161SOH3-FHD-VP"
26343,"NRO_PARTE",1926548,"V15G3#I5008001A"
26343,"NRO_PARTE",4070467,"THINKBOOK 16 G8 IAL"
26343,"NRO_PARTE",1718946,"82FE00BQLM."
26343,"NRO_PARTE",1719215,"21E7S0YR00"
26343,"NRO_PARTE",1719255,"21E4S1XY00"
26343,"NRO_PARTE",1719257,"21E4S1Y200"
26343,"NRO_PARTE",1719263,"21E4S1Y600"
26343,"NRO_PARTE",1719276,"21E4S1Y500"
26343,"NRO_PARTE",2746115,"EDU12U-00300K-E"
26343,"NRO_PARTE",2746118,"EDU12U-00300K-E-OP"
26343,"NRO_PARTE",1901459,"PMM2AU-11Q03C-OH"
26343,"NRO_PARTE",4122958,"L14U7171621100**-OH"
26343,"NRO_PARTE",4122979,"MDL2509I8C2L1"
26343,"NRO_PARTE",1778708,"PML20U-0N8021-D"
26343,"NRO_PARTE",2141946,"V15G4I5128201A"
26343,"NRO_PARTE",2030920,"3PTL544-7161SOP3-VP"
26343,"NRO_PARTE",2030931,"3PTL554-7161SSS3-A-VP-S-A"
26343,"NRO_PARTE",2030932,"3PTL554-7161SOH3-A-VP-S-A"
26343,"NRO_PARTE",2030933,"3PTL554-7161SOP3-A-VP-S-A"
26343,"NRO_PARTE",2030934,"3PTL554-7161SSS3-A-VP-S-B"
26343,"NRO_PARTE",2030935,"3PTL554-7161SOH3-A-VP-S-B"
26343,"NRO_PARTE",2030942,"3PTL744-7161SOP3-A-VP-S-U-A"
26343,"NRO_PARTE",2030944,"3PTL744-7161SOH3-A-VP-S-U-B"
26343,"NRO_PARTE",1747873,"21E7S1SU00"
26343,"NRO_PARTE",1747877,"21E7S1T000"
26343,"NRO_PARTE",1747884,"PD07GM40UVAZ0D"
26343,"NRO_PARTE",1747889,"PD07G140UVAZ0F"
26343,"NRO_PARTE",1747906,"21E7S3W600"
26343,"NRO_PARTE",1747907,"21E7S3W500"
26343,"NRO_PARTE",1747916,"PD07W140UVAZ2D"
26343,"NRO_PARTE",1747944,"21E7S3W200"
26343,"NRO_PARTE",4228129,"D90VYLA#ABM-OH4"
26343,"NRO_PARTE",4228180,"D9FJ2AT#ABM"
26343,"NRO_PARTE",4228254,"5PTDP14-5161SSS3D"
26343,"NRO_PARTE",4119502,"E14G7U516161"
26343,"NRO_PARTE",4119503,"E14G7U516161-OH"
26343,"NRO_PARTE",4119507,"E14G7U7171621"
26343,"NRO_PARTE",4119524,"E16G3U717162"
26343,"NRO_PARTE",4098640,"C2CQ3LS#ABM-M."
26343,"NRO_PARTE",4098703,"C2CQ3LS#ABM-MA."
26343,"NRO_PARTE",2509687,"3PTL553-7321SOH3-FHD-VP"
26343,"NRO_PARTE",2509741,"E16G1R31116201A"
26343,"NRO_PARTE",2509742,"E16G1R31116201H"
26343,"NRO_PARTE",2509743,"E16G1R31116201PA"
26343,"NRO_PARTE",2034158,"21JSS11X00-OH"
26343,"NRO_PARTE",2034432,"21JSS11W00-OP"
26343,"NRO_PARTE",1926349,"V15G3I5#016001PA"
26343,"NRO_PARTE",4098233,"PNL11U-2C6008-OH"
26343,"NRO_PARTE",4098291,"PNL11U-2C6008"
26343,"NRO_PARTE",1718935,"21CUS0LR00"
26343,"NRO_PARTE",1719155,"11HAS06300-OH"
26343,"NRO_PARTE",1719205,"21E7S0YT00"
26343,"NRO_PARTE",2746022,"T16G6I7216201"
26343,"NRO_PARTE",2746169,"E14G6R5108101OH"
26343,"NRO_PARTE",2746172,"E14G6R5108101OP"
26343,"NRO_PARTE",2746175,"E14G6R5108101N"
26343,"NRO_PARTE",2746186,"E14G6R5108201OH"
26343,"NRO_PARTE",2746205,"E14G6R5108201N"
26343,"NRO_PARTE",4122895,"L14U7171621100**"
26343,"NRO_PARTE",2142676,"V14G4I71216101P"
26343,"NRO_PARTE",2142692,"V14G4I71216201"
26343,"NRO_PARTE",2030921,"3PTL544-7161SSS3-VP-P"
26343,"NRO_PARTE",2030926,"3PTL544-7161SOH3-VP-P"
26343,"NRO_PARTE",2030940,"3PTL744-7161SSS3-A-VP-S-U-A"
26343,"NRO_PARTE",1747834,"PDP7WM40WVAZ3D"
26343,"NRO_PARTE",1747855,"PD09GM40WVAZ02"
26343,"NRO_PARTE",1747875,"21E7S3W700"
26343,"NRO_PARTE",1747904,"PD07WM40UVAZ2B"
26343,"NRO_PARTE",1747905,"21E7S3W400"
26343,"NRO_PARTE",3396961,"V15G4I5016101-OH"
26343,"NRO_PARTE",4228073,"D90VYLA#ABM"
26343,"NRO_PARTE",4228326,"DJ2X6AT#ABM"
26343,"NRO_PARTE",4228328,"5PTDP16-5161SSS3D"
26343,"NRO_PARTE",2509643,"3PTL553-781SOP3-FHD-VP"
26343,"NRO_PARTE",2509693,"3PTL553-7321SOP3-FHD-VP"
26343,"NRO_PARTE",2509819,"90NX06X1-M01920"
26343,"NRO_PARTE",2509827,"90NX06X1-M01920-OP"
26343,"NRO_PARTE",2509835,"90NX06X1-M01960"
26343,"NRO_PARTE",2556062,"A14MR3103"
26343,"NRO_PARTE",1719206,"21E7S2VF00"
26343,"NRO_PARTE",1719278,"21E4S1Y300"
26343,"NRO_PARTE",4003159,"5PTDPP14T-7V325SSS3E"
26343,"NRO_PARTE",2745978,"T16G6I728101"
26343,"NRO_PARTE",2746202,"E14G6R5108201OP"
26343,"NRO_PARTE",2746252,"E14G6R5116101"
26343,"NRO_PARTE",2746263,"E14G6R5116101OP"
26343,"NRO_PARTE",2746267,"E14G6R5116101N"
26343,"NRO_PARTE",3138896,"T14G7U71716101"
26343,"NRO_PARTE",4122996,"MDL2509A0D3WH"
26343,"NRO_PARTE",4123014,"MDL2509E4J9S8"
26343,"NRO_PARTE",4123020,"NG15R8512C"
26343,"NRO_PARTE",1778476,"3PTLV352-R5161SOP3-A-AME-B"
26343,"NRO_PARTE",1778478,"3PTLV352-R5161SSS3-AME-B"
26343,"NRO_PARTE",1778483,"3PTLV352-R5856SSS1-AME-B"
26343,"NRO_PARTE",1778486,"3PTLV352-R5856SOP1-AME-B"
26343,"NRO_PARTE",2142802,"V14G4I5118201HA"
26343,"NRO_PARTE",2030914,"3PTL544-7161SSS3-VP"
26343,"NRO_PARTE",2030918,"3PTL544-7161SOH3-VP"
26343,"NRO_PARTE",2030936,"3PTL554-7161SOP3-A-VP-S-B"
26343,"NRO_PARTE",2030950,"3PTL554-7161SOH3-P"
26343,"NRO_PARTE",2798894,"E16G1I51108201-OH2"
26343,"NRO_PARTE",2798896,"E16G1I311016101-2"
26343,"NRO_PARTE",2627076,"7G2U04V564"
26343,"NRO_PARTE",2627078,"5WTU04V565"
26343,"NRO_PARTE",2627082,"58TU04V566"
26343,"NRO_PARTE",2627087,"5GTU04V567"
26343,"NRO_PARTE",2627088,"7WTU04V568"
26343,"NRO_PARTE",2627092,"78TU04V569"
26343,"NRO_PARTE",2627102,"7GTU04V570"
26343,"NRO_PARTE",2627137,"5WMPP4V367"
26343,"NRO_PARTE",2627144,"58MPP4V368"
26343,"NRO_PARTE",3954035,"T16G8C33281100NSOU"
26343,"NRO_PARTE",3954217,"T16G7R3918101NSOU"
26343,"NRO_PARTE",2790327,"T14G6I3016201-OH2"
26343,"NRO_PARTE",2132497,"21JUS1GF00-OP"
26343,"NRO_PARTE",3825530,"4PTL745-7U321SS3W10-V-TM"
26343,"NRO_PARTE",3825545,"BM5M6LA#ABM-OH4"
26343,"NRO_PARTE",3825559,"4PTL745-7U321SS3W11-V-TM"
26343,"NRO_PARTE",2798897,"E16G1I311016101-OH2"
26343,"NRO_PARTE",2798901,"E16G1I71108101-OP2"
26343,"NRO_PARTE",2798904,"E16G1I71108201-OP2"
26343,"NRO_PARTE",2798918,"E16G1I71116101-2"
26343,"NRO_PARTE",2798943,"E16G1I71116101-OP2"
26343,"NRO_PARTE",2798954,"21JQS1HV00-2"
26343,"NRO_PARTE",2627164,"7WMPP4V370"
26343,"NRO_PARTE",2627199,"582PP4V380"
26343,"NRO_PARTE",2627208,"5G2PP4V381"
26343,"NRO_PARTE",2627216,"7W2PP4V382"
26343,"NRO_PARTE",2627224,"782PP4V383"
26343,"NRO_PARTE",2627233,"7G2PP4V384"
26343,"NRO_PARTE",1836122,"TH14G5R5808101N"
26343,"NRO_PARTE",1836192,"T14G4I5016101HH"
26343,"NRO_PARTE",1729811,"21E7S35B00"
26343,"NRO_PARTE",1729935,"21ECS17600"
26343,"NRO_PARTE",1730025,"21E7S34S00"
26343,"NRO_PARTE",1730027,"21E7S34Y00"
26343,"NRO_PARTE",3377023,"V15G5C5161100-OH"
26343,"NRO_PARTE",3377047,"V15G5C781100"
26343,"NRO_PARTE",2790552,"T14G6I518101-OP2"
26343,"NRO_PARTE",3775938,"PSY29U-4U7001-OH"
26343,"NRO_PARTE",1833394,"21EES1YB00- OH"
26343,"NRO_PARTE",2530688,"21G1S0BC00-OH"
26343,"NRO_PARTE",2531493,"90NX06X1-M00X40-PS"
26343,"NRO_PARTE",2132471,"21JUS1GC00"
26343,"NRO_PARTE",2784507,"4PTL355-7U1612SOH3-B"
26343,"NRO_PARTE",2626082,"7GTPL4V426"
26343,"NRO_PARTE",3952132,"PSY29U-4U7001-DY"
26343,"NRO_PARTE",2798895,"E16G1I51108201-OP2"
26343,"NRO_PARTE",2798899,"E16G1I71108101-2"
26343,"NRO_PARTE",2798900,"E16G1I71108101-OH2"
26343,"NRO_PARTE",2798964,"82YU00X6LMSO-OP"
26343,"NRO_PARTE",2799001,"21KH00F5LM-OH"
26343,"NRO_PARTE",2627153,"5GMPP4V369"
26343,"NRO_PARTE",2627174,"78MPP4V371"
26343,"NRO_PARTE",2627183,"7GMPP4V372"
26343,"NRO_PARTE",2627189,"5W2PP4V379"
26343,"NRO_PARTE",1835412,"8F0X5LT#ABM"
26343,"NRO_PARTE",2031180,"20W1SD2300"
26343,"NRO_PARTE",2031201,"20X4S93300"
26343,"NRO_PARTE",1729901,"21ECS17700"
26343,"NRO_PARTE",1729906,"21E7S35A00"
26343,"NRO_PARTE",1729889,"21ECS17800"
26343,"NRO_PARTE",1729920,"21ECS17900"
26343,"NRO_PARTE",1729546,"21E7S0AY00."
26343,"NRO_PARTE",2790620,"T14G6I5182012"
26343,"NRO_PARTE",2790679,"T14G6I518201-OP2"
26343,"NRO_PARTE",3775892,"T14G5U721162100W-OH"
26343,"NRO_PARTE",3776036,"PML20U-139011-DY"
26343,"NRO_PARTE",2530645,"21G1S0BE00"
26343,"NRO_PARTE",2530698,"21G1S0BD00-OH"
26343,"NRO_PARTE",2530717,"21G1S0BB00-OH"
26343,"NRO_PARTE",2530724,"21G1S0BB00-OP"
26343,"NRO_PARTE",3825501,"4PTL745-7U161SS4W11-V-TM"
26343,"NRO_PARTE",3825627,"4PTL745-7U321SS4W11-V-TM"
26343,"NRO_PARTE",3825664,"BM5M6LA#ABM-OH4A"
26343,"NRO_PARTE",2626086,"5WMPL4V427"
26343,"NRO_PARTE",3398667,"V15G4I568101-OH"
26343,"NRO_PARTE",3398670,"V15G4I5616101"
26343,"NRO_PARTE",2798969,"21JQS1HV00-OH2"
26343,"NRO_PARTE",2799036,"21KH00F4LM-OH"
26343,"NRO_PARTE",2627266,"7WTHP4V394"
26343,"NRO_PARTE",2627345,"7GMHP4V402"
26343,"NRO_PARTE",2031166,"21C6S0FG00"
26343,"NRO_PARTE",2031179,"21CGS0BD00"
26343,"NRO_PARTE",2031418,"21H8S1ST00-OH"
26343,"NRO_PARTE",2031561,"21H4S54A00"
26343,"NRO_PARTE",1729697,"21E7S34U00"
26343,"NRO_PARTE",1729725,"21ECS04T00"
26343,"NRO_PARTE",1730055,"21EES1DJ00"
26343,"NRO_PARTE",1730144,"21E4S25200"
26343,"NRO_PARTE",1730145,"21E4S24W00"
26343,"NRO_PARTE",3954293,"T14G6U741162100-OH"
26343,"NRO_PARTE",3954298,"T14G6U741162100IR"
26343,"NRO_PARTE",3954300,"T14G6U741162100IR-OH"
26343,"NRO_PARTE",3954303,"T14G6U741162100D-OH"
26343,"NRO_PARTE",3954312,"T16G4U741162100"
26343,"NRO_PARTE",3954323,"T16G4U741162100-OH"
26343,"NRO_PARTE",2562698,"3PTL354-5812SOP3-A"
26343,"NRO_PARTE",2488748,"PML30U-0EN00V"
26343,"NRO_PARTE",2488757,"PML30U-0EN00V-OP"
26343,"NRO_PARTE",3776034,"T14G5U721162100DCW"
26343,"NRO_PARTE",2530681,"21G1S0BC00"
26343,"NRO_PARTE",3863769,"B7KF9AT#ABM"
26343,"NRO_PARTE",1730211,"21E4S0HT00"
26343,"NRO_PARTE",1730212,"21E4S0KJ00"
26343,"NRO_PARTE",1730227,"21E4S25A00"
26343,"NRO_PARTE",2032443,"LPSVG12JN1004-D4-OP"
26343,"NRO_PARTE",3398659,"V15G4I568101"
26343,"NRO_PARTE",2627253,"58THP4V392"
26343,"NRO_PARTE",2627274,"78THP4V395"
26343,"NRO_PARTE",2031120,"20X6S18N00"
26343,"NRO_PARTE",2031477,"21H4S54700-OH"
26343,"NRO_PARTE",1729808,"21E7S34X00"
26343,"NRO_PARTE",3954086,"V15G5C33280100NSOU"
26343,"NRO_PARTE",3377031,"V15G5C5162100"
26343,"NRO_PARTE",2790788,"T14G6I51161012"
26343,"NRO_PARTE",2790812,"T14G6I5116101-OH2"
26343,"NRO_PARTE",3776091,"T14G5U721162100DCW-OH"
26343,"NRO_PARTE",3776116,"PML20U-139011-DY-OH"
26343,"NRO_PARTE",2531503,"90NX06X1-M00X40-OP-PS"
26343,"NRO_PARTE",2784540,"4PTL355-7U161SOH3-B"
26343,"NRO_PARTE",1730250,"21E4S25600"
26343,"NRO_PARTE",1730251,"21E4S25F00"
26343,"NRO_PARTE",2032481,"21H2S4HW00-OH"
26343,"NRO_PARTE",2799008,"21KH00F5LM-OP"
26343,"NRO_PARTE",2799114,"21KH00F3LM-OH"
26343,"NRO_PARTE",2799140,"21KH00F3LM-OP"
26343,"NRO_PARTE",2799158,"21KG00LELM-OH"
26343,"NRO_PARTE",2799177,"21KG00LELM-OP"
26343,"NRO_PARTE",2627259,"5GTHP4V393"
26343,"NRO_PARTE",2627369,"5G2HP4V411"
26343,"NRO_PARTE",2031117,"21C2S0Y700"
26343,"NRO_PARTE",2031358,"21H4S54900-OH"
26343,"NRO_PARTE",2031586,"21H8S1SR00"
26343,"NRO_PARTE",2034884,"9B4D2LS#ABM-OHA"
26343,"NRO_PARTE",1729909,"21E7S1MP00"
26343,"NRO_PARTE",1729946,"21ECS17A00"
26343,"NRO_PARTE",1729970,"21E7S35C00"
26343,"NRO_PARTE",3954126,"V15G5C33281100NSOU"
26343,"NRO_PARTE",3377044,"V15G5C5162100-OH"
26343,"NRO_PARTE",3377109,"V15G5C781100-OH"
26343,"NRO_PARTE",3377120,"V15G5C7161100"
26343,"NRO_PARTE",3377122,"V15G5C7161100-OH"
26343,"NRO_PARTE",2488752,"PML30U-0EN00V-OH"
26343,"NRO_PARTE",2530697,"21G1S0BD00"
26343,"NRO_PARTE",3825831,"BN6E3LA#ABM"
26343,"NRO_PARTE",2032450,"21H2S4HR00-OH"
26343,"NRO_PARTE",2032667,"21H6S29Y00-OH"
26343,"NRO_PARTE",2799013,"21JQS1HV00-OP2"
26343,"NRO_PARTE",3896486,"WE15I7F146"
26343,"NRO_PARTE",2031099,"21C2S0Y600"
26343,"NRO_PARTE",2031165,"21C6S0FF00"
26343,"NRO_PARTE",3130552,"4PTL555-71612SOH3-VP-C"
26343,"NRO_PARTE",1730033,"21EES1DE00"
26343,"NRO_PARTE",1729550,"21E7S0AY00- OP"
26343,"NRO_PARTE",3954167,"V15G4R3908101NSOU"
26343,"NRO_PARTE",3954215,"V15G4R3908201NSOU"
26343,"NRO_PARTE",3954216,"T16G7R3908101NSOU"
26343,"NRO_PARTE",3954281,"T14G6U741162100"
26343,"NRO_PARTE",3954302,"T14G6U741162100D"
26343,"NRO_PARTE",3954307,"T14G6U741322100"
26343,"NRO_PARTE",3954309,"T14G6U741322100-OH"
26343,"NRO_PARTE",2790658,"T14G6I518201-OH2"
26343,"NRO_PARTE",3825593,"4PTL745-7U321SS4W10-V-TM"
26343,"NRO_PARTE",3825596,"BM5M6LA#ABM-A"
26343,"NRO_PARTE",3747183,"E16G6U5188201H-OH"
26343,"NRO_PARTE",1730273,"21E4S25900"
26343,"NRO_PARTE",1730279,"PSY1AU-02G009"
26343,"NRO_PARTE",3398675,"V15G4I5616101-OH"
26343,"NRO_PARTE",2799064,"21KH00F4LM-OP"
26343,"NRO_PARTE",2799249,"21DH00DTLM-OP"
26343,"NRO_PARTE",2799273,"21DH00DTLM-OH*"
26343,"NRO_PARTE",2031200,"20X4S93400"
26343,"NRO_PARTE",2031336,"21H4S54B00"
26343,"NRO_PARTE",2031732,"21H4S54600-OH"
26343,"NRO_PARTE",2034958,"9B430LS#ABM-OHA"
26343,"NRO_PARTE",3130543,"4PTL555-71612SSS3-VP-C"
26343,"NRO_PARTE",1729810,"21E7S34V00"
26343,"NRO_PARTE",1729699,"21E7S34W00"
26343,"NRO_PARTE",1729703,"21E7S1QT00"
26343,"NRO_PARTE",2790876,"T14G6I5116101-OP2"
26343,"NRO_PARTE",3825870,"BN6E3LA#ABM-OH4"
26343,"NRO_PARTE",1926463,"V14G3#I5016101PA"
26343,"NRO_PARTE",1926522,"V15G3I5#008101A"
26343,"NRO_PARTE",1926536,"V15G3#I5008101A"
26343,"NRO_PARTE",1926576,"V15G3#I3916111H"
26343,"NRO_PARTE",3333599,"N78MPMB007"
26343,"NRO_PARTE",3333787,"N58THMB020"
26343,"NRO_PARTE",3743683,"E16G6U5168001H"
26343,"NRO_PARTE",3743698,"E16G6U5168001H-OH"
26343,"NRO_PARTE",2553087,"EA14A3T107P-3"
26343,"NRO_PARTE",1837566,"E16G1R51108201H"
26343,"NRO_PARTE",1837585,"E16G1I51108201HH"
26343,"NRO_PARTE",2539114,"NL5H58IM2VA0I4"
26343,"NRO_PARTE",2539121,"NL5H58IM2VA0I5"
26343,"NRO_PARTE",1987260,"21JSS0QB00-OH"
26343,"NRO_PARTE",1987267,"21JSS0QB00-OP"
26343,"NRO_PARTE",1998339,"V15G4R5116101#HP"
26343,"NRO_PARTE",1998376,"T14G5R5108101HP"
26343,"NRO_PARTE",1998391,"T16G1R5116101H"
26343,"NRO_PARTE",2625461,"A41U6LS#ABM-OP"
26343,"NRO_PARTE",3826437,"B5LR2LS#ABM-AC"
26343,"NRO_PARTE",3826444,"B5LR2LS#ABM-ACG4"
26343,"NRO_PARTE",3826465,"4PTL555-7U161SS4W10-V-TM-B"
26343,"NRO_PARTE",1867148,"20WLSB5X00"
26343,"NRO_PARTE",4118758,"MDL2509M2UI8H"
26343,"NRO_PARTE",4118907,"MDL2509L1Q6VC"
26343,"NRO_PARTE",3716644,"THINKBOOK 16 G7 IML"
26343,"NRO_PARTE",3716723,"T16G7U7178101H"
26343,"NRO_PARTE",3716724,"T16G7U7178101H-OH"
26343,"NRO_PARTE",3716725,"T16G7U71716101H"
26343,"NRO_PARTE",3752304,"B94ZQLS#ABM-OH4"
26343,"NRO_PARTE",3752332,"B9PB1LA#ABM"
26343,"NRO_PARTE",1927082,"V14G3#I3916011H"
26343,"NRO_PARTE",1913829,"3PTL354-71612SSS3-I"
26343,"NRO_PARTE",1913838,"3PTL354-71612SOP3-I"
26343,"NRO_PARTE",2139080,"21G1S05700-OH"
26343,"NRO_PARTE",2139090,"21G1S05700-OP"
26343,"NRO_PARTE",2139107,"21G1S05B00"
26343,"NRO_PARTE",2139123,"21G1S05B00-OH"
26343,"NRO_PARTE",3717123,"T16G7U71716101H-OH"
26343,"NRO_PARTE",2565127,"A1QM5LA#ABM"
26343,"NRO_PARTE",2515189,"21EES2D300-OH"
26343,"NRO_PARTE",2515210,"21EES2D400"
26343,"NRO_PARTE",2515218,"21EES2D400-OH"
26343,"NRO_PARTE",2515232,"21EES2D400-OP"
26343,"NRO_PARTE",2648044,"4PTL345-5161SSS3-A"
26343,"NRO_PARTE",2648096,"4PTL345-5161SOP3-A"
26343,"NRO_PARTE",2648139,"4PTL345-7812SOH3"
26343,"NRO_PARTE",3894597,"V15G4R3908201NSO"
26343,"NRO_PARTE",2770958,"90NX05W1-M00YD0-OP"
26343,"NRO_PARTE",1724450,"7C6F4LA#ABM"
26343,"NRO_PARTE",1926495,"V15G3I5#016001HA"
26343,"NRO_PARTE",3333715,"N5GMHMB016"
26343,"NRO_PARTE",3333726,"N78MHMB017"
26343,"NRO_PARTE",3743722,"E16G6U5168101H"
26343,"NRO_PARTE",3743741,"E16G6U5168101H-OH"
26343,"NRO_PARTE",2553064,"WE14I3T107P-3"
26343,"NRO_PARTE",2553084,"EA15A5T115P-3"
26343,"NRO_PARTE",1837632,"E16G1R51116201PA"
26343,"NRO_PARTE",1998958,"V15G4I7116201"
26343,"NRO_PARTE",1998959,"V15G4I7116201H"
26343,"NRO_PARTE",1998960,"V15G4I7116201P"
26343,"NRO_PARTE",1998122,"V14G4R3008001#HP"
26343,"NRO_PARTE",1998276,"V15G4R3016101HH"
26343,"NRO_PARTE",1998414,"21JSS0QM00"
26343,"NRO_PARTE",1998428,"21JUS0WH00"
26343,"NRO_PARTE",2141057,"9E3F4LS#ABM-OP"
26343,"NRO_PARTE",3716642,"T16G7U5168101H-OH"
26343,"NRO_PARTE",3716722,"T16G7U7178201H-OH"
26343,"NRO_PARTE",3752280,"B94ZQLS#ABM"
26343,"NRO_PARTE",2139130,"21G1S05B00-OP"
26343,"NRO_PARTE",2139162,"21G1S05600-OH"
26343,"NRO_PARTE",1769518,"3PTL352-3456OH1-HD"
26343,"NRO_PARTE",2648110,"4PTL345-5161SOH3-AN"
26343,"NRO_PARTE",3894796,"L16G1U580100NSO"
26343,"NRO_PARTE",2770956,"90NX05W1-M00YD0-OH"
26343,"NRO_PARTE",1724510,"7C6F4LA#ABM-OP"
26343,"NRO_PARTE",2539119,"NL5H58IM2VA0I"
26343,"NRO_PARTE",1998108,"V14G4R3008001H"
26343,"NRO_PARTE",1998135,"V14G4R3008101HP"
26343,"NRO_PARTE",1998335,"V15G4R5116101HP"
26343,"NRO_PARTE",3826355,"4PTL555-7U161SS3W10-V-TM-B"
26343,"NRO_PARTE",3826463,"A24ZWLA#ABM-ACG4"
26343,"NRO_PARTE",2622107,"Y11H719"
26343,"NRO_PARTE",3732128,"PDA31U-OLV053-DY"
26343,"NRO_PARTE",4119004,"MDL2509D3UM2F"
26343,"NRO_PARTE",3716630,"T16G7U5168101H"
26343,"NRO_PARTE",3716667,"T16G7U51616101H"
26343,"NRO_PARTE",3716719,"T16G7U51616201H"
26343,"NRO_PARTE",3716720,"T16G7U51616201H-OH"
26343,"NRO_PARTE",3752416,"B9PB1LA#ABM-AS"
26343,"NRO_PARTE",3392238,"V15G5C382100H-OH"
26343,"NRO_PARTE",3392247,"V15G5C3161100H"
26343,"NRO_PARTE",3392255,"V15G5C581100H"
26343,"NRO_PARTE",3392261,"V15G5C581100H-OH"
26343,"NRO_PARTE",3392263,"V15G5C582100H"
26343,"NRO_PARTE",3392283,"V15G5C582100H-OH"
26343,"NRO_PARTE",1914537,"PMM2CU-0MS005-OP"
26343,"NRO_PARTE",1926991,"V14G4I3908001HH"
26343,"NRO_PARTE",1926997,"V14G4I3908001P#A"
26343,"NRO_PARTE",3863589,"BF9Z9AT#ABM"
26343,"NRO_PARTE",2139149,"21G1S05600"
26343,"NRO_PARTE",2139259,"21G1S05500-OP"
26343,"NRO_PARTE",2515171,"21EES2D300"
26343,"NRO_PARTE",2648385,"IN15H115W"
26343,"NRO_PARTE",2648388,"MN116C"
26343,"NRO_PARTE",2610382,"4PTL354-512812SSS3-AC"
26343,"NRO_PARTE",2610394,"4PTL354-512812SOP3-AC"
26343,"NRO_PARTE",3894577,"V15G4R3908101NSO"
26343,"NRO_PARTE",3894809,"L16G1U581100NSO"
26343,"NRO_PARTE",3894811,"T16G7R3908101NSO"
26343,"NRO_PARTE",3333756,"N5WTHMB019"
26343,"NRO_PARTE",1998114,"V14G4R3008001HP"
26343,"NRO_PARTE",1998136,"V14G4R3008101HH"
26343,"NRO_PARTE",1998141,"V14G4R3008101H"
26343,"NRO_PARTE",1998147,"V14G4R3016101H"
26343,"NRO_PARTE",1998156,"V14G4R3016101HH"
26343,"NRO_PARTE",1998240,"V15G4R3008001HP"
26343,"NRO_PARTE",1998324,"V15G4R5116101HH"
26343,"NRO_PARTE",1998403,"T16G1R5116101HP"
26343,"NRO_PARTE",3826453,"A24ZWLA#ABM-AC"
26343,"NRO_PARTE",3826527,"4PTL555-7U321SS3W11-V-TM-B"
26343,"NRO_PARTE",2629340,"A4UJ6LS#ABM-OP"
26343,"NRO_PARTE",3732037,"4PTL745A-7U161SSS3-VP-A"
26343,"NRO_PARTE",3732157,"LOQI727161108V"
26343,"NRO_PARTE",1843231,"3PTL743T-71651SSS3-B"
26343,"NRO_PARTE",1867183,"20X2SBNJ00"
26343,"NRO_PARTE",4119051,"E14G6R7H20161"
26343,"NRO_PARTE",4119066,"MDL2509UK0P5I"
26343,"NRO_PARTE",4119075,"E14G6R7H20161-OH"
26343,"NRO_PARTE",4119079,"MDL2509D3J9M2"
26343,"NRO_PARTE",4119086,"MDL2509VVYYK0"
26343,"NRO_PARTE",1926990,"V14G4I3908001H"
26343,"NRO_PARTE",1927064,"V14G4I5016101HH"
26343,"NRO_PARTE",3863681,"B7KF7AT#ABM"
26343,"NRO_PARTE",3863709,"B7KF7AT#ABM-OH4"
26343,"NRO_PARTE",2139196,"21G1S05600-OP"
26343,"NRO_PARTE",2139214,"21G1S05500"
26343,"NRO_PARTE",2610436,"4PTL354-5121612SOH3"
26343,"NRO_PARTE",2610444,"4PTL354-5121612SOP3"
26343,"NRO_PARTE",2610448,"4PTL354-5121612SSS3-AC"
26343,"NRO_PARTE",2610452,"4PTL354-5121612SOH3-AC"
26343,"NRO_PARTE",2610510,"3PTL354-5812SOH3-A"
26343,"NRO_PARTE",3894825,"T16G7R3918101NSO"
26343,"NRO_PARTE",1724675,"7C6F4LA#ABM-D"
26343,"NRO_PARTE",1724759,"7C6F4LA#ABM-OPD"
26343,"NRO_PARTE",2625674,"5WTPH4V301"
26343,"NRO_PARTE",2625697,"5GTPH4V303"
26343,"NRO_PARTE",2629361,"A4UJ6LS#ABM-OPA"
26343,"NRO_PARTE",3732193,"4PTL545-7U161SSS3P-VP-A"
26343,"NRO_PARTE",3732198,"PDA31U-OLV053-DY-OH"
26343,"NRO_PARTE",3732203,"LOQI727161108V-OH"
26343,"NRO_PARTE",4119042,"MDL2509Q6G6T9"
26343,"NRO_PARTE",4119160,"E16G2R7H201616-OH"
26343,"NRO_PARTE",3752374,"B9PB1LA#ABM-A"
26343,"NRO_PARTE",3392284,"V15G5C5161100H"
26343,"NRO_PARTE",3863622,"B83U6AT#ABM"
26343,"NRO_PARTE",2139242,"21G1S05500-OH"
26343,"NRO_PARTE",4110196,"BS6H1LT#ABM"
26343,"NRO_PARTE",4110289,"BS6H1LT#ABM-OH4"
26343,"NRO_PARTE",1769562,"3PTL352-3456OH3-HD"
26343,"NRO_PARTE",2610433,"4PTL354-5121612SSS3"
26343,"NRO_PARTE",2610455,"4PTL354-5121612SOP3-AC"
26343,"NRO_PARTE",2531731,"V15G4I71216201"
26343,"NRO_PARTE",2531740,"V15G4I71216201H"
26343,"NRO_PARTE",1723950,"6C5Y6LT#ABM-OH"
26343,"NRO_PARTE",2539314,"PSY29U-00C001"
26343,"NRO_PARTE",1998943,"21JLS14Q00-OP"
26343,"NRO_PARTE",1998128,"V14G4R3008101#HP"
26343,"NRO_PARTE",1998170,"V14G4R3016101#HP"
26343,"NRO_PARTE",1998183,"V14G4R5108101HP"
26343,"NRO_PARTE",3826428,"B5LR2LS#ABM-OH4"
26343,"NRO_PARTE",2629501,"4PTL355-5812SOH3"
26343,"NRO_PARTE",2629518,"4PTL355-5812SOH3-A"
26343,"NRO_PARTE",2629519,"21JQS1MU00-OP"
26343,"NRO_PARTE",2629562,"4PTL355-5812SOP3-AN"
26343,"NRO_PARTE",3732107,"4PTL745-7U161SSS3-VP-AB"
26343,"NRO_PARTE",3732250,"4PTL745-7U161SSS3-VP-A-B"
26343,"NRO_PARTE",3732259,"LOQI727162108V"
26343,"NRO_PARTE",4118835,"MDL2509Q6L1F5"
26343,"NRO_PARTE",4118932,"MDL2509ZT9R7F"
26343,"NRO_PARTE",4119025,"MDL2509A0XVS8"
26343,"NRO_PARTE",3392250,"V15G5C3161100H-OH"
26343,"NRO_PARTE",1926993,"V14G4I3908001#H"
26343,"NRO_PARTE",1913835,"3PTL354-71612SOH3-I"
26343,"NRO_PARTE",3863564,"BF9X1AT#ABM"
26343,"NRO_PARTE",4110314,"BU6Z4LT#ABM"
26343,"NRO_PARTE",2648376,"IN15H104W"
26343,"NRO_PARTE",2610387,"4PTL354-512812SOH3-AC"
26343,"NRO_PARTE",3894795,"L16G1R3908201NSO"
26343,"NRO_PARTE",1724000,"674C0LT#ABM-OH"
26343,"NRO_PARTE",3826473,"4PTL555-7U161SS4W11-V-TM-B"
26343,"NRO_PARTE",3826474,"B41X4LS#ABM-AC"
26343,"NRO_PARTE",3826490,"B41X4LS#ABM-ACG4"
26343,"NRO_PARTE",3826494,"4PTL555-7U321SS3W10-V-TM-B"
26343,"NRO_PARTE",3732187,"T16G7U71981012"
26343,"NRO_PARTE",3732314,"LOQI727162108V-OH"
26343,"NRO_PARTE",3732318,"B41X4LS#ABM-RA"
26343,"NRO_PARTE",3732345,"T16G7U71982012-OH"
26343,"NRO_PARTE",3863609,"BL5Q4AT#ABM"
26343,"NRO_PARTE",1724715,"7C6F4LA#ABM-OHD"
26343,"NRO_PARTE",1975483,"3PTL544-7161SOP3"
26343,"NRO_PARTE",1975519,"3PTL354-71612SOH3-E"
26343,"NRO_PARTE",1998092,"21JUS0WD00-OP"
26343,"NRO_PARTE",1998191,"V14G4R5108101H"
26343,"NRO_PARTE",3979889,"5PTDPP16-7U321SOH3-BW7"
26343,"NRO_PARTE",3732302,"T16G7U71981012-OH"
26343,"NRO_PARTE",3732338,"A24ZSLT#ABM-A"
26343,"NRO_PARTE",3732349,"LOQI727161106V"
26343,"NRO_PARTE",3732359,"T16G7U719161012"
26343,"NRO_PARTE",3732378,"T16G7U719161012-OH"
26343,"NRO_PARTE",3732380,"LOQI727162106V"
26343,"NRO_PARTE",1843236,"3PTL743T-71651SOP3-B"
26343,"NRO_PARTE",4119240,"L14U5161611100"
26343,"NRO_PARTE",4119286,"L16U7171611100"
26343,"NRO_PARTE",4119288,"L16U7171611100-OH"
26343,"NRO_PARTE",4119291,"L16U5161611100"
26343,"NRO_PARTE",4119296,"L16U5161621100-OH"
26343,"NRO_PARTE",4119379,"PSY29U-09K00L-OH"
26343,"NRO_PARTE",4119383,"PNL11U-2CL008"
26343,"NRO_PARTE",4119402,"PSY29U-4VM001-D"
26343,"NRO_PARTE",2139527,"81J11LT#ABM"
26343,"NRO_PARTE",2528795,"4PTL544-71651SOP3-VP"
26343,"NRO_PARTE",1726428,"82C700M6LM"
26343,"NRO_PARTE",4005577,"L16G2U5161100H-OH"
26343,"NRO_PARTE",2510230,"21HJ000VLM"
26343,"NRO_PARTE",3850523,"BP2D1LS#ABM-OH4"
26343,"NRO_PARTE",3956310,"A71FNLT#ABM-A"
26343,"NRO_PARTE",2034538,"V15G4R5108101HP#"
26343,"NRO_PARTE",1836177,"T14G4I5008101PH"
26343,"NRO_PARTE",1836191,"T14G4I5016101"
26343,"NRO_PARTE",3135170,"82YY002YLMSO*"
26343,"NRO_PARTE",1763664,"21E4S24L00"
26343,"NRO_PARTE",1763677,"21E4S24N00"
26343,"NRO_PARTE",1763695,"21E4S24U00"
26343,"NRO_PARTE",1720302,"PSY19U-0JN035"
26343,"NRO_PARTE",2032341,"21H2S4HU00-OP"
26343,"NRO_PARTE",2032390,"21H2S4HP00-OP"
26343,"NRO_PARTE",2032399,"21H2S4HP00"
26343,"NRO_PARTE",2032602,"21H6S29W00-OH"
26343,"NRO_PARTE",2032632,"21H6S2A300-OP"
26343,"NRO_PARTE",2032703,"21H6S2A700-OP"
26343,"NRO_PARTE",3723451,"4PTL355-781SOH3-N"
26343,"NRO_PARTE",3723466,"4PTL355-71612SSS3-N"
26343,"NRO_PARTE",3723531,"4PTL355-71612SOH3-N"
26343,"NRO_PARTE",2510223,"21JQ000PLM"
26343,"NRO_PARTE",2510233,"82TT00EALM"
26343,"NRO_PARTE",2510237,"83A100CSLM"
26343,"NRO_PARTE",1926042,"PCR30U-21303H"
26343,"NRO_PARTE",1926195,"PCR30U-25U03H-OH"
26343,"NRO_PARTE",3956357,"A9BS1LT#ABM-C"
26343,"NRO_PARTE",3129958,"T16G7U5168001"
26343,"NRO_PARTE",2558159,"L15G4I5308101P"
26343,"NRO_PARTE",2558257,"PZA26U-02J005-OP"
26343,"NRO_PARTE",1763352,"21E4S0AW00"
26343,"NRO_PARTE",2032774,"21H6S29X00-OP"
26343,"NRO_PARTE",3723556,"4PTL355-7161SSS3-N"
26343,"NRO_PARTE",2627610,"9S7-15A121-053"
26343,"NRO_PARTE",4005779,"L14G6U5161100H"
26343,"NRO_PARTE",4004698,"90NX0801-M04T00-OH"
26343,"NRO_PARTE",3135142,"E16G219161100-OH"
26343,"NRO_PARTE",3332476,"V15G5C581100-OH"
26343,"NRO_PARTE",3332483,"V15G5C581100-OP"
26343,"NRO_PARTE",3332493,"V15G5C71621002-OH"
26343,"NRO_PARTE",1763485,"21E4S0G300"
26343,"NRO_PARTE",3723643,"4PTL355-7U1612SSS3-N"
26343,"NRO_PARTE",4121752,"NBADVNV7050AM"
26343,"NRO_PARTE",2627656,"9S7-15H551-042"
26343,"NRO_PARTE",2627716,"9S7-159222-402"
26343,"NRO_PARTE",4005707,"L14G6U5161100-OH"
26343,"NRO_PARTE",4005850,"L14G6U5161100H-OH"
26343,"NRO_PARTE",1926117,"PCR30U-25U03H"
26343,"NRO_PARTE",1926234,"V15G3I5#008101PA"
26343,"NRO_PARTE",1926286,"V15G3#I5016101HH"
26343,"NRO_PARTE",1926320,"PCR30U-25U03H-OP"
26343,"NRO_PARTE",3956405,"81H23LT#ABM-C"
26343,"NRO_PARTE",2940300,"V15G4I3908001H2-OH"
26343,"NRO_PARTE",1720301,"21CSS0HX00."
26343,"NRO_PARTE",3723683,"4PTL355-7U1612SOH3-C-N"
26343,"NRO_PARTE",3132836,"83A100ESLMSO-OH"
26343,"NRO_PARTE",4005844,"C2CQ3LS#ABM"
26343,"NRO_PARTE",4005848,"C3VT3LA#ABM-A"
26343,"NRO_PARTE",1926511,"V15G3#I5016101A"
26343,"NRO_PARTE",3332506,"V15G5C7162100H2-OH"
26343,"NRO_PARTE",2557417,"E14G5R30708201H"
26343,"NRO_PARTE",4053233,"L16G2U721162100"
26343,"NRO_PARTE",4053260,"L16G2U721162100C"
26343,"NRO_PARTE",3723437,"4PTL355-781SSS3-N"
26343,"NRO_PARTE",2627955,"A41V7LS#ABM-OP"
26343,"NRO_PARTE",2628051,"A4EJ3LS#ABM-OPS"
26343,"NRO_PARTE",2047400,"K14G2I3108101HP"
26343,"NRO_PARTE",2047402,"K14G2I3108001H"
26343,"NRO_PARTE",2047403,"K14G2I310800HP"
26343,"NRO_PARTE",4005944,"C3VT3LA#ABM-OH4"
26343,"NRO_PARTE",3956711,"PORTÉGÉ® X30L-K"
26343,"NRO_PARTE",3332500,"V15G5C7162100H2"
26343,"NRO_PARTE",2558500,"21JSS1AQ00"
26343,"NRO_PARTE",2940408,"V15G4I51810102-OH"
26343,"NRO_PARTE",2464998,"V14G4R58101-OP"
26343,"NRO_PARTE",3133061,"83A100ESLMSO"
26343,"NRO_PARTE",2628011,"A2QU5LS#ABM-OP."
26343,"NRO_PARTE",2628036,"A4EJ3LS#ABM-OPAS"
26343,"NRO_PARTE",2034120,"21JUS19100-OP"
26343,"NRO_PARTE",2034134,"K14G2I5108101PS"
26343,"NRO_PARTE",2034165,"V15G4I5008101HS"
26343,"NRO_PARTE",4005940,"C2CQ3LS#ABM-A"
26343,"NRO_PARTE",4006016,"C2CQ3LS#ABM-M"
26343,"NRO_PARTE",4006020,"C3VT3LA#ABM-OH4A"
26343,"NRO_PARTE",3956746,"PQU10U-0KU018-"
26343,"NRO_PARTE",3332474,"V15G5C581100"
26343,"NRO_PARTE",2557412,"E14G5R50708201"
26343,"NRO_PARTE",2557419,"E14G5R50708201H"
26343,"NRO_PARTE",2558111,"L15G4I5308201P"
26343,"NRO_PARTE",2558114,"PSY19U-0EH03Q-OP"
26343,"NRO_PARTE",2558136,"PZA26U-02H005"
26343,"NRO_PARTE",2558158,"L15G4I5308101H"
26343,"NRO_PARTE",2940432,"V15G4I71082012-OH"
26343,"NRO_PARTE",2940678,"T16G7U7198101-OH"
26343,"NRO_PARTE",2940719,"T16G7U7198201-OH"
26343,"NRO_PARTE",4053328,"L16G2U721162100C-OH"
26343,"NRO_PARTE",4053375,"T14G6U741162100C"
26343,"NRO_PARTE",3723570,"4PTL355-7161SOH3-N"
26343,"NRO_PARTE",3723620,"4PTL355-5U812SOH3-B-N"
26343,"NRO_PARTE",4121915,"V15G6I7581100*-OH"
26343,"NRO_PARTE",3133053,"82YU00X5LMSO"
26343,"NRO_PARTE",2627748,"9S7-17S151-876"
26343,"NRO_PARTE",2034126,"K14G2I5108101A"
26343,"NRO_PARTE",2034127,"K14G2I5108101HA"
26343,"NRO_PARTE",2034128,"K14G2I5108101PA"
26343,"NRO_PARTE",2034181,"V15G4I5016101HS"
26343,"NRO_PARTE",3332488,"V15G5C71621002"
26343,"NRO_PARTE",2558264,"3PTL354-7161SOP3-HD"
26343,"NRO_PARTE",2940706,"T16G7U7198201"
26343,"NRO_PARTE",2940728,"E14G616161100-OH"
26343,"NRO_PARTE",2940730,"T16G7U71916101"
26343,"NRO_PARTE",2940743,"E14G619161100-OH"
26343,"NRO_PARTE",1720591,"PSY19U-0FH035-OP"
26343,"NRO_PARTE",1720592,"PSY19U-0HH035"
26343,"NRO_PARTE",1720593,"PSY19U-0HH035-OH"
26343,"NRO_PARTE",3723606,"4PTL355-5U812SSS3-N"
26343,"NRO_PARTE",2627845,"7GMHH4V342"
26343,"NRO_PARTE",2627916,"A31E7LS#ABM-OH"
26343,"NRO_PARTE",3754108,"T16G8C33281100H"
26343,"NRO_PARTE",4111648,"BU6Z4LT#ABM-OH4"
26343,"NRO_PARTE",1729701,"21E7S1L700"
26343,"NRO_PARTE",1729809,"21E7S35900"
26343,"NRO_PARTE",2557790,"E14G5R50716201"
26343,"NRO_PARTE",2557794,"PML32U-0DM003-OP"
26343,"NRO_PARTE",2557796,"E14G5R50716201H"
26343,"NRO_PARTE",2489875,"21HR000ULM."
26343,"NRO_PARTE",2139539,"8L3X3LT#ABM"
26343,"NRO_PARTE",2559006,"WE15I5H115P-3"
26343,"NRO_PARTE",1778746,"V14G3I3908001#HA"
26343,"NRO_PARTE",1778747,"V14G3I3908001#PA"
26343,"NRO_PARTE",1778751,"V14G3I390800#1A"
26343,"NRO_PARTE",1778752,"V14G3I390800#1HA"
26343,"NRO_PARTE",1778753,"V14G3I390800#1PA"
26343,"NRO_PARTE",1835150,"PSY19U 0HG035-D"
26343,"NRO_PARTE",1835151,"PSY19U-0HG035-D-OH"
26343,"NRO_PARTE",1835152,"PSY19U-0HG035-D-OP"
26343,"NRO_PARTE",1835441,"8F0X5LT#ABM-OP"
26343,"NRO_PARTE",2747251,"83A100ERLM-OH"
26343,"NRO_PARTE",2747451,"E16G2R3116101"
26343,"NRO_PARTE",1836535,"8N9L8LS#ABM-A"
26343,"NRO_PARTE",4018098,"PSY29U-4V001T-OH"
26343,"NRO_PARTE",3881353,"5PTDP16-5161SSS3"
26343,"NRO_PARTE",2746167,"E14G6R5108101"
26343,"NRO_PARTE",2746182,"E14G6R5108201"
26343,"NRO_PARTE",2746257,"E14G6R5116101OH"
26343,"NRO_PARTE",2557764,"PML32U-0DM003"
26343,"NRO_PARTE",2557805,"E14G5R50716201P"
26343,"NRO_PARTE",2557866,"PML32U-04V003-OP"
26343,"NRO_PARTE",2557872,"V14G4R308101H"
26343,"NRO_PARTE",2557876,"V14G4R308101P"
26343,"NRO_PARTE",2557892,"3PTL344-3812SSS3-HD"
26343,"NRO_PARTE",2557900,"PML32U-005003-OH"
26343,"NRO_PARTE",3152739,"T14G7U7178101-OH"
26343,"NRO_PARTE",3152740,"T14G7U71716201"
26343,"NRO_PARTE",3152743,"T14G7U71716201-OH"
26343,"NRO_PARTE",3929120,"5PTDPP14-7U161SSS3-A"
26343,"NRO_PARTE",1838619,"20YHS1M900-OH"
26343,"NRO_PARTE",2796389,"E14G5I31108001-OP2"
26343,"NRO_PARTE",3968499,"C18E7LS#ABM"
26343,"NRO_PARTE",2139552,"7Z7H2LT#ABM"
26343,"NRO_PARTE",2631833,"T16G6I71116201"
26343,"NRO_PARTE",1778473,"3PTLV352-R5161SSS3-A-AME-B"
26343,"NRO_PARTE",3922462,"BT2Y7LS#ABM"
26343,"NRO_PARTE",3922496,"BU4E3LS#ABM"
26343,"NRO_PARTE",3922547,"BU9J7LS#ABM-OH4"
26343,"NRO_PARTE",1835147,"PSY19U 0FG035-D"
26343,"NRO_PARTE",1835153,"PSY19U-0HG035-A"
26343,"NRO_PARTE",1835154,"PSY19U-0HG035-A-OH"
26343,"NRO_PARTE",1835155,"PSY19U-0HG035-A-OP"
26343,"NRO_PARTE",1836163,"TH14G5R5808101PH"
26343,"NRO_PARTE",1836174,"T14G4I5008101"
26343,"NRO_PARTE",2747488,"E16G2R3116101OP"
26343,"NRO_PARTE",3881199,"T14G8C53382100"
26343,"NRO_PARTE",3881342,"5PTDP14-5161SSS3"
26343,"NRO_PARTE",3881374,"5PTDP16-7161SSS3"
26343,"NRO_PARTE",1730790,"21E7S39700"
26343,"NRO_PARTE",1730793,"21E7S39800"
26343,"NRO_PARTE",1730803,"21EES1FF00"
26343,"NRO_PARTE",1730839,"21EES1FG00"
26343,"NRO_PARTE",2557826,"PML32U-04V003"
26343,"NRO_PARTE",2557902,"90NX06X1-M01V00"
26343,"NRO_PARTE",2557935,"PML32U-005003-OP"
26343,"NRO_PARTE",2557944,"V14G4R508101"
26343,"NRO_PARTE",2557964,"PML32U-007003"
26343,"NRO_PARTE",2557979,"V14G4R508101P"
26343,"NRO_PARTE",3867408,"5PTDP14-5165SSS3-T"
26343,"NRO_PARTE",3152738,"T14G7U7178101"
26343,"NRO_PARTE",1838640,"7P9A6LA#ABM-OP."
26343,"NRO_PARTE",1838643,"21DJ00GMLM-OH"
26343,"NRO_PARTE",2796434,"E14G5I31108101-2"
26343,"NRO_PARTE",2139610,"7Z7H4LT#ABM-OP"
26343,"NRO_PARTE",1778474,"3PTLV352-R5161SOH3-A-AME-B"
26343,"NRO_PARTE",1778480,"3PTLV352-R5161SOP3-AME-B"
26343,"NRO_PARTE",3881159,"T14G8C53381100"
26343,"NRO_PARTE",3881262,"BT4M0LS#ABM"
26343,"NRO_PARTE",3881390,"5PTDP16-781SSS3"
26343,"NRO_PARTE",3881396,"5PTDP16-781SOH3"
26343,"NRO_PARTE",3881402,"5PTDP16-785SSS3"
26343,"NRO_PARTE",1729711,"21ECS04N00"
26343,"NRO_PARTE",2557775,"PML32U-0DM003-OH"
26343,"NRO_PARTE",2557842,"PML32U-04V003-OH"
26343,"NRO_PARTE",2139511,"81H25LT#ABM"
26343,"NRO_PARTE",1835148,"PSY19U 0FG035-D-OH"
26343,"NRO_PARTE",1835149,"PSY19U 0FG035-D-OP"
26343,"NRO_PARTE",1835425,"8F0X5LT#ABM-OH"
26343,"NRO_PARTE",1835626,"6U8K7LC#ABM"
26343,"NRO_PARTE",1836193,"T14G4I5016101PH"
26343,"NRO_PARTE",1836206,"T14G4I5016201"
26343,"NRO_PARTE",2747667,"PMM20U-24M07LM1-EN-OP"
26343,"NRO_PARTE",1730583,"20XLS3LA00-OH"
26343,"NRO_PARTE",1730698,"21EES1FC00"
26343,"NRO_PARTE",2746457,"T14G6I308001"
26343,"NRO_PARTE",2746484,"T14G6I308001-OH"
26343,"NRO_PARTE",2557862,"V14G4R308101"
26343,"NRO_PARTE",2557877,"PML32U-005003"
26343,"NRO_PARTE",2557909,"3PTL344-3812SOH3-HD"
26343,"NRO_PARTE",2557959,"V14G4R508101H"
26343,"NRO_PARTE",3867443,"5PTDP14-5165SOH3-T"
26343,"NRO_PARTE",3824223,"4PTL555-7U321SS3W10-V"
26343,"NRO_PARTE",3969277,"WE15I9F146-1"
26343,"NRO_PARTE",1778515,"3PTLV352-R5856SOP3-AME-B"
26343,"NRO_PARTE",3922535,"BU0L4LS#ABM"
26343,"NRO_PARTE",3922710,"BU0L4LS#ABM-OH4"
26343,"NRO_PARTE",2747692,"A89WKLS#ABM-OH"
26343,"NRO_PARTE",3881460,"BT4M1LS#ABM-OH4"
26343,"NRO_PARTE",1730870,"21EES1FL00"
26343,"NRO_PARTE",2746512,"T14G6I308101"
26343,"NRO_PARTE",2746515,"T14G6I308101-OH"
26343,"NRO_PARTE",2746521,"T14G6I3016101"
26343,"NRO_PARTE",2557985,"3PTL344-5812SSS3-HD"
26343,"NRO_PARTE",2557988,"PML32U-007003-OH"
26343,"NRO_PARTE",2558025,"3PTL344-5812SOH3-HD"
26343,"NRO_PARTE",2558033,"PML32U-051003"
26343,"NRO_PARTE",2747509,"E16G2R3116101N"
26343,"NRO_PARTE",4018339,"MDL2506N3F5E4"
26343,"NRO_PARTE",1730767,"21EES1FH00"
26343,"NRO_PARTE",1730792,"21E7S39900"
26343,"NRO_PARTE",1730917,"21E7S39B00"
26343,"NRO_PARTE",1730919,"21EES1FM00"
26343,"NRO_PARTE",1730853,"21EES1FK00"
26343,"NRO_PARTE",2746500,"T14G6I308001-OP"
26343,"NRO_PARTE",2746517,"T14G6I308101-OP"
26343,"NRO_PARTE",2557960,"3PTL344-3812SOP3-HD"
26343,"NRO_PARTE",2558143,"3PTL354-5161SSS3-HD"
26343,"NRO_PARTE",2558165,"PZA26U-02H005-OH"
26343,"NRO_PARTE",2558191,"3PTL354-5161SOP3-HD"
26343,"NRO_PARTE",1778297,"THINKPAD E15 GEN4 (AMD)"
26343,"NRO_PARTE",1778479,"3PTLV352-R5161SOH3-AME-B"
26343,"NRO_PARTE",3752982,"B9PB5LA#ABM-OH4"
26343,"NRO_PARTE",1731011,"21E7S39F00"
26343,"NRO_PARTE",1731013,"21E7S39E00"
26343,"NRO_PARTE",2746564,"4PTL545-71612SOH3-VP"
26343,"NRO_PARTE",2746566,"4PTL545-7161SSS3-VP"
26343,"NRO_PARTE",2746567,"4PTL545-7161SOH3-VP"
26343,"NRO_PARTE",2746573,"4PTL555-7161SSS3-VP"
26343,"NRO_PARTE",2746574,"4PTL555-7161SOH3-VP"
26343,"NRO_PARTE",2746575,"4PTL555-7161SOP3-VP"
26343,"NRO_PARTE",2746580,"4PTL745-7161SSS3-VP"
26343,"NRO_PARTE",2746582,"4PTL745-7161SOP3-VP"
26343,"NRO_PARTE",2557998,"PML32U-007003-OP"
26343,"NRO_PARTE",2558037,"3PTL344-5812SOP3-HD"
26343,"NRO_PARTE",2558041,"3PTL344-7812SSS3-HD"
26343,"NRO_PARTE",2558042,"PML32U-051003-OH"
26343,"NRO_PARTE",2558050,"PML32U-051003-OP"
26343,"NRO_PARTE",2558051,"L15G4I5316201"
26343,"NRO_PARTE",2558052,"L15G4I5316201H"
26343,"NRO_PARTE",2558059,"PSY19U-00U03Q"
26343,"NRO_PARTE",2558079,"PSY19U-00U03Q-OP"
26343,"NRO_PARTE",3153044,"9J6J0LS#ABM-OH4"
26343,"NRO_PARTE",2796808,"V15G4I5181010"
26343,"NRO_PARTE",3968551,"C18E7LS#ABM-OH4"
26343,"NRO_PARTE",1778489,"3PTLV352-R5856SSS3-AME-B"
26343,"NRO_PARTE",1780949,"V15G3I5008101PH"
26343,"NRO_PARTE",1780951,"V15G3I5016101HH"
26343,"NRO_PARTE",1832423,"MAXBOOK0002"
26343,"NRO_PARTE",1834612,"801D8LT#ABM-OH"
26343,"NRO_PARTE",2747615,"A89WKLS#ABM"
26343,"NRO_PARTE",3923074,"BU4D9LS#ABM"
26343,"NRO_PARTE",3923082,"90NX0801-M02CN0"
26343,"NRO_PARTE",3923084,"90NX0801-M02CN0_OH"
26343,"NRO_PARTE",3923100,"B5UR3LS#ABM"
26343,"NRO_PARTE",3923109,"BU9K1LS#ABM-OH4"
26343,"NRO_PARTE",3923166,"BV6A0LA#ABM-OH4A"
26343,"NRO_PARTE",3923309,"BU9L4LS#ABM-OH4"
26343,"NRO_PARTE",2789358,"A24ZWLA#ABM-OH"
26343,"NRO_PARTE",2789375,"A24ZWLA#ABM-OP"
26343,"NRO_PARTE",2789376,"T14G6I308001-OP2"
26343,"NRO_PARTE",2779092,"PNL13U-09X009-OP"
26343,"NRO_PARTE",2779134,"WE15I7T114P-G"
26343,"NRO_PARTE",3823622,"T16G8C734161100#-OH"
26343,"NRO_PARTE",3823629,"T16G8C734162100#"
26343,"NRO_PARTE",3823636,"T16G8C734162100#-OH"
26343,"NRO_PARTE",3823645,"T16G8C734322100#"
26343,"NRO_PARTE",3823651,"T16G8C734322100#-OH"
26343,"NRO_PARTE",3823652,"T16G8C73481100H#"
26343,"NRO_PARTE",1880489,"7Z7J0LT#ABM"
26343,"NRO_PARTE",1880501,"7Z7J0LT#ABM-OH"
26343,"NRO_PARTE",1880509,"90NX05U1-M02FR0-OH"
26343,"NRO_PARTE",4004849,"5PTDPP14T-7V325SSS3L-2"
26343,"NRO_PARTE",3775779,"T14G5U721162100W"
26343,"NRO_PARTE",2024932,"NS5L58MIHV9X11"
26343,"NRO_PARTE",1745155,"3PTL352-7812SSS3"
26343,"NRO_PARTE",1745251,"NL5H7GTI2VAZIM"
26343,"NRO_PARTE",1745256,"21CUS0PD00"
26343,"NRO_PARTE",1744679,"21E4S2LA00"
26343,"NRO_PARTE",2527557,"21HJ000ULM"
26343,"NRO_PARTE",1926766,"V14G3I5#016001PA"
26343,"NRO_PARTE",3923076,"90NX0741-M002F0_"
26343,"NRO_PARTE",3923079,"90NX0741-M002F0_OH"
26343,"NRO_PARTE",3923087,"BU0M6LS#ABM-OH4"
26343,"NRO_PARTE",3923093,"BT8J7LS#ABM"
26343,"NRO_PARTE",3923097,"BU9K0LS#ABM"
26343,"NRO_PARTE",3923098,"BT8J7LS#ABM-OH4"
26343,"NRO_PARTE",3923110,"BT4M4LS#ABM"
26343,"NRO_PARTE",3923116,"BR3V3LS#ABM-OH4"
26343,"NRO_PARTE",3923117,"BT4N5LS#ABM"
26343,"NRO_PARTE",3923126,"BT4P4LS#ABM-OH4"
26343,"NRO_PARTE",3923133,"BT4P5LS#ABM-OH4"
26343,"NRO_PARTE",3923160,"BV6A0LA#ABM-OH4"
26343,"NRO_PARTE",3923162,"BU9L2LS#ABM-OH4"
26343,"NRO_PARTE",3923279,"BV5Z7LA#ABM-A"
26343,"NRO_PARTE",3823728,"T16G8C734161100H#"
26343,"NRO_PARTE",2033122,"7P9A6LA#ABM-OP-"
26343,"NRO_PARTE",3824510,"4PTL555-7U321SS4W10-V-TM"
26343,"NRO_PARTE",3824537,"4PTL555-7U321SS4W11-V-TM"
26343,"NRO_PARTE",3824693,"4PTL745-7U161SS4W10-V-TM"
26343,"NRO_PARTE",3824797,"BM5M6LA#ABM"
26343,"NRO_PARTE",4117225,"MDL2509UL1J9W"
26343,"NRO_PARTE",1880485,"7Z7H9LT#ABM-OH"
26343,"NRO_PARTE",1880508,"7Z7J0LT#ABM-OP"
26343,"NRO_PARTE",1880529,"90NX05U1-M02FS0-OH"
26343,"NRO_PARTE",2530827,"90NX06X1-M01LK0"
26343,"NRO_PARTE",2552012,"9Q6L1LA#ABM"
26343,"NRO_PARTE",2552707,"9Q6Q7LA#ABM"
26343,"NRO_PARTE",4004825,"5PTDPP14T-7V325SSS3EL-2"
26343,"NRO_PARTE",2793643,"T16G6I5132201-OP2"
26343,"NRO_PARTE",2793680,"T16G6I728101-OH2"
26343,"NRO_PARTE",1745253,"21CUS0PC00"
26343,"NRO_PARTE",1748404,"21ECS1EA00"
26343,"NRO_PARTE",1926853,"V14G3#I3908001PA"
26343,"NRO_PARTE",2588967,"A2VA7LS#ABM-OH"
26343,"NRO_PARTE",2588994,"A2VA7LS#ABM-OP"
26343,"NRO_PARTE",3923106,"B5UR3LS#ABM-OH4"
26343,"NRO_PARTE",3923113,"BT4M4LS#ABM-OH4"
26343,"NRO_PARTE",3923120,"BT4N5LS#ABM-OH4"
26343,"NRO_PARTE",3923122,"BU9K4LS#ABM-OH4"
26343,"NRO_PARTE",3923125,"BU9K5LS#ABM"
26343,"NRO_PARTE",3923130,"BT4P5LS#ABM"
26343,"NRO_PARTE",3923278,"BV5Z7LA#ABM-OH4"
26343,"NRO_PARTE",2789248,"A24ZQLT#ABM-OH"
26343,"NRO_PARTE",3823720,"T16G8C73482100H#"
26343,"NRO_PARTE",3823725,"T16G8C73482100H#-OH"
26343,"NRO_PARTE",3823740,"T16G8C734162100H#-OH"
26343,"NRO_PARTE",3823742,"T16G8C734322100H#"
26343,"NRO_PARTE",3823749,"T16G8C734322100H#-OH"
26343,"NRO_PARTE",1880487,"7Z7H9LT#ABM-OP"
26343,"NRO_PARTE",1880515,"90NX05U1-M02FS0-OP"
26343,"NRO_PARTE",2552022,"9Q6L1LA#ABM-D"
26343,"NRO_PARTE",2793746,"T16G6I728201-OP2"
26343,"NRO_PARTE",2793762,"V15G4R5081002"
26343,"NRO_PARTE",2793771,"T16G6I3016101-OH2"
26343,"NRO_PARTE",2793776,"V15G4R5081002-OH"
26343,"NRO_PARTE",1745295,"NS5H7GTIPVAZ4C"
26343,"NRO_PARTE",1745252,"21CUS0PB00"
26343,"NRO_PARTE",1745272,"NL5P7GTI2VAZBI"
26343,"NRO_PARTE",1745372,"20TES4A100"
26343,"NRO_PARTE",3138948,"THINKBOOK 14 G7 IML"
26343,"NRO_PARTE",1681452,"20TBS3JF00"
26343,"NRO_PARTE",1681453,"20MGS0FF00"
26343,"NRO_PARTE",1681454,"C787501601050N04"
26343,"NRO_PARTE",1681455,"20MVS0JA00"
26343,"NRO_PARTE",1681456,"20KVS06200"
26343,"NRO_PARTE",1681457,"20MVS0NN00"
26343,"NRO_PARTE",1681458,"20MVS0NU00"
26343,"NRO_PARTE",1681459,"20KVS02H00"
26343,"NRO_PARTE",1681460,"5VQ00LA#ABM"
26343,"NRO_PARTE",1681461,"5UT17LA#ABM"
26343,"NRO_PARTE",1681462,"20KUS07S00"
26343,"NRO_PARTE",1681463,"5SH48LA#ABM"
26343,"NRO_PARTE",1681464,"20KVS02F00"
26343,"NRO_PARTE",1681465,"20KVS02G00"
26343,"NRO_PARTE",1681466,"20KVS05X00"
26343,"NRO_PARTE",1681467,"5XH28LA#ABM"
26343,"NRO_PARTE",1681468,"5AZ71LT#ABM"
26343,"NRO_PARTE",1681469,"8DT353-X162OP3"
26343,"NRO_PARTE",1681470,"S26391-K451-E547-7781HBWP+"
26343,"NRO_PARTE",1681471,"20KVS03200"
26343,"NRO_PARTE",1681472,"20LTS49400"
26343,"NRO_PARTE",1681473,"20LTS4CM00"
26343,"NRO_PARTE",1681474,"20LXS3UV00"
26343,"NRO_PARTE",1681475,"20LXS23K00"
26343,"NRO_PARTE",1681476,"20L6SDG700"
26343,"NRO_PARTE",1681477,"20L6SDGB00"
26343,"NRO_PARTE",1681478,"20LTS4CR00"
26343,"NRO_PARTE",1681479,"20LTS4D500"
26343,"NRO_PARTE",1681480,"20LXS3UU00"
26343,"NRO_PARTE",1681481,"20KTS21900"
26343,"NRO_PARTE",1681482,"20KTS21B00"
26343,"NRO_PARTE",1681483,"20KTS23900"
26343,"NRO_PARTE",1681484,"20KTS23A00"
26343,"NRO_PARTE",1681485,"20L6S80K00"
26343,"NRO_PARTE",1681486,"20L6S80L00"
26343,"NRO_PARTE",1681487,"20L6SDGA00"
26343,"NRO_PARTE",1681488,"5BK41LA#ABM"
26343,"NRO_PARTE",1681489,"4KU79LT#ABM"
26343,"NRO_PARTE",1681490,"4LA36LT#ABM-W"
26343,"NRO_PARTE",1681491,"1NM09LT#ABM-W"
26343,"NRO_PARTE",1681492,"4KU78LT#ABM"
26343,"NRO_PARTE",1681493,"4KU80LT#ABM"
26343,"NRO_PARTE",1681494,"4MZ86LT#ABM-W"
26343,"NRO_PARTE",1681495,"3XU62LT#ABM-W"
26343,"NRO_PARTE",1681496,"20L6A04XLM"
26343,"NRO_PARTE",1926818,"V14G3#I3908001H"
26343,"NRO_PARTE",1926833,"V14G3#I3908001HH"
26343,"NRO_PARTE",1926922,"V14G3I3#908001PA"
26343,"NRO_PARTE",1926978,"V14G3#I3908011PA"
26343,"NRO_PARTE",2588942,"A2VA7LS#ABM"
26343,"NRO_PARTE",2589074,"9C711LT#ABM-D"
26343,"NRO_PARTE",3923181,"BU9L3LS#ABM"
26343,"NRO_PARTE",3923291,"BU9L4LS#ABM"
26343,"NRO_PARTE",3923320,"BU9L5LS#ABM"
26343,"NRO_PARTE",2789199,"T14G6I3080012"
26343,"NRO_PARTE",2789211,"A24ZQLT#ABM"
26343,"NRO_PARTE",2779198,"WE15I7T114P-G1"
26343,"NRO_PARTE",2779380,"4PTL355-781SOP3"
26343,"NRO_PARTE",2779409,"4PTL355-7812SSS3"
26343,"NRO_PARTE",2034515,"V15G4R5108101HH#"
26343,"NRO_PARTE",3824627,"4PTL745-7U161SS3W11-V-TM"
26343,"NRO_PARTE",4005118,"90NX07V1-M003S0"
26343,"NRO_PARTE",2793824,"V15G4R5081002-OP"
26343,"NRO_PARTE",2793862,"V15G4R5081003"
26343,"NRO_PARTE",2793880,"V15G4R5081003-OH"
26343,"NRO_PARTE",2793893,"V15G4R5081003-OP"
26343,"NRO_PARTE",3950011,"5PTDPP14-7U161SSS3-AW7"
26343,"NRO_PARTE",3950014,"5PTDPP14-7U161SOH3-AW7"
26343,"NRO_PARTE",1744873,"21E7S3TY00"
26343,"NRO_PARTE",1744635,"7Z835LS#ABM-OH"
26343,"NRO_PARTE",3139248,"T14G7U71716101-OH"
26343,"NRO_PARTE",1748380,"21ECS1EB00"
26343,"NRO_PARTE",1681497,"20L6A06BLM"
26343,"NRO_PARTE",1681498,"4NQ76LA#ABM"
26343,"NRO_PARTE",1681499,"4KZ98LA#ABM"
26343,"NRO_PARTE",1681500,"5XL64LA#ABM"
26343,"NRO_PARTE",1681501,"4KZ97LA#ABM"
26343,"NRO_PARTE",1681502,"5JD68LT#ABM"
26343,"NRO_PARTE",1681503,"4JB75LT#ABM"
26343,"NRO_PARTE",1681504,"4XN24LA#ABM"
26343,"NRO_PARTE",1681505,"3XU70LA#ABM"
26343,"NRO_PARTE",1681506,"4XM63LA#ABM"
26343,"NRO_PARTE",1681507,"4XN23LA#ABM"
26343,"NRO_PARTE",1681508,"4JB36LT#ABM"
26343,"NRO_PARTE",1681509,"4XM65LA#ABM"
26343,"NRO_PARTE",1681510,"5NC80LA#ABM"
26343,"NRO_PARTE",1681511,"5NM41LA#ABM"
26343,"NRO_PARTE",1681512,"4JB44LT#ABM"
26343,"NRO_PARTE",1681513,"3XU68LT#ABM"
26343,"NRO_PARTE",1681514,"5PA95LA#ABM"
26343,"NRO_PARTE",1681515,"3XU73LA#ABM"
26343,"NRO_PARTE",1681516,"3XU74LA#ABM"
26343,"NRO_PARTE",1681517,"5LW89LA#ABM"
26343,"NRO_PARTE",1681518,"4LA13LT#ABM"
26343,"NRO_PARTE",1681519,"4LA14LT#ABM"
26343,"NRO_PARTE",1681520,"4XM66LA#ABM"
26343,"NRO_PARTE",1681521,"3XU22LA#ABM"
26343,"NRO_PARTE",1681522,"3XU62LT#ABM"
26343,"NRO_PARTE",1681523,"3YV87LT#ABM"
26343,"NRO_PARTE",1681524,"4MZ83LT#ABM"
26343,"NRO_PARTE",1681525,"9DJ28LT#ABM-OH"
26343,"NRO_PARTE",1681526,"9JZ96LS#ABM-OH"
26343,"NRO_PARTE",1681527,"12D28LS#ABM-OH"
26343,"NRO_PARTE",1681528,"20X8S1QD00"
26343,"NRO_PARTE",1681529,"618T1LA#ABM-OP"
26343,"NRO_PARTE",1681530,"0PTL741-581SSS3-FHD"
26343,"NRO_PARTE",1681531,"0PTL"
26343,"NRO_PARTE",1681532,"21DH00DVLM"
26343,"NRO_PARTE",1681533,"1PTL543-71612SOP4-SO-LTE-V"
26343,"NRO_PARTE",1681534,"21DJ00GPLM-OP"
26343,"NRO_PARTE",1681535,"82HW001WLM-H"
26343,"NRO_PARTE",1681536,"LPECWVHEROBKPRO"
26343,"NRO_PARTE",1681537,"35Y54LT#ABM-OH"
26343,"NRO_PARTE",1681538,"20T1S61X00"
26343,"NRO_PARTE",1681539,"0PTL541-51612SS3-FHD"
26343,"NRO_PARTE",1681540,"0PTL541-51612OP3-FHD"
26343,"NRO_PARTE",1681541,"0PTL551-71625OP3-FHD"
26343,"NRO_PARTE",1681542,"0PTL551-71612SS3-FHD"
26343,"NRO_PARTE",1681543,"0PTL551-71612OH3-FHD"
26343,"NRO_PARTE",1681544,"0PTL341-7161SS3-FHD-2V"
26343,"NRO_PARTE",1681545,"0PTL341-7161OP3-FHD-2V"
26343,"NRO_PARTE",1681546,"0PTL341-71612SS3-FHD-2V"
26343,"NRO_PARTE",1681547,"0PTL341-71612OP3-FHD-2V"
26343,"NRO_PARTE",1681548,"4MZ90LT#ABM"
26343,"NRO_PARTE",1681549,"3MV37LA#ABM"
26343,"NRO_PARTE",1681550,"2SE37LA#ABM"
26343,"NRO_PARTE",1681551,"3BE87LA#ABM"
26343,"NRO_PARTE",1681552,"81B000R7LMSL"
26343,"NRO_PARTE",1681553,"8PTV34-5081OP4-19"
26343,"NRO_PARTE",1681554,"8PTV54-5041OH5-19"
26343,"NRO_PARTE",1681555,"8PTV54-5041OP3-19"
26343,"NRO_PARTE",1681556,"8PTV54-50825OH3-19"
26343,"NRO_PARTE",1681557,"3MU76LA#ABM"
26343,"NRO_PARTE",1681558,"3TP66LA#ABM"
26343,"NRO_PARTE",1927111,"V14G3#I3916011HH"
26343,"NRO_PARTE",2789526,"A24ZSLT#ABM"
26343,"NRO_PARTE",2789542,"A24ZSLT#ABM-OH"
26343,"NRO_PARTE",2779478,"4PTL355-7812SOP3"
26343,"NRO_PARTE",3824635,"BJ3J6LA#ABM-OH4"
26343,"NRO_PARTE",4117495,"MDL2509J9A0O4"
26343,"NRO_PARTE",4117528,"MDL2509M2Q6T9"
26343,"NRO_PARTE",4117552,"MDL2509K0N3R7"
26343,"NRO_PARTE",4117563,"MDL2509VA0ZS8"
26343,"NRO_PARTE",2793945,"T16G6I72162012"
26343,"NRO_PARTE",1744680,"21E4S2L900"
26343,"NRO_PARTE",1748422,"21ECS1E800"
26343,"NRO_PARTE",1681559,"3BF13LA#ABM"
26343,"NRO_PARTE",1681560,"8PTL39-5081OP4-19"
26343,"NRO_PARTE",1681561,"8PTL39-7081OH5-V-19"
26343,"NRO_PARTE",1681562,"8PTV34-3081OP4-19"
26343,"NRO_PARTE",1681563,"8PTV54-50825OP5-19"
26343,"NRO_PARTE",1681564,"8PTV54-70811OP4-V-19"
26343,"NRO_PARTE",1681565,"8PTL74-7082SSS3"
26343,"NRO_PARTE",1681566,"20L6S7BJ00"
26343,"NRO_PARTE",1681567,"81AY0018LMSL"
26343,"NRO_PARTE",1681568,"81B000K8LMOH"
26343,"NRO_PARTE",1681569,"8PTL74-7165SOH3-19"
26343,"NRO_PARTE",1681570,"8PTL74-7165SOH5-19"
26343,"NRO_PARTE",1681571,"8PTL74-7165SOP3-19"
26343,"NRO_PARTE",1681572,"8PTL74-7165SOP5-19"
26343,"NRO_PARTE",1681573,"8PTL54-7161OH3-19"
26343,"NRO_PARTE",1681574,"8PTL54-7161OP3-19"
26343,"NRO_PARTE",1681575,"8PTL54-7161OP5-19"
26343,"NRO_PARTE",1681576,"8PTL55-7081OH3-19"
26343,"NRO_PARTE",1681577,"8PTL55-7081OH5-19"
26343,"NRO_PARTE",1681578,"8PTL55-7081OP3-19"
26343,"NRO_PARTE",1681579,"8PTL55-7081OP5-19"
26343,"NRO_PARTE",1681580,"8PTL55-7161OH3-19"
26343,"NRO_PARTE",1681581,"8PTL55-7161OH4-19"
26343,"NRO_PARTE",1681582,"8PTL55-7161OP3-19"
26343,"NRO_PARTE",1681583,"8PTL39-5081OH4-19"
26343,"NRO_PARTE",1681584,"8PTL39-5081OH5-19"
26343,"NRO_PARTE",1681585,"8PTL39-5081OP3-19"
26343,"NRO_PARTE",1681586,"8PTL74-7165SOP4-19"
26343,"NRO_PARTE",1681587,"8PTL55-7081OH4-19"
26343,"NRO_PARTE",1681588,"8PTL55-7161OH5-19"
26343,"NRO_PARTE",1681589,"8PTL55-7161OP5-19"
26343,"NRO_PARTE",1681590,"8PTL39-5081OP5-19"
26343,"NRO_PARTE",1681591,"8PTL39-7081OH3-V-19"
26343,"NRO_PARTE",1681592,"8PTL39-7081OH4-V-19"
26343,"NRO_PARTE",1681593,"8PTL39-7081OP3-V-19"
26343,"NRO_PARTE",1681594,"8PTL39-7081OP5-V-19"
26343,"NRO_PARTE",1681595,"8PTV34-3081OH3-19"
26343,"NRO_PARTE",1681596,"8PTV34-3081OH5-19"
26343,"NRO_PARTE",1681597,"8PTV34-3081OP5-19"
26343,"NRO_PARTE",1681598,"8PTV34-5081OH4-19"
26343,"NRO_PARTE",1681599,"8PTL54-7161OH5-19"
26343,"NRO_PARTE",1681600,"8PTL54-7161OP4-19"
26343,"NRO_PARTE",1681601,"8PTL55-7081OP4-19"
26343,"NRO_PARTE",1681602,"8PTL55-7161OP4-19"
26343,"NRO_PARTE",1681603,"8PTV34-5081OP5-19"
26343,"NRO_PARTE",1681604,"8PTV54-5041OH3-19"
26343,"NRO_PARTE",1681605,"8PTV54-5041OH4-19"
26343,"NRO_PARTE",1681606,"8PTV54-5041OP5-19"
26343,"NRO_PARTE",1681607,"8PTV54-50825OH4-19"
26343,"NRO_PARTE",1681608,"8PTV54-50825OH5-19"
26343,"NRO_PARTE",1681609,"8PTL74-7165SOH4-19"
26343,"NRO_PARTE",1681610,"8PTL54-7161OH4-19"
26343,"NRO_PARTE",1681611,"8PTL39-7081OP4-V-19"
26343,"NRO_PARTE",1681612,"8PTV34-3081OH4-19"
26343,"NRO_PARTE",1681613,"8PTV34-3081OP3-19"
26343,"NRO_PARTE",1681614,"8PTL39-5081OH3-19"
26343,"NRO_PARTE",1681615,"8PTV34-5081OH3-19"
26343,"NRO_PARTE",1681616,"8PTV34-5081OP3-19"
26343,"NRO_PARTE",1681617,"8PTL54-7082SSS3"
26343,"NRO_PARTE",1681618,"43N26LS#ABM-OH"
26343,"NRO_PARTE",1926995,"V14G4I3908001H#H"
26343,"NRO_PARTE",2789446,"T14G6I3081012"
26343,"NRO_PARTE",2789589,"A24ZXLA#ABM"
26343,"NRO_PARTE",2789636,"A24ZXLA#ABM-OP"
26343,"NRO_PARTE",2779324,"4PTL355-781SSS3"
26343,"NRO_PARTE",2779355,"4PTL355-781SOH3"
26343,"NRO_PARTE",2779445,"4PTL355-7812SOH3"
26343,"NRO_PARTE",3824945,"V15G5C380100NSO"
26343,"NRO_PARTE",3824956,"V15G5C381100NSO"
26343,"NRO_PARTE",3824963,"V15G5C380100W24-OH"
26343,"NRO_PARTE",4117498,"MDL2509L1O4O4"
26343,"NRO_PARTE",4117573,"MDL2509L1A0F5"
26343,"NRO_PARTE",2793982,"T16G6I7232101-OH2"
26343,"NRO_PARTE",3749808,"E16G6U7198101H"
26343,"NRO_PARTE",1744936,"3PTL543-7161SOP3-FHD"
26343,"NRO_PARTE",1744957,"PSY19U-0EK03Q -OH"
26343,"NRO_PARTE",1744875,"21E7S3TV00"
26343,"NRO_PARTE",3139306,"T14G7U5188001-OH"
26343,"NRO_PARTE",1681619,"21CUS06000"
26343,"NRO_PARTE",1681620,"618T1LA#ABM-OH"
26343,"NRO_PARTE",1681621,"21CUS05T00"
26343,"NRO_PARTE",1681622,"0PTL351-781OH3-A"
26343,"NRO_PARTE",1681623,"N600"
26343,"NRO_PARTE",1681624,"N500"
26343,"NRO_PARTE",1681625,"2PTL352-5812OH3-FHD-A"
26343,"NRO_PARTE",1681626,"NBADPS7085RP1G"
26343,"NRO_PARTE",1681627,"NBADPS5077BKPOE"
26343,"NRO_PARTE",1681628,"21DJ00GLLM"
26343,"NRO_PARTE",1681629,"2PTL553-71612SOP3-FHD-VP"
26343,"NRO_PARTE",1681630,"0PTL351-7161OP3-FHD-2V"
26343,"NRO_PARTE",1681631,"0PTL351-71612OP3-FHD-2V"
26343,"NRO_PARTE",1681632,"0PTL541-7161SS3-FHD-4V"
26343,"NRO_PARTE",1681633,"0PTL541-7161OP3-FHD-4V"
26343,"NRO_PARTE",1681634,"20TBS3JD00"
26343,"NRO_PARTE",1681635,"20KVS05Y00"
26343,"NRO_PARTE",1681636,"20KUS07U00"
26343,"NRO_PARTE",1681637,"20KUS08800"
26343,"NRO_PARTE",1681638,"20KVS05V00"
26343,"NRO_PARTE",1681639,"20KVS05W00"
26343,"NRO_PARTE",1681640,"20KVS06400"
26343,"NRO_PARTE",1681641,"20KVS02L00"
26343,"NRO_PARTE",1681642,"20KVS05S00"
26343,"NRO_PARTE",1681643,"20KVS05U00"
26343,"NRO_PARTE",1681644,"20KVS06100"
26343,"NRO_PARTE",1681645,"3BF35LA#ABM"
26343,"NRO_PARTE",1681646,"3TP56LA#ABM"
26343,"NRO_PARTE",1681647,"4TJ44LT#ABM"
26343,"NRO_PARTE",1681648,"3MU82LA#ABM"
26343,"NRO_PARTE",1681649,"20KVS06000"
26343,"NRO_PARTE",1681650,"20MGS0FC00"
26343,"NRO_PARTE",1681651,"20MGS0FH00"
26343,"NRO_PARTE",1681652,"20MGS0FJ00"
26343,"NRO_PARTE",1681653,"20MGS0FD00"
26343,"NRO_PARTE",1681654,"20MGS0FG00"
26343,"NRO_PARTE",1681655,"20MVS0NH00"
26343,"NRO_PARTE",1681656,"5VQ03LA#ABM"
26343,"NRO_PARTE",1681657,"3XU71LA#ABM"
26343,"NRO_PARTE",1681658,"5VQ00LA_ABM"
26343,"NRO_PARTE",1681659,"5VQ03LA_ABM"
26343,"NRO_PARTE",1681660,"S26391-K472-U758-878SSDWP+"
26343,"NRO_PARTE",1681661,"S26391-K476-E558-8781HBWP+"
26343,"NRO_PARTE",1681662,"S26391-K472-U758-87161SSDOPWPPSSC+"
26343,"NRO_PARTE",1681663,"S26391-K472-U758-87161SSDHBWPPSSC+"
26343,"NRO_PARTE",1681664,"S26391-K476-E558-858SSDHBWP+"
26343,"NRO_PARTE",1681665,"S26391-K476-E558-858SSDOPWP+"
26343,"NRO_PARTE",1681666,"S26391-K476-E558-8581WP+"
26343,"NRO_PARTE",1681667,"S26391-K476-E558-8581HBWP+"
26343,"NRO_PARTE",1681668,"S26391-K476-E558-8581OPWP+"
26343,"NRO_PARTE",1681669,"S26391-K476-E558-858SSDWP+"
26343,"NRO_PARTE",1681670,"81A6002GLM"
26343,"NRO_PARTE",1681671,"GF62-8RDC7875016960050N0"
26343,"NRO_PARTE",1681672,"GF62-8RDC7875016480150N04"
26343,"NRO_PARTE",1681673,"GF62-8RDC7875016960050N04"
26343,"NRO_PARTE",1681674,"4KZ91LA#ABM"
26343,"NRO_PARTE",1681675,"4FG29LA#ABM"
26343,"NRO_PARTE",1681676,"3YY09LT#ABM"
26343,"NRO_PARTE",1681677,"3YW40LT#ABM"
26343,"NRO_PARTE",1681678,"3YW43LT#ABM"
26343,"NRO_PARTE",1681679,"81AX00X6LM"
26343,"NRO_PARTE",1927206,"V14G4I3916011PA"
26343,"NRO_PARTE",1927241,"V14G4I3908011P#A"
26343,"NRO_PARTE",2789611,"A24ZXLA#ABM-OH"
26343,"NRO_PARTE",2789677,"A71FKLT#ABM"
26343,"NRO_PARTE",2779498,"4PTL355-71612SSS3"
26343,"NRO_PARTE",2779513,"4PTL355-71612SOH3"
26343,"NRO_PARTE",4117596,"MDL2509D3L1YS"
26343,"NRO_PARTE",4117600,"MDL2509J9L1K0"
26343,"NRO_PARTE",4117611,"MDL2509G6S8VW"
26343,"NRO_PARTE",4117627,"MDL2509H7T9N3"
26343,"NRO_PARTE",2793927,"T16G6I7216101-OH2"
26343,"NRO_PARTE",2784445,"4PTL355-5U812SOP3-B"
26343,"NRO_PARTE",1744655,"7Z835LS#ABM-OP"
26343,"NRO_PARTE",3139364,"T14G7U5188201-OH"
26343,"NRO_PARTE",3139381,"T14G7U51816201"
26343,"NRO_PARTE",1681680,"81B000R9LM"
26343,"NRO_PARTE",1681681,"81B000R8LM"
26343,"NRO_PARTE",1681682,"20LAS54X00"
26343,"NRO_PARTE",1681683,"81AX00X7LM"
26343,"NRO_PARTE",1681684,"81B000R7LM"
26343,"NRO_PARTE",1681685,"S26391-K451-E547-7781OPWP"
26343,"NRO_PARTE",1681686,"4XN47LA#ABM"
26343,"NRO_PARTE",1681687,"81AX00X8LM"
26343,"NRO_PARTE",1681688,"S26391-K451-E547-7781HBWP"
26343,"NRO_PARTE",1681689,"20LTS39900"
26343,"NRO_PARTE",1681690,"20L6S7ES00"
26343,"NRO_PARTE",1681691,"3TP61LA#ABM"
26343,"NRO_PARTE",1681692,"81A6002GLMB"
26343,"NRO_PARTE",1681693,"4XN44LA#ABM"
26343,"NRO_PARTE",1681694,"4XN45LA#ABM"
26343,"NRO_PARTE",1681695,"4XN46LA#ABM"
26343,"NRO_PARTE",1681696,"S26391-K451-E547-7781WP"
26343,"NRO_PARTE",1681697,"2GL99AV#ABM"
26343,"NRO_PARTE",1681698,"1MJ76AV#ABM"
26343,"NRO_PARTE",1681699,"3YV91LT#ABM"
26343,"NRO_PARTE",1681700,"3YV90LT#ABM"
26343,"NRO_PARTE",1681701,"3YV88LT#ABM"
26343,"NRO_PARTE",1681702,"8PTL55-7081OH4"
26343,"NRO_PARTE",1681703,"8PTL55-7081OH3"
26343,"NRO_PARTE",1681704,"8PTL55-7081OH5"
26343,"NRO_PARTE",1681705,"LPECWVHEBKPRO"
26343,"NRO_PARTE",1681706,"20X6S2D200"
26343,"NRO_PARTE",1681707,"21CSS0T700"
26343,"NRO_PARTE",1681708,"1PTL543-71612SOH4-SO-LTE-V"
26343,"NRO_PARTE",1681709,"64Y54LS#ABM-OP"
26343,"NRO_PARTE",1681710,"655G9LS#ABM-OH"
26343,"NRO_PARTE",1681711,"8PTL55-7081OP4"
26343,"NRO_PARTE",1681712,"8PTL55-7081OP5"
26343,"NRO_PARTE",1681713,"8PTL55-7081SS3"
26343,"NRO_PARTE",1681714,"2WW02LA#ABM"
26343,"NRO_PARTE",1681715,"8PTL55-7081OP3"
26343,"NRO_PARTE",1681716,"3YV89LT#ABM"
26343,"NRO_PARTE",1681717,"3MV61LT#ABM"
26343,"NRO_PARTE",1681718,"2WW06LT#ABM"
26343,"NRO_PARTE",1681719,"3CN93LT#ABM"
26343,"NRO_PARTE",1681720,"8PTL55-7081SS4"
26343,"NRO_PARTE",1681721,"8PTL55-7081SS5"
26343,"NRO_PARTE",1681722,"3YW39LT#ABM"
26343,"NRO_PARTE",1681723,"3BF29LA#ABM"
26343,"NRO_PARTE",1681724,"3BE94LA#ABM"
26343,"NRO_PARTE",1681725,"4XN21LA#ABM"
26343,"NRO_PARTE",1681726,"20LXS33D00"
26343,"NRO_PARTE",1681727,"20L6S9M700"
26343,"NRO_PARTE",1681728,"3YV92LT#ABM"
26343,"NRO_PARTE",1681729,"3XU33LA#ABM"
26343,"NRO_PARTE",1681730,"3YW22LT#ABM"
26343,"NRO_PARTE",1681731,"3YW23LT#ABM"
26343,"NRO_PARTE",1681732,"3MV64LT#ABM"
26343,"NRO_PARTE",1681733,"3MV65LT#ABM"
26343,"NRO_PARTE",1681734,"3MV62LT#ABM"
26343,"NRO_PARTE",1681735,"3MV63LT#ABM"
26343,"NRO_PARTE",1681736,"8PTL54-7161SS5-C"
26343,"NRO_PARTE",1681737,"8PTL54-7161OH5-C"
26343,"NRO_PARTE",1681738,"8PTL54-7161SS4-C"
26343,"NRO_PARTE",1681739,"3MV27LA#ABM"
26343,"NRO_PARTE",1681740,"G44DZ6"
26343,"NRO_PARTE",1681741,"3MV15LA#ABM"
26343,"NRO_PARTE",1927113,"V14G4I5008101#H"
26343,"NRO_PARTE",2589349,"4PTL344-5812SSS3-FHD"
26343,"NRO_PARTE",2589426,"4PTL344-5812SSS3-FHD-AC"
26343,"NRO_PARTE",2789721,"A71FKLT#ABM-OH"
26343,"NRO_PARTE",2789780,"T14G6I308101-OP2"
26343,"NRO_PARTE",2779618,"4PTL355-7U161SSS3"
26343,"NRO_PARTE",2779633,"4PTL355-7U161SOH3"
26343,"NRO_PARTE",3825085,"T16G8C33281100NSO"
26343,"NRO_PARTE",4117527,"MDL2509S8F5K0"
26343,"NRO_PARTE",4117546,"MDL2509A0L1T9"
26343,"NRO_PARTE",4117705,"MDL2509YA0Q6H"
26343,"NRO_PARTE",4117722,"MDL2509P5O4XW"
26343,"NRO_PARTE",4120034,"MDL2509L1P5N3"
26343,"NRO_PARTE",2793964,"T16G6I7216201-OP2"
26343,"NRO_PARTE",2784420,"4PTL355-5U812SSS3-B"
26343,"NRO_PARTE",2784454,"4PTL355-7U1612SSS3-B"
26343,"NRO_PARTE",1748341,"21ECS1E700"
26343,"NRO_PARTE",1681742,"3MU92LA#ABM"
26343,"NRO_PARTE",1681743,"3MU98LA#ABM"
26343,"NRO_PARTE",1681744,"2GN05AV"
26343,"NRO_PARTE",1681745,"1AB15LA#ABM"
26343,"NRO_PARTE",1681746,"1AB14LT#ABM"
26343,"NRO_PARTE",1681747,"3MV46LA#ABM"
26343,"NRO_PARTE",1681748,"S26391-K475-E548-878SSDWPHB"
26343,"NRO_PARTE",1681749,"C73241504GP7"
26343,"NRO_PARTE",1681750,"S26391-K475-E548-878SSDWP"
26343,"NRO_PARTE",1681751,"C73291504GP7"
26343,"NRO_PARTE",1681752,"3XU21LT#ABM"
26343,"NRO_PARTE",1681753,"C71641504GP7"
26343,"NRO_PARTE",1681754,"C71691504GP7"
26343,"NRO_PARTE",1681755,"C71621504GP7"
26343,"NRO_PARTE",1681756,"1AB12LA#ABM"
26343,"NRO_PARTE",1681757,"1AB11LT#ABM"
26343,"NRO_PARTE",1681758,"GP62-8RDC7875032480150N04"
26343,"NRO_PARTE",1681759,"GP62-8RDC7875032960050N04"
26343,"NRO_PARTE",1681760,"S26391-K475-E548-878SSDWPOP"
26343,"NRO_PARTE",1681761,"C73221504GP7"
26343,"NRO_PARTE",1681762,"3SG30AV"
26343,"NRO_PARTE",1681763,"3MU88LA#ABM"
26343,"NRO_PARTE",1681764,"3MU93LA#ABM"
26343,"NRO_PARTE",1681765,"3XU07LT#ABM"
26343,"NRO_PARTE",1681766,"1ZR29LA#ABM"
26343,"NRO_PARTE",1681767,"20KGS3DG00"
26343,"NRO_PARTE",1681768,"4XM75LA#ABM"
26343,"NRO_PARTE",1681769,"4XM78LA#ABM"
26343,"NRO_PARTE",1681770,"20KGS0HY00"
26343,"NRO_PARTE",1681771,"4LA45LA#ABM"
26343,"NRO_PARTE",1681772,"4LA44LA#ABM"
26343,"NRO_PARTE",1681773,"20HES7HD00W"
26343,"NRO_PARTE",1681774,"S26391-K472-U758-878SSDHBWP"
26343,"NRO_PARTE",1681775,"81AW0"
26343,"NRO_PARTE",1681776,"20LXS2GH00"
26343,"NRO_PARTE",1681777,"S26391-K476-E558-858SSDHBWP"
26343,"NRO_PARTE",1681778,"S26391-K472-U758-878SSDOPWP"
26343,"NRO_PARTE",1681779,"S26391-K472-U758-87161SSDHBWPPSSC"
26343,"NRO_PARTE",1681780,"20L8S6UY00"
26343,"NRO_PARTE",1681781,"1PTL542-5825SS3-FHD-T"
26343,"NRO_PARTE",1681782,"1PTL542-5825OH3-FHD-T-4"
26343,"NRO_PARTE",1681783,"1PTL542-50825SS3-FHD-T-4"
26343,"NRO_PARTE",1681784,"1PTL542-50825OH3-FHD-T-4"
26343,"NRO_PARTE",1681785,"3D2Q2LT#ABM"
26343,"NRO_PARTE",1681786,"B00"
26343,"NRO_PARTE",1681787,"1PTL542-71612SSS4-SO-LTE-V"
26343,"NRO_PARTE",1681788,"21DJ00GLLM-OH"
26343,"NRO_PARTE",1681789,"1PTL543-71612SSS4-SO-LTE-V"
26343,"NRO_PARTE",1681790,"21DJ00GPLM"
26343,"NRO_PARTE",1681791,"82HW001WLM-OE"
26343,"NRO_PARTE",1681792,"64Y53LS#ABM-OH"
26343,"NRO_PARTE",1681793,"64Y53LS#ABM-OP"
26343,"NRO_PARTE",1681794,"64Y54LS#ABM"
26343,"NRO_PARTE",1681795,"64Y54LS#ABM-OH"
26343,"NRO_PARTE",1681796,"L15-3"
26343,"NRO_PARTE",1681797,"55F79LS#ABM-OP"
26343,"NRO_PARTE",1681798,"1PTL341-5825OP3-S-4-FHD"
26343,"NRO_PARTE",1681799,"20T1S7YF00"
26343,"NRO_PARTE",1681800,"20TBS3JA00"
26343,"NRO_PARTE",1681801,"S26391-K472-U758-87161SSDWPPSSC"
26343,"NRO_PARTE",1681802,"20L8S6V000"
26343,"NRO_PARTE",1927116,"V14G4I5008101P#A"
26343,"NRO_PARTE",1927239,"V14G4I3908011H"
26343,"NRO_PARTE",2589095,"9C711LT#ABM-OHD"
26343,"NRO_PARTE",2589113,"9C711LT#ABM-OPD"
26343,"NRO_PARTE",2625743,"7WMPH4V310"
26343,"NRO_PARTE",2626042,"5WTPH4V325"
26343,"NRO_PARTE",2626065,"7GTHH4V336"
26343,"NRO_PARTE",2626282,"58MHL4V458"
26343,"NRO_PARTE",4228674,"TB14G9R7161000-OHU"
26343,"NRO_PARTE",1975488,"3PTL544-7161SSS3-6"
26343,"NRO_PARTE",3137545,"B41X4LS#ABM-R"
26343,"NRO_PARTE",3137814,"T16G7U71932201-OH"
26343,"NRO_PARTE",3155023,"A2CQ9LT#ABM-OH4"
26343,"NRO_PARTE",3155029,"A41V6LS#ABM-OH4"
26343,"NRO_PARTE",1804459,"V15G3I5008001#HH"
26343,"NRO_PARTE",2791629,"T14G6I7216101-OH2"
26343,"NRO_PARTE",1765289,"V15G3I5008101A"
26343,"NRO_PARTE",2048519,"PML30U-09Y00V-OH"
26343,"NRO_PARTE",1838697,"7P9A6LA#ABM-OPA."
26343,"NRO_PARTE",1806320,"E16G1I51116101H"
26343,"NRO_PARTE",1806322,"E16G1I51116101HH"
26343,"NRO_PARTE",1835696,"PSY19U-0PM05F-OP"
26343,"NRO_PARTE",1835705,"PSY19U-0Q405F-OH"
26343,"NRO_PARTE",1835708,"PSY19U-0Q405F-OP"
26343,"NRO_PARTE",1835714,"PYS43U-0EM08C"
26343,"NRO_PARTE",1780825,"21E7S4TS00"
26343,"NRO_PARTE",1780827,"21CSS1WC00"
26343,"NRO_PARTE",1780918,"V14G3I5008101PH"
26343,"NRO_PARTE",1780919,"V14G3I5016101H"
26343,"NRO_PARTE",1780920,"V14G3I5016101HH"
26343,"NRO_PARTE",1780921,"V14G3I5016101PH"
26343,"NRO_PARTE",1780950,"V15G3I5016101H"
26343,"NRO_PARTE",1780952,"V15G3I5016101PH"
26343,"NRO_PARTE",1780953,"V15G3I5008101-H"
26343,"NRO_PARTE",1780955,"V15G3I5008101H."
26343,"NRO_PARTE",2770080,"90NX0721-M002J0-OH"
26343,"NRO_PARTE",2797158,"V15G4I5181010H-OP"
26343,"NRO_PARTE",2797176,"E14G5I71116201-OH2"
26343,"NRO_PARTE",2797205,"E14G5I71116201-OP2"
26343,"NRO_PARTE",1744682,"21E4S2LB00"
26343,"NRO_PARTE",1744848,"21E7S3TX00"
26343,"NRO_PARTE",1744874,"21E7S3TT00"
26343,"NRO_PARTE",1747400,"21ECS1DV00"
26343,"NRO_PARTE",1747404,"21ECS1DU00"
26343,"NRO_PARTE",1747707,"PDH7GM40WVAZ07"
26343,"NRO_PARTE",1681803,"20L8S6V100"
26343,"NRO_PARTE",1681804,"S26391-K473-E448-7716SSDWP"
26343,"NRO_PARTE",1681805,"S26391-K476-E558-858SSDOPWP"
26343,"NRO_PARTE",1681806,"S26391-K476-E558-858SSDWP"
26343,"NRO_PARTE",1681807,"S26391-K476-E558-8581HBWP"
26343,"NRO_PARTE",1681808,"S26391-K476-E558-8581OPWP"
26343,"NRO_PARTE",1681809,"4XM82LA#ABM"
26343,"NRO_PARTE",1681810,"4XM81LA#ABM"
26343,"NRO_PARTE",1681811,"4XM79LA#ABM"
26343,"NRO_PARTE",1681812,"4MZ88LT#ABM"
26343,"NRO_PARTE",1681813,"4NC37LT#ABM"
26343,"NRO_PARTE",1681814,"S26391-K472-U758-87161SSDWPPSSC+"
26343,"NRO_PARTE",1681815,"3XU65LT#ABM"
26343,"NRO_PARTE",1681816,"S26391-K472-U758-878SSDHBWP+"
26343,"NRO_PARTE",1681817,"81AX00VTLM"
26343,"NRO_PARTE",1681818,"81AX00VULM"
26343,"NRO_PARTE",1681819,"3RF56LT"
26343,"NRO_PARTE",1681820,"S26391-K472-U758-878SSDOPWP+"
26343,"NRO_PARTE",1681821,"4MZ79LT#ABM"
26343,"NRO_PARTE",1681822,"4MZ80LT#ABM"
26343,"NRO_PARTE",1681823,"S26391-K473-E448-7716SSDHBWP+"
26343,"NRO_PARTE",1681824,"81FY003DLM"
26343,"NRO_PARTE",1681825,"1PF17LA#ABM"
26343,"NRO_PARTE",1681826,""
26343,"NRO_PARTE",1681827,"3XU59LT#ABM"
26343,"NRO_PARTE",1681828,"3XU64LT#ABM"
26343,"NRO_PARTE",1681829,"4LA04LA#ABM"
26343,"NRO_PARTE",1681830,"1LA83LT"
26343,"NRO_PARTE",1681831,"4XN22LA#ABM"
26343,"NRO_PARTE",1681832,"3XU14LT#ABM"
26343,"NRO_PARTE",1681833,"3XU16LT#ABM"
26343,"NRO_PARTE",1681834,"3XU60LA#ABM"
26343,"NRO_PARTE",1681835,"3XU63LT#ABM"
26343,"NRO_PARTE",1681836,"3XU15LT#ABM"
26343,"NRO_PARTE",1681837,"3XU61LT#ABM"
26343,"NRO_PARTE",1681838,"3XU66LA#ABM"
26343,"NRO_PARTE",1681839,"81B000P0LM"
26343,"NRO_PARTE",1681840,"81AX00VQLM"
26343,"NRO_PARTE",1681841,"8PTV34-3081OH5"
26343,"NRO_PARTE",1681842,"8PTV34-3081OP3"
26343,"NRO_PARTE",1681843,"8PTV34-3081OP5"
26343,"NRO_PARTE",1681844,"8PTV34-5081OP4"
26343,"NRO_PARTE",1681845,"8PTV34-5081SS3"
26343,"NRO_PARTE",1681846,"8PTV34-5081SS5"
26343,"NRO_PARTE",1681847,"8PTV34-3081SS4"
26343,"NRO_PARTE",1681848,"81B000NYLM"
26343,"NRO_PARTE",1681849,"S26391-K473-E448-7781OPWP"
26343,"NRO_PARTE",1681850,"S26391-K476-E558-8781OPWP+"
26343,"NRO_PARTE",1681851,"3XU32LA#ABM"
26343,"NRO_PARTE",1681852,"81FY0032LM"
26343,"NRO_PARTE",1681853,"NBLX03BVA02"
26343,"NRO_PARTE",1681854,"3MV67LA#ABM"
26343,"NRO_PARTE",1681855,"2WW68LA#ABM"
26343,"NRO_PARTE",1681856,"20L6"
26343,"NRO_PARTE",1681857,"81B000CELM"
26343,"NRO_PARTE",1681858,"81AY0018LM"
26343,"NRO_PARTE",1681859,"2WW45LA#ABM"
26343,"NRO_PARTE",1681860,"8PTL54-7161SS3-C"
26343,"NRO_PARTE",1681861,"8PTL54-7161OP4-C"
26343,"NRO_PARTE",1681862,"4XN26LA#ABM"
26343,"NRO_PARTE",1681863,"8PTL54-7161OH3-C"
26343,"NRO_PARTE",2625751,"78MPH4V311"
26343,"NRO_PARTE",2626059,"7GTPH4V330"
26343,"NRO_PARTE",2626070,"78MHH4V341"
26343,"NRO_PARTE",2626240,"5WTHL4V451"
26343,"NRO_PARTE",4018025,"WE15I9F146-2"
26343,"NRO_PARTE",4018046,"PSY29U-4V001T"
26343,"NRO_PARTE",2802926,"21JQ0006LM-OH"
26343,"NRO_PARTE",4228769,"TH14G8U7H82100#"
26343,"NRO_PARTE",2623092,"4PTL354-512161SSS3"
26343,"NRO_PARTE",2623100,"ENERGY STAR"
26343,"NRO_PARTE",1975478,"3PTL544-7161SOH3"
26343,"NRO_PARTE",1975499,"3PTL544-7161SOH3-6"
26343,"NRO_PARTE",1975501,"3PTL544-7161SOP3-6"
26343,"NRO_PARTE",3135473,"T16G7U51616101"
26343,"NRO_PARTE",3135636,"82TT00CVLMSO"
26343,"NRO_PARTE",1765055,"90NX05U1-M00Y60-OP"
26343,"NRO_PARTE",1765309,"3PTLV352-R5856SOP1-AME"
26343,"NRO_PARTE",1765325,"V15G3I5016101A"
26343,"NRO_PARTE",2048520,"TECRA® A50-K"
26343,"NRO_PARTE",3826035,"BN6E3LA#ABM-OH4A"
26343,"NRO_PARTE",1838791,"90NX04R1-M00HJ0"
26343,"NRO_PARTE",1838843,"3PTL744T-7161SOH3-A-VP"
26343,"NRO_PARTE",1838866,"3PTL744T-7161SOP3-A-VP"
26343,"NRO_PARTE",1806323,"E16G1I51116101PA"
26343,"NRO_PARTE",3967914,"5PTDP15-A3825SSS3-U"
26343,"NRO_PARTE",1835700,"PSY19U-0Q405F"
26343,"NRO_PARTE",1780986,"PSY15U-0JX030"
26343,"NRO_PARTE",1780988,"PSY15U-0JX030-OH"
26343,"NRO_PARTE",1780993,"PSY15U-0JX030-OP"
26343,"NRO_PARTE",1781000,"PSY19U-0P5035"
26343,"NRO_PARTE",1780503,"V14G3I5016101AG"
26343,"NRO_PARTE",1780543,"V15G3I5016101PAG"
26343,"NRO_PARTE",2644660,"9S7-15F414-236"
26343,"NRO_PARTE",2644665,"9S7-15P215-444"
26343,"NRO_PARTE",2644668,"9S7-15P215-443"
26343,"NRO_PARTE",2554506,"A11S1LA#ABM-OPS"
26343,"NRO_PARTE",2554586,"A11S5LA#ABM-OPS"
26343,"NRO_PARTE",1764683,"3PTL352-3856SS3-FHD"
26343,"NRO_PARTE",1764690,"3PTL352-3856OP3-FHD"
26343,"NRO_PARTE",1744931,"3PTL543-7161SOH3-FHD"
26343,"NRO_PARTE",1800921,"3PTL354-7161SSS3-2V"
26343,"NRO_PARTE",1800929,"3PTL354-7812SOH3"
26343,"NRO_PARTE",2794592,"PSY29U-0CT001-OH"
26343,"NRO_PARTE",2794596,"T16G6I7232201-OP2"
26343,"NRO_PARTE",2794606,"PSY29U-0F3001-OH"
26343,"NRO_PARTE",2794621,"T16G6I5116101-OH2"
26343,"NRO_PARTE",3721328,"E16G6U7178201-OH"
26343,"NRO_PARTE",1681864,"8PTL54-7161OP5-C"
26343,"NRO_PARTE",1681865,"8PTL54-7161OH4-C"
26343,"NRO_PARTE",1681866,"8PTL54-7161OP3-C"
26343,"NRO_PARTE",1681867,"8PTL74R-7165OH4"
26343,"NRO_PARTE",1681868,"8PTL74R-7165OH5"
26343,"NRO_PARTE",1681869,"8PTL74R-7165OP3"
26343,"NRO_PARTE",1681870,"8PTL74R-7165OP4"
26343,"NRO_PARTE",1681871,"8PTL74R-7165OP5"
26343,"NRO_PARTE",1681872,"618U3LT#ABM-OP"
26343,"NRO_PARTE",1681873,"20YDS02B00"
26343,"NRO_PARTE",1681874,"20X8S1DR00"
26343,"NRO_PARTE",1681875,"20X8S1DQ00"
26343,"NRO_PARTE",1681876,"20X8S1DN00"
26343,"NRO_PARTE",1681877,"20X8S1DP00"
26343,"NRO_PARTE",1681878,"20TBS70400"
26343,"NRO_PARTE",1681879,"20TBS70A00"
26343,"NRO_PARTE",1681880,"21CSS0T900"
26343,"NRO_PARTE",1681881,"P400"
26343,"NRO_PARTE",1681882,"N800"
26343,"NRO_PARTE",1681883,"21DJ00GPLM-OH"
26343,"NRO_PARTE",1681884,"21DJ00GNLM"
26343,"NRO_PARTE",1681885,"21DJ00GNLM-OP"
26343,"NRO_PARTE",1681886,"20YM002CLM"
26343,"NRO_PARTE",1681887,"655G9LS#ABM"
26343,"NRO_PARTE",1681888,"1PTL341-5825OP3-C-S-FHD"
26343,"NRO_PARTE",1681889,"1PTL341-5825OP3-S-4"
26343,"NRO_PARTE",1681890,"1PTL341-5825OH3-S-FHD"
26343,"NRO_PARTE",1681891,"1PTL341-5825OP3-S-FHD"
26343,"NRO_PARTE",1681892,"8PTL74R-7165SS3"
26343,"NRO_PARTE",1681893,"8PTL74R-7165SS5"
26343,"NRO_PARTE",1681894,"3XU03LA#ABM"
26343,"NRO_PARTE",1681895,"3MV55LA#ABM"
26343,"NRO_PARTE",1681896,"3XU69LA#ABM"
26343,"NRO_PARTE",1681897,"S26391-K473-E448-7781WP"
26343,"NRO_PARTE",1681898,"20LAS4DQ00"
26343,"NRO_PARTE",1681899,"20LAS4DR00"
26343,"NRO_PARTE",1681900,"20KTS1RB00"
26343,"NRO_PARTE",1681901,"S26391-K473-E448-7781HBWP"
26343,"NRO_PARTE",1681902,"8PTL74R-7165OH3"
26343,"NRO_PARTE",1681903,"8PTL74R-7165SS4"
26343,"NRO_PARTE",1681904,"V1G76LA#ABM"
26343,"NRO_PARTE",1681905,"V1G77LA#ABM"
26343,"NRO_PARTE",1681906,"V1G78LT#ABM"
26343,"NRO_PARTE",1681907,"V1G79LA#ABM"
26343,"NRO_PARTE",1681908,"V1G80LA#ABM"
26343,"NRO_PARTE",1681909,"V1G81LA#ABM"
26343,"NRO_PARTE",1681910,"V1G82LA#ABM"
26343,"NRO_PARTE",1681911,"V1G83LA#ABM"
26343,"NRO_PARTE",1681912,"V1G84LA#ABM"
26343,"NRO_PARTE",1681913,"V1G85LT#ABM"
26343,"NRO_PARTE",1681914,"V1G86LT#ABM"
26343,"NRO_PARTE",1681915,"V1G93LT#ABM"
26343,"NRO_PARTE",1681916,"V1H29LT#ABM"
26343,"NRO_PARTE",1681917,"V1H31LT#ABM"
26343,"NRO_PARTE",1681918,"V1H33LT#ABM"
26343,"NRO_PARTE",1681919,"V1H34LT#ABM"
26343,"NRO_PARTE",1681920,"V1H35LT#ABM"
26343,"NRO_PARTE",1681921,"V1H36LT#ABM"
26343,"NRO_PARTE",1681922,"V1H37LT#ABM"
26343,"NRO_PARTE",1681923,"V1H38LT#ABM"
26343,"NRO_PARTE",1681924,"V1H39LT#ABM"
26343,"NRO_PARTE",1681925,"V1H45LT#ABM"
26343,"NRO_PARTE",2802956,"82YU00X4LMSO-OP"
26343,"NRO_PARTE",4228763,"TH14G8U7H81100-OH#"
26343,"NRO_PARTE",4228819,"TH14G8U7H161100##"
26343,"NRO_PARTE",4228831,"TH14G8U7H161100-OH##"
26343,"NRO_PARTE",4228861,"E14G7R716512-OH"
26343,"NRO_PARTE",1749197,"21EES1R100"
26343,"NRO_PARTE",1749198,"21EES1R200"
26343,"NRO_PARTE",1749200,"21EES1R300"
26343,"NRO_PARTE",1749228,"21ECS1ED00"
26343,"NRO_PARTE",2647914,"4PTL345-3812SOP3"
26343,"NRO_PARTE",2647928,"4PTL345-5812SSS3"
26343,"NRO_PARTE",2647939,"4PTL345-5812SOH3-A"
26343,"NRO_PARTE",2648102,"4PTL345-5161SSS3-AN"
26343,"NRO_PARTE",2648132,"4PTL345-7812SSS3"
26343,"NRO_PARTE",2648155,"4PTL345-7161SSS3"
26343,"NRO_PARTE",2791676,"T14G6I7216201-OP2"
26343,"NRO_PARTE",1765164,"3PTLV352-R5856SSS1-AME"
26343,"NRO_PARTE",1765215,"V15G3I3908001PA"
26343,"NRO_PARTE",1765291,"V15G3I5008101P"
26343,"NRO_PARTE",1838834,"6K705LT#ABM."
26343,"NRO_PARTE",1838870,"6K705LT#ABM-OH."
26343,"NRO_PARTE",1835689,"PSY19U-0PM05F"
26343,"NRO_PARTE",1835692,"PSY19U-0PM05F-OH"
26343,"NRO_PARTE",1835717,"PYS43U-0EM08C-OH"
26343,"NRO_PARTE",1835718,"PYS43U-0EM08C-OP"
26343,"NRO_PARTE",1780700,"21E4S3CB00"
26343,"NRO_PARTE",1780702,"21E7S4TP00"
26343,"NRO_PARTE",2644655,"9S7-15F314-206"
26343,"NRO_PARTE",2644672,"9S7-182253-407"
26343,"NRO_PARTE",2536921,"7Y9X1LT#ABM"
26343,"NRO_PARTE",2536937,"7Y9X1LT#ABM-OH"
26343,"NRO_PARTE",3154061,"9Q6R3LA#ABM-OH4"
26343,"NRO_PARTE",2797314,"V15G4I5016101S-OH2"
26343,"NRO_PARTE",1744846,"21E7S3TU00"
26343,"NRO_PARTE",1744852,"21E7S3TW00"
26343,"NRO_PARTE",1744962,"PSY19U-0EK03Q -OP"
26343,"NRO_PARTE",1744963,"PSY19U-0EK03Q"
26343,"NRO_PARTE",1747599,"PDA31U-0LV053-OP"
26343,"NRO_PARTE",1747633,"21E4S0Q400"
26343,"NRO_PARTE",1747635,"21E4S0PD00"
26343,"NRO_PARTE",1747415,"21EES06G00"
26343,"NRO_PARTE",1801054,"8C3Q5LS#ABM"
26343,"NRO_PARTE",1801082,"8C3Q5LS#ABM-OP"
26343,"NRO_PARTE",2794591,"T16G6I72322012"
26343,"NRO_PARTE",3721173,"E16G6U5168201"
26343,"NRO_PARTE",4121960,"MDL2509D3WD3W"
26343,"NRO_PARTE",4121961,"MDL2509P5E4C2"
26343,"NRO_PARTE",1681926,"V1H48LT#ABM"
26343,"NRO_PARTE",1681927,"V1H49LT#ABM"
26343,"NRO_PARTE",1681928,"V1H51LA#ABM"
26343,"NRO_PARTE",1681929,"V1H52LA#ABM"
26343,"NRO_PARTE",1681930,"V1H53LA#ABM"
26343,"NRO_PARTE",1681931,"V1H54LA#ABM"
26343,"NRO_PARTE",1681932,"V1H55LA#ABM"
26343,"NRO_PARTE",1681933,"V1H56LA#ABM"
26343,"NRO_PARTE",1681934,"W6C12LT#ABM"
26343,"NRO_PARTE",1681935,"W6C13LT#ABM"
26343,"NRO_PARTE",1681936,"W6C14LA#ABM"
26343,"NRO_PARTE",1681937,"W6C16LT#ABM"
26343,"NRO_PARTE",1681938,"W8C13LA#ABM"
26343,"NRO_PARTE",1681939,"W8C14LT#ABM"
26343,"NRO_PARTE",1681940,"W8K74LT#ABM"
26343,"NRO_PARTE",1681941,"W8K79LA#ABM"
26343,"NRO_PARTE",1681942,"W8K98LT#ABM"
26343,"NRO_PARTE",1681943,"W8K99LT#ABM"
26343,"NRO_PARTE",1681944,"X1L01LP#ABM"
26343,"NRO_PARTE",1681945,"X1X81LT#ABM"
26343,"NRO_PARTE",1681946,"X3S23LA#ABM"
26343,"NRO_PARTE",1681947,"X3S43LA#ABM"
26343,"NRO_PARTE",1681948,"X3S44LA#ABM"
26343,"NRO_PARTE",1681949,"X3S54LT#ABM"
26343,"NRO_PARTE",1681950,"X3S55LT#ABM"
26343,"NRO_PARTE",1681951,"X3S68LT#ABM"
26343,"NRO_PARTE",1681952,"X3S69LT#ABM"
26343,"NRO_PARTE",1681953,"X3S70LA#ABM"
26343,"NRO_PARTE",1681954,"X3S79LT#ABM"
26343,"NRO_PARTE",1681955,"X8Q33LT#ABM"
26343,"NRO_PARTE",1681956,"X8Q41LA#ABM"
26343,"NRO_PARTE",1681957,"X8Q50LA#ABM"
26343,"NRO_PARTE",1681958,"X8Q67LA#ABM"
26343,"NRO_PARTE",1681959,"Y0Q65LA#ABM"
26343,"NRO_PARTE",1681960,"Y0Q79LA#ABM"
26343,"NRO_PARTE",1681961,"4XM76LA#ABM"
26343,"NRO_PARTE",1681962,"20KGS0HX00"
26343,"NRO_PARTE",1681963,"1PTL542-5825OP3-FHD-T"
26343,"NRO_PARTE",1681964,"1PTL542-5825SS3-FHD-T-4"
26343,"NRO_PARTE",1681965,"1PTL542-5825OP3-FHD-T-4"
26343,"NRO_PARTE",1681966,"1PTL542-50825SS3-FHD-T"
26343,"NRO_PARTE",1681967,"1PTL542-50825OH3-FHD-T"
26343,"NRO_PARTE",1681968,"1PTL542-5825OH3-FHD-T"
26343,"NRO_PARTE",1681969,"43N26LS#ABM"
26343,"NRO_PARTE",1681970,"618S9LT#ABM-OP"
26343,"NRO_PARTE",1681971,"20WNS6P600"
26343,"NRO_PARTE",1681972,"20TBS70B00"
26343,"NRO_PARTE",1681973,"20TBS70600"
26343,"NRO_PARTE",1681974,"20TBS70500"
26343,"NRO_PARTE",1681975,"2PTL352-5812SS3-FHD-A"
26343,"NRO_PARTE",1681976,"NBADPS7085BPSOE"
26343,"NRO_PARTE",1681977,"D00"
26343,"NRO_PARTE",1681978,"2PTL352-5812OH3-FHD-A-"
26343,"NRO_PARTE",1681979,"655G9LS#ABM-OP"
26343,"NRO_PARTE",1681980,"4XM56LA#ABM"
26343,"NRO_PARTE",1681981,"20KGS2SA00"
26343,"NRO_PARTE",1681982,"4XM57LA#ABM"
26343,"NRO_PARTE",1681983,"81AX0"
26343,"NRO_PARTE",1681984,"S26391-K472-U758-878SSDWP"
26343,"NRO_PARTE",1681985,"S26391-K472-U758-87161SSDOPWPPSSC"
26343,"NRO_PARTE",1681986,"S26391-K473-E448-7716SSDHBWP"
26343,"NRO_PARTE",1681987,"S26391-K473-E448-7716SSDOPWP"
26343,"NRO_PARTE",2802977,"82QY00QALMSO-OP"
26343,"NRO_PARTE",4228781,"TH14G8U7H82100-OH#"
26343,"NRO_PARTE",4228793,"E14G7R716512"
26343,"NRO_PARTE",4228812,"TH14G8U7H161100-OH#"
26343,"NRO_PARTE",4228870,"TH14G8U7H162100#"
26343,"NRO_PARTE",4228900,"E14G7R7161000"
26343,"NRO_PARTE",2623089,"4PTL354-5161SOH3"
26343,"NRO_PARTE",2623091,"4PTL354-5161SOP3"
26343,"NRO_PARTE",2623096,"4PTL354-512161SOH3"
26343,"NRO_PARTE",2623101,"4PTL354-512161SOP3"
26343,"NRO_PARTE",1837023,"E14G5I51108101HH"
26343,"NRO_PARTE",3155039,"A9EH2LT#ABM-OH4"
26343,"NRO_PARTE",1748362,"21ECS1EC00"
26343,"NRO_PARTE",2647932,"4PTL345-5812SOP3"
26343,"NRO_PARTE",2648020,"4PTL345-5812SSS3-AN"
26343,"NRO_PARTE",2648177,"4PTL345-7161SOH3"
26343,"NRO_PARTE",1765327,"V15G3I5016101AH"
26343,"NRO_PARTE",1765330,"V15G3I5016101AP"
26343,"NRO_PARTE",2787126,"4PTL545-71612SSS3-VP-B"
26343,"NRO_PARTE",2787128,"4PTL545-71612SOH3-VP-B"
26343,"NRO_PARTE",2787129,"4PTL545-71612SOP3-VP-B"
26343,"NRO_PARTE",2787130,"4PTL545-7161SSS3-VP-B"
26343,"NRO_PARTE",2787138,"4PTL555-71612SSS3-VP-B"
26343,"NRO_PARTE",1764322,"3PTL352-3412OP1-FHD"
26343,"NRO_PARTE",1764168,"3PTL352-3456OP3-FHD"
26343,"NRO_PARTE",1838678,"21E4S05G00-OH"
26343,"NRO_PARTE",1838812,"90NX04R1-M00HJ0-OP"
26343,"NRO_PARTE",1838837,"90NX04R1-M00HJ0-OH"
26343,"NRO_PARTE",3837907,"A24ZSLT#ABM-ACG4"
26343,"NRO_PARTE",1780916,"V14G3I5008101H"
26343,"NRO_PARTE",1757925,"90NX05U1-M00Y80-OP"
26343,"NRO_PARTE",3153973,"9Q6N3LA#ABM-OH4"
26343,"NRO_PARTE",3154094,"A09DJLS#ABM-OH4"
26343,"NRO_PARTE",2895731,"L15G4I77162100-OP"
26343,"NRO_PARTE",2895747,"L15G4I77161100"
26343,"NRO_PARTE",2895761,"L15G4I77161100-OH"
26343,"NRO_PARTE",2895779,"L15G4I77161100-OP"
26343,"NRO_PARTE",1747413,"21EES06E00"
26343,"NRO_PARTE",2794594,"PSY29U-0CT001-OP"
26343,"NRO_PARTE",2794600,"PSY29U-0F3001"
26343,"NRO_PARTE",2794614,"PSY29U-0F3001-OP"
26343,"NRO_PARTE",3721223,"E16G6U5168201-OH"
26343,"NRO_PARTE",3721278,"E16G6U7178201"
26343,"NRO_PARTE",4121909,"MDL2509ZG6S8O"
26343,"NRO_PARTE",4122141,"P14SG6U5H162100"
26343,"NRO_PARTE",4122189,"P14SG6U5H162100-OH"
26343,"NRO_PARTE",1681988,"S26391-K476-E558-8581W"
26343,"NRO_PARTE",1681989,"S26391-K476-E558-8781HBWP"
26343,"NRO_PARTE",1681990,"8PTL54-7161OP3"
26343,"NRO_PARTE",1681991,"8PTL54-7161OP4"
26343,"NRO_PARTE",1681992,"2WW70LA_ABM"
26343,"NRO_PARTE",1681993,"8PTV34-5081OP3"
26343,"NRO_PARTE",1681994,"8PTV34-3081OP4"
26343,"NRO_PARTE",1681995,"8PTV34-3081SS3"
26343,"NRO_PARTE",1681996,"8PTV34-5081OH4"
26343,"NRO_PARTE",1681997,"8PTV34-5081OH5"
26343,"NRO_PARTE",1681998,"8PTV34-3081OH4"
26343,"NRO_PARTE",1681999,"8PTL55-7161SS5"
26343,"NRO_PARTE",1682000,"8PTV34-3081SS5"
26343,"NRO_PARTE",1682001,"8PTV34-5081SS4"
26343,"NRO_PARTE",1682002,"8PTV34-5081OP5"
26343,"NRO_PARTE",1682003,"8PTV34-5081OH3"
26343,"NRO_PARTE",1682004,"20LES27300"
26343,"NRO_PARTE",1682005,"20LES27400"
26343,"NRO_PARTE",1682006,"4XM77LA#ABM"
26343,"NRO_PARTE",1682007,"20LES0EL00"
26343,"NRO_PARTE",1682008,"20LES0EM00"
26343,"NRO_PARTE",1682009,"20KGS3DH00"
26343,"NRO_PARTE",1682010,"2SE25LA#ABM"
26343,"NRO_PARTE",1682011,"4XM58LA#ABM"
26343,"NRO_PARTE",1682012,"20LES27700"
26343,"NRO_PARTE",1682013,"20LES27800"
26343,"NRO_PARTE",1682014,"4XM80LA#ABM"
26343,"NRO_PARTE",1682015,"3XU04LA#ABM"
26343,"NRO_PARTE",1682016,"2SE26LA#ABM"
26343,"NRO_PARTE",1682017,"3MV12LA#ABM"
26343,"NRO_PARTE",1682018,"3MU95LA#ABM"
26343,"NRO_PARTE",1682019,"20KGS2SB00"
26343,"NRO_PARTE",1682020,"T3L84LT#ABM"
26343,"NRO_PARTE",1682021,"T3L97LT#ABM"
26343,"NRO_PARTE",1682022,"T3T67AW#ABM"
26343,"NRO_PARTE",1682023,"T4B69LA#ABM"
26343,"NRO_PARTE",1682024,"T4B70LA#ABM"
26343,"NRO_PARTE",1682025,"T4M59LT#ABM"
26343,"NRO_PARTE",1682026,"T4M60LT#ABM"
26343,"NRO_PARTE",1682027,"T4M61LT#ABM"
26343,"NRO_PARTE",1682028,"T4M62LT#ABM"
26343,"NRO_PARTE",1682029,"T4M63LT#ABM"
26343,"NRO_PARTE",1682030,"T4M67LT#ABM"
26343,"NRO_PARTE",1682031,"T4M68LT#ABM"
26343,"NRO_PARTE",1682032,"T4M69LT#ABM"
26343,"NRO_PARTE",1682033,"T4M70LT#ABM"
26343,"NRO_PARTE",1682034,"T4M85LT#ABM"
26343,"NRO_PARTE",1682035,"T4M86LT#ABM"
26343,"NRO_PARTE",1682036,"T4M88LT#ABM"
26343,"NRO_PARTE",1682037,"T4M89LT#ABM"
26343,"NRO_PARTE",1682038,"T4M90LT#ABM"
26343,"NRO_PARTE",1682039,"T4M91LT#ABM"
26343,"NRO_PARTE",1682040,"T4M92LT#ABM"
26343,"NRO_PARTE",1682041,"T4M93LT#ABM"
26343,"NRO_PARTE",1682042,"T4M94LT#ABM"
26343,"NRO_PARTE",1682043,"T4M95LT#ABM"
26343,"NRO_PARTE",1682044,"T4M96LT#ABM"
26343,"NRO_PARTE",1682045,"T4M97LT#ABM"
26343,"NRO_PARTE",1682046,"T4M98LT#ABM"
26343,"NRO_PARTE",1682047,"T4N13LT#ABM"
26343,"NRO_PARTE",1682048,"T4N21LT#ABM"
26343,"NRO_PARTE",1682049,"T4N22LT#ABM"
26343,"NRO_PARTE",3396801,"V15G4I71161100-OH"
26343,"NRO_PARTE",3396806,"V15G4I71161100H-OH"
26343,"NRO_PARTE",2802768,"21JQ000PLM*"
26343,"NRO_PARTE",4228792,"TH14G8U7H161100#"
26343,"NRO_PARTE",4228877,"E14G7R716512-OHU"
26343,"NRO_PARTE",4228915,"E14G7R7161000-OH"
26343,"NRO_PARTE",2623087,"4PTL354-5161SSS3"
26343,"NRO_PARTE",2628103,"A4DZ7LS#ABM-OH"
26343,"NRO_PARTE",2628119,"A4DZ7LS#ABM-S"
26343,"NRO_PARTE",4101344,"MDL2508R7F5H7"
26343,"NRO_PARTE",2647912,"4PTL345-3812SOH3"
26343,"NRO_PARTE",2647918,"4PTL345-3812SOH3-A"
26343,"NRO_PARTE",2647920,"4PTL345-3812SOP3-A"
26343,"NRO_PARTE",2647924,"4PTL345-3812SOH3-AN"
26343,"NRO_PARTE",2647930,"4PTL345-5812SOH3"
26343,"NRO_PARTE",2648014,"4PTL345-5812SOP3-A"
26343,"NRO_PARTE",2648023,"4PTL345-5812SOH3-AN"
26343,"NRO_PARTE",2648038,"4PTL345-5161SSS3"
26343,"NRO_PARTE",2648152,"4PTL345-7812SOP3"
26343,"NRO_PARTE",2791652,"T14G6I72162012"
26343,"NRO_PARTE",1765290,"V15G3I5008101H"
26343,"NRO_PARTE",1765366,"3PTLV352-R5856SSS3-AME"
26343,"NRO_PARTE",2787131,"4PTL545-7161SOH3-VP-B"
26343,"NRO_PARTE",2787132,"4PTL545-7161SOP3-VP-B"
26343,"NRO_PARTE",2787142,"4PTL555-71612SOH3-VP-B"
26343,"NRO_PARTE",2787144,"4PTL555-71612SOP3-VP-B"
26343,"NRO_PARTE",2787145,"4PTL555-7161SSS3-VP-B"
26343,"NRO_PARTE",2787147,"4PTL555-7161SOH3-VP-B"
26343,"NRO_PARTE",2787148,"4PTL555-7161SOP3-VP-B"
26343,"NRO_PARTE",2787152,"4PTL745-71612SSS3-VP-B"
26343,"NRO_PARTE",2787155,"4PTL745-71612SOH3-VP-B"
26343,"NRO_PARTE",2787158,"4PTL745-71612SOP3-VP-B"
26343,"NRO_PARTE",2787162,"4PTL745-7161SSS3-VP-B"
26343,"NRO_PARTE",2787166,"4PTL745-7161SOH3-VP-B"
26343,"NRO_PARTE",1838819,"3PTL744T-7161SSS3-A-VP"
26343,"NRO_PARTE",1838917,"6K705LT#ABM-OP."
26343,"NRO_PARTE",1838977,"849N3LT#ABM"
26343,"NRO_PARTE",3154043,"9Q6Q8LA#ABM-OH4"
26343,"NRO_PARTE",3154183,"A1UP3LT#ABM-OH4"
26343,"NRO_PARTE",1764260,"3PTL352-3412SS1-HD"
26343,"NRO_PARTE",2797418,"21DH00DTLM*"
26343,"NRO_PARTE",2797422,"V14G4R51081001-OH"
26343,"NRO_PARTE",2797437,"V15G4I5016101S-OP2"
26343,"NRO_PARTE",2797465,"V14G4R51081001-OP"
26343,"NRO_PARTE",2489267,"PML30U-0EP00V"
26343,"NRO_PARTE",2489318,"PML30U-0EQ00V"
26343,"NRO_PARTE",2895704,"L15G4I77162100"
26343,"NRO_PARTE",2895717,"L15G4I77162100-OH"
26343,"NRO_PARTE",1747580,"PDA31U-0LV053"
26343,"NRO_PARTE",1747591,"PDA31U-0LV053-OH"
26343,"NRO_PARTE",1747683,"21E4S2M800"
26343,"NRO_PARTE",1745374,"20TES4A100-OH"
26343,"NRO_PARTE",1725524,"20VE00FBLM"
26343,"NRO_PARTE",1725525,"20VE00FBLM-OH"
26343,"NRO_PARTE",1801066,"8C3Q5LS#ABM-OH"
26343,"NRO_PARTE",2794688,"T16G6I5132201-OH2"
26343,"NRO_PARTE",4122213,"P14SG6U7H162106V"
26343,"NRO_PARTE",4122237,"P14SG6U7H162106V-OH"
26343,"NRO_PARTE",1682050,"T5Z27AW#ABM"
26343,"NRO_PARTE",1682051,"20X8S1DJ00"
26343,"NRO_PARTE",1682052,"618S8LT#ABM-OP"
26343,"NRO_PARTE",1682053,"20X8S1DL00"
26343,"NRO_PARTE",1682054,"20TBS70F00"
26343,"NRO_PARTE",1682055,"0PTL541-5161OH3-FHD"
26343,"NRO_PARTE",1682056,"674A0LT#ABM-M"
26343,"NRO_PARTE",1682057,"20TES4FY00"
26343,"NRO_PARTE",1682058,"20TES49Y00"
26343,"NRO_PARTE",1682059,"655H0LS#ABM"
26343,"NRO_PARTE",1682060,"20T1S7YG00"
26343,"NRO_PARTE",1682061,"1PTL341-5825SS3-S-4"
26343,"NRO_PARTE",1682062,"1PTL341-5825OP3-C-S-4-FHD"
26343,"NRO_PARTE",1682063,"1PTL341-5825SS3-C-S-FHD"
26343,"NRO_PARTE",1682064,"20TBS13X00"
26343,"NRO_PARTE",1682065,"20TBS3JE00"
26343,"NRO_PARTE",1682066,"20TBS17B00"
26343,"NRO_PARTE",1682067,"T6D69LA#ABM"
26343,"NRO_PARTE",1682068,"T6D70LA#ABM"
26343,"NRO_PARTE",1682069,"T6D77LA#ABM"
26343,"NRO_PARTE",1682070,"T6E54LA#ABM"
26343,"NRO_PARTE",1682071,"T6E55LT#ABM"
26343,"NRO_PARTE",1682072,"T6E72LA#ABM"
26343,"NRO_PARTE",1682073,"T6E73LT#ABM"
26343,"NRO_PARTE",1682074,"T6E77LA#ABM"
26343,"NRO_PARTE",1682075,"T6E78LA#ABM"
26343,"NRO_PARTE",1682076,"T6E87LA#ABM"
26343,"NRO_PARTE",1682077,"T6E88LA#ABM"
26343,"NRO_PARTE",1682078,"T6E89LA#ABM"
26343,"NRO_PARTE",1682079,"T6E95LT#ABM"
26343,"NRO_PARTE",1682080,"T6E98LT#ABM"
26343,"NRO_PARTE",1682081,"T6E99LT#ABM"
26343,"NRO_PARTE",1682082,"T6F00LT#ABM"
26343,"NRO_PARTE",1682083,"T6F01LT#ABM"
26343,"NRO_PARTE",1682084,"T6F02LT#ABM"
26343,"NRO_PARTE",1682085,"T6F03LT#ABM"
26343,"NRO_PARTE",1682086,"T6F04LT#ABM"
26343,"NRO_PARTE",1682087,"T6F05LA#ABM"
26343,"NRO_PARTE",1682088,"T6F06LA#ABM"
26343,"NRO_PARTE",1682089,"T6F07LA#ABM"
26343,"NRO_PARTE",1682090,"T6F08LT#ABM"
26343,"NRO_PARTE",1682091,"T6F32LT#ABM"
26343,"NRO_PARTE",1682092,"T6F33LT#ABM"
26343,"NRO_PARTE",1682093,"T6F37LP#ABM"
26343,"NRO_PARTE",1682094,"T6T38AW#ABM"
26343,"NRO_PARTE",1682095,"V1H57LA#ABM"
26343,"NRO_PARTE",1682096,"V1P46LT#ABM"
26343,"NRO_PARTE",1682097,"V1P48LT#ABM"
26343,"NRO_PARTE",1682098,"V1P51LA#ABM"
26343,"NRO_PARTE",1682099,"V1P52LA#ABM"
26343,"NRO_PARTE",1682100,"V1P53LA#ABM"
26343,"NRO_PARTE",1682101,"V1P70LT#ABM"
26343,"NRO_PARTE",1682102,"V1P71LT#ABM"
26343,"NRO_PARTE",1682103,"V4B68LT#ABM"
26343,"NRO_PARTE",1682104,"V4B69LT#ABM"
26343,"NRO_PARTE",1682105,"V4B70LT#ABM"
26343,"NRO_PARTE",1682106,"V8M22LT#ABM"
26343,"NRO_PARTE",1682107,"V8M54LA#ABM"
26343,"NRO_PARTE",1682108,"V8M55LA#ABM"
26343,"NRO_PARTE",1682109,"V8M63LA#ABM"
26343,"NRO_PARTE",1682110,"V8M65LA#ABM"
26343,"NRO_PARTE",1682111,"W0C84LT#ABM"
26343,"NRO_PARTE",3396826,"V15G4I5128201-OH"
26343,"NRO_PARTE",3396850,"V15G4I5128201H-OH"
26343,"NRO_PARTE",3780311,"PSY29U-09K00L-E"
26343,"NRO_PARTE",4099079,"T16G7U5116*-OH"
26343,"NRO_PARTE",2802945,"21JQ0006LM-OP"
26343,"NRO_PARTE",2802951,"82YU00X4LMSO-OH"
26343,"NRO_PARTE",4101418,"MDL2508L1D3Q6"
26343,"NRO_PARTE",1748219,"21CUS0PU00"
26343,"NRO_PARTE",3135692,"ELIMINAR"
26343,"NRO_PARTE",2791702,"T14G6I7232201-OH2"
26343,"NRO_PARTE",1765434,"3PTLV35-5856SOP1-AME"
26343,"NRO_PARTE",1765448,"3PTLV35-5856SSS3-AME"
26343,"NRO_PARTE",1763965,"V15G3I7816501"
26343,"NRO_PARTE",1763974,"3PTL352-3456SS1-HD"
26343,"NRO_PARTE",1764107,"3PTL352-3456OP3-HD"
26343,"NRO_PARTE",1839038,"21JLS09X00"
26343,"NRO_PARTE",3713829,"V15G4I568101H"
26343,"NRO_PARTE",1780823,"21E4S3CG00"
26343,"NRO_PARTE",1780824,"21E4S3CF00"
26343,"NRO_PARTE",1780826,"21E7S4TT00"
26343,"NRO_PARTE",1757819,"90NX05U1-M00Y90-OP"
26343,"NRO_PARTE",3154255,"B0WH7LS#ABM-OH4"
26343,"NRO_PARTE",1745410,"20X4S93200"
26343,"NRO_PARTE",1745411,"20X4S93200-OH"
26343,"NRO_PARTE",1747414,"21EES1QC00"
26343,"NRO_PARTE",1747417,"21EES06F00"
26343,"NRO_PARTE",1800927,"3PTL354-7812SSS3"
26343,"NRO_PARTE",1800930,"3PTL354-7812SOP3"
26343,"NRO_PARTE",1800940,"3PTL354-51612SOP3"
26343,"NRO_PARTE",4143124,"E16G3R7161001"
26343,"NRO_PARTE",3721374,"E16G6U71716101"
26343,"NRO_PARTE",1682112,"W0R65LT#ABM"
26343,"NRO_PARTE",1682113,"W0R66LT#ABM"
26343,"NRO_PARTE",1682114,"W1C29LT#ABM"
26343,"NRO_PARTE",1682115,"W1C30LT#ABM"
26343,"NRO_PARTE",1682116,"W1C46LT#ABM"
26343,"NRO_PARTE",1682117,"W3J40LT#ABM"
26343,"NRO_PARTE",1682118,"W3J59LA#ABM"
26343,"NRO_PARTE",1682119,"W3J73LT#ABM"
26343,"NRO_PARTE",1682120,"W3J75LT#ABM"
26343,"NRO_PARTE",1682121,"W3J76LT#ABM"
26343,"NRO_PARTE",1682122,"W6B75LA#ABM"
26343,"NRO_PARTE",1682123,"W6B97LT#ABM"
26343,"NRO_PARTE",1682124,"W6B98LT#ABM"
26343,"NRO_PARTE",1682125,"W6B99LT#ABM"
26343,"NRO_PARTE",1682126,"W6C00LT#ABM"
26343,"NRO_PARTE",1682127,"W6C02LT#ABM"
26343,"NRO_PARTE",1682128,"W6C04LT#ABM"
26343,"NRO_PARTE",1682129,"W6C05LA#ABM"
26343,"NRO_PARTE",1682130,"W6C06LA#ABM"
26343,"NRO_PARTE",1682131,"W6C07LT#ABM"
26343,"NRO_PARTE",1682132,"W6C09LA#ABM"
26343,"NRO_PARTE",1682133,"W6C10LA#ABM"
26343,"NRO_PARTE",1682134,"W6C11LT#ABM"
26343,"NRO_PARTE",1682135,"OTLP156200308WS041000PE"
26343,"NRO_PARTE",1682136,"OTLP156200308WS080500PE"
26343,"NRO_PARTE",1682137,"OTLP156200308WS081000PE"
26343,"NRO_PARTE",1682138,"43N26LS#ABM-OP"
26343,"NRO_PARTE",1682139,"20W1SBWD00"
26343,"NRO_PARTE",1682140,"618S9LT#ABM"
26343,"NRO_PARTE",1682141,"20W1SBWF00"
26343,"NRO_PARTE",1682142,"20WNS6P500"
26343,"NRO_PARTE",1682143,"618S9LT#ABM-OH"
26343,"NRO_PARTE",1682144,"20TBS70800"
26343,"NRO_PARTE",1682145,"5T9J6LT#ABM"
26343,"NRO_PARTE",1682146,"21CSS0TB00"
26343,"NRO_PARTE",1682147,"NBADPS6051PDG"
26343,"NRO_PARTE",1682148,"655H0LS#ABM-OH"
26343,"NRO_PARTE",1682149,"2Q0D3LT#ABM"
26343,"NRO_PARTE",1682150,"1PTL341-5825SS3-S-FHD"
26343,"NRO_PARTE",1682151,"1PTL341-5825OH3-C-S-4-FHD"
26343,"NRO_PARTE",1682152,"1PTL341-5825OH3-C-S-FHD"
26343,"NRO_PARTE",1682153,"20T1S7YE00"
26343,"NRO_PARTE",1682154,"0PTL351-5825OP3-FHD"
26343,"NRO_PARTE",1682155,"8GF48LT#ABM-OP"
26343,"NRO_PARTE",1682156,"6C5X6LT#ABM"
26343,"NRO_PARTE",1682157,"674A0LT#ABM-OH"
26343,"NRO_PARTE",1682158,"68T13LT#ABM"
26343,"NRO_PARTE",1682159,"20X8S0TJ00"
26343,"NRO_PARTE",1682160,"90NX0421-M10670"
26343,"NRO_PARTE",1682161,"82H0001FLI"
26343,"NRO_PARTE",1682162,"E141I5408811H"
26343,"NRO_PARTE",1682163,"E141I5408111N"
26343,"NRO_PARTE",1682164,"E141I5408111H"
26343,"NRO_PARTE",1682165,"E141I5416111N"
26343,"NRO_PARTE",1682166,"E141I5416111H"
26343,"NRO_PARTE",1682167,"14Z90P-G.AJ63B4 GOB-OFFICE - PLATEADO"
26343,"NRO_PARTE",1682168,"68T13LT#ABM-OH"
26343,"NRO_PARTE",1682169,"21CUS09X00"
26343,"NRO_PARTE",1682170,"90NX0421-M10570"
26343,"NRO_PARTE",1682171,"53012KGPN-12-MOB"
26343,"NRO_PARTE",1682172,"2PTL352-5812OH3-FHD-"
26343,"NRO_PARTE",1682173,"68T09LT#ABM-OH"
26343,"NRO_PARTE",3396804,"V15G4I71161100H"
26343,"NRO_PARTE",3780381,"V15G4I5181010H2-OH"
26343,"NRO_PARTE",2803012,"21JQ000PLM-OH"
26343,"NRO_PARTE",4229026,"21SH009QLD"
26343,"NRO_PARTE",3137831,"T16G7U5168001-OH"
26343,"NRO_PARTE",1748172,"21CUS0PT00"
26343,"NRO_PARTE",3135987,"A98Y0LT#ABM-OH4"
26343,"NRO_PARTE",2647922,"4PTL345-3812SSS3-AN"
26343,"NRO_PARTE",2647926,"4PTL345-3812SOP3-AN"
26343,"NRO_PARTE",2647935,"4PTL345-5812SSS3-A"
26343,"NRO_PARTE",2648045,"4PTL345-5161SOH3-A"
26343,"NRO_PARTE",2648126,"4PTL345-5161SOP3-AN"
26343,"NRO_PARTE",2648184,"4PTL345-7161SOP3"
26343,"NRO_PARTE",3135122,"E14G619161100-OH"
26343,"NRO_PARTE",1765477,"V14G3I3908001A"
26343,"NRO_PARTE",1765479,"V14G3I3908001PA"
26343,"NRO_PARTE",2787173,"4PTL745-7161SOP3-VP-B"
26343,"NRO_PARTE",1764435,"21C6S3Q300"
26343,"NRO_PARTE",1764459,"21C6S3Q300-OP"
26343,"NRO_PARTE",1764348,"3PTL352-3412OP3-FHD"
26343,"NRO_PARTE",1764369,"3PTL352-3856OP1-HD"
26343,"NRO_PARTE",1764376,"3PTL352-3856OP3-HD"
26343,"NRO_PARTE",1838985,"CPIN_5001"
26343,"NRO_PARTE",1839039,"21JLS09T00"
26343,"NRO_PARTE",3968289,"PNL11U-0U6008"
26343,"NRO_PARTE",3968386,"PNL13U-0GX009"
26343,"NRO_PARTE",3713834,"V15G4I568101H-OH"
26343,"NRO_PARTE",2536977,"7Y9X1LT#ABM-OP"
26343,"NRO_PARTE",1757833,"90NX05U1-M00Y90-OH"
26343,"NRO_PARTE",3154332,"9P2Y7LA#ABM-OH4"
26343,"NRO_PARTE",3154354,"B4XA6LS#ABM"
26343,"NRO_PARTE",2797584,"PSY19U-0FH035-A- OP"
26343,"NRO_PARTE",2797586,"PSY19U-0FH035 -A"
26343,"NRO_PARTE",2489309,"PML30U-0EQ00V-OH"
26343,"NRO_PARTE",1747738,"PDP7GM40WVAZ1F"
26343,"NRO_PARTE",1747819,"PDH7W140WVAZ27"
26343,"NRO_PARTE",1747840,"PDP7W140WVAZ3F"
26343,"NRO_PARTE",1801189,"8C3Q6LS#ABM"
26343,"NRO_PARTE",2794647,"T16G6I51162012"
26343,"NRO_PARTE",2794674,"T16G6I5116201-OP2"
26343,"NRO_PARTE",3721446,"E16G6U5188001"
26343,"NRO_PARTE",1682174,"674A3LT#ABM-OH"
26343,"NRO_PARTE",1682175,"82H0001ULM"
26343,"NRO_PARTE",1682176,"6C5Y0LT#ABM-OH"
26343,"NRO_PARTE",1682177,"6C5Y0LT#ABM-OP"
26343,"NRO_PARTE",1682178,"2PTL352-5812SS3-FHD-"
26343,"NRO_PARTE",1682179,"2PTL552-71612S2SS3-FHD-"
26343,"NRO_PARTE",1682180,"674A3LT#ABM"
26343,"NRO_PARTE",1682181,"68T09LT#ABM-OP"
26343,"NRO_PARTE",1682182,"53011YYQO-8"
26343,"NRO_PARTE",1682183,"68T13LT#ABM-OP"
26343,"NRO_PARTE",1682184,"6K705LT#ABM"
26343,"NRO_PARTE",1682185,"53011YYQO-MOP-8"
26343,"NRO_PARTE",1682186,"674A1LT#ABM-OH"
26343,"NRO_PARTE",1682187,"20TBS16H00"
26343,"NRO_PARTE",1682188,"20S15LT#ABM1"
26343,"NRO_PARTE",1682189,"26391-K503-V100#110"
26343,"NRO_PARTE",1682190,"21CUS09Y00"
26343,"NRO_PARTE",1682191,"20X8S0TH00"
26343,"NRO_PARTE",1682192,"20X8S0T300"
26343,"NRO_PARTE",1682193,"LPNKI58512_WPO"
26343,"NRO_PARTE",1682194,"LPNKI516512_WPO"
26343,"NRO_PARTE",1682195,"2PTL352-5812OP3-FHD-"
26343,"NRO_PARTE",1682196,"2PTL552-71612S2OP3-FHD-"
26343,"NRO_PARTE",1682197,"2PTL352-7161OP3-FHD-C-"
26343,"NRO_PARTE",1682198,"E141I5408811N"
26343,"NRO_PARTE",1682199,"53011YYQO-MOB-8"
26343,"NRO_PARTE",1682200,"2PTL352-7161SS3-FHD-C"
26343,"NRO_PARTE",1682201,"21CUS0A100"
26343,"NRO_PARTE",1682202,"20X8S0TK00"
26343,"NRO_PARTE",1682203,"20X8S0T800"
26343,"NRO_PARTE",1682204,"20X8S0TF00"
26343,"NRO_PARTE",1682205,"674A0LT#ABM-OP"
26343,"NRO_PARTE",1682206,"1PTL352-7825SS3-FHD"
26343,"NRO_PARTE",1682207,"26391-K503-V100#109"
26343,"NRO_PARTE",1682208,"21CUS0A200"
26343,"NRO_PARTE",1682209,"21CUS0A000"
26343,"NRO_PARTE",1682210,"21CUS09W00"
26343,"NRO_PARTE",1682211,"674A3LT#ABM-OP"
26343,"NRO_PARTE",1682212,"53011YVGO-MOP-8"
26343,"NRO_PARTE",1682213,"20T9S1DS00"
26343,"NRO_PARTE",1682214,"20X8S0T500"
26343,"NRO_PARTE",1682215,"20X8S0TQ00"
26343,"NRO_PARTE",1682216,"20X2SAHM00"
26343,"NRO_PARTE",1682217,"20X2SAHJ00"
26343,"NRO_PARTE",1682218,"53011YVGO-8"
26343,"NRO_PARTE",1682219,"20T9S1DT00"
26343,"NRO_PARTE",1682220,"53013DBJO-MOB"
26343,"NRO_PARTE",1682221,"20NES0U400"
26343,"NRO_PARTE",1682222,"20NES22900"
26343,"NRO_PARTE",1682223,"20NES22800"
26343,"NRO_PARTE",1682224,"20RBS2TM00"
26343,"NRO_PARTE",1682225,"20RS001NLMP"
26343,"NRO_PARTE",1682226,"20RS001PLM"
26343,"NRO_PARTE",1682227,"20RBS2QS00"
26343,"NRO_PARTE",1682228,"6MF23LT#ABM"
26343,"NRO_PARTE",1682229,"20NKS2TC00"
26343,"NRO_PARTE",1682230,"20QKS1CM00"
26343,"NRO_PARTE",1682231,"3G741LA#ABM-C"
26343,"NRO_PARTE",1682232,"20RBS2T200"
26343,"NRO_PARTE",1682233,"20RS001NLMH"
26343,"NRO_PARTE",1682234,"20NFS13000"
26343,"NRO_PARTE",1682235,"20U4S1EM00"
26343,"NRO_PARTE",3396785,"V15G4I7181100"
26343,"NRO_PARTE",3396787,"V15G4I7181100-OH"
26343,"NRO_PARTE",3396793,"V15G4I7181100H-OH"
26343,"NRO_PARTE",3396798,"V15G4I7108201H-OH"
26343,"NRO_PARTE",3396800,"V15G4I71161100"
26343,"NRO_PARTE",4099060,"T16G7U5116*"
26343,"NRO_PARTE",4099099,"T16G7H5116*"
26343,"NRO_PARTE",4228933,"E14G7R7161000-OHU"
26343,"NRO_PARTE",3137862,"T14G7U5168101-OH"
26343,"NRO_PARTE",1747943,"21E7S3W100"
26343,"NRO_PARTE",1747945,"21E7S3W300"
26343,"NRO_PARTE",1748019,"21CUS0PV00"
26343,"NRO_PARTE",3135093,"E14G619162100-OH"
26343,"NRO_PARTE",1765382,"3PTLV352-R5856SOP3-AME"
26343,"NRO_PARTE",1765478,"V14G3I3908001HA"
26343,"NRO_PARTE",1765526,"V14G3I5008101A"
26343,"NRO_PARTE",1765528,"V14G3I5008101HA"
26343,"NRO_PARTE",1765529,"V14G3I5008101PA"
26343,"NRO_PARTE",1765553,"V14G3I5016101HA"
26343,"NRO_PARTE",1765555,"V14G3I5016101PA"
26343,"NRO_PARTE",1763918,"21CSS1NC00"
26343,"NRO_PARTE",1763926,"21CSS1N300"
26343,"NRO_PARTE",1839006,"CP5IN_0000"
26343,"NRO_PARTE",1839082,"CP5IN_0002"
26343,"NRO_PARTE",3154136,"A09DKLS#ABM-OH4"
26343,"NRO_PARTE",3154307,"9P2Y7LA#ABM"
26343,"NRO_PARTE",3154374,"B4XA6LS#ABM-OH4"
26343,"NRO_PARTE",1764273,"3PTL352-3412OP1-HD"
26343,"NRO_PARTE",1764347,"3PTL352-3412SS3-FHD"
26343,"NRO_PARTE",1764371,"3PTL352-3856SS1-FHD"
26343,"NRO_PARTE",1764372,"3PTL352-3856OP1-FHD"
26343,"NRO_PARTE",1764374,"3PTL352-3856SS3-HD"
26343,"NRO_PARTE",1764311,"3PTL352-3412SS1-FHD"
26343,"NRO_PARTE",2797381,"V14G4R51081001"
26343,"NRO_PARTE",2797645,"E16G1I31108001-2"
26343,"NRO_PARTE",2797672,"E16G1I31108001-OH2"
26343,"NRO_PARTE",2797673,"V14G4R51081002-OP"
26343,"NRO_PARTE",1745852,"21EES1Q700"
26343,"NRO_PARTE",1745301,"20TES4A000-OH"
26343,"NRO_PARTE",1745302,"20TES4A000-OP"
26343,"NRO_PARTE",2776466,"HBNY15I7T114-C"
26343,"NRO_PARTE",1801211,"8C3Q6LS#ABM-OH"
26343,"NRO_PARTE",1801264,"8C3Q6LS#ABM-OP"
26343,"NRO_PARTE",2794847,"T16G6I7281012"
26343,"NRO_PARTE",4143112,"E16G3R7161000"
26343,"NRO_PARTE",3721412,"E16G6U71716101-OH"
26343,"NRO_PARTE",3721490,"E16G6U5188101-OH"
26343,"NRO_PARTE",3721496,"E16G6U51816101"
26343,"NRO_PARTE",3721500,"E16G6U51816101-OH"
26343,"NRO_PARTE",3721505,"E16G6U7198101"
26343,"NRO_PARTE",1682236,"20U4S1EP00"
26343,"NRO_PARTE",1682237,"20U4S1EQ00"
26343,"NRO_PARTE",1682238,"21Y11LA#ABM-OH"
26343,"NRO_PARTE",1682239,"21Y10LA#ABM-OH"
26343,"NRO_PARTE",1682240,"6GJ36LT#ABM"
26343,"NRO_PARTE",1682241,"21Y10LA#ABM"
26343,"NRO_PARTE",1682242,"17G32LT#ABM"
26343,"NRO_PARTE",1682243,"20RV00AJLMP"
26343,"NRO_PARTE",1682244,"2Y346LT#ABM"
26343,"NRO_PARTE",1682245,"153T0LT#ABM"
26343,"NRO_PARTE",1682246,"9CD70LT#ABM-OH"
26343,"NRO_PARTE",1682247,"20RV00AKLMP"
26343,"NRO_PARTE",1682248,"20RV00AJLM"
26343,"NRO_PARTE",1682249,"6NY94LT#ABM-"
26343,"NRO_PARTE",1682250,"6LM90LT#ABM-"
26343,"NRO_PARTE",1682251,"6KZ55LT#ABM-"
26343,"NRO_PARTE",1682252,"6KZ56LT-ABM-"
26343,"NRO_PARTE",1682253,"17G32LT#ABM-P"
26343,"NRO_PARTE",1682254,"81YA0000LM"
26343,"NRO_PARTE",1682255,"82C50033LM"
26343,"NRO_PARTE",1682256,"9CD75LT#ABM"
26343,"NRO_PARTE",1682257,"17G32LT#ABM-OE"
26343,"NRO_PARTE",1682258,"20RV00AJLMH"
26343,"NRO_PARTE",1682259,"17G32LT#ABM-POH"
26343,"NRO_PARTE",1682260,"8ZN65LT#ABM"
26343,"NRO_PARTE",1682261,"6NY94LT#ABM-OH"
26343,"NRO_PARTE",1682262,"6KZ56LT#ABM-OH"
26343,"NRO_PARTE",1682263,"18W98LS#ABM"
26343,"NRO_PARTE",1682264,"1U3T3LA#ABM"
26343,"NRO_PARTE",1682265,"20RS001QLMP"
26343,"NRO_PARTE",1682266,"8DS99LA#ABM"
26343,"NRO_PARTE",1682267,"82C500LRLM"
26343,"NRO_PARTE",1682268,"82C50034LM"
26343,"NRO_PARTE",1682269,"20RW008MLM"
26343,"NRO_PARTE",1682270,"20RW008MLMH"
26343,"NRO_PARTE",1682271,"1E7E6LS#ABM"
26343,"NRO_PARTE",1682272,"1E7E7LS#ABM"
26343,"NRO_PARTE",1682273,"0PTL351-5825SS3"
26343,"NRO_PARTE",1682274,"0PTL351-5825OH3"
26343,"NRO_PARTE",1682275,"0PTL351-5812OH3"
26343,"NRO_PARTE",1682276,"0PTL351-51612SS3"
26343,"NRO_PARTE",1682277,"0PTL341-51612SS3"
26343,"NRO_PARTE",1682278,"0PTL551-581SOH3"
26343,"NRO_PARTE",1682279,"0PTL741-5825SS3"
26343,"NRO_PARTE",1682280,"0PTL741-5812SS3"
26343,"NRO_PARTE",1682281,"0PTL741-51625SS3"
26343,"NRO_PARTE",1682282,"0PTL741-51625OH3"
26343,"NRO_PARTE",1682283,"0PTL741-51612SS3"
26343,"NRO_PARTE",1682284,"0PTL351-31625SS3"
26343,"NRO_PARTE",1682285,"0PTL741-7812OP3"
26343,"NRO_PARTE",1682286,"0PTL551-581SOP3"
26343,"NRO_PARTE",1682287,"0PTL351-3828SS3-H-LTE"
26343,"NRO_PARTE",1682288,"0PTL351-3828SS3-C-LTE"
26343,"NRO_PARTE",1682289,"0PTL351-3828SS3-C-H-LTE"
26343,"NRO_PARTE",1682290,"20RBS7UB00"
26343,"NRO_PARTE",1682291,"20X4S0GM00"
26343,"NRO_PARTE",1682292,"20RES50F00"
26343,"NRO_PARTE",1682293,"20X4S0GK00"
26343,"NRO_PARTE",1682294,"20U8S21S00"
26343,"NRO_PARTE",1682295,"20U8S21T00"
26343,"NRO_PARTE",1682296,"1PTL542-50825OP3-FHD-T"
26343,"NRO_PARTE",1682297,"1PTL352-7825OH3-FHD"
26343,"NRO_PARTE",1954376,"V15G4I3908001HH"
26343,"NRO_PARTE",2551498,"9Q6L3LA#ABM-OP"
26343,"NRO_PARTE",2032061,"21H8S1SP00"
26343,"NRO_PARTE",2032102,"21H8S1SP00-OH"
26343,"NRO_PARTE",2032129,"21H8S1SL00-OP"
26343,"NRO_PARTE",3744863,"E16G6U7178201H"
26343,"NRO_PARTE",1867153,"20WLSB5X00-OH"
26343,"NRO_PARTE",1867190,"20X2SBNJ00-OH"
26343,"NRO_PARTE",4121218,"MDP2509N3Q6F5"
26343,"NRO_PARTE",2031442,"21H8S1ST00-OP"
26343,"NRO_PARTE",2791477,"T14G6I7216101-OP2"
26343,"NRO_PARTE",2791488,"T14G6I72322012"
26343,"NRO_PARTE",2791494,"T14G6I7232201-OP2"
26343,"NRO_PARTE",1682298,"1PTL352-7825OP3-FHD"
26343,"NRO_PARTE",1682299,"1PTL352-7812SS3-FHD"
26343,"NRO_PARTE",1682300,"1PTL352-7812OH3-FHD"
26343,"NRO_PARTE",1682301,"1PTL352-7812OP3-FHD"
26343,"NRO_PARTE",1682302,"3D2Q2LT#ABM-OH"
26343,"NRO_PARTE",1682303,"3D2Y2LT#ABM"
26343,"NRO_PARTE",1682304,"NHH7GT86T0VA9B"
26343,"NRO_PARTE",1682305,"20TES41P00"
26343,"NRO_PARTE",1682306,"20TBS70900"
26343,"NRO_PARTE",1682307,"S26391-K503-V100#105"
26343,"NRO_PARTE",1682308,"FICHAS I7 E14 GEN2"
26343,"NRO_PARTE",1682309,"1PTL752-71612SS3-FHD"
26343,"NRO_PARTE",1682310,"1PTL752-71612OP3-FHD"
26343,"NRO_PARTE",1682311,"NBLDA3BVA47"
26343,"NRO_PARTE",1682312,"6N1A3LS#ABM-OP"
26343,"NRO_PARTE",1682313,"53013DBJO"
26343,"NRO_PARTE",1682314,"64Y11LT#ABM-W"
26343,"NRO_PARTE",1682315,"0PTL541-7812OH3"
26343,"NRO_PARTE",1682316,"0PTL351-381SS3"
26343,"NRO_PARTE",1682317,"0PTL351-381OH3"
26343,"NRO_PARTE",1682318,"0PTL351-3825SS3"
26343,"NRO_PARTE",1682319,"0PTL351-3825OH3"
26343,"NRO_PARTE",1682320,"0PTL551-7812SS3"
26343,"NRO_PARTE",1682321,"0PTL351-3825SS1-C-LTE"
26343,"NRO_PARTE",1682322,"0PTL351-3825OH3-H-LTE"
26343,"NRO_PARTE",1682323,"0PTL341-3400OP1-H"
26343,"NRO_PARTE",1682324,"32783295"
26343,"NRO_PARTE",1682325,"1Y6G2LA#ABM-OH"
26343,"NRO_PARTE",1682326,"20U2S2BR00"
26343,"NRO_PARTE",1682327,"32783013-OH"
26343,"NRO_PARTE",1682328,"0PTL541-781SOP3"
26343,"NRO_PARTE",1682329,"0PTL541-781SOH3"
26343,"NRO_PARTE",1682330,"0PTL541-7812SS3"
26343,"NRO_PARTE",1682331,"0PTL541-7812OP3"
26343,"NRO_PARTE",1682332,"0PTL551-5161SOH3"
26343,"NRO_PARTE",1682333,"0PTL551-5812OH3"
26343,"NRO_PARTE",1682334,"0PTL341-381OP3"
26343,"NRO_PARTE",1682335,"0PTL341-31625SS3"
26343,"NRO_PARTE",1682336,"0PTL341-31625OH3"
26343,"NRO_PARTE",1682337,"0PTL551-51625SS3"
26343,"NRO_PARTE",1682338,"0PTL341-51612OH3"
26343,"NRO_PARTE",1682339,"0PTL351-3825SS1-H-LTE"
26343,"NRO_PARTE",1682340,"0PTL351-3825OH1-H-LTE"
26343,"NRO_PARTE",1682341,"0PTL351-3825SS3-LTE"
26343,"NRO_PARTE",1682342,"0PTL351-71625SS3"
26343,"NRO_PARTE",1682343,"0PTL351-781SS3"
26343,"NRO_PARTE",1682344,"0PTL741-7812OH3"
26343,"NRO_PARTE",1682345,"0PTL741-7161SSS3"
26343,"NRO_PARTE",1682346,"0PTL341-3812OP3"
26343,"NRO_PARTE",1682347,"0PTL341-3812OH3"
26343,"NRO_PARTE",1682348,"0PTL341-31612OH3"
26343,"NRO_PARTE",1682349,"0PTL341-51625OH3"
26343,"NRO_PARTE",1682350,"0PTL351-581OP3"
26343,"NRO_PARTE",1682351,"0PTL741-7812SS3"
26343,"NRO_PARTE",1682352,"0PTL541-581SOH3"
26343,"NRO_PARTE",1682353,"0PTL541-5825SS3"
26343,"NRO_PARTE",1682354,"0PTL541-5825OP3"
26343,"NRO_PARTE",1682355,"0PTL541-5825OH3"
26343,"NRO_PARTE",1682356,"0PTL541-5161SSS3"
26343,"NRO_PARTE",1682357,"0PTL541-5161SOP3"
26343,"NRO_PARTE",1682358,"0PTL541-51625SS3"
26343,"NRO_PARTE",2551449,"9Q6L3LA#ABM-OH"
26343,"NRO_PARTE",4096600,"E16G3U5U162100H-OH"
26343,"NRO_PARTE",2032116,"21H8S1SP00-OP"
26343,"NRO_PARTE",2032170,"21H8S1SQ00"
26343,"NRO_PARTE",2032186,"21H8S1SQ00-OP"
26343,"NRO_PARTE",2032193,"21H2S4HV00-OH"
26343,"NRO_PARTE",2032194,"21H2S4HV00"
26343,"NRO_PARTE",2032207,"LPSVG12JN1001-D4-OP"
26343,"NRO_PARTE",3744902,"E16G6U7178201H-OH"
26343,"NRO_PARTE",1867218,"20X2SBSM00"
26343,"NRO_PARTE",3812854,"V15G5C73481100#"
26343,"NRO_PARTE",4121252,"MDP2509E4F5E4"
26343,"NRO_PARTE",2031560,"21H4S54A00-OP"
26343,"NRO_PARTE",2791482,"T14G6I7216201-OH2"
26343,"NRO_PARTE",1682359,"0PTL541-51625OH3"
26343,"NRO_PARTE",1682360,"0PTL541-51612OP3"
26343,"NRO_PARTE",1682361,"0PTL541-781SSS3"
26343,"NRO_PARTE",1682362,"0PTL551-581OH3"
26343,"NRO_PARTE",1682363,"0PTL741-5812OH3"
26343,"NRO_PARTE",1682364,"0PTL741-5812OP3"
26343,"NRO_PARTE",1682365,"0PTL741-5161SOP3"
26343,"NRO_PARTE",1682366,"0PTL741-51625OP3"
26343,"NRO_PARTE",1682367,"0PTL741-7161SOP3"
26343,"NRO_PARTE",1682368,"0PTL351-3828OH3-LTE"
26343,"NRO_PARTE",1682369,"0PTL541-581SS3"
26343,"NRO_PARTE",1682370,"0PTL541-7161OP3"
26343,"NRO_PARTE",1682371,"0PTL541-7161SSS3"
26343,"NRO_PARTE",1682372,"0PTL541-7161SOH3"
26343,"NRO_PARTE",1682373,"0PTL351-381OP3"
26343,"NRO_PARTE",1682374,"0PTL351-3812SS3"
26343,"NRO_PARTE",1682375,"0PTL351-3812OP3"
26343,"NRO_PARTE",1682376,"0PTL351-3812OH3"
26343,"NRO_PARTE",1682377,"0PTL341-51600SS3"
26343,"NRO_PARTE",1682378,"0PTL341-51600OP3"
26343,"NRO_PARTE",1682379,"0PTL741-7825SS3"
26343,"NRO_PARTE",1682380,"0PTL741-7161SOH3"
26343,"NRO_PARTE",1682381,"0PTL341-3161SS3"
26343,"NRO_PARTE",1682382,"0PTL341-3161OP3"
26343,"NRO_PARTE",1682383,"0PTL35-3828SS3-LTE"
26343,"NRO_PARTE",1682384,"0PTL541-781OH3"
26343,"NRO_PARTE",1682385,"53012KFJN - MOB"
26343,"NRO_PARTE",1682386,"20RBS7U500"
26343,"NRO_PARTE",1682387,"0PTL351-5825OH3-C-S-4-FHD"
26343,"NRO_PARTE",1682388,"0PTL351-5825OP3-FHD."
26343,"NRO_PARTE",1682389,"20RES6AG00"
26343,"NRO_PARTE",1682390,"20RES50K00"
26343,"NRO_PARTE",1682391,"20RES54S00"
26343,"NRO_PARTE",1682392,"20RES56H00"
26343,"NRO_PARTE",1682393,"20U8S21Q00"
26343,"NRO_PARTE",1682394,"20X6S11P00"
26343,"NRO_PARTE",1682395,"20X8S0L000"
26343,"NRO_PARTE",1682396,"THINKPAD E14 GEN2 (INTEL)"
26343,"NRO_PARTE",1682397,"20U2SAK700"
26343,"NRO_PARTE",1682398,"20T1S6WK00"
26343,"NRO_PARTE",1682399,"20T8S0AM00"
26343,"NRO_PARTE",1682400,"S26391-K503-V100#104"
26343,"NRO_PARTE",1682401,"1PTL352-51625SS3-FHD"
26343,"NRO_PARTE",1682402,"0PTL541-7825OP3"
26343,"NRO_PARTE",1682403,"0PTL351-3825OP3"
26343,"NRO_PARTE",1682404,"20U4S1EA00"
26343,"NRO_PARTE",1682405,"20U4S1EJ00"
26343,"NRO_PARTE",1682406,"20U4S1EL00"
26343,"NRO_PARTE",1682407,"81UV00A8LM-04"
26343,"NRO_PARTE",1682408,"81UV00A8LM-03"
26343,"NRO_PARTE",1682409,"0PTL741-51612OH3"
26343,"NRO_PARTE",1682410,"0PTL551-71612OH3"
26343,"NRO_PARTE",1682411,"20RR00BFLM"
26343,"NRO_PARTE",1682412,"0PTL351-3800OH3-C-H-LTE"
26343,"NRO_PARTE",1682413,"0PTL351-3825OH3-LTE"
26343,"NRO_PARTE",1682414,"0PTL341-3400OH1-H"
26343,"NRO_PARTE",1682415,"0PTL351-781OH3"
26343,"NRO_PARTE",1682416,"0PTL741-51612OP3"
26343,"NRO_PARTE",1682417,"0PTL741-781SOH3"
26343,"NRO_PARTE",1682418,"0PTL351-3828OH3-C-H-LTE"
26343,"NRO_PARTE",1682419,"0PTL351-3828OH3-C-LTE"
26343,"NRO_PARTE",4112099,"NG15R8512"
26343,"NRO_PARTE",2551407,"9Q6L3LA#ABM"
26343,"NRO_PARTE",2551533,"9Q6L3LA#ABM-OHM"
26343,"NRO_PARTE",4096604,"E16G3U7H322100"
26343,"NRO_PARTE",4096622,"E16G3U7H322100-OH"
26343,"NRO_PARTE",4096628,"E14G7U721162100"
26343,"NRO_PARTE",4096633,"E14G7U721162100-OH"
26343,"NRO_PARTE",4096642,"E14G7U721322100"
26343,"NRO_PARTE",4096661,"E16G3U721162100"
26343,"NRO_PARTE",2032234,"21H2S4HQ00-OP"
26343,"NRO_PARTE",2032235,"21H2S4HQ00"
26343,"NRO_PARTE",1955270,"V15G4I5008001H"
26343,"NRO_PARTE",2774730,"A89WLLS#ABM-OH"
26343,"NRO_PARTE",4121298,"MDP2509F5UYE4"
26343,"NRO_PARTE",4121338,"MDP2509XO4T9X"
26343,"NRO_PARTE",1682420,"0PTL351-3825SS1-LTE"
26343,"NRO_PARTE",1682421,"0PTL531T-5825SS3-H"
26343,"NRO_PARTE",1682422,"0PTL531T-5825OP3-H"
26343,"NRO_PARTE",1682423,"0PTL551-581SSS3"
26343,"NRO_PARTE",1682424,"0PTL551-581OP3"
26343,"NRO_PARTE",1682425,"0PTL741-581SSS3"
26343,"NRO_PARTE",1682426,"0PTL741-581SOH3"
26343,"NRO_PARTE",1682427,"0PTL741-5161SOH3"
26343,"NRO_PARTE",1682428,"0PTL551-781SSS3"
26343,"NRO_PARTE",1682429,"0PTL351-31612OH3"
26343,"NRO_PARTE",1682430,"0PTL551-7161SSS3"
26343,"NRO_PARTE",1682431,"0PTL551-7161SS3"
26343,"NRO_PARTE",1682432,"0PTL351-3828OH1-C-H-LTE"
26343,"NRO_PARTE",1682433,"0PTL351-3828OH1-H-LTE"
26343,"NRO_PARTE",1682434,"1Y6G1LA#ABM"
26343,"NRO_PARTE",1682435,"0PTL351-3828SS1-LTE"
26343,"NRO_PARTE",1682436,"0PTL551-7161OH3"
26343,"NRO_PARTE",1682437,"0PTL351-3800OH1-LTE"
26343,"NRO_PARTE",1682438,"0PTL351-3800OH1-C-LTE"
26343,"NRO_PARTE",1682439,"0PTL351-3800OH1-C-H-LTE"
26343,"NRO_PARTE",1682440,"0PTL351-3825OH3-C-H-LTE"
26343,"NRO_PARTE",1682441,"0PTL341-3400SS3-H"
26343,"NRO_PARTE",1682442,"0PTL341-3400OP3-H"
26343,"NRO_PARTE",1682443,"0PTL341-71625OP3"
26343,"NRO_PARTE",1682444,"0PTL341-7161OP3"
26343,"NRO_PARTE",1682445,"0PTL341-7161OH3"
26343,"NRO_PARTE",1682446,"0PTL531T-71612OP3-VP"
26343,"NRO_PARTE",1682447,"0PTL341-51625SS3"
26343,"NRO_PARTE",1682448,"0PTL541-581OP3"
26343,"NRO_PARTE",1682449,"0PTL541-5812SS3"
26343,"NRO_PARTE",1682450,"0PTL541-5812OP3"
26343,"NRO_PARTE",1682451,"0PTL541-5161SS3"
26343,"NRO_PARTE",1682452,"0PTL541-5161OP3"
26343,"NRO_PARTE",1682453,"0PTL541-5161SOH3"
26343,"NRO_PARTE",1682454,"0PTL541-51625OP3"
26343,"NRO_PARTE",1682455,"0PTL541-51612SS3"
26343,"NRO_PARTE",1682456,"0PTL541-51612OH3"
26343,"NRO_PARTE",1682457,"0PTL541-71625SS3"
26343,"NRO_PARTE",1682458,"0PTL551-5812SS3"
26343,"NRO_PARTE",1682459,"0PTL351-51612OP3"
26343,"NRO_PARTE",1682460,"0PTL741-5825OH3"
26343,"NRO_PARTE",1682461,"0PTL741-5161SSS3"
26343,"NRO_PARTE",1682462,"0PTL351-3161OP3"
26343,"NRO_PARTE",1682463,"0PTL351-3161OH3"
26343,"NRO_PARTE",1682464,"53012KFJN-MOP"
26343,"NRO_PARTE",1682465,"CREATIC SF20GM7"
26343,"NRO_PARTE",1682466,"20TBS11300"
26343,"NRO_PARTE",1682467,"20RBS7UF00"
26343,"NRO_PARTE",1682468,"20S1S21F00"
26343,"NRO_PARTE",1682469,"20RES56E00"
26343,"NRO_PARTE",1682470,"1PTL352-581SS3-FHD"
26343,"NRO_PARTE",1682471,"1F4N6LT#ABM-OH"
26343,"NRO_PARTE",1682472,"20TBS70G00"
26343,"NRO_PARTE",1682473,"21CSS1A100"
26343,"NRO_PARTE",1682474,"82FJ006RLML"
26343,"NRO_PARTE",1682475,"PSY43U-09P05M-M"
26343,"NRO_PARTE",1682476,"6N1A3LS#ABM-OH"
26343,"NRO_PARTE",1682477,"64Y11LT#ABM-OHW"
26343,"NRO_PARTE",1682478,"64Y11LT#ABM-OHW1"
26343,"NRO_PARTE",1682479,"0PTL741-781SOP3"
26343,"NRO_PARTE",1682480,"0PTL351-51625OP3"
26343,"NRO_PARTE",4148198,"90NX0741-M013U0"
26343,"NRO_PARTE",4148226,"90NX0741-M013U0-OH"
26343,"NRO_PARTE",2551513,"9Q6L3LA#ABM-M"
26343,"NRO_PARTE",2551609,"9Q6N3LA#ABM"
26343,"NRO_PARTE",4096679,"E16G3U721162100-OH"
26343,"NRO_PARTE",4096691,"E16G3U721322100"
26343,"NRO_PARTE",4096701,"E16G3U721322100-OH"
26343,"NRO_PARTE",2032180,"21H8S1SQ00-OH"
26343,"NRO_PARTE",2032196,"21H8S1SN00-OP"
26343,"NRO_PARTE",2032205,"21H2S4HQ00-OH"
26343,"NRO_PARTE",3744941,"E16G6U7178101H"
26343,"NRO_PARTE",3744974,"E16G6U7178101H-OH"
26343,"NRO_PARTE",4121160,"MDL2509L1R7D3"
26343,"NRO_PARTE",4121269,"MDP2509L1F5UZ"
26343,"NRO_PARTE",1682481,"0PTL341-51612OP3"
26343,"NRO_PARTE",1682482,"0PTL741-5825OP3"
26343,"NRO_PARTE",1682483,"0PTL551-7812OP3"
26343,"NRO_PARTE",1682484,"0PTL551-7812OH3"
26343,"NRO_PARTE",1682485,"0PTL551-7161SOP3"
26343,"NRO_PARTE",1682486,"0PTL351-3825OH1-C-H-LTE"
26343,"NRO_PARTE",1682487,"0PTL341-3812SS3"
26343,"NRO_PARTE",1682488,"0PTL341-3161OH3"
26343,"NRO_PARTE",1682489,"0PTL341-31612SS3"
26343,"NRO_PARTE",1682490,"0PTL341-31612OP3"
26343,"NRO_PARTE",1682491,"0PTL341-5161SS3"
26343,"NRO_PARTE",1682492,"0PTL341-5161OP3"
26343,"NRO_PARTE",1682493,"0PTL341-3825OP3"
26343,"NRO_PARTE",1682494,"0PTL541-581OH3"
26343,"NRO_PARTE",1682495,"0PTL541-581SSS3"
26343,"NRO_PARTE",1682496,"0PTL541-581SOP3"
26343,"NRO_PARTE",1682497,"0PTL541-7825OH3"
26343,"NRO_PARTE",1682498,"0PTL541-71612OH3"
26343,"NRO_PARTE",1682499,"0PTL551-5161SS3"
26343,"NRO_PARTE",1682500,"0PTL551-5161OH3"
26343,"NRO_PARTE",1682501,"0PTL531T-7161OP3-VP"
26343,"NRO_PARTE",1682502,"0PTL531T-71612OH3-VP"
26343,"NRO_PARTE",1682503,"0PTL541-5812OH3"
26343,"NRO_PARTE",1682504,"0PTL541-5161OH3"
26343,"NRO_PARTE",1682505,"0PTL541-781SS3"
26343,"NRO_PARTE",1682506,"0PTL541-781OP3"
26343,"NRO_PARTE",1682507,"LATITUDE 5410"
26343,"NRO_PARTE",1682508,"0PTL541-71625OP3"
26343,"NRO_PARTE",1682509,"0PTL541-71625OH3"
26343,"NRO_PARTE",1682510,"0PTL551-51625OH3"
26343,"NRO_PARTE",1682511,"0PTL531T-7161OH3-VP"
26343,"NRO_PARTE",1682512,"0PTL351-3828OH1-LTE"
26343,"NRO_PARTE",1682513,"0PTL541-7161OH3"
26343,"NRO_PARTE",1682514,"0PTL541-7161SOP3"
26343,"NRO_PARTE",1682515,"0PTL351-5812OP3"
26343,"NRO_PARTE",1682516,"0PTL741-581SOP3"
26343,"NRO_PARTE",1682517,"0PTL551-7825SS3"
26343,"NRO_PARTE",1682518,"0PTL351-3812SS3-C-LTE"
26343,"NRO_PARTE",1682519,"0PTL351-3812SS3-C-H-LTE"
26343,"NRO_PARTE",1682520,"0PTL351-3812SS1-C-LTE"
26343,"NRO_PARTE",1682521,"0PTL341-3800SS1-H"
26343,"NRO_PARTE",1682522,"0PTL341-3800OP1"
26343,"NRO_PARTE",1682523,"1Y6G2LA#ABM"
26343,"NRO_PARTE",1682524,"20U2S2BB00"
26343,"NRO_PARTE",1682525,"20U2S2BN00"
26343,"NRO_PARTE",1682526,"32783041-OH"
26343,"NRO_PARTE",1682527,"20U2S2CF00"
26343,"NRO_PARTE",1682528,"153B7LT#ABM"
26343,"NRO_PARTE",1682529,"1M9U3LT#ABM-S"
26343,"NRO_PARTE",1682530,"0PTL341-3800OP3-H"
26343,"NRO_PARTE",1682531,"0PTL341-3800OH1-H"
26343,"NRO_PARTE",1682532,"0PTL341-3800SS1"
26343,"NRO_PARTE",1682533,"20U2S2BQ00"
26343,"NRO_PARTE",1682534,"20U2S2BS00"
26343,"NRO_PARTE",1682535,"20U4S1E800"
26343,"NRO_PARTE",1682536,"0PTL551-781OP3"
26343,"NRO_PARTE",1682537,"0PTL551-71625OP3"
26343,"NRO_PARTE",1682538,"0PTL741-71625SS3"
26343,"NRO_PARTE",1682539,"0PTL741-71612SS3"
26343,"NRO_PARTE",1682540,"0PTL741-71612OP3"
26343,"NRO_PARTE",1682541,"0PTL351-31612SS3"
26343,"NRO_PARTE",2793156,"A1UP3LT#ABM"
26343,"NRO_PARTE",3755160,"T16G8C33281100H-OH"
26343,"NRO_PARTE",2551560,"9Q6L3LA#ABM-OPM"
26343,"NRO_PARTE",1802993,"B6602FC2-MH0582X"
26343,"NRO_PARTE",4096585,"E16G3U5U162100H"
26343,"NRO_PARTE",2032291,"21H2S4HT00-OH"
26343,"NRO_PARTE",2032309,"21H2S4HT00"
26343,"NRO_PARTE",2032311,"21H2S4HT00-OP"
26343,"NRO_PARTE",2032340,"21H2S4HU00-OH"
26343,"NRO_PARTE",2032343,"21H2S4HU00"
26343,"NRO_PARTE",3812926,"V15G5C73481100#-OH"
26343,"NRO_PARTE",4121317,"MDP2509Q6A0G6"
26343,"NRO_PARTE",2626466,"7GTP04V486"
26343,"NRO_PARTE",1682542,"0PTL351-31612OP3"
26343,"NRO_PARTE",1682543,"0PTL551-7161OP3"
26343,"NRO_PARTE",1682544,"0PTL351-3828OH1-C-LTE"
26343,"NRO_PARTE",1682545,"3J352LT#ABM-OH"
26343,"NRO_PARTE",1682546,"5T9J9LT#ABM"
26343,"NRO_PARTE",1682547,"20TBS70D00"
26343,"NRO_PARTE",1682548,"20TBS70K00"
26343,"NRO_PARTE",1682549,"0PTL351-3800SS3-C-LTE"
26343,"NRO_PARTE",1682550,"0PTL351-3800SS1-LTE"
26343,"NRO_PARTE",1682551,"0PTL351-3800SS1-H-LTE"
26343,"NRO_PARTE",1682552,"0PTL351-3800SS1-C-H-LTE"
26343,"NRO_PARTE",1682553,"0PTL351-3800OH3-H-LTE"
26343,"NRO_PARTE",1682554,"0PTL351-3800OH1-H-LTE"
26343,"NRO_PARTE",1682555,"0PTL351-7161OH3"
26343,"NRO_PARTE",1682556,"0PTL351-7812OP3"
26343,"NRO_PARTE",1682557,"0PTL351-7812OH3"
26343,"NRO_PARTE",1682558,"0PTL551-7825OP3"
26343,"NRO_PARTE",1682559,"0PTL551-781SOH3"
26343,"NRO_PARTE",1682560,"0PTL551-781SS3"
26343,"NRO_PARTE",1682561,"0PTL551-71625SS3"
26343,"NRO_PARTE",1682562,"0PTL551-71612SS3"
26343,"NRO_PARTE",1682563,"0PTL551-71612OP3"
26343,"NRO_PARTE",1682564,"0PTL351-3825OH1-C-LTE"
26343,"NRO_PARTE",1682565,"0PTL351-3800SS3-H-LTE"
26343,"NRO_PARTE",1682566,"0PTL351-3800SS3-C-H-LTE"
26343,"NRO_PARTE",1682567,"0PTL351-3800SS1-C-LTE"
26343,"NRO_PARTE",1682568,"0PTL351-3800OH3-LTE"
26343,"NRO_PARTE",1682569,"0PTL351-3800OH3-C-LTE"
26343,"NRO_PARTE",1682570,"0PTL531T-5825OH3-H"
26343,"NRO_PARTE",1682571,"0PTL531T-5825OP3"
26343,"NRO_PARTE",1682572,"20S1S0BW00"
26343,"NRO_PARTE",1682573,"20S1S0BV00"
26343,"NRO_PARTE",1682574,"81UV00A9LM-03"
26343,"NRO_PARTE",1682575,"1Y6F8LA#ABM"
26343,"NRO_PARTE",1682576,"20S1S0CC00"
26343,"NRO_PARTE",1682577,"0PTL551-7825OH3"
26343,"NRO_PARTE",1682578,"1Y6F9LA#ABM"
26343,"NRO_PARTE",1682579,"0PTL351-3825SS3-C-LTE"
26343,"NRO_PARTE",1682580,"0PTL351-3825SS3-C-H-LTE"
26343,"NRO_PARTE",1682581,"0PTL351-71612SS3"
26343,"NRO_PARTE",1682582,"0PTL351-71612OP3"
26343,"NRO_PARTE",1682583,"0PTL351-71612OH3"
26343,"NRO_PARTE",1682584,"0PTL351-71625OP3"
26343,"NRO_PARTE",1682585,"0PTL351-7161SS3"
26343,"NRO_PARTE",1682586,"0PTL351-7812SS3"
26343,"NRO_PARTE",1682587,"0PTL341-7812SS3"
26343,"NRO_PARTE",1682588,"0PTL341-7812OH3"
26343,"NRO_PARTE",1682589,"0PTL341-7800SS3"
26343,"NRO_PARTE",1682590,"0PTL351-3812SS1-LTE"
26343,"NRO_PARTE",1682591,"0PTL351-3812OH3-C-LTE"
26343,"NRO_PARTE",1682592,"20U2S28F00"
26343,"NRO_PARTE",1682593,"0PTL351-3812OH1-LTE"
26343,"NRO_PARTE",1682594,"20U2S28G00"
26343,"NRO_PARTE",1682595,"0PTL351-3828OH3-H-LTE"
26343,"NRO_PARTE",1682596,"0PTL351-3800SS3-LTE"
26343,"NRO_PARTE",1682597,"20S1S0BT00"
26343,"NRO_PARTE",1682598,"0PTL741-71625OH3"
26343,"NRO_PARTE",1682599,"0PTL741-71612OH3"
26343,"NRO_PARTE",1682600,"0PTL351-5825OP3"
26343,"NRO_PARTE",1682601,"0PTL351-31625OP3"
26343,"NRO_PARTE",2793186,"A1UP3LT#ABM-OH"
26343,"NRO_PARTE",2793189,"T16G6I3080012"
26343,"NRO_PARTE",3755201,"T16G8C533161100H"
26343,"NRO_PARTE",2551634,"9Q6N3LA#ABM-OH"
26343,"NRO_PARTE",2032409,"LPSVG12JN1002-D4-OP"
26343,"NRO_PARTE",3745016,"E16G6U71732201H"
26343,"NRO_PARTE",2774706,"A89WLLS#ABM"
26343,"NRO_PARTE",1682602,"0PTL351-31625OH3"
26343,"NRO_PARTE",1682603,"0PTL741-7825OH3"
26343,"NRO_PARTE",1682604,"0PTL341-31625OP3"
26343,"NRO_PARTE",1682605,"0PTL551-51625OP3"
26343,"NRO_PARTE",1682606,"0PTL551-5161OP3"
26343,"NRO_PARTE",1682607,"0PTL551-5812OP3"
26343,"NRO_PARTE",1682608,"0PTL551-5825SS3"
26343,"NRO_PARTE",1682609,"0PTL551-5825OH3"
26343,"NRO_PARTE",1682610,"0PTL351-5812SS3"
26343,"NRO_PARTE",1682611,"0PTL351-5161SS3"
26343,"NRO_PARTE",1682612,"0PTL351-5161OP3"
26343,"NRO_PARTE",1682613,"0PTL351-51625SS3"
26343,"NRO_PARTE",1682614,"0PTL351-51625OH3"
26343,"NRO_PARTE",1682615,"0PTL351-581OH3"
26343,"NRO_PARTE",1682616,"53012KFJN"
26343,"NRO_PARTE",1682617,"3C696LA#ABM-OP"
26343,"NRO_PARTE",1682618,"3J043LT#ABM-OH"
26343,"NRO_PARTE",1682619,"2B262LA#ABM-OH"
26343,"NRO_PARTE",1682620,"S26391-K481-V100-I78750-32-1024- W10P-OHB"
26343,"NRO_PARTE",1682621,"S26391-K481-V100-I78750-32-1024- W10P-OP"
26343,"NRO_PARTE",1682622,"PSY19U-0HG035"
26343,"NRO_PARTE",1682623,"64Y11LT#ABM-OPW"
26343,"NRO_PARTE",1682624,"20TBS3NL00-OP"
26343,"NRO_PARTE",1682625,"20YHS08P00"
26343,"NRO_PARTE",1682626,"20TBS3TK00"
26343,"NRO_PARTE",1682627,"20X4S4C600"
26343,"NRO_PARTE",1682628,"20TES3PA00"
26343,"NRO_PARTE",1682629,"20YHS09000"
26343,"NRO_PARTE",1682630,"402T2LS#ABM"
26343,"NRO_PARTE",1682631,"20X4S4BL00"
26343,"NRO_PARTE",1682632,"20YHS09100"
26343,"NRO_PARTE",1682633,"20X6S0KY00"
26343,"NRO_PARTE",1682634,"20X4S4BH00"
26343,"NRO_PARTE",1682635,"20X4S4BM00"
26343,"NRO_PARTE",1682636,"20YDS0AD00"
26343,"NRO_PARTE",1682637,"20YDS0AG00"
26343,"NRO_PARTE",1682638,"ID 32783041"
26343,"NRO_PARTE",1682639,"20U4S1DF00"
26343,"NRO_PARTE",1682640,"9VM13LT#ABM-OH"
26343,"NRO_PARTE",1682641,"1E3G0LA#ABM"
26343,"NRO_PARTE",1682642,"1Q3S8LS#ABM"
26343,"NRO_PARTE",1682643,"1S1R4LA#ABM"
26343,"NRO_PARTE",1682644,"1S1T5LA#ABM-A"
26343,"NRO_PARTE",1682645,"8LX31LS#ABM"
26343,"NRO_PARTE",1682646,"1Q3T6LS#ABM-OH"
26343,"NRO_PARTE",1682647,"174H1LT#ABM-OH"
26343,"NRO_PARTE",1682648,"1Q2T8LS#ABM"
26343,"NRO_PARTE",1682649,"1S1Q9LA#ABM"
26343,"NRO_PARTE",1682650,"1Q6K6LS#ABM"
26343,"NRO_PARTE",1682651,"32782598-OH"
26343,"NRO_PARTE",1682652,"32783005-OH"
26343,"NRO_PARTE",1682653,"ID 32783043"
26343,"NRO_PARTE",1682654,"20U2S2CG00"
26343,"NRO_PARTE",1682655,"20U2S2CJ00"
26343,"NRO_PARTE",1682656,"ID 32783033"
26343,"NRO_PARTE",1682657,"20U4S1DH00"
26343,"NRO_PARTE",1682658,"20S1S0CD00"
26343,"NRO_PARTE",1682659,"81UV00A8LM-14"
26343,"NRO_PARTE",1682660,"0PTL351-3812SS1-C-H-LTE"
26343,"NRO_PARTE",1682661,"20S1S0BX00"
26343,"NRO_PARTE",1682662,"20S1S0C200"
26343,"NRO_PARTE",1682663,"20NES1N500"
26343,"NRO_PARTE",2793219,"A1UP3LT#ABM-OP"
26343,"NRO_PARTE",3755255,"T16G8C533161100H-OH"
26343,"NRO_PARTE",2551791,"9Q6P5LA#ABM"
26343,"NRO_PARTE",2551904,"9Q6K4LA#ABM-OP"
26343,"NRO_PARTE",4096570,"E16G3U5U162100-OH"
26343,"NRO_PARTE",4096650,"E14G7U721322100-OH"
26343,"NRO_PARTE",2032189,"21H2S4HV00-OP"
26343,"NRO_PARTE",2032455,"21H2S4HR00"
26343,"NRO_PARTE",4126890,"7GMPLISV3002"
26343,"NRO_PARTE",3391755,"V15G5C381100H-OH"
26343,"NRO_PARTE",1834647,"801G5LT#ABM-OP"
26343,"NRO_PARTE",2774746,"A89WLLS#ABM-OP"
26343,"NRO_PARTE",1682664,"81UV00A8LM-10"
26343,"NRO_PARTE",1682665,"81UV00A8LM-11"
26343,"NRO_PARTE",1682666,"81UV00A8LM-12"
26343,"NRO_PARTE",1682667,"0PTL341-781OH3"
26343,"NRO_PARTE",1682668,"0PTL341-71612OH3"
26343,"NRO_PARTE",1682669,"0PTL341-71625SS3"
26343,"NRO_PARTE",1682670,"0PTL351-3812OH3-LTE"
26343,"NRO_PARTE",1682671,"20U2S28E00"
26343,"NRO_PARTE",1682672,"81UV00A9LM-06"
26343,"NRO_PARTE",1682673,"81NB00FMLM-09"
26343,"NRO_PARTE",1682674,"7MA52LA#ABM-OH"
26343,"NRO_PARTE",1682675,"81NB00FNLM-15"
26343,"NRO_PARTE",1682676,"20NES1M600"
26343,"NRO_PARTE",1682677,"81NB00FJLM-08"
26343,"NRO_PARTE",1682678,"1N0R7LT#ABM-S"
26343,"NRO_PARTE",1682679,"1S1R2LA#ABM"
26343,"NRO_PARTE",1682680,"20U2S28V00"
26343,"NRO_PARTE",1682681,"32782902_OH"
26343,"NRO_PARTE",1682682,"20U2S2CK00"
26343,"NRO_PARTE",1682683,"ID: 32783016"
26343,"NRO_PARTE",1682684,"20U4S1E700"
26343,"NRO_PARTE",1682685,"153B7LT#ABM-OH"
26343,"NRO_PARTE",1682686,"20S1S0BU00"
26343,"NRO_PARTE",1682687,"81UV00A8LM"
26343,"NRO_PARTE",1682688,"0PTL341-3400OH3-H"
26343,"NRO_PARTE",1682689,"0PTL341-3400SS1-H"
26343,"NRO_PARTE",1682690,"0PTL341-3400OH3"
26343,"NRO_PARTE",1682691,"0PTL341-3400SS1"
26343,"NRO_PARTE",1682692,"0PTL341-3400OH1"
26343,"NRO_PARTE",1682693,"1Y6F8LA#ABM-OH"
26343,"NRO_PARTE",1682694,"0PTL351-71625OH3"
26343,"NRO_PARTE",1682695,"0PTL351-7161OP3"
26343,"NRO_PARTE",1682696,"0PTL341-71612SS3"
26343,"NRO_PARTE",1682697,"81UV00A8LM-15"
26343,"NRO_PARTE",1682698,"0PTL351-3825OH1-LTE"
26343,"NRO_PARTE",1682699,"0PTL351-3825OH3-C-LTE"
26343,"NRO_PARTE",1682700,"1Y6G0LA#ABM"
26343,"NRO_PARTE",1682701,"0PTL351-3828SS1-H-LTE"
26343,"NRO_PARTE",1682702,"0PTL351-3828SS1-C-LTE"
26343,"NRO_PARTE",1682703,"0PTL351-3828SS1-C-H-LTE"
26343,"NRO_PARTE",1682704,"0PTL551-781SOP3"
26343,"NRO_PARTE",1682705,"0PTL551-781OH3"
26343,"NRO_PARTE",1682706,"0PTL551-71625OH3"
26343,"NRO_PARTE",1682707,"2B264LA#ABM-OH"
26343,"NRO_PARTE",1682708,"8ZN68LT#ABM-OH"
26343,"NRO_PARTE",1682709,"1B8V1LS#ABM-OH"
26343,"NRO_PARTE",1682710,"5T9J9LT#ABM-OH"
26343,"NRO_PARTE",1682711,"PSY19U-0HG035-OH"
26343,"NRO_PARTE",1682712,"PML20U-0VL011-N"
26343,"NRO_PARTE",1682713,"PML20U-0VL011-N-OP"
26343,"NRO_PARTE",1682714,"PML20U-0N8021-N"
26343,"NRO_PARTE",1682715,"PML20U-0N8021-N-OP"
26343,"NRO_PARTE",1682716,"PDA31U-0EJ02F"
26343,"NRO_PARTE",1682717,"1PTL342-7812SOP3-FHD-AC"
26343,"NRO_PARTE",1682718,"1PTL342-7812SOH3-FHD-"
26343,"NRO_PARTE",1682719,"1PTL342-7812SOP3-FHD-"
26343,"NRO_PARTE",1682720,"0PTL741-71625OP3"
26343,"NRO_PARTE",1682721,"0PTL551-7161SOH3"
26343,"NRO_PARTE",1682722,"0PTL351-3825SS3-H-LTE"
26343,"NRO_PARTE",1682723,"0PTL551-51612SS3"
26343,"NRO_PARTE",1682724,"0PTL351-3161SS3"
26343,"NRO_PARTE",3755297,"T16G8C533162100H"
26343,"NRO_PARTE",1802944,"90NX05U1-M021N0"
26343,"NRO_PARTE",2032305,"21H6S29W00"
26343,"NRO_PARTE",2032421,"21H2S4HS00"
26343,"NRO_PARTE",2032452,"21H2S4HR00-OP"
26343,"NRO_PARTE",2032636,"3PTL544-51612SSS3-D"
26343,"NRO_PARTE",3391770,"V15G5C382100H"
26343,"NRO_PARTE",1682725,"0PTL541-71612OP3"
26343,"NRO_PARTE",1682726,"0PTL551-5825OP3"
26343,"NRO_PARTE",1682727,"32783016-OH"
26343,"NRO_PARTE",1682728,"20U2S2CE00"
26343,"NRO_PARTE",1682729,"0PTL341-5800OP3"
26343,"NRO_PARTE",1682730,"0PTL341-5812OP3"
26343,"NRO_PARTE",1682731,"0PTL341-51625OP3"
26343,"NRO_PARTE",1682732,"0PTL541-7161SS3"
26343,"NRO_PARTE",1682733,"0PTL541-71612SS3"
26343,"NRO_PARTE",1682734,"0PTL531T-5825SS3"
26343,"NRO_PARTE",1682735,"0PTL531T-5825OH3"
26343,"NRO_PARTE",1682736,"0PTL341-7812OP3"
26343,"NRO_PARTE",1682737,"0PTL341-7800OH3"
26343,"NRO_PARTE",1682738,"0PTL341-7825SS3"
26343,"NRO_PARTE",1682739,"0PTL341-7825OP3"
26343,"NRO_PARTE",1682740,"0PTL341-7825OH3"
26343,"NRO_PARTE",1682741,"0PTL341-781OP3"
26343,"NRO_PARTE",1682742,"20U2S29100"
26343,"NRO_PARTE",1682743,"20U2S2BF00"
26343,"NRO_PARTE",1682744,"32783034-OH"
26343,"NRO_PARTE",1682745,"20U4S19G00"
26343,"NRO_PARTE",1682746,"20U4S19J00"
26343,"NRO_PARTE",1682747,"20U4S19K00"
26343,"NRO_PARTE",1682748,"1S1S3LA#ABM"
26343,"NRO_PARTE",1682749,"1S1Q0LA#ABM-OH"
26343,"NRO_PARTE",1682750,"7EY49LT#ABM"
26343,"NRO_PARTE",1682751,"9VS18LT#ABM-OH"
26343,"NRO_PARTE",1682752,"81NB00FJLM-06"
26343,"NRO_PARTE",1682753,"81NB00FJLM-07"
26343,"NRO_PARTE",1682754,"0PTL341-581SS3-C"
26343,"NRO_PARTE",1682755,"0PTL341-581SS3-C-H"
26343,"NRO_PARTE",1682756,"20NYSBY200"
26343,"NRO_PARTE",1682757,"1M9U5LT#ABM-OH"
26343,"NRO_PARTE",1682758,"20S1S0BS00"
26343,"NRO_PARTE",1682759,"81UV00A8LM-02"
26343,"NRO_PARTE",1682760,"81UV00A8LM-09"
26343,"NRO_PARTE",1682761,"81UV00A8LM-08"
26343,"NRO_PARTE",1682762,"20S1S0CB00"
26343,"NRO_PARTE",1682763,"ID 32783028"
26343,"NRO_PARTE",1682764,"0PTL341-3800SS3-H"
26343,"NRO_PARTE",1682765,"0PTL341-3800OH3-H"
26343,"NRO_PARTE",1682766,"32783290"
26343,"NRO_PARTE",1682767,"20U2S29000"
26343,"NRO_PARTE",1682768,"20T7S03600"
26343,"NRO_PARTE",1682769,"81UV00A8LM-07"
26343,"NRO_PARTE",1682770,"81UV00A8LM-05"
26343,"NRO_PARTE",1682771,"20NES1M500"
26343,"NRO_PARTE",1682772,"20NES1N600"
26343,"NRO_PARTE",1682773,"20T7S03500"
26343,"NRO_PARTE",1682774,"32783043"
26343,"NRO_PARTE",1682775,"20NES1M400"
26343,"NRO_PARTE",1682776,"NBADNV6649SLV-S"
26343,"NRO_PARTE",1682777,"1"
26343,"NRO_PARTE",1682778,"81UV00A8LM-06"
26343,"NRO_PARTE",1682779,"20S1S0C400"
26343,"NRO_PARTE",1682780,"20S1S0C300"
26343,"NRO_PARTE",1682781,"32783301"
26343,"NRO_PARTE",1682782,"81UV00A8LM-13"
26343,"NRO_PARTE",1682783,"0PTL341-7800OP3"
26343,"NRO_PARTE",1682784,"0PTL341-781SS3"
26343,"NRO_PARTE",1682785,"0PTL341-71625OH3"
26343,"NRO_PARTE",1682786,"0PTL341-7161SS3"
26343,"NRO_PARTE",2793283,"T16G6I308001-OH2"
26343,"NRO_PARTE",4054909,"PSY29U-4R8002"
26343,"NRO_PARTE",3864331,"BP0H9LA#ABM-OH4"
26343,"NRO_PARTE",3864379,"BP0J1LA#ABM"
26343,"NRO_PARTE",1731463,"PYS44U-01400U"
26343,"NRO_PARTE",1731510,"WT14I5E107B"
26343,"NRO_PARTE",3333274,"V15G5C5161100"
26343,"NRO_PARTE",2032792,"21H6S2A600-OP"
26343,"NRO_PARTE",3721982,"4PTL355-5812SSS3-AN-N"
26343,"NRO_PARTE",1925612,"891Z7LA#ABM-OH"
26343,"NRO_PARTE",1925769,"V14G3I5#008101HH"
26343,"NRO_PARTE",1925772,"V15G3#I3908001HH"
26343,"NRO_PARTE",1927046,"V14G4I5016001H#A"
26343,"NRO_PARTE",1902593,"PMM2CU-0MR005-OP"
26343,"NRO_PARTE",4107172,"BZ2G2LT#ABM-OH4"
26343,"NRO_PARTE",4107174,"BH8N0LT#ABM"
26343,"NRO_PARTE",4107200,"BN4B5LT#ABM"
26343,"NRO_PARTE",4107204,"BH8N0LT#ABM-OH4"
26343,"NRO_PARTE",1774611,"3PTL342-3412OP3-FHD"
26343,"NRO_PARTE",1774663,"3PTL342-3856OH1-FHD"
26343,"NRO_PARTE",1774669,"3PTL342-3856OP1-FHD"
26343,"NRO_PARTE",1774673,"3PTL342-3856SS3-HD"
26343,"NRO_PARTE",2628680,"5WMPP4V373"
26343,"NRO_PARTE",2628708,"891Z7LA#ABM-OPA."
26343,"NRO_PARTE",1901553,"90NX05U1-M02FR0-OP"
26343,"NRO_PARTE",1987275,"21JSS0QG00-OP"
26343,"NRO_PARTE",1998029,"21JUS0WC00-OP"
26343,"NRO_PARTE",1998040,"21JUS0WF00-OP"
26343,"NRO_PARTE",4054891,"T16G4U741162100B-OH"
26343,"NRO_PARTE",3864406,"BP0J2LA#ABM-OH4"
26343,"NRO_PARTE",3864430,"BP0J3LA#ABM-OH4"
26343,"NRO_PARTE",3864468,"BP0L7LA#ABM-OH4"
26343,"NRO_PARTE",3864470,"BP2C5LS#ABM"
26343,"NRO_PARTE",3864549,"BP2C6LS#ABM-OH4"
26343,"NRO_PARTE",2032730,"21H6S29X00"
26343,"NRO_PARTE",2033224,"6X2J8LT#ABM."
26343,"NRO_PARTE",2034113,"21JUS19100-OH"
26343,"NRO_PARTE",2626003,"7WMPH4V316"
26343,"NRO_PARTE",2626038,"7GTHP4V420"
26343,"NRO_PARTE",2626045,"5GTPL4V423"
26343,"NRO_PARTE",3722010,"4PTL355-5812SOH3-AN-N"
26343,"NRO_PARTE",3722063,"T16G8C53381100"
26343,"NRO_PARTE",1902706,"PMM2CU-0MR005"
26343,"NRO_PARTE",4107285,"BH8M9LT#ABM"
26343,"NRO_PARTE",4107299,"BN4C8LT#ABM"
26343,"NRO_PARTE",4107335,"BS6H6LT#ABM"
26343,"NRO_PARTE",4107339,"BH8M8LT#ABM-OH4"
26343,"NRO_PARTE",1774733,"3PTL342-3856OH3-HD"
26343,"NRO_PARTE",1774734,"3PTL342-3856OP3-HD"
26343,"NRO_PARTE",1774736,"3PTL342-3856SS3-FHD"
26343,"NRO_PARTE",2628562,"A4DZ7LS#ABM-AS"
26343,"NRO_PARTE",2628793,"58TPP4V386"
26343,"NRO_PARTE",2629469,"4PTL355-5812SSS3"
26343,"NRO_PARTE",4230397,"PNL11U-1KR024-OH"
26343,"NRO_PARTE",4230410,"PNL11U-1KR024"
26343,"NRO_PARTE",2780535,"SX7H115-FDOS"
26343,"NRO_PARTE",2780537,"SIST. OPER: FREEDOS 2.0 ESPAÑOL"
26343,"NRO_PARTE",2780538,"PARTE: SX7H115-FDOS"
26343,"NRO_PARTE",1731375,"20XLS3M800-OH"
26343,"NRO_PARTE",1731487,"PYS44U-01500U"
26343,"NRO_PARTE",1731532,"WT14I5E107P"
26343,"NRO_PARTE",2626031,"5W2PH4V319"
26343,"NRO_PARTE",2626037,"782PH4V323"
26343,"NRO_PARTE",2626040,"7G2PH4V324"
26343,"NRO_PARTE",2626326,"7GMHL4V462"
26343,"NRO_PARTE",2626346,"58MHL4V464"
26343,"NRO_PARTE",2626350,"5GMHL4V465"
26343,"NRO_PARTE",2626357,"7WMHL4V466"
26343,"NRO_PARTE",2626406,"5G2HL4V471"
26343,"NRO_PARTE",1927047,"V14G4I5016001P#A"
26343,"NRO_PARTE",4107322,"BN4C8LT#ABM-OH4"
26343,"NRO_PARTE",4107354,"BS6H6LT#ABM-OH4"
26343,"NRO_PARTE",1774523,"3PTL342-3412OH3-HD"
26343,"NRO_PARTE",2628124,"A4DZ7LS#ABM-OHS"
26343,"NRO_PARTE",2628573,"A4DZ7LS#ABM-OPAS"
26343,"NRO_PARTE",2629607,"4PTL355-5161SOH3"
26343,"NRO_PARTE",4230420,"PNM11U-1KX02L-OH"
26343,"NRO_PARTE",3864680,"BP2C7LS#ABM-OH4"
26343,"NRO_PARTE",1731452,"WT14I5T107"
26343,"NRO_PARTE",2626002,"5GTHP4V417"
26343,"NRO_PARTE",2626062,"5GTHH4V333"
26343,"NRO_PARTE",2626367,"7GMHL4V468"
26343,"NRO_PARTE",2626383,"7WMHH4V346"
26343,"NRO_PARTE",2626454,"78THH4V359"
26343,"NRO_PARTE",2627013,"5W2U04V559"
26343,"NRO_PARTE",2627243,"5WTHP4V391"
26343,"NRO_PARTE",2627314,"58MHP4V398"
26343,"NRO_PARTE",4107278,"BN4B5LT#ABM-OH4"
26343,"NRO_PARTE",4107306,"BH8M9LT#ABM-OH4"
26343,"NRO_PARTE",4107326,"BH8M8LT#ABM"
26343,"NRO_PARTE",4107359,"BZ2F6AT#ABM"
26343,"NRO_PARTE",1774610,"3PTL342-3412OH3-FHD"
26343,"NRO_PARTE",1774647,"3PTL342-3856OP1-HD"
26343,"NRO_PARTE",1779772,"V15G3I5008001#PA"
26343,"NRO_PARTE",1779782,"V15G3I5008101#PA"
26343,"NRO_PARTE",1779783,"V15G3I500810#1A"
26343,"NRO_PARTE",1779784,"V15G3I500810#1HA"
26343,"NRO_PARTE",1779786,"V15G3I500810#1PA"
26343,"NRO_PARTE",1779670,"V15G3I3908011A"
26343,"NRO_PARTE",2628594,"A4EJ5LS#ABM-OPS"
26343,"NRO_PARTE",2628727,"7WMPP4V376"
26343,"NRO_PARTE",2629504,"4PTL355-5812SOP3"
26343,"NRO_PARTE",4230577,"E16G3R716512-OH"
26343,"NRO_PARTE",3864721,"BP1U4LS#ABM"
26343,"NRO_PARTE",3864730,"BP1U4LS#ABM-OH4"
26343,"NRO_PARTE",3838511,"B5LR2LS#ABM-ACG4M"
26343,"NRO_PARTE",1731572,"WT14I5T107P"
26343,"NRO_PARTE",3333569,"N7GTHMB004"
26343,"NRO_PARTE",3333577,"N58MPMB005"
26343,"NRO_PARTE",3333634,"N5WTPMB009"
26343,"NRO_PARTE",2626030,"7GMPH4V318"
26343,"NRO_PARTE",2626401,"7GMHH4V348"
26343,"NRO_PARTE",2626422,"5G2HH4V351"
26343,"NRO_PARTE",2626448,"78THL4V479"
26343,"NRO_PARTE",2626467,"5WMP04V487"
26343,"NRO_PARTE",2627000,"78MU04V557"
26343,"NRO_PARTE",4107378,"BS6G7LT#ABM"
26343,"NRO_PARTE",1779673,"V15G3I3908011#A"
26343,"NRO_PARTE",1779761,"3PTLV342-R5856SOP1-AME"
26343,"NRO_PARTE",1779764,"3PTLV342-R5856SOH3-AME"
26343,"NRO_PARTE",1779770,"V15G3I5008001#A"
26343,"NRO_PARTE",1779779,"V15G3I5008101"
26343,"NRO_PARTE",1779842,"V15G3I50081#01HA5"
26343,"NRO_PARTE",1779932,"V14G4R3916001#HA"
26343,"NRO_PARTE",1779840,"V15G3I50081#01PA"
26343,"NRO_PARTE",2628825,"7WTPP4V388"
26343,"NRO_PARTE",2628869,"5WMHP4V403"
26343,"NRO_PARTE",2628931,"7GMHP4V408"
26343,"NRO_PARTE",2629569,"A51PXLA#ABM-OPA"
26343,"NRO_PARTE",4230483,"PNL11U-2DV024-OH"
26343,"NRO_PARTE",4230501,"PNL11U-2DV024"
26343,"NRO_PARTE",4230598,"E16G3R716512-OHU"
26343,"NRO_PARTE",4230621,"E16G3R7161000-OH"
26343,"NRO_PARTE",3333546,"N7WTHMB002"
26343,"NRO_PARTE",3333589,"N5GMPMB006"
26343,"NRO_PARTE",3333619,"N7GMPMB008"
26343,"NRO_PARTE",3152092,"T14G7U51616201"
26343,"NRO_PARTE",2628670,"891Z7LA#ABM-A."
26343,"NRO_PARTE",2628715,"5GMPP4V375"
26343,"NRO_PARTE",2628782,"5WTPP4V385"
26343,"NRO_PARTE",2628839,"78TPP4V389"
26343,"NRO_PARTE",1975470,"3PTL544-7161SSS3"
26343,"NRO_PARTE",4230647,"E16G3R7161000-OHU"
26343,"NRO_PARTE",1731715,"21CSS1NY00"
26343,"NRO_PARTE",1731717,"21ECS16H00"
26343,"NRO_PARTE",1731719,"21CSS1NQ00"
26343,"NRO_PARTE",1731763,"21E7S1ER00"
26343,"NRO_PARTE",1731766,"21E7S34N00"
26343,"NRO_PARTE",1731802,"21E7S34P00"
26343,"NRO_PARTE",1731762,"21E7S17H00"
26343,"NRO_PARTE",1731780,"21ECS16G00"
26343,"NRO_PARTE",3333650,"N58TPMB010"
26343,"NRO_PARTE",3333674,"N7WTPMB012"
26343,"NRO_PARTE",3333689,"N78TPMB013"
26343,"NRO_PARTE",3333704,"N7GTPMB014"
26343,"NRO_PARTE",3333713,"N58MHMB015"
26343,"NRO_PARTE",3152100,"T14G7U51616201-OH"
26343,"NRO_PARTE",3722223,"T16G8C53381100-OH"
26343,"NRO_PARTE",1779657,"V15G3I390800#1HA"
26343,"NRO_PARTE",1779669,"V15G3I3908011"
26343,"NRO_PARTE",1779837,"V15G3I50081#01A"
26343,"NRO_PARTE",1779853,"V14G4R50908101AC"
26343,"NRO_PARTE",2628812,"5GTPP4V387"
26343,"NRO_PARTE",2628939,"5WTHP4V415"
26343,"NRO_PARTE",2138894,"21G1S05C00-OP"
26343,"NRO_PARTE",2138899,"21G1S05400"
26343,"NRO_PARTE",2138922,"21G1S05400-OP"
26343,"NRO_PARTE",2138924,"21G1S05800-OH"
26343,"NRO_PARTE",2138925,"21G1S05800-OP"
26343,"NRO_PARTE",2138926,"21G1S05A00"
26343,"NRO_PARTE",2138927,"21G1S05A00-OH"
26343,"NRO_PARTE",1975374,"6M0J3LS#ABM"
26343,"NRO_PARTE",2516081,"PSY19U-0EK03Q-ND-OP"
26343,"NRO_PARTE",4230430,"PNM11U-1KX02L"
26343,"NRO_PARTE",3333559,"N78THMB003"
26343,"NRO_PARTE",3333663,"N5GTPMB011"
26343,"NRO_PARTE",3333740,"N7GMHMB018"
26343,"NRO_PARTE",1766655,"3PTL543-51656SSS3-FHD"
26343,"NRO_PARTE",3722308,"T16G8C53382100-OH"
26343,"NRO_PARTE",3722347,"T16G8C533161100"
26343,"NRO_PARTE",1779879,"V14G4R50908101PAC"
26343,"NRO_PARTE",1779914,"V14G4R3916001#A"
26343,"NRO_PARTE",1779493,"V14G3I7816211#HH"
26343,"NRO_PARTE",2033327,"7G951LS#ABM"
26343,"NRO_PARTE",3154393,"A1UP8LT#ABM"
26343,"NRO_PARTE",3154411,"A8WP5LS#ABM"
26343,"NRO_PARTE",2527584,"NL5L58MI3VA901"
26343,"NRO_PARTE",2488289,"9Q8U5LS#ABM-OH"
26343,"NRO_PARTE",2488302,"9C711LT#ABM"
26343,"NRO_PARTE",2488303,"9C711LT#ABM-OH"
26343,"NRO_PARTE",2488304,"9C711LT#ABM-OP"
26343,"NRO_PARTE",2629073,"PMM20U-24M07L-DR-OP-"
26343,"NRO_PARTE",1758198,"3PTLV352-R5161SOH3-A-AME"
26343,"NRO_PARTE",2799595,"E14G5R50708201H3"
26343,"NRO_PARTE",2799626,"E14G5R507082014"
26343,"NRO_PARTE",2799653,"E14G5R50708201H4"
26343,"NRO_PARTE",1748347,"21AJS1M70X"
26343,"NRO_PARTE",2507973,"90NX06S1-M00JL0"
26343,"NRO_PARTE",1682787,"2Z748LT#ABM-OH"
26343,"NRO_PARTE",1682788,"1Q3T7LS#ABM"
26343,"NRO_PARTE",1682789,"20XLS1F700"
26343,"NRO_PARTE",1682790,"17G29LS#ABM-OH"
26343,"NRO_PARTE",1682791,"5T9J6LT#ABM-OP"
26343,"NRO_PARTE",1682792,"PSY43U-09P05M-OP"
26343,"NRO_PARTE",1682793,"PSY19U-0FG035-OP"
26343,"NRO_PARTE",1682794,"21CSS07200"
26343,"NRO_PARTE",1682795,"21ECS01P00"
26343,"NRO_PARTE",1682796,"20TBS3JC00"
26343,"NRO_PARTE",1682797,"1Q6K6LS#ABM-A"
26343,"NRO_PARTE",1682798,"1S1Q2LA#ABM-OH"
26343,"NRO_PARTE",1682799,"1S1Q8LA#ABM"
26343,"NRO_PARTE",1682800,"0PTL341-71612OP3"
26343,"NRO_PARTE",1682801,"0PTL351-3812OH1-C-LTE"
26343,"NRO_PARTE",1682802,"20U2S28X00"
26343,"NRO_PARTE",1682803,"20U2S2CH00"
26343,"NRO_PARTE",1682804,"ID: 32783005"
26343,"NRO_PARTE",1682805,"ID 32783034"
26343,"NRO_PARTE",1682806,"20U4S1DK00"
26343,"NRO_PARTE",1682807,"20U4S1E600"
26343,"NRO_PARTE",1682808,"1N0R7LT#ABM-OH"
26343,"NRO_PARTE",1682809,"1S1P6LA#ABM"
26343,"NRO_PARTE",1682810,"1S1Q7LA#ABM"
26343,"NRO_PARTE",1682811,"1S1S1LA#ABM"
26343,"NRO_PARTE",1682812,"1S1Q1LA#ABM"
26343,"NRO_PARTE",1682813,"0PTL341-3825OH3-C"
26343,"NRO_PARTE",1682814,"IDEAPAD S340-14API"
26343,"NRO_PARTE",1682815,"0PTL341-3825OH3-C-H"
26343,"NRO_PARTE",1682816,"0PTL341-5812OH3-H"
26343,"NRO_PARTE",1682817,"1T2P5LA#ABM"
26343,"NRO_PARTE",1682818,"1T2P5LA#ABM-A"
26343,"NRO_PARTE",1682819,"81NB00FNLM-01"
26343,"NRO_PARTE",1682820,"1T2P6LA#ABM"
26343,"NRO_PARTE",1682821,"81NB00FNLM-04"
26343,"NRO_PARTE",1682822,"1S1S2LA#ABM-U"
26343,"NRO_PARTE",1682823,"1S1Q2LA#ABM"
26343,"NRO_PARTE",1682824,"0PTL341-581OH3-C"
26343,"NRO_PARTE",1682825,"0PTL341-581OH3-C-H"
26343,"NRO_PARTE",1682826,"1S1S2LA#ABM-UOHAC"
26343,"NRO_PARTE",1682827,"1U338LS#ABM"
26343,"NRO_PARTE",1682828,"0PTL351-7825SS3"
26343,"NRO_PARTE",1682829,"0PTL351-7825OP3"
26343,"NRO_PARTE",1682830,"0PTL351-7825OH3"
26343,"NRO_PARTE",1682831,"0PTL351-781OP3"
26343,"NRO_PARTE",1682832,"81UV00A9LM-08"
26343,"NRO_PARTE",1682833,"0PTL531-71612SS3-VP-2"
26343,"NRO_PARTE",1682834,"0PTL531T-7161SS3-VP"
26343,"NRO_PARTE",1682835,"81NB00FJLM-15"
26343,"NRO_PARTE",1682836,"81NB00FMLM-01"
26343,"NRO_PARTE",1682837,"0PTL341-3400OP1"
26343,"NRO_PARTE",1682838,"0PTL351-3812OH3-C-H-LTE"
26343,"NRO_PARTE",1682839,"ID: 32783013"
26343,"NRO_PARTE",1682840,"ID: 32783022"
26343,"NRO_PARTE",1682841,"ID 32783024"
26343,"NRO_PARTE",1682842,"1M9U3LT#ABM-OH"
26343,"NRO_PARTE",1682843,"81UV00A8LM-01"
26343,"NRO_PARTE",1682844,"1S1T9LA#ABM"
26343,"NRO_PARTE",1682845,"1Q3S6LS#ABM"
26343,"NRO_PARTE",1682846,"0PTL351-3812SS3-LTE"
26343,"NRO_PARTE",1682847,"0PTL351-3812SS3-H-LTE"
26343,"NRO_PARTE",1805265,"90NX05U1-M021N0-OP"
26343,"NRO_PARTE",1805676,"E15G4I7808201H"
26343,"NRO_PARTE",1805677,"E15G4I7808201HH"
26343,"NRO_PARTE",1805678,"E15G4I7808201PH"
26343,"NRO_PARTE",2033341,"7G951LS#ABM-OH"
26343,"NRO_PARTE",2034147,"21JSS11X00"
26343,"NRO_PARTE",2034166,"V15G4I5008101PS"
26343,"NRO_PARTE",3154421,"B03DWLT#ABM"
26343,"NRO_PARTE",3154423,"B03DWLT#ABM-OH4"
26343,"NRO_PARTE",3154427,"B28GKAT#ABM-OH4"
26343,"NRO_PARTE",3154470,"B4WZ6LS#ABM-OP"
26343,"NRO_PARTE",3154477,"B13CPLP#ABM"
26343,"NRO_PARTE",1987241,"21JSS0QH00-OP"
26343,"NRO_PARTE",1782510,"WE15I7T165"
26343,"NRO_PARTE",2527576,"NL5L58MI3VAZ00"
26343,"NRO_PARTE",4006222,"C3VT3LA#ABM-OH4M"
26343,"NRO_PARTE",4006226,"BM5M6LA#ABM-OH4M"
26343,"NRO_PARTE",2488279,"9Q8U4LS#ABM-OH"
26343,"NRO_PARTE",2488284,"9Q8U5LS#ABM"
26343,"NRO_PARTE",2629016,"PSY29U-09K00NL1-E"
26343,"NRO_PARTE",2629026,"PSY29U-09K00NL1-E-OH"
26343,"NRO_PARTE",2629035,"PSY29U-09K00NL1-E-OP"
26343,"NRO_PARTE",1745849,"21EES1Q400"
26343,"NRO_PARTE",2799716,"E14G6R5108102"
26343,"NRO_PARTE",3729521,"T14G5U721162100DC-OH"
26343,"NRO_PARTE",3729534,"T14G5U721162100D"
26343,"NRO_PARTE",3729733,"L16G1U721162100DC"
26343,"NRO_PARTE",3729749,"L16G1U721162100DC-OH"
26343,"NRO_PARTE",3824266,"4PTL555-7U321SS3W11-V"
26343,"NRO_PARTE",3824318,"4PTL555-7U321SS3W10-V-TM"
26343,"NRO_PARTE",2507950,"90NX05W1-M00VX0"
26343,"NRO_PARTE",2507991,"90NX07B1-M00640"
26343,"NRO_PARTE",2508003,"90NX06X1-M010X0"
26343,"NRO_PARTE",1682848,"0PTL351-3812SS1-H-LTE"
26343,"NRO_PARTE",1682849,"0PTL351-3812OH3-H-LTE"
26343,"NRO_PARTE",1682850,"0PTL341-3400SS3"
26343,"NRO_PARTE",1682851,"0PTL341-3400OP3"
26343,"NRO_PARTE",1682852,"2WW77LA#ABM"
26343,"NRO_PARTE",1682853,"3MV35LA#ABM"
26343,"NRO_PARTE",1682854,"3MV38LA#ABM"
26343,"NRO_PARTE",1682855,"4LA35LT#ABM"
26343,"NRO_PARTE",1682856,"4XM73LT#ABM"
26343,"NRO_PARTE",1682857,"4XM91LT#ABM"
26343,"NRO_PARTE",1682858,"4XN08LT#ABM"
26343,"NRO_PARTE",1682859,"4XN27LT#ABM"
26343,"NRO_PARTE",1682860,"3MV36LA#ABM"
26343,"NRO_PARTE",1682861,"4LA11LA#ABM"
26343,"NRO_PARTE",1682862,"4LA06LA#ABM"
26343,"NRO_PARTE",1682863,"4XM55LA#ABM"
26343,"NRO_PARTE",1682864,"3KR20LA#ABM"
26343,"NRO_PARTE",1682865,"1PTL352-581OH3-FHD"
26343,"NRO_PARTE",1682866,"1PTL352-581OP3-FHD"
26343,"NRO_PARTE",1682867,"1PTL352-5825SS3-FHD"
26343,"NRO_PARTE",1682868,"1PTL352-5825OH3-FHD"
26343,"NRO_PARTE",1682869,"1PTL352-5825OP3-FHD"
26343,"NRO_PARTE",1682870,"1PTL352-5812SS3-FHD"
26343,"NRO_PARTE",1682871,"1PTL352-5812OH3-FHD"
26343,"NRO_PARTE",1682872,"1PTL352-5812OP3-FHD"
26343,"NRO_PARTE",1682873,"1PTL352-781SS3-FHD"
26343,"NRO_PARTE",1682874,"1PTL352-781OH3-FHD"
26343,"NRO_PARTE",1682875,"1PTL352-781OP3-FHD"
26343,"NRO_PARTE",1682876,"21CSS06W00"
26343,"NRO_PARTE",1682877,"21ECS01J00"
26343,"NRO_PARTE",1682878,"OTLP156200308WS160500PE"
26343,"NRO_PARTE",1682879,"OTLP156200308WS161000PE"
26343,"NRO_PARTE",1682880,"OTLP1565001000N040500PE"
26343,"NRO_PARTE",1682881,"OTLP1565001000N041000PE"
26343,"NRO_PARTE",1682882,"OTLP1565001000N080500PE"
26343,"NRO_PARTE",1682883,"OTLP1565001000N081000PE"
26343,"NRO_PARTE",1682884,"OTLP1565001000N160500PE"
26343,"NRO_PARTE",1682885,"OTLP1565001000N161000PE"
26343,"NRO_PARTE",1682886,"OTLP156500108WN040500PE"
26343,"NRO_PARTE",1682887,"OTLP156500108WN041000PE"
26343,"NRO_PARTE",1682888,"OTLP156500108WN080500PE"
26343,"NRO_PARTE",1682889,"OTLP156500108WN081000PE"
26343,"NRO_PARTE",1682890,"OTLP156500108WN160500PE"
26343,"NRO_PARTE",1682891,"OTLP156500108WN161000PE"
26343,"NRO_PARTE",1682892,"OTLP156500108WS040500PE"
26343,"NRO_PARTE",1682893,"PSKQ8P-00MLM1"
26343,"NRO_PARTE",1682894,"PSKQEP-00PLM1"
26343,"NRO_PARTE",1682895,"PSKWNU-063NB3"
26343,"NRO_PARTE",1682896,"PSM4SP-006LM3"
26343,"NRO_PARTE",1682897,"PSPLTP-0GMLM3"
26343,"NRO_PARTE",1682898,"PSPMHP-021LM1"
26343,"NRO_PARTE",1682899,"PSPMHP-0DJLM2"
26343,"NRO_PARTE",1682900,"PSPMHP-0DKLM2"
26343,"NRO_PARTE",1682901,"PSPNUP-01DLM1"
26343,"NRO_PARTE",1682902,"PSPNUU-02QNC1"
26343,"NRO_PARTE",1682903,"PSPNVU-03XNC1"
26343,"NRO_PARTE",1682904,"PSPQ2P-00WLM1"
26343,"NRO_PARTE",1682905,"PSPQ6P-02ELM2"
26343,"NRO_PARTE",1682906,"PSPTSU-00UNC1"
26343,"NRO_PARTE",1682907,"PSPTUU-007NC1"
26343,"NRO_PARTE",1805613,"E15G4I7808101HH"
26343,"NRO_PARTE",4072812,"MDL2507YO4J9B"
26343,"NRO_PARTE",1987307,"21JSS0QK00"
26343,"NRO_PARTE",4116261,"MDL2509R7VT9U"
26343,"NRO_PARTE",4116281,"MDL2509ZP5XF5"
26343,"NRO_PARTE",4116297,"MDL2509UB1C2Q"
26343,"NRO_PARTE",4006074,"C2CQ3LS#ABM-MA"
26343,"NRO_PARTE",2629105,"PMM20U-24M07L-DN-OP"
26343,"NRO_PARTE",2629106,"PMM20U-24M07L-DN-OP-"
26343,"NRO_PARTE",2629129,"PML20U-1FJ07C-ND-OP-"
26343,"NRO_PARTE",2629134,"PML20U-1FJ07C-DR-OP-"
26343,"NRO_PARTE",4221808,"CR5R6LS#ABM-OH4"
26343,"NRO_PARTE",1757986,"3PTLV352-R5161SSS3-A-AME"
26343,"NRO_PARTE",1745408,"20W5S5KD00"
26343,"NRO_PARTE",3729696,"L16G1U721162100"
26343,"NRO_PARTE",1682908,"PSPTUU-009NC1"
26343,"NRO_PARTE",1682909,"PT142P-009LM2"
26343,"NRO_PARTE",1682910,"PT241P-016LM3"
26343,"NRO_PARTE",1682911,"PT251U-00QNB1"
26343,"NRO_PARTE",1682912,"PT251U-03SNB1"
26343,"NRO_PARTE",1682913,"PT341P-02YLM3"
26343,"NRO_PARTE",1682914,"PT341P-031LM3"
26343,"NRO_PARTE",1682915,"PT44GP-02FLM1"
26343,"NRO_PARTE",1682916,"PT45GU-04LNB2"
26343,"NRO_PARTE",1682917,"PT45GU-04MNB2"
26343,"NRO_PARTE",1682918,"PT545P-01CLM1"
26343,"NRO_PARTE",1682919,"PT724-504SSS3"
26343,"NRO_PARTE",1682920,"PTI14-3041OH1"
26343,"NRO_PARTE",1682921,"PTI14-3041SS1"
26343,"NRO_PARTE",1682922,"PU141P-02NLM2"
26343,"NRO_PARTE",1682923,"T0P41LT#ABM"
26343,"NRO_PARTE",1682924,"T1B21LT#ABM"
26343,"NRO_PARTE",1682925,"T1B24LT#ABM"
26343,"NRO_PARTE",1682926,"T1B33LT#ABM"
26343,"NRO_PARTE",1682927,"T1B40LT#ABM"
26343,"NRO_PARTE",1682928,"T1B41LT#ABM"
26343,"NRO_PARTE",1682929,"T1B42LT#ABM"
26343,"NRO_PARTE",1682930,"T1B43LT#ABM"
26343,"NRO_PARTE",1682931,"T1B44LT#ABM"
26343,"NRO_PARTE",1682932,"T1B46LT#ABM"
26343,"NRO_PARTE",1682933,"T1B48LA#ABM"
26343,"NRO_PARTE",1682934,"T1B98LT#ABM"
26343,"NRO_PARTE",1682935,"T1C07LT#ABM"
26343,"NRO_PARTE",1682936,"T3L02LT#ABM"
26343,"NRO_PARTE",1682937,"T3L03LT#ABM"
26343,"NRO_PARTE",1682938,"T3L04LT#ABM"
26343,"NRO_PARTE",1682939,"T3L06LA#ABM"
26343,"NRO_PARTE",1682940,"T3L17LT#ABM"
26343,"NRO_PARTE",1682941,"T3L18LT#ABM"
26343,"NRO_PARTE",1682942,"T3L19LT#ABM"
26343,"NRO_PARTE",1682943,"T3L21LT#ABM"
26343,"NRO_PARTE",1682944,"T3L22LT#ABM"
26343,"NRO_PARTE",1682945,"T3L23LT#ABM"
26343,"NRO_PARTE",1682946,"T3L24LT#ABM"
26343,"NRO_PARTE",1682947,"T3L25LT#ABM"
26343,"NRO_PARTE",1682948,"T3L30LA#ABM"
26343,"NRO_PARTE",1682949,"53012JET"
26343,"NRO_PARTE",1682950,"150S9LS#ABM-OH"
26343,"NRO_PARTE",1682951,"674A0LT#ABM-A"
26343,"NRO_PARTE",1682952,"674A0LT#ABM-OHA"
26343,"NRO_PARTE",1682953,"674A0LT#ABM-OPA"
26343,"NRO_PARTE",1682954,"20T1S7YD00"
26343,"NRO_PARTE",1682955,"53011QPR-WP-MOB"
26343,"NRO_PARTE",1682956,"NBADPS7085RPO1G"
26343,"NRO_PARTE",1682957,"NBADPS7085RPO2G"
26343,"NRO_PARTE",1682958,"A00"
26343,"NRO_PARTE",1682959,"21ECS01U00"
26343,"NRO_PARTE",1682960,"2N5U1LT#ABM"
26343,"NRO_PARTE",1682961,"0PTL541-5825SS3-LTE"
26343,"NRO_PARTE",1682962,"LPNKI71001"
26343,"NRO_PARTE",1682963,"LPNKI712512_WPO"
26343,"NRO_PARTE",1682964,"LPNKI716512_WPO"
26343,"NRO_PARTE",1682965,"LPNKI716512_WPOFP"
26343,"NRO_PARTE",1682966,"LPNKI78512_WPO"
26343,"NRO_PARTE",1682967,"LPNKI78512_WPOFP"
26343,"NRO_PARTE",1682968,"LPNKI716512_WPOFHB"
26343,"NRO_PARTE",1682969,"LPNKI78512_WPOFHB"
26343,"NRO_PARTE",3154496,"B13CPLP#ABM-OH4"
26343,"NRO_PARTE",3760264,"83L4000CPD"
26343,"NRO_PARTE",4116358,"MDL2509UG6R7X"
26343,"NRO_PARTE",1782722,"20T7S2US00"
26343,"NRO_PARTE",1782784,"21C4S16G00"
26343,"NRO_PARTE",4006075,"C3VT3LA#ABM-M"
26343,"NRO_PARTE",4006130,"C3VT3LA#ABM-MA"
26343,"NRO_PARTE",2488282,"9Q8U4LS#ABM-OP"
26343,"NRO_PARTE",2488293,"9Q8U5LS#ABM-OP"
26343,"NRO_PARTE",1746084,"3PTL743T-71651SOP3"
26343,"NRO_PARTE",2799510,"E14G5R507082012"
26343,"NRO_PARTE",2799535,"E14G5R50708201H2"
26343,"NRO_PARTE",3729804,"T16G3U721162100-OH"
26343,"NRO_PARTE",3729813,"T16G3U721162100DC"
26343,"NRO_PARTE",2508139,"90NX06X1-M010Y0"
26343,"NRO_PARTE",2508157,"90NX06X1-M00TR0"
26343,"NRO_PARTE",1682970,"T3L44LT#ABM"
26343,"NRO_PARTE",1682971,"T3L46LT#ABM"
26343,"NRO_PARTE",1682972,"T3L47LT#ABM"
26343,"NRO_PARTE",1682973,"T3L48LT#ABM"
26343,"NRO_PARTE",1682974,"T3L49LT#ABM"
26343,"NRO_PARTE",1682975,"T3L50LT#ABM"
26343,"NRO_PARTE",1682976,"T3L51LT#ABM"
26343,"NRO_PARTE",1682977,"T3L61LT#ABM"
26343,"NRO_PARTE",1682978,"T3L63LT#ABM"
26343,"NRO_PARTE",1682979,"T3L79LT#ABM"
26343,"NRO_PARTE",1682980,"T3L81LT#ABM"
26343,"NRO_PARTE",1682981,"T3L82LT#ABM"
26343,"NRO_PARTE",1682982,"T3L83LT#ABM"
26343,"NRO_PARTE",1682983,"NBP1V3BVA31"
26343,"NRO_PARTE",1682984,"T7C57AW#ABM"
26343,"NRO_PARTE",1682985,"T8Y07LA#ABM"
26343,"NRO_PARTE",1682986,"T8Y07LT#ABM"
26343,"NRO_PARTE",1682987,"V1G68LT#ABM"
26343,"NRO_PARTE",1682988,"V1G69LA#ABM"
26343,"NRO_PARTE",1682989,"V1G70LA#ABM"
26343,"NRO_PARTE",1682990,"V1G71LA#ABM"
26343,"NRO_PARTE",1682991,"V1G72LA#ABM"
26343,"NRO_PARTE",1682992,"V1G73LA#ABM"
26343,"NRO_PARTE",1682993,"V1G74LA#ABM"
26343,"NRO_PARTE",1682994,"V1G75LA#ABM"
26343,"NRO_PARTE",1682995,"OTLP1561003000N160500PE"
26343,"NRO_PARTE",1682996,"OTLP1561003000N161000PE"
26343,"NRO_PARTE",1682997,"OTLP156100308WN040500PE"
26343,"NRO_PARTE",1682998,"OTLP156100308WN041000PE"
26343,"NRO_PARTE",1682999,"OTLP156100308WN080500PE"
26343,"NRO_PARTE",1683000,"OTLP156100308WN081000PE"
26343,"NRO_PARTE",1683001,"OTLP156100308WN160500PE"
26343,"NRO_PARTE",1683002,"OTLP156100308WN161000PE"
26343,"NRO_PARTE",1683003,"OTLP156100308WS040500PE"
26343,"NRO_PARTE",1683004,"OTLP156100308WS041000PE"
26343,"NRO_PARTE",1683005,"OTLP156100308WS080500PE"
26343,"NRO_PARTE",1683006,"OTLP156100308WS081000PE"
26343,"NRO_PARTE",1683007,"OTLP156100308WS160500PE"
26343,"NRO_PARTE",1683008,"OTLP156100308WS161000PE"
26343,"NRO_PARTE",1683009,"OTLP1562001000N040500PE"
26343,"NRO_PARTE",1683010,"OTLP1562001000N041000PE"
26343,"NRO_PARTE",1683011,"OTLP1562001000N080500PE"
26343,"NRO_PARTE",1683012,"OTLP1562001000N081000PE"
26343,"NRO_PARTE",1683013,"OTLP1562001000N160500PE"
26343,"NRO_PARTE",1683014,"OTLP1562001000N161000PE"
26343,"NRO_PARTE",1683015,"OTLP156200108WN040500PE"
26343,"NRO_PARTE",1683016,"OTLP156200108WN041000PE"
26343,"NRO_PARTE",1683017,"OTLP156200108WN080500PE"
26343,"NRO_PARTE",1683018,"OTLP156200108WN081000PE"
26343,"NRO_PARTE",1683019,"OTLP156200108WN160500PE"
26343,"NRO_PARTE",1683020,"OTLP156200108WN161000PE"
26343,"NRO_PARTE",1683021,"OTLP156200108WS040500PE"
26343,"NRO_PARTE",1683022,"OTLP156200108WS041000PE"
26343,"NRO_PARTE",1683023,"OTLP156200108WS080500PE"
26343,"NRO_PARTE",1683024,"OTLP156200108WS081000PE"
26343,"NRO_PARTE",1683025,"OTLP156200108WS160500PE"
26343,"NRO_PARTE",1683026,"OTLP156200108WS161000PE"
26343,"NRO_PARTE",1683027,"OTLP1562002000N040500PE"
26343,"NRO_PARTE",1683028,"OTLP1562002000N041000PE"
26343,"NRO_PARTE",1805701,"E14G5I71116101H"
26343,"NRO_PARTE",1805743,"E14G5I71116101HH"
26343,"NRO_PARTE",1805759,"E15G4I7816101#H"
26343,"NRO_PARTE",1805764,"E15G4I7816101#PH"
26343,"NRO_PARTE",1805767,"E15G4I7816201#H"
26343,"NRO_PARTE",1805768,"E15G4I7816201#HH"
26343,"NRO_PARTE",2940058,"21KG00RKLM*"
26343,"NRO_PARTE",4116342,"MDL2509UR7B1E"
26343,"NRO_PARTE",4006311,"C3VT3LA#ABM-OH4MA"
26343,"NRO_PARTE",4006396,"C3VW4LA#ABM"
26343,"NRO_PARTE",4222724,"MDL2605XQ6A0C"
26343,"NRO_PARTE",1755175,"3PTLV34-5812SOH3-A-AME"
26343,"NRO_PARTE",1755210,"3PTLV34-5812SOP3-A-AME"
26343,"NRO_PARTE",3729757,"L16G1U721162100D"
26343,"NRO_PARTE",3729767,"L16G1U721162100D-OH"
26343,"NRO_PARTE",3729786,"T16G3U721162100"
26343,"NRO_PARTE",3729825,"T16G3U721162100DC-OH"
26343,"NRO_PARTE",2508167,"90NX06X1-M00X40"
26343,"NRO_PARTE",1683029,"OTLP1562002000N080500PE"
26343,"NRO_PARTE",1683030,"OTLP1562002000N081000PE"
26343,"NRO_PARTE",1683031,"OTLP1562002000N160500PE"
26343,"NRO_PARTE",1683032,"OTLP1562002000N161000PE"
26343,"NRO_PARTE",1683033,"OTLP156200208WN040500PE"
26343,"NRO_PARTE",1683034,"OTLP156200208WN041000PE"
26343,"NRO_PARTE",1683035,"OTLP156200208WN080500PE"
26343,"NRO_PARTE",1683036,"OTLP156200208WN081000PE"
26343,"NRO_PARTE",1683037,"1PTL552-71625SS3-HD"
26343,"NRO_PARTE",1683038,"153J5LA#ABM-OP"
26343,"NRO_PARTE",1683039,"674A0LT#ABM-OPM"
26343,"NRO_PARTE",1683040,"5T9J9LT#ABM-OP"
26343,"NRO_PARTE",1683041,"5T9J6LT#ABM-OH"
26343,"NRO_PARTE",1683042,"1PTL341-5825OH3-C-S-4"
26343,"NRO_PARTE",1683043,"1PTL341-5825OP3-C-S-4"
26343,"NRO_PARTE",1683044,"1PTL341-5825SS3-C-S-4-FHD"
26343,"NRO_PARTE",1683045,"1PTL341-5825OH3-S-4"
26343,"NRO_PARTE",1683046,"1PTL341-5825OH3-S-4-FHD"
26343,"NRO_PARTE",1683047,"1PTL342-7812SOP3-FHD"
26343,"NRO_PARTE",1683048,"1PTL342-7812SOH3-FHD-AC"
26343,"NRO_PARTE",1683049,"2N6G5LT#ABM"
26343,"NRO_PARTE",1683050,"2F0V6LT#ABM"
26343,"NRO_PARTE",1683051,"20S15LT#ABM"
26343,"NRO_PARTE",1683052,"53012JETN-MOP"
26343,"NRO_PARTE",1683053,"OTLP156200208WN160500PE"
26343,"NRO_PARTE",1683054,"OTLP156200208WN161000PE"
26343,"NRO_PARTE",1683055,"OTLP156200208WS040500PE"
26343,"NRO_PARTE",1683056,"OTLP156200208WS041000PE"
26343,"NRO_PARTE",1683057,"OTLP156200208WS080500PE"
26343,"NRO_PARTE",1683058,"OTLP156200208WS081000PE"
26343,"NRO_PARTE",1683059,"OTLP156200208WS160500PE"
26343,"NRO_PARTE",1683060,"OTLP156200208WS161000PE"
26343,"NRO_PARTE",1683061,"OTLP156500108WS041000PE"
26343,"NRO_PARTE",1683062,"OTLP156500108WS080500PE"
26343,"NRO_PARTE",1683063,"OTLP156500108WS081000PE"
26343,"NRO_PARTE",1683064,"P3D98LT#ABM"
26343,"NRO_PARTE",1683065,"P3D99LT#ABM"
26343,"NRO_PARTE",1683066,"P3E00LT#ABM"
26343,"NRO_PARTE",1683067,"P3E01LT#ABM"
26343,"NRO_PARTE",1683068,"P3E03LT#ABM"
26343,"NRO_PARTE",1683069,"P5G60LT#ABM"
26343,"NRO_PARTE",1683070,"P5G61LT#ABM"
26343,"NRO_PARTE",1683071,"P5G62LT#ABM"
26343,"NRO_PARTE",1683072,"P5G64LT#ABM"
26343,"NRO_PARTE",1683073,"P5G65LT#ABM"
26343,"NRO_PARTE",1683074,"P5G66LT#ABM"
26343,"NRO_PARTE",1683075,"P5G68LT#ABM"
26343,"NRO_PARTE",1683076,"P5G69LT#ABM"
26343,"NRO_PARTE",1683077,"P5G70LT#ABM"
26343,"NRO_PARTE",1683078,"P5G71LT#ABM"
26343,"NRO_PARTE",1683079,"P5G72LT#ABM"
26343,"NRO_PARTE",1683080,"P5G74LT#ABM"
26343,"NRO_PARTE",1683081,"P5G75LT#ABM"
26343,"NRO_PARTE",1683082,"P5V13LA#ABM"
26343,"NRO_PARTE",1683083,"P5V14LA#ABM"
26343,"NRO_PARTE",1683084,"P5V15LA#ABM"
26343,"NRO_PARTE",1683085,"P7P16LT#ABM"
26343,"NRO_PARTE",1683086,"P7P75LT#ABM"
26343,"NRO_PARTE",1683087,"P7P76LA#ABM"
26343,"NRO_PARTE",1683088,"P7P77LT#ABM"
26343,"NRO_PARTE",1805755,"E15G4I7816201H"
26343,"NRO_PARTE",1805791,"E14G5I71116101PA"
26343,"NRO_PARTE",1805809,"E14G5I71116201H"
26343,"NRO_PARTE",3154405,"A1UP8LT#ABM-OH4"
26343,"NRO_PARTE",3154418,"A8WP5LS#ABM-OH4"
26343,"NRO_PARTE",3154425,"B28GKAT#ABM"
26343,"NRO_PARTE",3154452,"B4WZ0LS#ABM-OP"
26343,"NRO_PARTE",2940270,"E14G616161100*"
26343,"NRO_PARTE",4116315,"MDL2509R7F5B1"
26343,"NRO_PARTE",4116406,"MDL2509M2VE4O"
26343,"NRO_PARTE",1782739,"20X4S7F800"
26343,"NRO_PARTE",4222733,"MDL2605H7A0T9"
26343,"NRO_PARTE",4222745,"MDL2605D3ZC2Y"
26343,"NRO_PARTE",3729710,"L16G1U721162100-OH"
26343,"NRO_PARTE",2508653,"90NX06S1-M00JL0-OH"
26343,"NRO_PARTE",2508721,"90NX07B1-M00640-OH"
26343,"NRO_PARTE",1683089,"P7P78LA#ABM"
26343,"NRO_PARTE",1683090,"P7P79LT#ABM"
26343,"NRO_PARTE",1683091,"P7P82LT#ABM"
26343,"NRO_PARTE",1683092,"PSCD2P-01CLM3"
26343,"NRO_PARTE",1683093,"PSCD4P-016LM1"
26343,"NRO_PARTE",1683094,"PSCDEP-007LM1"
26343,"NRO_PARTE",1683095,"PSCDEP-008LM2"
26343,"NRO_PARTE",1683096,"PSCLWP-00FLM1"
26343,"NRO_PARTE",1683097,"PSCLWP-00GLM1"
26343,"NRO_PARTE",1683098,"PSCP7U-004NB1"
26343,"NRO_PARTE",1683099,"PSCPAU-00HNB2"
26343,"NRO_PARTE",1683100,"PSCPBU-002NB1"
26343,"NRO_PARTE",1683101,"PSCPJU-00KNB1"
26343,"NRO_PARTE",1683102,"PSCPKU-003NB1"
26343,"NRO_PARTE",1683103,"PSCRCU-004NC1"
26343,"NRO_PARTE",1683104,"PSD22P-006LM2"
26343,"NRO_PARTE",1683105,"PSKHEP-00XLM1"
26343,"NRO_PARTE",1683106,"PSKHWP-00ULM1"
26343,"NRO_PARTE",1683107,"PSKQ8P-005LM2"
26343,"NRO_PARTE",1683108,"PSKQ8P-007LM2"
26343,"NRO_PARTE",1683109,"PSKQ8P-00GLM1"
26343,"NRO_PARTE",1683110,"OTLP1552002000N160500PE"
26343,"NRO_PARTE",1683111,"OTLP1552002000N161000PE"
26343,"NRO_PARTE",1683112,"OTLP155200208WN040500PE"
26343,"NRO_PARTE",1683113,"OTLP155200208WN041000PE"
26343,"NRO_PARTE",1683114,"OTLP155200208WN080500PE"
26343,"NRO_PARTE",1683115,"OTLP155200208WN081000PE"
26343,"NRO_PARTE",1683116,"OTLP155200208WN160500PE"
26343,"NRO_PARTE",1683117,"OTLP155200208WN161000PE"
26343,"NRO_PARTE",1683118,"OTLP155200208WS040500PE"
26343,"NRO_PARTE",1683119,"OTLP155200208WS041000PE"
26343,"NRO_PARTE",1683120,"OTLP155200208WS080500PE"
26343,"NRO_PARTE",1683121,"OTLP155200208WS081000PE"
26343,"NRO_PARTE",1683122,"153K2LT#ABM-OP"
26343,"NRO_PARTE",1683123,"1PTL341-5825SS3-S-4-FHD"
26343,"NRO_PARTE",1683124,"1PTL341-5825SS3-C-S-4"
26343,"NRO_PARTE",1683125,"20T1S7YC00"
26343,"NRO_PARTE",1683126,"21ECS01K00"
26343,"NRO_PARTE",1683127,"53011YYQC"
26343,"NRO_PARTE",1683128,"OTLP155200208WS160500PE"
26343,"NRO_PARTE",1683129,"OTLP155200208WS161000PE"
26343,"NRO_PARTE",1683130,"OTLP1552003000N040500PE"
26343,"NRO_PARTE",1683131,"OTLP1552003000N041000PE"
26343,"NRO_PARTE",1683132,"OTLP1552003000N080500PE"
26343,"NRO_PARTE",1683133,"OTLP1552003000N081000PE"
26343,"NRO_PARTE",1683134,"OTLP1552003000N160500PE"
26343,"NRO_PARTE",1683135,"OTLP1552003000N161000PE"
26343,"NRO_PARTE",1683136,"OTLP155200308WN040500PE"
26343,"NRO_PARTE",1683137,"OTLP155200308WN041000PE"
26343,"NRO_PARTE",1683138,"OTLP155500208WS041000PE"
26343,"NRO_PARTE",1683139,"OTLP155500208WS080500PE"
26343,"NRO_PARTE",1683140,"OTLP155500208WS081000PE"
26343,"NRO_PARTE",1683141,"OTLP155500208WS160500PE"
26343,"NRO_PARTE",1683142,"OTLP155500208WS161000PE"
26343,"NRO_PARTE",1683143,"OTLP1555003000N040500PE"
26343,"NRO_PARTE",1683144,"OTLP1555003000N041000PE"
26343,"NRO_PARTE",1683145,"OTLP1555003000N080500PE"
26343,"NRO_PARTE",1683146,"OTLP1555003000N081000PE"
26343,"NRO_PARTE",1683147,"OTLP1555003000N160500PE"
26343,"NRO_PARTE",2465734,"V15G4R38101-OH"
26343,"NRO_PARTE",2465750,"V15G4R58101"
26343,"NRO_PARTE",1805831,"E14G4I7808101PH"
26343,"NRO_PARTE",1805832,"E14G4I7808201H"
26343,"NRO_PARTE",1805834,"E14G4I7808201PH"
26343,"NRO_PARTE",3154707,"A1UQ5LA#ABM-OH4"
26343,"NRO_PARTE",3154743,"A24ZQLT#ABM-OH4"
26343,"NRO_PARTE",2940334,"V15G4I7116201-OH"
26343,"NRO_PARTE",2940358,"V15G4I51282012-OH"
26343,"NRO_PARTE",3716645,"T16G7U5168201H"
26343,"NRO_PARTE",4116402,"MDL2509J9ZB1V"
26343,"NRO_PARTE",4006467,"C3WB3LA#ABM"
26343,"NRO_PARTE",2489645,"21CUS0WG00-OP"
26343,"NRO_PARTE",2489679,"21CUS0WH00-OH"
26343,"NRO_PARTE",2489690,"21CUS0WH00-OP"
26343,"NRO_PARTE",4222716,"MDL2605T9N3B1"
26343,"NRO_PARTE",4222750,"MDL2605WL1G6Z"
26343,"NRO_PARTE",4222755,"MDL2605L1A0C2"
26343,"NRO_PARTE",1745718,"3PTL543-71612SOP3-FHD-V"
26343,"NRO_PARTE",1755005,"3PTLV35-51612SOP3-A-AME"
26343,"NRO_PARTE",3729840,"T16G3U721162100D"
26343,"NRO_PARTE",3824558,"BJ3J6LA#ABM"
26343,"NRO_PARTE",3824569,"4PTL745-7U161SS3W10-V-TM"
26343,"NRO_PARTE",1683148,"OTLP1555003000N161000PE"
26343,"NRO_PARTE",1683149,"OTLP155500308WN040500PE"
26343,"NRO_PARTE",1683150,"OTLP155500308WN041000PE"
26343,"NRO_PARTE",1683151,"OTLP155500308WN080500PE"
26343,"NRO_PARTE",1683152,"OTLP155500308WN081000PE"
26343,"NRO_PARTE",1683153,"OTLP155500308WN160500PE"
26343,"NRO_PARTE",1683154,"OTLP155500308WN161000PE"
26343,"NRO_PARTE",1683155,"OTLP155500308WS040500PE"
26343,"NRO_PARTE",1683156,"OTLP155500308WS041000PE"
26343,"NRO_PARTE",1683157,"OTLP155500308WS080500PE"
26343,"NRO_PARTE",1683158,"OTLP155500308WS081000PE"
26343,"NRO_PARTE",1683159,"OTLP155500308WS160500PE"
26343,"NRO_PARTE",1683160,"OTLP155500308WS161000PE"
26343,"NRO_PARTE",1683161,"OTLP1561001000N040500PE"
26343,"NRO_PARTE",1683162,"OTLP1561001000N041000PE"
26343,"NRO_PARTE",1683163,"OTLP1561001000N080500PE"
26343,"NRO_PARTE",1683164,"OTLP1561001000N081000PE"
26343,"NRO_PARTE",1683165,"OTLP1561001000N160500PE"
26343,"NRO_PARTE",1683166,"OTLP1561001000N161000PE"
26343,"NRO_PARTE",1683167,"OTLP156100108WN040500PE"
26343,"NRO_PARTE",1683168,"OTLP156100108WN041000PE"
26343,"NRO_PARTE",1683169,"OTLP156100108WN080500PE"
26343,"NRO_PARTE",1683170,"OTLP156100108WN081000PE"
26343,"NRO_PARTE",1683171,"OTLP156100108WN160500PE"
26343,"NRO_PARTE",1683172,"OTLP156100108WN161000PE"
26343,"NRO_PARTE",1683173,"OTLP156100108WS040500PE"
26343,"NRO_PARTE",1683174,"OTLP156100108WS041000PE"
26343,"NRO_PARTE",1683175,"OTLP156100108WS080500PE"
26343,"NRO_PARTE",1683176,"OTLP156100108WS081000PE"
26343,"NRO_PARTE",1683177,"OTLP156100108WS160500PE"
26343,"NRO_PARTE",1683178,"OTLP156100108WS161000PE"
26343,"NRO_PARTE",1683179,"OTLP1561002000N040500PE"
26343,"NRO_PARTE",1683180,"OTLP1561002000N041000PE"
26343,"NRO_PARTE",1683181,"OTLP1561002000N080500PE"
26343,"NRO_PARTE",1683182,"OTLP1561002000N081000PE"
26343,"NRO_PARTE",1683183,"OTLP1561002000N160500PE"
26343,"NRO_PARTE",1683184,"OTLP1561002000N161000PE"
26343,"NRO_PARTE",1683185,"OTLP156100208WN040500PE"
26343,"NRO_PARTE",1683186,"OTLP156100208WN041000PE"
26343,"NRO_PARTE",1683187,"OTLP156100208WN080500PE"
26343,"NRO_PARTE",1683188,"OTLP156100208WN081000PE"
26343,"NRO_PARTE",1683189,"OTLP156100208WN160500PE"
26343,"NRO_PARTE",1683190,"OTLP156100208WN161000PE"
26343,"NRO_PARTE",1683191,"OTLP156100208WS040500PE"
26343,"NRO_PARTE",1683192,"OTLP156100208WS041000PE"
26343,"NRO_PARTE",1683193,"OTLP156100208WS080500PE"
26343,"NRO_PARTE",1683194,"53012JET_MOP"
26343,"NRO_PARTE",1683195,"2Q0D1LT#ABM-OP"
26343,"NRO_PARTE",1683196,"S26391-K481-V100-I78750H-32-1024- W10P"
26343,"NRO_PARTE",1683197,"1F4N5LT#ABM-OH"
26343,"NRO_PARTE",1683198,"21CSS0N700"
26343,"NRO_PARTE",1683199,"N5K8R512GBW10P"
26343,"NRO_PARTE",1683200,"2S4X3LA#ABM"
26343,"NRO_PARTE",1683201,"2S4X3LA#ABM-OH"
26343,"NRO_PARTE",1683202,"53011QPR-WP-MOP"
26343,"NRO_PARTE",1683203,"6C5X5LT#ABM-OP"
26343,"NRO_PARTE",1683204,"21E7S07700"
26343,"NRO_PARTE",1683205,"LPNKI712512_WPOFHB"
26343,"NRO_PARTE",2465779,"V15G4R58101-OP"
26343,"NRO_PARTE",2465800,"V15G4R516101"
26343,"NRO_PARTE",2465828,"V15G4R516101-OH"
26343,"NRO_PARTE",2465870,"V15G4R316101-OP"
26343,"NRO_PARTE",1805891,"E14G5I71116201PA"
26343,"NRO_PARTE",1805924,"E16G1I51116201H"
26343,"NRO_PARTE",3154460,"B4WZ5LS#ABM-OP"
26343,"NRO_PARTE",3154744,"A24ZSLT#ABM-OH4"
26343,"NRO_PARTE",2940260,"V15G4I71216201-OH"
26343,"NRO_PARTE",2940387,"V15G4I5008001H2-OH"
26343,"NRO_PARTE",3716654,"T16G7U5168201H-OH"
26343,"NRO_PARTE",3716699,"T16G7U51616101H-OH"
26343,"NRO_PARTE",3716721,"T16G7U7178201H"
26343,"NRO_PARTE",4116530,"MDL2509VE4L1N"
26343,"NRO_PARTE",4116549,"MDL2509A0K0I8"
26343,"NRO_PARTE",4116561,"MDL2509VH7K0R"
26343,"NRO_PARTE",1782775,"21AJS1S900"
26343,"NRO_PARTE",4222754,"MDL2605A0P5D3"
26343,"NRO_PARTE",1776111,"3PTLV352-R5856SOH1-AME"
26343,"NRO_PARTE",1745696,"3PTL543-71612SOH3-FHD-V"
26343,"NRO_PARTE",1745914,"CR30U-1YU03H-OH"
26343,"NRO_PARTE",1755265,"3PTLV35-5812SOP3-A-AME"
26343,"NRO_PARTE",3824489,"4PTL555-7U321SS3W11-V-TM"
26343,"NRO_PARTE",2508663,"90NX06S1-M00JL0-OP"
26343,"NRO_PARTE",1683206,"OTLP156100208WS081000PE"
26343,"NRO_PARTE",1683207,"OTLP156100208WS160500PE"
26343,"NRO_PARTE",1683208,"OTLP156100208WS161000PE"
26343,"NRO_PARTE",1683209,"OTLP1561003000N040500PE"
26343,"NRO_PARTE",1683210,"OTLP1561003000N041000PE"
26343,"NRO_PARTE",1683211,"OTLP1561003000N080500PE"
26343,"NRO_PARTE",1683212,"OTLP1561003000N081000PE"
26343,"NRO_PARTE",1683213,"OTLP1562003000N040500PE"
26343,"NRO_PARTE",1683214,"OTLP1562003000N041000PE"
26343,"NRO_PARTE",1683215,"OTLP1562003000N080500PE"
26343,"NRO_PARTE",1683216,"OTLP1562003000N081000PE"
26343,"NRO_PARTE",1683217,"OTLP1562003000N160500PE"
26343,"NRO_PARTE",1683218,"OTLP1562003000N161000PE"
26343,"NRO_PARTE",1683219,"OTLP156200308WN040500PE"
26343,"NRO_PARTE",1683220,"OTLP156200308WN041000PE"
26343,"NRO_PARTE",1683221,"OTLP156200308WN080500PE"
26343,"NRO_PARTE",1683222,"OTLP156200308WN081000PE"
26343,"NRO_PARTE",1683223,"OTLP156200308WN160500PE"
26343,"NRO_PARTE",1683224,"OTLP156200308WN161000PE"
26343,"NRO_PARTE",1683225,"OTLP156200308WS040500PE"
26343,"NRO_PARTE",1683226,"OTLP155005108WS041000PE"
26343,"NRO_PARTE",1683227,"OTLP155005108WS080500PE"
26343,"NRO_PARTE",1683228,"OTLP155005108WS081000PE"
26343,"NRO_PARTE",1683229,"OTLP155005108WS160500PE"
26343,"NRO_PARTE",1683230,"OTLP155005108WS161000PE"
26343,"NRO_PARTE",1683231,"OTLP1550052000N040500PE"
26343,"NRO_PARTE",1683232,"OTLP1550052000N041000PE"
26343,"NRO_PARTE",1683233,"OTLP1550052000N080500PE"
26343,"NRO_PARTE",1683234,"OTLP1550052000N081000PE"
26343,"NRO_PARTE",1683235,"OTLP1550052000N160500PE"
26343,"NRO_PARTE",1683236,"OTLP1550052000N161000PE"
26343,"NRO_PARTE",1683237,"OTLP155005208WN040500PE"
26343,"NRO_PARTE",1683238,"OTLP155005208WN041000PE"
26343,"NRO_PARTE",1683239,"OTLP155005208WN080500PE"
26343,"NRO_PARTE",1683240,"OTLP155005208WN081000PE"
26343,"NRO_PARTE",1683241,"OTLP155005208WN160500PE"
26343,"NRO_PARTE",1683242,"OTLP155005208WN161000PE"
26343,"NRO_PARTE",1683243,"OTLP155005208WS040500PE"
26343,"NRO_PARTE",1683244,"OTLP155005208WS041000PE"
26343,"NRO_PARTE",1683245,"OTLP155005208WS080500PE"
26343,"NRO_PARTE",1683246,"OTLP155005208WS081000PE"
26343,"NRO_PARTE",1683247,"OTLP155005208WS160500PE"
26343,"NRO_PARTE",1683248,"OTLP155005208WS161000PE"
26343,"NRO_PARTE",1683249,"OTLP1550053000N040500PE"
26343,"NRO_PARTE",1683250,"OTLP1550053000N041000PE"
26343,"NRO_PARTE",1683251,"OTLP1550053000N080500PE"
26343,"NRO_PARTE",1683252,"OTLP1550053000N081000PE"
26343,"NRO_PARTE",1683253,"OTLP1550053000N160500PE"
26343,"NRO_PARTE",1683254,"OTLP1550053000N161000PE"
26343,"NRO_PARTE",1683255,"OTLP155005308WN040500PE"
26343,"NRO_PARTE",1683256,"OTLP155005308WN041000PE"
26343,"NRO_PARTE",1683257,"OTLP155005308WN080500PE"
26343,"NRO_PARTE",1683258,"OTLP155005308WN081000PE"
26343,"NRO_PARTE",1683259,"OTLP155005308WN160500PE"
26343,"NRO_PARTE",1683260,"OTLP155005308WN161000PE"
26343,"NRO_PARTE",1683261,"OTLP155005308WS040500PE"
26343,"NRO_PARTE",1683262,"OTLP155005308WS041000PE"
26343,"NRO_PARTE",1805756,"E15G4I7816201PH"
26343,"NRO_PARTE",1805761,"E15G4I7816101#HH"
26343,"NRO_PARTE",1805769,"E15G4I7816201#PH"
26343,"NRO_PARTE",1805828,"E14G4I7808101H"
26343,"NRO_PARTE",1805830,"E14G4I7808101HH"
26343,"NRO_PARTE",1805833,"E14G4I7808201HH"
26343,"NRO_PARTE",1805974,"E14G4I7816101PH"
26343,"NRO_PARTE",2552207,"9Q6L1LA#ABM-OPD"
26343,"NRO_PARTE",2552209,"9Q6Q8LA#ABM"
26343,"NRO_PARTE",2552218,"9Q6Q8LA#ABM-OH"
26343,"NRO_PARTE",2555421,"A11S4LA#ABM-AT"
26343,"NRO_PARTE",1880128,"82TV007GLM"
26343,"NRO_PARTE",4120179,"MDL2509WT9VI8"
26343,"NRO_PARTE",4120287,"V15G5I7516221-OH"
26343,"NRO_PARTE",4120368,"MDL2509J9YUO4"
26343,"NRO_PARTE",2530678,"21G1S0BE00-OP"
26343,"NRO_PARTE",2531361,"21HE000XLM"
26343,"NRO_PARTE",1731680,"21CSS1NX00"
26343,"NRO_PARTE",1731720,"21CSS1NH00"
26343,"NRO_PARTE",1731788,"21E7S19N00"
26343,"NRO_PARTE",1731803,"21E7S1GJ00"
26343,"NRO_PARTE",1731813,"21ECS17T00"
26343,"NRO_PARTE",1731800,"21E7S19F00"
26343,"NRO_PARTE",1731801,"21E7S1L600"
26343,"NRO_PARTE",1731827,"21ECS17S00"
26343,"NRO_PARTE",1731831,"21ECS17Q00"
26343,"NRO_PARTE",1834327,"801D8LT#ABM"
26343,"NRO_PARTE",2627278,"7GTHP4V396"
26343,"NRO_PARTE",1764068,"3PTL352-3456OP1-FHD"
26343,"NRO_PARTE",1764102,"3PTL352-3456SS3-HD"
26343,"NRO_PARTE",3779272,"4PTL745-7U161SSS31-VP-B"
26343,"NRO_PARTE",2746563,"4PTL545-71612SSS3-VP"
26343,"NRO_PARTE",2746565,"4PTL545-71612SOP3-VP"
26343,"NRO_PARTE",2746568,"4PTL545-7161SOP3-VP"
26343,"NRO_PARTE",2746570,"4PTL555-71612SSS3-VP"
26343,"NRO_PARTE",2746571,"4PTL555-71612SOH3-VP"
26343,"NRO_PARTE",2746572,"4PTL555-71612SOP3-VP"
26343,"NRO_PARTE",2746577,"4PTL745-71612SSS3-VP"
26343,"NRO_PARTE",2746581,"4PTL745-7161SOH3-VP"
26343,"NRO_PARTE",2746654,"T14G6I3016101-OH"
26343,"NRO_PARTE",2746659,"T14G6I3016101-OP"
26343,"NRO_PARTE",2746666,"T14G6I3016201"
26343,"NRO_PARTE",2746671,"T14G6I3016201-OH"
26343,"NRO_PARTE",2531510,"90NX06X1-M00X40-OH-PS"
26343,"NRO_PARTE",2531546,"T14G4I72016201"
26343,"NRO_PARTE",2531549,"T14G4I72016201P"
26343,"NRO_PARTE",2642536,"WE15I7T165P-M"
26343,"NRO_PARTE",1755247,"3PTLV35-5812SOH3-A-AME"
26343,"NRO_PARTE",1726412,"20W5S69Y00-OH"
26343,"NRO_PARTE",4230582,"NG1503R320"
26343,"NRO_PARTE",4230666,"C2CQ3LS#ABM-OH4"
26343,"NRO_PARTE",4230668,"90NX0AR2-M006F0"
26343,"NRO_PARTE",4230708,"90NX0AR2-M006H0"
26343,"NRO_PARTE",4230712,"PNM11U-1J902L"
26343,"NRO_PARTE",4230726,"PNL21U-1MH01W"
26343,"NRO_PARTE",4231059,"WE15U9A115"
26343,"NRO_PARTE",4231161,"PNL13U-0CT009-D-OH"
26343,"NRO_PARTE",4231194,"CPAX-26002"
26343,"NRO_PARTE",4231197,"NG15U9B161"
26343,"NRO_PARTE",2788796,"A24Z6LT#ABM-OP"
26343,"NRO_PARTE",1683263,"OTLP155005308WS080500PE"
26343,"NRO_PARTE",1683264,"OTLP155005308WS081000PE"
26343,"NRO_PARTE",1683265,"OTLP155005308WS160500PE"
26343,"NRO_PARTE",1683266,"OTLP155005308WS161000PE"
26343,"NRO_PARTE",1683267,"OTLP1552001000N040500PE"
26343,"NRO_PARTE",1683268,"OTLP1552001000N041000PE"
26343,"NRO_PARTE",1683269,"2Q0D1LT#ABM-OH1"
26343,"NRO_PARTE",1683270,"20U3S1AU00"
26343,"NRO_PARTE",1683271,"20U3S1AX00"
26343,"NRO_PARTE",1683272,"20U6S3PT00"
26343,"NRO_PARTE",1683273,"21CSS0ND00"
26343,"NRO_PARTE",1683274,"21ECS01L00"
26343,"NRO_PARTE",1683275,"6U881LA#ABM"
26343,"NRO_PARTE",1683276,"21CSS0NA00"
26343,"NRO_PARTE",1683277,"53012AAPN-MOP"
26343,"NRO_PARTE",1683278,"OTLP1552001000N080500PE"
26343,"NRO_PARTE",1683279,"OTLP1552001000N081000PE"
26343,"NRO_PARTE",1683280,"OTLP1552001000N160500PE"
26343,"NRO_PARTE",1683281,"OTLP1552001000N161000PE"
26343,"NRO_PARTE",1683282,"OTLP155200108WN040500PE"
26343,"NRO_PARTE",1683283,"OTLP155200108WN041000PE"
26343,"NRO_PARTE",1683284,"OTLP155200108WN080500PE"
26343,"NRO_PARTE",1683285,"OTLP155200108WN081000PE"
26343,"NRO_PARTE",1683286,"OTLP155200108WN160500PE"
26343,"NRO_PARTE",1683287,"OTLP155200108WN161000PE"
26343,"NRO_PARTE",1683288,"OTLP155200108WS040500PE"
26343,"NRO_PARTE",1683289,"OTLP155200108WS041000PE"
26343,"NRO_PARTE",1683290,"OTLP155200108WS080500PE"
26343,"NRO_PARTE",1683291,"OTLP155200108WS081000PE"
26343,"NRO_PARTE",1683292,"OTLP155200108WS160500PE"
26343,"NRO_PARTE",1683293,"OTLP155200308WN080500PE"
26343,"NRO_PARTE",1683294,"OTLP155200308WN081000PE"
26343,"NRO_PARTE",1683295,"OTLP155200308WN160500PE"
26343,"NRO_PARTE",1683296,"OTLP155200308WN161000PE"
26343,"NRO_PARTE",1683297,"OTLP155200308WS040500PE"
26343,"NRO_PARTE",1683298,"OTLP155200308WS041000PE"
26343,"NRO_PARTE",1683299,"OTLP155200308WS080500PE"
26343,"NRO_PARTE",1683300,"OTLP155200308WS081000PE"
26343,"NRO_PARTE",1683301,"OTLP155200308WS160500PE"
26343,"NRO_PARTE",1683302,"OTLP155200308WS161000PE"
26343,"NRO_PARTE",1683303,"OTLP1555001000N040500PE"
26343,"NRO_PARTE",1683304,"OTLP1555001000N041000PE"
26343,"NRO_PARTE",1683305,"OTLP1555001000N080500PE"
26343,"NRO_PARTE",1683306,"OTLP1555001000N081000PE"
26343,"NRO_PARTE",1683307,"OTLP1555001000N160500PE"
26343,"NRO_PARTE",1683308,"OTLP1555001000N161000PE"
26343,"NRO_PARTE",1683309,"OTLP155500108WN040500PE"
26343,"NRO_PARTE",1683310,"OTLP155500108WN041000PE"
26343,"NRO_PARTE",1683311,"OTLP155500108WN080500PE"
26343,"NRO_PARTE",1683312,"OTLP155500108WN081000PE"
26343,"NRO_PARTE",1683313,"OTLP155500108WN160500PE"
26343,"NRO_PARTE",1683314,"OTLP155500108WN161000PE"
26343,"NRO_PARTE",1683315,"OTLP155500108WS040500PE"
26343,"NRO_PARTE",1683316,"OTLP155500108WS041000PE"
26343,"NRO_PARTE",1683317,"OTLP155500108WS080500PE"
26343,"NRO_PARTE",1683318,"OTLP155500108WS081000PE"
26343,"NRO_PARTE",1683319,"OTLP155500108WS160500PE"
26343,"NRO_PARTE",1683320,"OTLP155500108WS161000PE"
26343,"NRO_PARTE",1729084,"20WNS8HY00-OP"
26343,"NRO_PARTE",2552206,"9Q6L1LA#ABM-OHD"
26343,"NRO_PARTE",3722681,"T16G8C73481100"
26343,"NRO_PARTE",4120307,"A27NWLA#ABM-OH4D"
26343,"NRO_PARTE",4120388,"V15G5I7516161"
26343,"NRO_PARTE",4120404,"V15G5I7516221*"
26343,"NRO_PARTE",1834379,"801G5LT#ABM"
26343,"NRO_PARTE",2627353,"5W2HP4V409"
26343,"NRO_PARTE",2627379,"7W2HP4V412"
26343,"NRO_PARTE",2627389,"7G2HP4V414"
26343,"NRO_PARTE",1763921,"21CSS1ND00"
26343,"NRO_PARTE",1763942,"82TT00D1LM"
26343,"NRO_PARTE",1763943,"82TT00D1LM-OH"
26343,"NRO_PARTE",1763944,"82TT00D1LM-OP"
26343,"NRO_PARTE",1763948,"V15G3I7808501"
26343,"NRO_PARTE",3779225,"4PTL745-7U161SSS30-VP-B"
26343,"NRO_PARTE",2746578,"4PTL745-71612SOH3-VP"
26343,"NRO_PARTE",2746579,"4PTL745-71612SOP3-VP"
26343,"NRO_PARTE",2746677,"T14G6I3016201-OP"
26343,"NRO_PARTE",2746690,"T14G6I518101-OP"
26343,"NRO_PARTE",2746700,"T14G6I518201"
26343,"NRO_PARTE",2746716,"T14G6I518201-OP"
26343,"NRO_PARTE",2746720,"T14G6I5116101-OH"
26343,"NRO_PARTE",2746721,"T14G6I5116101-OP"
26343,"NRO_PARTE",2746724,"T14G6I5116201"
26343,"NRO_PARTE",2746727,"T14G6I5116201-OH"
26343,"NRO_PARTE",2746756,"T14G6I728201"
26343,"NRO_PARTE",2746760,"T14G6I728201-OH"
26343,"NRO_PARTE",2531519,"83FS0002LM"
26343,"NRO_PARTE",4230564,"E16G3R716512"
26343,"NRO_PARTE",4230691,"90NX0AR2-M006F0-OH"
26343,"NRO_PARTE",4230692,"PNM11U-1J902L-OH"
26343,"NRO_PARTE",4230702,"D61MFLT#ABM-W"
26343,"NRO_PARTE",4230721,"90NX0AR2-M006H0-OH"
26343,"NRO_PARTE",4230771,"PNL23U-0K7009-OH"
26343,"NRO_PARTE",4230787,"PNL23U-0K7009"
26343,"NRO_PARTE",2788874,"PML20U-0N8021-A-OH"
26343,"NRO_PARTE",2788876,"PSY19U-0FH035-A"
26343,"NRO_PARTE",1683321,"OTLP1555002000N040500PE"
26343,"NRO_PARTE",1683322,"OTLP1555002000N041000PE"
26343,"NRO_PARTE",1683323,"OTLP1555002000N080500PE"
26343,"NRO_PARTE",1683324,"OTLP1555002000N081000PE"
26343,"NRO_PARTE",1683325,"OTLP1555002000N160500PE"
26343,"NRO_PARTE",1683326,"OTLP1555002000N161000PE"
26343,"NRO_PARTE",1683327,"OTLP155500208WN040500PE"
26343,"NRO_PARTE",1683328,"OTLP155500208WN041000PE"
26343,"NRO_PARTE",1683329,"OTLP155500208WN080500PE"
26343,"NRO_PARTE",1683330,"OTLP155500208WN081000PE"
26343,"NRO_PARTE",1683331,"OTLP155500208WN160500PE"
26343,"NRO_PARTE",1683332,"OTLP155500208WN161000PE"
26343,"NRO_PARTE",1683333,"OTLP155500208WS040500PE"
26343,"NRO_PARTE",1683334,"NBP3V3BVA2Z"
26343,"NRO_PARTE",1683335,"L4B13LT#ABM"
26343,"NRO_PARTE",1683336,"L4B14LA#ABM"
26343,"NRO_PARTE",1683337,"L4B14LT#ABM"
26343,"NRO_PARTE",1683338,"L4B15LA#ABM"
26343,"NRO_PARTE",1683339,"L4B15LT#ABM"
26343,"NRO_PARTE",1683340,"L4B16LA#ABM"
26343,"NRO_PARTE",1683341,"L4B16LT#ABM"
26343,"NRO_PARTE",1683342,"L4B17LA#ABM"
26343,"NRO_PARTE",1683343,"L4B17LT#ABM"
26343,"NRO_PARTE",1683344,"L4B18LT#ABM"
26343,"NRO_PARTE",1683345,"2Q0D1LT#ABM-OH"
26343,"NRO_PARTE",1683346,"3E743LA#ABM-OP"
26343,"NRO_PARTE",1683347,"0DT37S-3825OP3"
26343,"NRO_PARTE",1683348,"21CSS0NB00"
26343,"NRO_PARTE",1683349,"5U0P1LT#ABM"
26343,"NRO_PARTE",1683350,"S26391-K503-V100#101"
26343,"NRO_PARTE",1683351,"53012JETN"
26343,"NRO_PARTE",1683352,"L4B19LA#ABM"
26343,"NRO_PARTE",1683353,"L4B19LT#ABM"
26343,"NRO_PARTE",1683354,"L4B20LA#ABM"
26343,"NRO_PARTE",1683355,"L4B21LA#ABM"
26343,"NRO_PARTE",1683356,"L4B21LT#ABM"
26343,"NRO_PARTE",1683357,"L4B22LA#ABM"
26343,"NRO_PARTE",1683358,"L4B22LT#ABM"
26343,"NRO_PARTE",1683359,"L4B23LA#ABM"
26343,"NRO_PARTE",1683360,"L4B24LA#ABM"
26343,"NRO_PARTE",1683361,"L4B25LA#ABM"
26343,"NRO_PARTE",1683362,"L8D13LA#ABM"
26343,"NRO_PARTE",1683363,"L8D14LA#ABM"
26343,"NRO_PARTE",1683364,"L8D15LT#ABM"
26343,"NRO_PARTE",1683365,"L8D16LT#ABM"
26343,"NRO_PARTE",1683366,"L8D17LA#ABM"
26343,"NRO_PARTE",1683367,"L9G94LA#ABM"
26343,"NRO_PARTE",1683368,"L9G95LA#ABM"
26343,"NRO_PARTE",1683369,"L9G96LA#ABM"
26343,"NRO_PARTE",1683370,"L9G97LA#ABM"
26343,"NRO_PARTE",1683371,"L9H12LA#ABM"
26343,"NRO_PARTE",1683372,"L9H12LT#ABM"
26343,"NRO_PARTE",1683373,"L9H18LT#ABM"
26343,"NRO_PARTE",1683374,"L9H57LT#ABM"
26343,"NRO_PARTE",1683375,"L9H69LT#ABM"
26343,"NRO_PARTE",1683376,"L9H71LT#ABM"
26343,"NRO_PARTE",1683377,"L9H72LT#ABM"
26343,"NRO_PARTE",1683378,"L9H73LT#ABM"
26343,"NRO_PARTE",1683379,"L9H74LT#ABM"
26343,"NRO_PARTE",1683380,"M3Q33LT#ABM"
26343,"NRO_PARTE",1683381,"M3Q34LT#ABM"
26343,"NRO_PARTE",1728777,"21EES1E300"
26343,"NRO_PARTE",1728783,"21EES1E100"
26343,"NRO_PARTE",1880150,"82TT00CWLM"
26343,"NRO_PARTE",3756993,"4PTLPR14-7U161SOH3-VP"
26343,"NRO_PARTE",4120396,"V15G5I7516161-OH"
26343,"NRO_PARTE",4120399,"MADLI713"
26343,"NRO_PARTE",1731716,"21CSS1NJ00"
26343,"NRO_PARTE",1731718,"21CSS1NU00"
26343,"NRO_PARTE",1834410,"801G5LT#ABM-OH"
26343,"NRO_PARTE",2627306,"5WMHP4V397"
26343,"NRO_PARTE",2627490,"90NX0741-M002F0-OP."
26343,"NRO_PARTE",3778284,"T14SG5U721162100D-OH"
26343,"NRO_PARTE",3778388,"T14SG5U721162100DW-OH"
26343,"NRO_PARTE",1763919,"21CSS1NB00"
26343,"NRO_PARTE",1763929,"21CSS1N000"
26343,"NRO_PARTE",1763940,"81W000V7LM"
26343,"NRO_PARTE",1763949,"V15G3I7808501H"
26343,"NRO_PARTE",1763950,"V15G3I7808501P"
26343,"NRO_PARTE",1763966,"V15G3I7816501H"
26343,"NRO_PARTE",1763967,"V15G3I7816501P"
26343,"NRO_PARTE",2746763,"T14G6I728201-OP"
26343,"NRO_PARTE",2746769,"T14G6I7216101-OH"
26343,"NRO_PARTE",2746773,"T14G6I7216101-OP"
26343,"NRO_PARTE",2746781,"T14G6I7216201"
26343,"NRO_PARTE",2746785,"T14G6I7216201-OH"
26343,"NRO_PARTE",2746817,"T14G6I7232201-OH"
26343,"NRO_PARTE",2746819,"T14G6I7232201-OP"
26343,"NRO_PARTE",2531545,"T14G4I72016201H"
26343,"NRO_PARTE",2531565,"83FS0003LM"
26343,"NRO_PARTE",2800086,"E14G6R31081022-OP"
26343,"NRO_PARTE",2559052,"WE14I3H107P-3"
26343,"NRO_PARTE",2559068,"21JQ000NLM"
26343,"NRO_PARTE",1726411,"20W5S69Y00"
26343,"NRO_PARTE",4230753,"90NX0AL1-M00810"
26343,"NRO_PARTE",4231078,"WE15U9A115B"
26343,"NRO_PARTE",1683382,"M5G55LT#ABM"
26343,"NRO_PARTE",1683383,"M5G57LT#ABM"
26343,"NRO_PARTE",1683384,"M5G58LT#ABM"
26343,"NRO_PARTE",1683385,"M5G59LT#ABM"
26343,"NRO_PARTE",1683386,"M5G61LT#ABM"
26343,"NRO_PARTE",1683387,"M5G63LT#ABM"
26343,"NRO_PARTE",1683388,"M5G80LT#ABM"
26343,"NRO_PARTE",1683389,"M5G81LT#ABM"
26343,"NRO_PARTE",1683390,"M5G82LT#ABM"
26343,"NRO_PARTE",1683391,"M5G83LT#ABM"
26343,"NRO_PARTE",1683392,"M5G84LT#ABM"
26343,"NRO_PARTE",1683393,"M5G85LT#ABM"
26343,"NRO_PARTE",1683394,"M5G86LT#ABM"
26343,"NRO_PARTE",1683395,"M5G87LT#ABM"
26343,"NRO_PARTE",1683396,"M5G88LT#ABM"
26343,"NRO_PARTE",1683397,"M8X83LT#ABM"
26343,"NRO_PARTE",1683398,"M8X84LT#ABM"
26343,"NRO_PARTE",1683399,"M8X85LA#ABM"
26343,"NRO_PARTE",1683400,"M8X85LT#ABM"
26343,"NRO_PARTE",1683401,"M8X86LA#ABM"
26343,"NRO_PARTE",1683402,"M8X86LT#ABM"
26343,"NRO_PARTE",1683403,"M8X87LT#ABM"
26343,"NRO_PARTE",1683404,"M8X88LT#ABM"
26343,"NRO_PARTE",1683405,"M8X89LT#ABM"
26343,"NRO_PARTE",1683406,"M8X90LA#ABM"
26343,"NRO_PARTE",1683407,"M8X91LT#ABM"
26343,"NRO_PARTE",1683408,"M8X92LA#ABM"
26343,"NRO_PARTE",1683409,"M8X92LT#ABM"
26343,"NRO_PARTE",1683410,"M8X93LA#ABM"
26343,"NRO_PARTE",1683411,"M8X93LT#ABM"
26343,"NRO_PARTE",1683412,"M8X94LT#ABM"
26343,"NRO_PARTE",1683413,"M8X96LA#ABM"
26343,"NRO_PARTE",1683414,"M8X99LA#ABM"
26343,"NRO_PARTE",1683415,"M8Y01LT#ABM"
26343,"NRO_PARTE",1683416,"M8Y02LT#ABM"
26343,"NRO_PARTE",1683417,"M8Y03LT#ABM"
26343,"NRO_PARTE",1683418,"N1E29LA#ABM"
26343,"NRO_PARTE",1683419,"N2A83LA#ABM"
26343,"NRO_PARTE",1683420,"NBADNV729601"
26343,"NRO_PARTE",1683421,"NX.VBEAL.013"
26343,"NRO_PARTE",1683422,"NX.VBEAL.014"
26343,"NRO_PARTE",1683423,"OTLP1550051000N040500PE"
26343,"NRO_PARTE",1683424,"OTLP1550051000N041000PE"
26343,"NRO_PARTE",1683425,"153K0LT#ABM-OP"
26343,"NRO_PARTE",1683426,"2K9G0LA#ABM"
26343,"NRO_PARTE",1683427,"2S4X3LA#ABM-OP"
26343,"NRO_PARTE",1683428,"21ECS01N00"
26343,"NRO_PARTE",1683429,"53012JETN-MOB"
26343,"NRO_PARTE",1683430,"OTLP1550051000N080500PE"
26343,"NRO_PARTE",1683431,"OTLP1550051000N081000PE"
26343,"NRO_PARTE",1683432,"OTLP1550051000N160500PE"
26343,"NRO_PARTE",1683433,"OTLP1550051000N161000PE"
26343,"NRO_PARTE",1683434,"OTLP155005108WN040500PE"
26343,"NRO_PARTE",1683435,"OTLP155005108WN041000PE"
26343,"NRO_PARTE",1683436,"OTLP155005108WN080500PE"
26343,"NRO_PARTE",1683437,"OTLP155005108WN081000PE"
26343,"NRO_PARTE",1683438,"OTLP155005108WN160500PE"
26343,"NRO_PARTE",1683439,"OTLP155005108WN161000PE"
26343,"NRO_PARTE",1683440,"OTLP155005108WS040500PE"
26343,"NRO_PARTE",1683441,"OTLP155200108WS161000PE"
26343,"NRO_PARTE",1683442,"OTLP1552002000N040500PE"
26343,"NRO_PARTE",1728985,"20W1SGAX00"
26343,"NRO_PARTE",1728934,"20W1SG8200"
26343,"NRO_PARTE",1728937,"20W1SG8200-OP"
26343,"NRO_PARTE",3332828,"NL57AU"
26343,"NRO_PARTE",4120583,"MDL2509O4ZT9Q"
26343,"NRO_PARTE",1731730,"21ECS16J00"
26343,"NRO_PARTE",1731748,"21ECS16F00"
26343,"NRO_PARTE",1731759,"21ECS16K00"
26343,"NRO_PARTE",1731820,"21ECS17P00"
26343,"NRO_PARTE",1731836,"21ECS17R00"
26343,"NRO_PARTE",1834632,"801D8LT#ABM-OP"
26343,"NRO_PARTE",2627322,"5GMHP4V399"
26343,"NRO_PARTE",2627360,"582HP4V410"
26343,"NRO_PARTE",2627399,"58TH04V512"
26343,"NRO_PARTE",2627486,"90NX0741-M002F0 ."
26343,"NRO_PARTE",1832601,"MAXBOOK0003"
26343,"NRO_PARTE",4095748,"9J171LA#ABM-OP."
26343,"NRO_PARTE",1763960,"82TT00D0LM"
26343,"NRO_PARTE",1763961,"82TT00D0LM-OH"
26343,"NRO_PARTE",1763962,"82TT00D0LM-OP"
26343,"NRO_PARTE",3779366,"4PTL745-7U321SSS31-VP-B"
26343,"NRO_PARTE",2746844,"83A100CSLM-OH"
26343,"NRO_PARTE",2746853,"83A100CSLM-W-OH"
26343,"NRO_PARTE",2746855,"83A100CSLM-W-OP"
26343,"NRO_PARTE",2746856,"PML20U-1FJ07CM1-DE-OP"
26343,"NRO_PARTE",2746858,"PML20U-1FJ07CM1-EN-OP"
26343,"NRO_PARTE",2746865,"PML20U-1FJ07CM1-NE-OP"
26343,"NRO_PARTE",2746876,"PMM20U-24M07LM1-DE-OP"
26343,"NRO_PARTE",2531590,"82YU00X5LM"
26343,"NRO_PARTE",2531891,"30FN002WLM"
26343,"NRO_PARTE",2531902,"90NX06W1-M026X0-PS"
26343,"NRO_PARTE",2531907,"90NX06W1-M026X0-OP"
26343,"NRO_PARTE",2800357,"K14G2I308101P-2"
26343,"NRO_PARTE",2032387,"21H2S4HP00-OH"
26343,"NRO_PARTE",4231005,"WE15U7A115B"
26343,"NRO_PARTE",4231120,"BHM11U-00M01H"
26343,"NRO_PARTE",1683443,"OTLP1552002000N041000PE"
26343,"NRO_PARTE",1683444,"OTLP1552002000N080500PE"
26343,"NRO_PARTE",1683445,"OTLP1552002000N081000PE"
26343,"NRO_PARTE",1683446,"K4L77LT#ABM"
26343,"NRO_PARTE",1683447,"K4L78LT#ABM"
26343,"NRO_PARTE",1683448,"K4L79LT#ABM"
26343,"NRO_PARTE",1683449,"K4L86LT#ABM"
26343,"NRO_PARTE",1683450,"K4L88LT#ABM"
26343,"NRO_PARTE",1683451,"K4L89LT#ABM"
26343,"NRO_PARTE",1683452,"K4L90LT#ABM"
26343,"NRO_PARTE",1683453,"K4L91LT#ABM"
26343,"NRO_PARTE",1683454,"K4L92LT#ABM"
26343,"NRO_PARTE",1683455,"K4L93LT#ABM"
26343,"NRO_PARTE",1683456,"K4M05LT#ABM"
26343,"NRO_PARTE",1683457,"K4M06LT#ABM"
26343,"NRO_PARTE",1683458,"K4M13LA#ABM"
26343,"NRO_PARTE",1683459,"K4M14LA#ABM"
26343,"NRO_PARTE",1683460,"K4M45LA#ABM"
26343,"NRO_PARTE",1683461,"K4M58LT#ABM"
26343,"NRO_PARTE",1683462,"K4M59LT#ABM"
26343,"NRO_PARTE",1683463,"K4M60LT#ABM"
26343,"NRO_PARTE",1683464,"K4M61LT#ABM"
26343,"NRO_PARTE",1683465,"K4M62LT#ABM"
26343,"NRO_PARTE",1683466,"K4M64LT#ABM"
26343,"NRO_PARTE",1683467,"K4M65LA#ABM"
26343,"NRO_PARTE",1683468,"K5H80AA#ABM"
26343,"NRO_PARTE",1683469,"K9X95LA#ABM"
26343,"NRO_PARTE",1683470,"K9Y35LT#ABM"
26343,"NRO_PARTE",1683471,"K9Y36LT#ABM"
26343,"NRO_PARTE",1683472,"K9Y37LT#ABM"
26343,"NRO_PARTE",1683473,"K9Y38LT#ABM"
26343,"NRO_PARTE",1683474,"K9Y39LT#ABM"
26343,"NRO_PARTE",1683475,"K9Y69LT#ABM"
26343,"NRO_PARTE",1683476,"K9Y70LT#ABM"
26343,"NRO_PARTE",1683477,"K9Y71LT#ABM"
26343,"NRO_PARTE",1683478,"K9Y72LT#ABM"
26343,"NRO_PARTE",1683479,"K9Y74LT#ABM"
26343,"NRO_PARTE",1683480,"K9Y75LT#ABM"
26343,"NRO_PARTE",1683481,"K9Y76LT#ABM"
26343,"NRO_PARTE",1683482,"K9Y77LT#ABM"
26343,"NRO_PARTE",1683483,"K9Y78LT#ABM"
26343,"NRO_PARTE",1683484,"K9Y79LT#ABM"
26343,"NRO_PARTE",1683485,"K9Y87LT#ABM"
26343,"NRO_PARTE",1683486,"L3Z99LT#ABM"
26343,"NRO_PARTE",1683487,"L4A37LT#ABM"
26343,"NRO_PARTE",1683488,"L4A38LT#ABM"
26343,"NRO_PARTE",1683489,"L4A39LT#ABM"
26343,"NRO_PARTE",1683490,"L4A40LT#ABM"
26343,"NRO_PARTE",1683491,"L4A41LT#ABM"
26343,"NRO_PARTE",1683492,"L4A42LT#ABM"
26343,"NRO_PARTE",1683493,"L4A43LT#ABM"
26343,"NRO_PARTE",1683494,"L4A95LA#ABM"
26343,"NRO_PARTE",1683495,"L4A96LA#ABM"
26343,"NRO_PARTE",1683496,"L4A97LA#ABM"
26343,"NRO_PARTE",1683497,"L4A98LA#ABM"
26343,"NRO_PARTE",1683498,"L4A99LA#ABM"
26343,"NRO_PARTE",1683499,"L4B00LT#ABM"
26343,"NRO_PARTE",1683500,"20U6S3PS00"
26343,"NRO_PARTE",1683501,"20NES17500-OH"
26343,"NRO_PARTE",1683502,"153J8LT#ABM-OP"
26343,"NRO_PARTE",1683503,"20U6S2MG00"
26343,"NRO_PARTE",1683504,"30Z03LS#ABM"
26343,"NRO_PARTE",3756975,"4PTLPR14-7U161SSS3-VP"
26343,"NRO_PARTE",3723022,"T16G8C73482100-OH"
26343,"NRO_PARTE",1731603,"21CSS1NR00"
26343,"NRO_PARTE",1731604,"21CSS1NW00"
26343,"NRO_PARTE",1731605,"21CSS1P200"
26343,"NRO_PARTE",1731606,"21CSS1NG00"
26343,"NRO_PARTE",1731630,"21CSS1NP00"
26343,"NRO_PARTE",1731631,"21CSS1P100"
26343,"NRO_PARTE",1731632,"21CSS1NT00"
26343,"NRO_PARTE",1731633,"21CSS1NM00"
26343,"NRO_PARTE",1731674,"21CSS1NS00"
26343,"NRO_PARTE",3779310,"4PTL745-7U321SSS30-VP-B"
26343,"NRO_PARTE",2746679,"T14G6I518101"
26343,"NRO_PARTE",2746684,"T14G6I518101-OH"
26343,"NRO_PARTE",2746789,"T14G6I7216201-OP"
26343,"NRO_PARTE",2746815,"T14G6I7232201"
26343,"NRO_PARTE",2746851,"83A100CSLM-W"
26343,"NRO_PARTE",2746857,"PML20U-1FJ07CM1-ED-OP"
26343,"NRO_PARTE",2746886,"PMM20U-24M07LM1-ED-OP"
26343,"NRO_PARTE",2531750,"V15G4I71216201P"
26343,"NRO_PARTE",2800073,"E14G6R31081021-OP"
26343,"NRO_PARTE",2800396,"K14G2I308201H-2"
26343,"NRO_PARTE",2800397,"K14G2I308201P-2"
26343,"NRO_PARTE",1900821,"V15#G4#R5008001PA"
26343,"NRO_PARTE",3140030,"T14G7U5168201"
26343,"NRO_PARTE",1683505,"618T2LT#ABM-OP"
26343,"NRO_PARTE",1683506,"53012KFW-MOP"
26343,"NRO_PARTE",1683507,"6U881LA#ABM-OH"
26343,"NRO_PARTE",1683508,"20Q6S7GG00"
26343,"NRO_PARTE",1683509,"20NES12200"
26343,"NRO_PARTE",1683510,"9PTL54-781SOPP3"
26343,"NRO_PARTE",1683511,"20NFS0L700"
26343,"NRO_PARTE",1683512,"9PTL54-581SOPP3"
26343,"NRO_PARTE",1683513,"9VL71LA#ABM"
26343,"NRO_PARTE",1683514,"9VL75LA#ABM"
26343,"NRO_PARTE",1683515,"9VL70LA#ABM"
26343,"NRO_PARTE",1683516,"9VL73LA#ABM"
26343,"NRO_PARTE",1683517,"20QES5TW00"
26343,"NRO_PARTE",1683518,"20Q6S7GC00"
26343,"NRO_PARTE",1683519,"20QES6WB00"
26343,"NRO_PARTE",1683520,"9PTL34-581SS3-2V"
26343,"NRO_PARTE",1683521,"7PB29LA#ABM"
26343,"NRO_PARTE",1683522,"20QES6HH00"
26343,"NRO_PARTE",1683523,"20QES6HJ00"
26343,"NRO_PARTE",1683524,"9PTL34-581OH3-19-2V"
26343,"NRO_PARTE",1683525,"9PTL34-581OP3-19-2V"
26343,"NRO_PARTE",1683526,"7PB31LA#ABM"
26343,"NRO_PARTE",1683527,"9PTL34-781SS3-2V"
26343,"NRO_PARTE",1683528,"9PTL34-781OP3-19-2V"
26343,"NRO_PARTE",1683529,"9PTL34-781OH3-19-2V"
26343,"NRO_PARTE",1683530,"20Q6S6VK00"
26343,"NRO_PARTE",1683531,"20Q6S7GB00"
26343,"NRO_PARTE",1683532,"9VD34LS#ABM"
26343,"NRO_PARTE",1683533,"20NES05700"
26343,"NRO_PARTE",1683534,"20NES0W600"
26343,"NRO_PARTE",1683535,"20N9S32100"
26343,"NRO_PARTE",1683536,"20N9S32500"
26343,"NRO_PARTE",1683537,"20N9S32M00"
26343,"NRO_PARTE",1683538,"9LL73LS#ABM"
26343,"NRO_PARTE",1683539,"81UV00A9LM-15"
26343,"NRO_PARTE",1683540,"81UV00A9LM-12"
26343,"NRO_PARTE",1683541,"81NB00FJLM-03"
26343,"NRO_PARTE",1683542,"0PTL341-3825SS3-C"
26343,"NRO_PARTE",1683543,"20U2S16B00"
26343,"NRO_PARTE",1683544,"81UV00A9LM-10"
26343,"NRO_PARTE",1683545,"81UV00A9LM-02"
26343,"NRO_PARTE",1683546,"0PTL341-3800OP1-H"
26343,"NRO_PARTE",1683547,"0PTL341-3800OH1"
26343,"NRO_PARTE",1683548,"32783022-OH"
26343,"NRO_PARTE",1683549,"ID: 32782598"
26343,"NRO_PARTE",1683550,"ID: 32782902"
26343,"NRO_PARTE",1683551,"20U4S1DG00"
26343,"NRO_PARTE",1683552,"20U4S1DJ00"
26343,"NRO_PARTE",1683553,"20U4S1DL00"
26343,"NRO_PARTE",1683554,"1M9U3LT#ABM"
26343,"NRO_PARTE",1683555,"0PTL341-381SS3-H"
26343,"NRO_PARTE",1683556,"0PTL341-381OH3"
26343,"NRO_PARTE",1683557,"0PTL341-381OH3-C"
26343,"NRO_PARTE",1683558,"0PTL341-381OH3-C-H"
26343,"NRO_PARTE",1683559,"0PTL351-3812OH1-H-LTE"
26343,"NRO_PARTE",1683560,"0PTL351-3812OH1-C-H-LTE"
26343,"NRO_PARTE",1683561,"20U2S2BP00"
26343,"NRO_PARTE",1683562,"20U2S2CC00"
26343,"NRO_PARTE",1683563,"20U2S2CD00"
26343,"NRO_PARTE",1683564,"32783024-OH"
26343,"NRO_PARTE",1683565,"32783028-OH"
26343,"NRO_PARTE",1683566,"32783033-OH"
26343,"NRO_PARTE",1728986,"20W1SGAX00-OH"
26343,"NRO_PARTE",1728987,"20W1SGAX00-OP"
26343,"NRO_PARTE",3332832,"N5GTHMB001"
26343,"NRO_PARTE",1731670,"21CSS1NK00"
26343,"NRO_PARTE",1731671,"21CSS1NV00"
26343,"NRO_PARTE",1731672,"21CSS1NL00"
26343,"NRO_PARTE",3778186,"T14SG5U721162100-OH"
26343,"NRO_PARTE",3778255,"T14SG5U721162100D"
26343,"NRO_PARTE",2746707,"T14G6I518201-OH"
26343,"NRO_PARTE",2746719,"T14G6I5116101"
26343,"NRO_PARTE",2746728,"T14G6I5116201-OP"
26343,"NRO_PARTE",2746736,"T14G6I728101"
26343,"NRO_PARTE",2746743,"T14G6I728101-OH"
26343,"NRO_PARTE",2746748,"T14G6I728101-OP"
26343,"NRO_PARTE",2746766,"T14G6I7216101"
26343,"NRO_PARTE",2800395,"K14G2I308201-2"
26343,"NRO_PARTE",2800440,"K14G2I308001-2"
26343,"NRO_PARTE",2800441,"K14G2I308001H-2"
26343,"NRO_PARTE",2800442,"K14G2I308001P-2"
26343,"NRO_PARTE",1901057,"V15#G4#R501610PA"
26343,"NRO_PARTE",1901107,"V15#G4#R5016101HH5"
26343,"NRO_PARTE",3139996,"T14G7U5168001-OH"
26343,"NRO_PARTE",3140063,"T14G7U5168201-OH"
26343,"NRO_PARTE",4231102,"BHM11U-00M01H-OH"
26343,"NRO_PARTE",4231187,"CPAX-26001"
26343,"NRO_PARTE",4231223,"CPAX-26004"
26343,"NRO_PARTE",1683567,"153B7LT#ABM-W"
26343,"NRO_PARTE",1683568,"1Q8E8LS#ABM"
26343,"NRO_PARTE",1683569,"1S1R3LA#ABM"
26343,"NRO_PARTE",1683570,"1S1R0LA#ABM-L"
26343,"NRO_PARTE",1683571,"1Q6K6LS#ABM-C"
26343,"NRO_PARTE",1683572,"1S1P9LA#ABM"
26343,"NRO_PARTE",1683573,"1S1S3LA#ABM-E"
26343,"NRO_PARTE",1683574,"1Q1B6LS#ABM"
26343,"NRO_PARTE",1683575,"81NB00FNLM-05"
26343,"NRO_PARTE",1683576,"81NB00FNLM-06"
26343,"NRO_PARTE",1683577,"81NB00FNLM-07"
26343,"NRO_PARTE",1683578,"81UV00A9LM-01"
26343,"NRO_PARTE",1683579,"1S1Q6LA#ABM"
26343,"NRO_PARTE",1683580,"L8D18LA#ABM"
26343,"NRO_PARTE",1683581,"L8D19LA#ABM"
26343,"NRO_PARTE",1683582,"L8D19LT#ABM"
26343,"NRO_PARTE",1683583,"L8D20LT#ABM"
26343,"NRO_PARTE",1683584,"L8D21LA#ABM"
26343,"NRO_PARTE",1683585,"L8D21LT#ABM"
26343,"NRO_PARTE",1683586,"L8D22LA#ABM"
26343,"NRO_PARTE",1683587,"L8D23LT#ABM"
26343,"NRO_PARTE",1683588,"L8D24LA#ABM"
26343,"NRO_PARTE",1683589,"L8D24LT#ABM"
26343,"NRO_PARTE",1683590,"L8D25LT#ABM"
26343,"NRO_PARTE",1683591,"L8D26LA#ABM"
26343,"NRO_PARTE",1683592,"L8D27LA#ABM"
26343,"NRO_PARTE",1683593,"L8D28LA#ABM"
26343,"NRO_PARTE",1683594,"L8D33LA#ABM"
26343,"NRO_PARTE",1683595,"L8D34LA#ABM"
26343,"NRO_PARTE",1683596,"L8D42LT#ABM"
26343,"NRO_PARTE",1683597,"L8D43LT#ABM"
26343,"NRO_PARTE",1683598,"L8D44LT#ABM"
26343,"NRO_PARTE",1683599,"L8D45LT#ABM"
26343,"NRO_PARTE",1683600,"L8E53LT#ABM"
26343,"NRO_PARTE",1683601,"L8E54LT#ABM"
26343,"NRO_PARTE",1683602,"L8E56LT#ABM"
26343,"NRO_PARTE",1683603,"L8E57LT#ABM"
26343,"NRO_PARTE",1683604,"L8E58LA#ABM"
26343,"NRO_PARTE",1683605,"L8E59LA#ABM"
26343,"NRO_PARTE",1683606,"L8E60LA#ABM"
26343,"NRO_PARTE",1683607,"L8E61LA#ABM"
26343,"NRO_PARTE",1683608,"L8E73LA#ABM"
26343,"NRO_PARTE",1683609,"L8E77LT#ABM"
26343,"NRO_PARTE",1683610,"L8E78LT#ABM"
26343,"NRO_PARTE",1683611,"L8E80LT#ABM"
26343,"NRO_PARTE",1683612,"L8E82LT#ABM"
26343,"NRO_PARTE",1683613,"L8E84LT#ABM"
26343,"NRO_PARTE",1683614,"L9G81LT#ABM"
26343,"NRO_PARTE",1683615,"L9G82LT#ABM"
26343,"NRO_PARTE",1683616,"L9G85LA#ABM"
26343,"NRO_PARTE",1683617,"L9G86LA#ABM"
26343,"NRO_PARTE",1683618,"L9G87LA#ABM"
26343,"NRO_PARTE",1683619,"L9G88LA#ABM"
26343,"NRO_PARTE",1683620,"L9G89LA#ABM"
26343,"NRO_PARTE",1683621,"L9G90LA#ABM"
26343,"NRO_PARTE",1683622,"L9G91LA#ABM"
26343,"NRO_PARTE",1683623,"L9G92LA#ABM"
26343,"NRO_PARTE",1683624,"L9G93LA#ABM"
26343,"NRO_PARTE",1683625,"6PTL747-51652OH4"
26343,"NRO_PARTE",1683626,"6PTL747-51652OH5"
26343,"NRO_PARTE",1683627,"6PTL747-51652OP3"
26343,"NRO_PARTE",1683628,"6PTL747-51652OP4"
26343,"NRO_PARTE",1728811,"21EES1E200"
26343,"NRO_PARTE",1728816,"3PTL743-7161SSS3-VP-A3"
26343,"NRO_PARTE",3722842,"T16G8C73481100-OH"
26343,"NRO_PARTE",3722931,"T16G8C73482100"
26343,"NRO_PARTE",4120677,"90NX08N1-M00C30"
26343,"NRO_PARTE",4120706,"90NX08F1-M00750"
26343,"NRO_PARTE",3861863,"AR2K9LS#ABM"
26343,"NRO_PARTE",3861878,"AR2K9LS#ABM-OH4"
26343,"NRO_PARTE",3778315,"T14SG5U721162100W"
26343,"NRO_PARTE",1767389,"PML20U-0N8021."
26343,"NRO_PARTE",2531779,"V15G4I71216201P-H"
26343,"NRO_PARTE",2531832,"90NX06X1-M01920-OP-PS"
26343,"NRO_PARTE",2531836,"90NX06X1-M01920-OH-PS"
26343,"NRO_PARTE",2531857,"90NX06X1-M01M30"
26343,"NRO_PARTE",2800487,"K14G2I316001-2"
26343,"NRO_PARTE",1901047,"V15#G4#R5016101HH"
26343,"NRO_PARTE",4067460,"E14G7C5H162100"
26343,"NRO_PARTE",3139953,"T14G7U5168001"
26343,"NRO_PARTE",4231146,"PNL13U-0CT009-D"
26343,"NRO_PARTE",4231218,"NG15U7B161"
26343,"NRO_PARTE",1683629,"6PTL747-51652OP5"
26343,"NRO_PARTE",1683630,"6PTL747-51652SS3"
26343,"NRO_PARTE",1683631,"6PTL747-51652SS4"
26343,"NRO_PARTE",1683632,"6PTL747-51652SS5"
26343,"NRO_PARTE",1683633,"6PTL747-71652OH3"
26343,"NRO_PARTE",1683634,"6PTL747-71652OH4"
26343,"NRO_PARTE",1683635,"6PTL747-71652OH5"
26343,"NRO_PARTE",1683636,"6PTL747-71652OP3"
26343,"NRO_PARTE",1683637,"J2L81LT#ABM"
26343,"NRO_PARTE",1683638,"J2L87LT#ABM"
26343,"NRO_PARTE",1683639,"J2M10LA#ABM"
26343,"NRO_PARTE",1683640,"J2M10LT#ABM"
26343,"NRO_PARTE",1683641,"J2M16LT#ABM"
26343,"NRO_PARTE",1683642,"J2M17LT#ABM"
26343,"NRO_PARTE",1683643,"J2M18LT#ABM"
26343,"NRO_PARTE",1683644,"J2M19LT#ABM"
26343,"NRO_PARTE",1683645,"J2M20LT#ABM"
26343,"NRO_PARTE",1683646,"J2M21LT#ABM"
26343,"NRO_PARTE",1683647,"J2M22LT#ABM"
26343,"NRO_PARTE",1683648,"J2M23LT#ABM"
26343,"NRO_PARTE",1683649,"J2M24LT#ABM"
26343,"NRO_PARTE",1683650,"J2M25LT#ABM"
26343,"NRO_PARTE",1683651,"NBHYA3BVA20"
26343,"NRO_PARTE",1683652,"S26391-K503-V100#103"
26343,"NRO_PARTE",1683653,"NBHPA3BVA2A"
26343,"NRO_PARTE",1683654,"NBH3A3BVA2C"
26343,"NRO_PARTE",1683655,"NBPVA3BVA3W"
26343,"NRO_PARTE",1683656,"20QKS2NL00"
26343,"NRO_PARTE",1683657,"0PTL551-7161OH3-FHD-4V"
26343,"NRO_PARTE",1683658,"1PTL342-582SOP3-A1-4"
26343,"NRO_PARTE",1683659,"NBLB03BVA4G"
26343,"NRO_PARTE",1683660,"NL50LU"
26343,"NRO_PARTE",1683661,"NB0BV3BVA4K"
26343,"NRO_PARTE",1683662,"NBP5A3BVA3M"
26343,"NRO_PARTE",1683663,"NBP1A3BVA3O"
26343,"NRO_PARTE",1683664,"NB0VV3BVA4O"
26343,"NRO_PARTE",1683665,"NBLC03BVA4H"
26343,"NRO_PARTE",1683666,"NB04A3BVA18"
26343,"NRO_PARTE",1683667,"NBPFA3BVA3P"
26343,"NRO_PARTE",1683668,"NBLV03BVA4M"
26343,"NRO_PARTE",1683669,"NBPGA3BVA3R"
26343,"NRO_PARTE",1683670,"82KB00G7LM"
26343,"NRO_PARTE",1683671,"1S1R1LA#ABM"
26343,"NRO_PARTE",1683672,"0PTL341-3800SS3"
26343,"NRO_PARTE",1683673,"0PTL341-3800OH3"
26343,"NRO_PARTE",1683674,"20U2S28Y00"
26343,"NRO_PARTE",1683675,"1S1R4LA#ABM-SO"
26343,"NRO_PARTE",1683676,"20U2S2CL00"
26343,"NRO_PARTE",1683677,"1U3W4LS#ABM-O"
26343,"NRO_PARTE",1683678,"0PTL341-381SS3"
26343,"NRO_PARTE",1683679,"1S1P8LA#ABM-OH"
26343,"NRO_PARTE",1683680,"1S1U3LA#ABM"
26343,"NRO_PARTE",1683681,"1S1Q0LA#ABM"
26343,"NRO_PARTE",1683682,"1Q6J8LS#ABM"
26343,"NRO_PARTE",1683683,"1Q3S7LS#ABM"
26343,"NRO_PARTE",1683684,"1S1R0LA#ABM"
26343,"NRO_PARTE",1683685,"81UV00A9LM-11"
26343,"NRO_PARTE",1683686,"2X033LT#ABM-SO"
26343,"NRO_PARTE",1683687,"81UV00A9LM-04"
26343,"NRO_PARTE",1683688,"0PTL341-3800OP3"
26343,"NRO_PARTE",1683689,"32783043-OH"
26343,"NRO_PARTE",1683690,"1Q8E9LS#ABM"
26343,"NRO_PARTE",1728878,"20W1SG5X00"
26343,"NRO_PARTE",1728879,"20W1SG5X00-OH"
26343,"NRO_PARTE",3968292,"C11XWLS#ABM-OH4"
26343,"NRO_PARTE",4120691,"90NX08N1-M00C30-OH"
26343,"NRO_PARTE",4120722,"90NX08F1-M00750-OH"
26343,"NRO_PARTE",1763727,"21E4S24P00"
26343,"NRO_PARTE",2746847,"83A100CSLM-OP"
26343,"NRO_PARTE",2747004,"E16G2R5108101"
26343,"NRO_PARTE",2747019,"E16G2R5108101OP"
26343,"NRO_PARTE",2747039,"E16G2R5116101"
26343,"NRO_PARTE",2747045,"E16G2R5116101OH"
26343,"NRO_PARTE",2531830,"90NX06X1-M01960-PS"
26343,"NRO_PARTE",2531883,"90NX06W1-M026X0"
26343,"NRO_PARTE",2531888,"82TT00EALM."
26343,"NRO_PARTE",2531896,"21E4S2H500"
26343,"NRO_PARTE",2531906,"90NX06W1-M026X0-OH"
26343,"NRO_PARTE",2800355,"K14G2I308101-2"
26343,"NRO_PARTE",1900985,"V15#G4#R5008101HH"
26343,"NRO_PARTE",4067351,"E14G7C5H161100-OH"
26343,"NRO_PARTE",1726413,"20W5S69Y00-OP"
26343,"NRO_PARTE",1726415,"20X4S7EV00"
26343,"NRO_PARTE",1726416,"20X4S7EV00-OH"
26343,"NRO_PARTE",4230713,"D61MFLT#ABM-OH4W"
26343,"NRO_PARTE",4230731,"PNL21U-1MH01W-OH"
26343,"NRO_PARTE",4231212,"CPAX-26003"
26343,"NRO_PARTE",4231436,"WE15U9A115B-1"
26343,"NRO_PARTE",2789284,"T14G6I308001-OH2"
26343,"NRO_PARTE",2789301,"A24ZQLT#ABM-OP"
26343,"NRO_PARTE",2789325,"A24ZWLA#ABM"
26343,"NRO_PARTE",1683691,"1S1P8LA#ABM"
26343,"NRO_PARTE",1683692,"7UB71LT#ABM"
26343,"NRO_PARTE",1683693,"32782902-OH"
26343,"NRO_PARTE",1683694,"GP73-8RE-C78750324811060N6"
26343,"NRO_PARTE",1683695,"GP73-8RE-C78750329611060N6"
26343,"NRO_PARTE",1683696,"GP73-8RE-C78750162411060N6"
26343,"NRO_PARTE",1683697,"GP73-8RE-C78750321211060N6"
26343,"NRO_PARTE",1683698,"GP73-8RE-C7875032961060N6"
26343,"NRO_PARTE",1683699,"GP73-8RE-C78750161211060N6"
26343,"NRO_PARTE",1683700,"GP73-8RE-C7875016961060N6"
26343,"NRO_PARTE",1683701,"GP73-8RE-C78750169611060N6"
26343,"NRO_PARTE",1683702,"14Z980-G-GOB"
26343,"NRO_PARTE",1683703,"20LES5LX00"
26343,"NRO_PARTE",1683704,"20LES5LY00"
26343,"NRO_PARTE",1683705,"20LES5JY00"
26343,"NRO_PARTE",1683706,"20LES5M000"
26343,"NRO_PARTE",1683707,"6EH68LT#ABM"
26343,"NRO_PARTE",1683708,"20L6S99T00"
26343,"NRO_PARTE",1683709,"6MK75LT#ABM"
26343,"NRO_PARTE",1683710,"6DH60LT#ABM"
26343,"NRO_PARTE",1683711,"20KUS0CY00"
26343,"NRO_PARTE",1683712,"6MF14LT#ABM"
26343,"NRO_PARTE",1683713,"6MK89LT#ABM"
26343,"NRO_PARTE",1683714,"6GJ38LT#ABM"
26343,"NRO_PARTE",1683715,"15Z980-G-GOB-OFC"
26343,"NRO_PARTE",1683716,"14Z980-G-GOB-OFC"
26343,"NRO_PARTE",1683717,"9MR55LS#ABM"
26343,"NRO_PARTE",1683718,"9LL56LS#ABM"
26343,"NRO_PARTE",1683719,"81MH001HPD"
26343,"NRO_PARTE",1683720,"81MQ001ALM"
26343,"NRO_PARTE",1683721,"9LY21LS#ABM"
26343,"NRO_PARTE",1683722,"9LL75LS#ABM"
26343,"NRO_PARTE",1683723,"9PTL34-3812OS1-S-H"
26343,"NRO_PARTE",1683724,"9PTL34-381SOS3-S-H"
26343,"NRO_PARTE",1683725,"9PTL34-381SOS1-S-H"
26343,"NRO_PARTE",1683726,"9PTL54-7812SS3-VP-H"
26343,"NRO_PARTE",1683727,"9PTL54-7812OP3-19-VP-H"
26343,"NRO_PARTE",1683728,"81MH001TPD"
26343,"NRO_PARTE",1683729,"81MQ0018LM"
26343,"NRO_PARTE",1683730,"81MQ001YLM"
26343,"NRO_PARTE",1683731,"9MR65LS#ABM"
26343,"NRO_PARTE",1683732,"9MR60LS#ABM"
26343,"NRO_PARTE",1683733,"9LY15LS#ABM"
26343,"NRO_PARTE",1683734,"9LY14LS#ABM"
26343,"NRO_PARTE",1683735,"9LE77LS#ABM"
26343,"NRO_PARTE",1683736,"9LE76LS#ABM"
26343,"NRO_PARTE",1683737,"J2M36LA#ABM"
26343,"NRO_PARTE",1683738,"J2M45LA#ABM"
26343,"NRO_PARTE",1683739,"J2M46LA#ABM"
26343,"NRO_PARTE",1683740,"J5N26LT#ABM"
26343,"NRO_PARTE",1683741,"J5N44LA#ABM"
26343,"NRO_PARTE",1683742,"J5P01LT#ABM"
26343,"NRO_PARTE",1683743,"J5P02LT#ABM"
26343,"NRO_PARTE",1683744,"J5P73LA#ABM"
26343,"NRO_PARTE",1683745,"J5P74LA#ABM"
26343,"NRO_PARTE",1683746,"J5P75LT#ABM"
26343,"NRO_PARTE",1683747,"J5Q07LT#ABM"
26343,"NRO_PARTE",1683748,"J5Q08LT#ABM"
26343,"NRO_PARTE",1683749,"J5Q09LA#ABM"
26343,"NRO_PARTE",1683750,"J6E00AW#ABM"
26343,"NRO_PARTE",1683751,"J6E02AW#ABM"
26343,"NRO_PARTE",1683752,"J6J47AW#ABM"
26343,"NRO_PARTE",2515197,"21EES2D300-OP"
26343,"NRO_PARTE",3764236,"4PTLPR14-7U161SOH4-VP-B"
26343,"NRO_PARTE",2800678,"K14G2I508201P-2"
26343,"NRO_PARTE",1738758,"21E7S1F600"
26343,"NRO_PARTE",1738762,"21E7S34Q00"
26343,"NRO_PARTE",2141449,"PML20U-1F807C-OH"
26343,"NRO_PARTE",2141451,"PML20U-0VL011."
26343,"NRO_PARTE",2141452,"PML20U-0VL011-OH."
26343,"NRO_PARTE",2141453,"PML20U-0VL011-OP."
26343,"NRO_PARTE",2141455,"PML20U-1F907C-A"
26343,"NRO_PARTE",2141457,"PML20U-1F907C-A-OP"
26343,"NRO_PARTE",2509836,"90NX06X1-M01920-OH"
26343,"NRO_PARTE",1832202,"20TES4A000 -OH"
26343,"NRO_PARTE",1832203,"20TES4A000."
26343,"NRO_PARTE",1832250,"MAXBOOK0001"
26343,"NRO_PARTE",1880196,"82YU00XYLM-OH"
26343,"NRO_PARTE",2799677,"E14G5R50708201P4"
26343,"NRO_PARTE",1779654,"V15G3I3908001#HA"
26343,"NRO_PARTE",1779655,"V15G3I3908001#PA"
26343,"NRO_PARTE",1779656,"V15G3I390800#1A"
26343,"NRO_PARTE",1779658,"V15G3I390800#1PA"
26343,"NRO_PARTE",1779671,"V15G3I3908011HA"
26343,"NRO_PARTE",1779672,"V15G3I3908011PA"
26343,"NRO_PARTE",1779675,"V15G3I3908011#HA"
26343,"NRO_PARTE",1779676,"V15G3I3908011#PA"
26343,"NRO_PARTE",3966808,"90NX0741-M002F0-OH-LT"
26343,"NRO_PARTE",3966811,"PDA58U-05500L"
26343,"NRO_PARTE",1745916,"CR30U-1YU03H-OP"
26343,"NRO_PARTE",1746499,"3PTL533-7161SOH3-FHD"
26343,"NRO_PARTE",1683753,"J7Z16AW#ABM"
26343,"NRO_PARTE",1683754,"J8U18LT#ABM"
26343,"NRO_PARTE",1683755,"J8U42LA#ABM"
26343,"NRO_PARTE",1683756,"J8U49LT#ABM"
26343,"NRO_PARTE",1683757,"J8U78LA#ABM"
26343,"NRO_PARTE",1683758,"J8U95LT#ABM"
26343,"NRO_PARTE",1683759,"J8V08LA#ABM"
26343,"NRO_PARTE",1683760,"J8V09LA#ABM"
26343,"NRO_PARTE",1683761,"J8V09LT#ABM"
26343,"NRO_PARTE",1683762,"J8V14LA#ABM"
26343,"NRO_PARTE",1683763,"J8V53LT#ABM"
26343,"NRO_PARTE",1683764,"J8V54LT#ABM"
26343,"NRO_PARTE",1683765,"J8V55LT#ABM"
26343,"NRO_PARTE",1683766,"J8V56LA#ABM"
26343,"NRO_PARTE",1683767,"J8V57LT#ABM"
26343,"NRO_PARTE",1683768,"J8V58LT#ABM"
26343,"NRO_PARTE",1683769,"J8V60LT#ABM"
26343,"NRO_PARTE",1683770,"J8V61LT#ABM"
26343,"NRO_PARTE",1683771,"J9Z38AW#ABM"
26343,"NRO_PARTE",1683772,"J9Z41AW#ABM"
26343,"NRO_PARTE",1683773,"K4J73LT#ABM"
26343,"NRO_PARTE",1683774,"K4J74LT#ABM"
26343,"NRO_PARTE",1683775,"K4J75LT#ABM"
26343,"NRO_PARTE",1683776,"K4J81LA#ABM"
26343,"NRO_PARTE",1683777,"K4J88LT#ABM"
26343,"NRO_PARTE",1683778,"K4J89LT#ABM"
26343,"NRO_PARTE",1683779,"K4J90LT#ABM"
26343,"NRO_PARTE",1683780,"K4K15LA#ABM"
26343,"NRO_PARTE",1683781,"K4K51LT#ABM"
26343,"NRO_PARTE",1683782,"K4K69LT#ABM"
26343,"NRO_PARTE",1683783,"K4K70LT#ABM"
26343,"NRO_PARTE",1683784,"K4L33LA#ABM"
26343,"NRO_PARTE",1683785,"K4L66LT#ABM"
26343,"NRO_PARTE",1683786,"K4L68LT#ABM"
26343,"NRO_PARTE",1683787,"K4L69LT#ABM"
26343,"NRO_PARTE",1683788,"K4L70LT#ABM"
26343,"NRO_PARTE",1683789,"K4L71LT#ABM"
26343,"NRO_PARTE",1683790,"K4L72LT#ABM"
26343,"NRO_PARTE",1683791,"K4L73LT#ABM"
26343,"NRO_PARTE",1683792,"K4L76LT#ABM"
26343,"NRO_PARTE",1683793,"NBLE03BVA03"
26343,"NRO_PARTE",1683794,"L4B01LA#ABM"
26343,"NRO_PARTE",1683795,"L4B02LA#ABM"
26343,"NRO_PARTE",1683796,"L4B04LA#ABM"
26343,"NRO_PARTE",1683797,"L4B04LT#ABM"
26343,"NRO_PARTE",1683798,"L4B05LA#ABM"
26343,"NRO_PARTE",1683799,"L4B05LT#ABM"
26343,"NRO_PARTE",1683800,"L4B06LA#ABM"
26343,"NRO_PARTE",1683801,"L4B07LA#ABM"
26343,"NRO_PARTE",1683802,"L4B07LT#ABM"
26343,"NRO_PARTE",1683803,"L4B10LA#ABM"
26343,"NRO_PARTE",1683804,"L4B10LT#ABM"
26343,"NRO_PARTE",1683805,"L4B11LA#ABM"
26343,"NRO_PARTE",1683806,"L4B11LT#ABM"
26343,"NRO_PARTE",1683807,"L4B12LA#ABM"
26343,"NRO_PARTE",1683808,"L4B12LT#ABM"
26343,"NRO_PARTE",1683809,"L4B13LA#ABM"
26343,"NRO_PARTE",1683810,"K14 1"
26343,"NRO_PARTE",1683811,"K14 2"
26343,"NRO_PARTE",1683812,"K14 3"
26343,"NRO_PARTE",1683813,"K14 4"
26343,"NRO_PARTE",1683814,"K14 5"
26343,"NRO_PARTE",1683815,"K14 6"
26343,"NRO_PARTE",2940825,"T16G7U5168101-OH"
26343,"NRO_PARTE",1687700,"0PTL341-7812SS3-FHD"
26343,"NRO_PARTE",1687701,"20UCS1FE00"
26343,"NRO_PARTE",1687702,"20SXS04200"
26343,"NRO_PARTE",1687703,"0PTL341-7812OH3-FHD"
26343,"NRO_PARTE",1687704,"21E4S11X00"
26343,"NRO_PARTE",1687705,"21C2S3PX00"
26343,"NRO_PARTE",1687706,"21C2S3PX00-OP"
26343,"NRO_PARTE",1687707,"21C2S3PX00-OH"
26343,"NRO_PARTE",1687708,"21E4S11P00-OP"
26343,"NRO_PARTE",1687709,"21E4S11V00-OP"
26343,"NRO_PARTE",1687710,"21ECS0JW00-OH"
26343,"NRO_PARTE",1687711,"21E4S11W00-OP"
26343,"NRO_PARTE",1687712,"21E4S11W00-OH"
26343,"NRO_PARTE",1687713,"21C4S41M00"
26343,"NRO_PARTE",1687714,"21E4S11R00"
26343,"NRO_PARTE",1687715,"21AJS66C00-OH"
26343,"NRO_PARTE",1687716,"21BWS2GF00"
26343,"NRO_PARTE",1687717,"21BWS2GK00"
26343,"NRO_PARTE",1687718,"21BWS2GK00-OP"
26343,"NRO_PARTE",1687719,"21BWS2GA00"
26343,"NRO_PARTE",1687720,"21BWS2GC00"
26343,"NRO_PARTE",1687721,"21BWS2GD00-OP"
26343,"NRO_PARTE",1687722,"21BWS2G800"
26343,"NRO_PARTE",1687723,"21BWS2G900"
26343,"NRO_PARTE",1687724,"21BWS2GB00"
26343,"NRO_PARTE",1687725,"21CUS0GG00-OP"
26343,"NRO_PARTE",1687726,"21CUS0GF00-OH"
26343,"NRO_PARTE",1687727,"21EES0MY00-OP"
26343,"NRO_PARTE",1687728,"21E4S13800"
26343,"NRO_PARTE",1687729,"20TBS70700"
26343,"NRO_PARTE",1687730,"3Y2J3LS#ABM-OP"
26343,"NRO_PARTE",1687731,"3Y2J6LS#ABM"
26343,"NRO_PARTE",1687732,"20X4S4BS00"
26343,"NRO_PARTE",1687733,"20X4S4BK00"
26343,"NRO_PARTE",1687734,"3Y2J6LS#ABM-OH"
26343,"NRO_PARTE",1687735,"20YDS0AJ00"
26343,"NRO_PARTE",1687736,"3Y2J6LS#ABM-OP"
26343,"NRO_PARTE",1687737,"20X2S3LU00"
26343,"NRO_PARTE",1687738,"20X2S3LY00"
26343,"NRO_PARTE",1687739,"20X2S3LJ00"
26343,"NRO_PARTE",1687740,"THINKPAD L14 GEN 2 (INTEL)"
26343,"NRO_PARTE",1687741,"20X2S3LH00"
26343,"NRO_PARTE",1687742,"20X6S0KR00"
26343,"NRO_PARTE",1687743,"20X6S0KT00"
26343,"NRO_PARTE",1687744,"20X2S3L700"
26343,"NRO_PARTE",1687745,"NB0FAVA1D"
26343,"NRO_PARTE",1687746,"1PTL552-3425OP3-FHD"
26343,"NRO_PARTE",1687747,"1PTL552-3425OH1-HD"
26343,"NRO_PARTE",1687748,"1PTL552-3825SS1-HD"
26343,"NRO_PARTE",1687749,"1PTL542-3425OH1-FHD"
26343,"NRO_PARTE",1687750,"1PTL542-3425SS3-FHD"
26343,"NRO_PARTE",1687751,"NB0ZA3BVA0V"
26343,"NRO_PARTE",1687752,"20TES62700"
26343,"NRO_PARTE",1687753,"20TES62600"
26343,"NRO_PARTE",1687754,"20TES62300"
26343,"NRO_PARTE",1687755,"20TES62100"
26343,"NRO_PARTE",1687756,"20TES62G00"
26343,"NRO_PARTE",1687757,"0PTL351-781SS3-I"
26343,"NRO_PARTE",1687758,"0PTL351-7851SS3-I"
26343,"NRO_PARTE",1687759,"0PTL35-78124SS3-H-VP"
26343,"NRO_PARTE",1687760,"21AJS66C00"
26343,"NRO_PARTE",1687761,"21AJS66D00-OP"
26343,"NRO_PARTE",1954375,"V15G4I3908001H"
26343,"NRO_PARTE",1954379,"V15G4I3908001H#H"
26343,"NRO_PARTE",4228130,"D90VYLA#ABM-OH4"
26343,"NRO_PARTE",4228190,"TH14G8U7H81100#"
26343,"NRO_PARTE",4228238,"5PTDP14-5161SOH3D"
26343,"NRO_PARTE",2800975,"V14G4R310820011-OP"
26343,"NRO_PARTE",2800984,"V14G4R310820012-OP"
26343,"NRO_PARTE",1738757,"21E7S19E00"
26343,"NRO_PARTE",1738759,"21E7S19G00"
26343,"NRO_PARTE",4101461,"MDL2508J9K0R7"
26343,"NRO_PARTE",4101502,"MDL2508B1G6B1"
26343,"NRO_PARTE",2141447,"PML20U-1F807C"
26343,"NRO_PARTE",2141448,"90NX05W1-M00BN0-OH"
26343,"NRO_PARTE",2141450,"PML20U-1F807C-OP"
26343,"NRO_PARTE",2141456,"PML20U-1F907C-A-OH"
26343,"NRO_PARTE",2799831,"E14G6R5108102-OH"
26343,"NRO_PARTE",1779757,"3PTLV342-R5856SSS1-AME"
26343,"NRO_PARTE",1779758,"3PTLV342-R5856SOH1-AME"
26343,"NRO_PARTE",1779763,"3PTLV342-R5856SSS3-AME"
26343,"NRO_PARTE",1779765,"3PTLV342-R5856SOP3-AME"
26343,"NRO_PARTE",1779769,"V15G3I5008001"
26343,"NRO_PARTE",1779771,"V15G3I5008001#HA"
26343,"NRO_PARTE",1779780,"V15G3I5008101#A"
26343,"NRO_PARTE",1779781,"V15G3I5008101#HA"
26343,"NRO_PARTE",2791063,"A1UQ5LA#ABM-OH"
26343,"NRO_PARTE",2791091,"T14G6I728201-OP2"
26343,"NRO_PARTE",1683816,"LENOVO K14 5"
26343,"NRO_PARTE",1683817,"LENOVO K14 2"
26343,"NRO_PARTE",1683818,"LENOVO K14 1"
26343,"NRO_PARTE",1683819,"LENOVO K14 8"
26343,"NRO_PARTE",1683820,"LENOVO K14 11"
26343,"NRO_PARTE",1683821,"LENONO K14 12"
26343,"NRO_PARTE",1683822,"LENONO K14 13"
26343,"NRO_PARTE",1683823,"LENOVO K14 13"
26343,"NRO_PARTE",1683824,"LENOVO K14 15"
26343,"NRO_PARTE",1683825,"LENOVO K14 16"
26343,"NRO_PARTE",1683826,"LENOVO K14  K17"
26343,"NRO_PARTE",1683827,"LENOVO K14 18"
26343,"NRO_PARTE",1683828,"0PTL551-71612SS3-FHD-4V"
26343,"NRO_PARTE",1683829,"0PTL551-71612OP3-FHD-4V"
26343,"NRO_PARTE",1683830,"605G2LA#ABM"
26343,"NRO_PARTE",1683831,"605G2LA#ABM-OH"
26343,"NRO_PARTE",1683832,"53012YDY-MOP"
26343,"NRO_PARTE",1683833,"NBPDV3BVA2T"
26343,"NRO_PARTE",1683834,"NBPXV3BVA2U"
26343,"NRO_PARTE",1683835,"NBP8V3BVA2V"
26343,"NRO_PARTE",1683836,"NBPJV3BVA30"
26343,"NRO_PARTE",1683837,"NBPFV3BVA32"
26343,"NRO_PARTE",1683838,"NBPDA3BVA33"
26343,"NRO_PARTE",1683839,"NBL803BVA05"
26343,"NRO_PARTE",1683840,"NBPXA3BVA34"
26343,"NRO_PARTE",1683841,"NBPEA3BVA35"
26343,"NRO_PARTE",1683842,"NBHWA3BVA2S"
26343,"NRO_PARTE",1683843,"NBPRV3BVA2W"
26343,"NRO_PARTE",1683844,"NBLY03BVA04"
26343,"NRO_PARTE",1683845,"2PTL352-51612OH3-FHD"
26343,"NRO_PARTE",1683846,"2PTL352-51612OH3-FHD-A"
26343,"NRO_PARTE",1683847,"9LL64LS#ABM"
26343,"NRO_PARTE",1683848,"9LF04LS#ABM"
26343,"NRO_PARTE",1683849,"20NES0V000"
26343,"NRO_PARTE",1683850,"20NES05800"
26343,"NRO_PARTE",1683851,"QO90LT#2020"
26343,"NRO_PARTE",1683852,"QOX4097F#20"
26343,"NRO_PARTE",1683853,"QOX409F#20"
26343,"NRO_PARTE",1683854,"QO90LT74#20"
26343,"NRO_PARTE",1683855,"QO90LTF#20"
26343,"NRO_PARTE",1683856,"QOX4097#20"
26343,"NRO_PARTE",1683857,"QOX4094#20"
26343,"NRO_PARTE",1683858,"QO90LT4#20"
26343,"NRO_PARTE",1683859,"9VE62LS#ABM"
26343,"NRO_PARTE",1683860,"9VD39LS#ABM"
26343,"NRO_PARTE",1683861,"20NFS0L600"
26343,"NRO_PARTE",1683862,"20NES12400"
26343,"NRO_PARTE",1683863,"7PB28LA#ABM"
26343,"NRO_PARTE",1683864,"7PB30LA#ABM"
26343,"NRO_PARTE",1683865,"20NES12300"
26343,"NRO_PARTE",1683866,"20Q6S6VJ00"
26343,"NRO_PARTE",1683867,"7PB27LA#ABM-OH"
26343,"NRO_PARTE",1683868,"8ZR69LS#ABM-OH"
26343,"NRO_PARTE",1683869,"20Q6S7GD00"
26343,"NRO_PARTE",1683870,"9VF19LS#ABM"
26343,"NRO_PARTE",1683871,"20QES5TS00"
26343,"NRO_PARTE",1683872,"20QES6WE00"
26343,"NRO_PARTE",1683873,"20QES6WC00"
26343,"NRO_PARTE",1683874,"20NES12500"
26343,"NRO_PARTE",1683875,"20QES5TX00"
26343,"NRO_PARTE",1683876,"20QKS1DA00"
26343,"NRO_PARTE",1683877,"7NJ04LT#ABM"
26343,"NRO_PARTE",2940767,"T16G7U71916201"
26343,"NRO_PARTE",1687762,"21AJS66900-OH"
26343,"NRO_PARTE",1687763,"21BWS2GJ00"
26343,"NRO_PARTE",1687764,"21BWS2GJ00-OP"
26343,"NRO_PARTE",1687765,"PZA13U-03100V"
26343,"NRO_PARTE",1687766,"21E7S1LC00"
26343,"NRO_PARTE",1687767,"PML20U-0VL011-OP"
26343,"NRO_PARTE",1687768,"21CUS0GH00-OP"
26343,"NRO_PARTE",1687769,"21E4S13900"
26343,"NRO_PARTE",1687770,"PZA13U-03100V-OP"
26343,"NRO_PARTE",1687771,"20TB70C00"
26343,"NRO_PARTE",1687772,"20X2SAJ600"
26343,"NRO_PARTE",1687773,"NBL80VA05"
26343,"NRO_PARTE",1687774,"NBLR0VA06"
26343,"NRO_PARTE",1687775,"NBL90VA07"
26343,"NRO_PARTE",1687776,"NBLS0VA08"
26343,"NRO_PARTE",1687777,"NBL60VA09"
26343,"NRO_PARTE",1687778,"NBL70VA0B"
26343,"NRO_PARTE",1687779,"NBLP0VA0C"
26343,"NRO_PARTE",1687780,"NBL30VA0D"
26343,"NRO_PARTE",1687781,"NBLJ0VA0E"
26343,"NRO_PARTE",1687782,"1PTL542-3425SS1-HD"
26343,"NRO_PARTE",1687783,"1PTL542-3425OH1-HD"
26343,"NRO_PARTE",1687784,"1PTL542-3425OH3-HD"
26343,"NRO_PARTE",1687785,"1PTL542-3825OP1-FHD"
26343,"NRO_PARTE",1687786,"1PTL542-3825OH1-FHD"
26343,"NRO_PARTE",1687787,"1PTL542-3825OH3-FHD"
26343,"NRO_PARTE",1687788,"1PTL542-3825OP3-FHD"
26343,"NRO_PARTE",1687789,"1PTL542-3825SS1-HD"
26343,"NRO_PARTE",1687790,"1PTL542-3825OP1-HD"
26343,"NRO_PARTE",1687791,"1PTL542-3825SS3-HD"
26343,"NRO_PARTE",1687792,"1PTL542-3825OH3-HD"
26343,"NRO_PARTE",1687793,"1PTL542-3425SS3-HD"
26343,"NRO_PARTE",1687794,"1PTL542-3825SS1-FHD"
26343,"NRO_PARTE",1687795,"1PTL552-3425SS1-FHD"
26343,"NRO_PARTE",1687796,"1PTL552-3425OH1-FHD"
26343,"NRO_PARTE",1687797,"20TBS49600"
26343,"NRO_PARTE",1687798,"20TES62200"
26343,"NRO_PARTE",1687799,"20RW00GALM"
26343,"NRO_PARTE",1687800,"0PTL351-7825SS3-I"
26343,"NRO_PARTE",1687801,"2F6F9LS#ABM-OH"
26343,"NRO_PARTE",1687802,"2F6F9LS#ABM-OP"
26343,"NRO_PARTE",1687803,"0PTL351-781OH3-FHD-V-M"
26343,"NRO_PARTE",1687804,"0PTL351-581OH3-FHD"
26343,"NRO_PARTE",1687805,"0PTL541-7812OP3-VP"
26343,"NRO_PARTE",1687806,"21C2S3PW00"
26343,"NRO_PARTE",1687807,"21EES0M500"
26343,"NRO_PARTE",1687808,"21C2S3Q100-OP"
26343,"NRO_PARTE",1687809,"21C2S3Q100-OH"
26343,"NRO_PARTE",1687810,"21ECS0K100-OP"
26343,"NRO_PARTE",1687811,"21C2S3PV00"
26343,"NRO_PARTE",1687812,"21C2S3PY00"
26343,"NRO_PARTE",1687813,"21C2S3PY00-OP"
26343,"NRO_PARTE",1687814,"21ECS0JX00"
26343,"NRO_PARTE",1687815,"21ECS0JX00-OP"
26343,"NRO_PARTE",1687816,"21ECS0JV00"
26343,"NRO_PARTE",1687817,"21E4S11L00-OP"
26343,"NRO_PARTE",1687818,"21E4S11Q00"
26343,"NRO_PARTE",1687819,"21CSS1B500"
26343,"NRO_PARTE",1687820,"90NX0411-M01E80-OP"
26343,"NRO_PARTE",1687821,"21ECS0KY00-OP"
26343,"NRO_PARTE",1687822,"2K2P7LT#ABM-OP"
26343,"NRO_PARTE",1687823,"20TBS70C00"
26343,"NRO_PARTE",1954378,"V15G4I3908001#H"
26343,"NRO_PARTE",4228271,"DJ3A7AT#ABM-OH4"
26343,"NRO_PARTE",4228275,"5PTDP14-5165SSS3-TD"
26343,"NRO_PARTE",4228306,"5PTDP14-7165SOH3-TD"
26343,"NRO_PARTE",4228341,"5PTDP16-7161SSS3D"
26343,"NRO_PARTE",4068194,"E14G7U7H162100"
26343,"NRO_PARTE",4068218,"E14G7U7H162100H"
26343,"NRO_PARTE",1784015,"CP3IN_102"
26343,"NRO_PARTE",1720589,"PSY19U-0FH035"
26343,"NRO_PARTE",1720590,"PSY19U-0FH035-OH"
26343,"NRO_PARTE",1720761,"21ECS14C00"
26343,"NRO_PARTE",1720762,"21ECS14B00"
26343,"NRO_PARTE",1720763,"21ECS14A00"
26343,"NRO_PARTE",2800649,"K14G2I508201-2"
26343,"NRO_PARTE",2799564,"E14G5R50708201P2"
26343,"NRO_PARTE",2799863,"E14G6R5108102-OP"
26343,"NRO_PARTE",1779492,"V14G3I7816211#H"
26343,"NRO_PARTE",1779494,"V14G3I7816211#PH"
26343,"NRO_PARTE",1746348,"21EES1Q800"
26343,"NRO_PARTE",1746355,"21EES1Q500"
26343,"NRO_PARTE",2894954,"90NX06X1-M03ZL0"
26343,"NRO_PARTE",1683878,"7NK15LT#ABM"
26343,"NRO_PARTE",1683879,"81W60001LM"
26343,"NRO_PARTE",1683880,"9MR61LS#ABM"
26343,"NRO_PARTE",1683881,"81MQ0016LM"
26343,"NRO_PARTE",1683882,"8ZN13LS#ABM-OE"
26343,"NRO_PARTE",1683883,"8ZN14LS#ABM-OE"
26343,"NRO_PARTE",1683884,"8ZN14LS-OE"
26343,"NRO_PARTE",1683885,"9LL74LS#ABM"
26343,"NRO_PARTE",1683886,"8ZN13LS-OE"
26343,"NRO_PARTE",1683887,"20NES0W400"
26343,"NRO_PARTE",1683888,"20NES0W800"
26343,"NRO_PARTE",1683889,"20N9S32L00"
26343,"NRO_PARTE",1683890,"20N9S32N00"
26343,"NRO_PARTE",1683891,"20NES0W500"
26343,"NRO_PARTE",1683892,"20N9S13400"
26343,"NRO_PARTE",1683893,"20N9S31X00"
26343,"NRO_PARTE",1683894,"20N9S32000"
26343,"NRO_PARTE",1683895,"20NES0V100"
26343,"NRO_PARTE",1683896,"9PTL54-7812OH3-19-VP-H"
26343,"NRO_PARTE",1683897,"9PTL54-7812OP3-19-VP"
26343,"NRO_PARTE",1683898,"9PTL54-7812SS3-VP"
26343,"NRO_PARTE",1683899,"9PTL54-7812OH3-19-VP"
26343,"NRO_PARTE",1683900,"9PTL34-3812OS3-S-H"
26343,"NRO_PARTE",1683901,"9PTL34-3825OS1-S-H"
26343,"NRO_PARTE",1683902,"9LK43LS#ABM"
26343,"NRO_PARTE",1683903,"81B1005BLMOH"
26343,"NRO_PARTE",1683904,"20NCS01600"
26343,"NRO_PARTE",1683905,"20NCS0L000"
26343,"NRO_PARTE",1683906,"20KTS2ET00"
26343,"NRO_PARTE",1683907,"20KTS2EA00"
26343,"NRO_PARTE",1683908,"20MVS0XC00"
26343,"NRO_PARTE",1683909,"20MVS11200"
26343,"NRO_PARTE",1683910,"20MVS11700"
26343,"NRO_PARTE",1683911,"9PTL31-N464SS3"
26343,"NRO_PARTE",1683912,"9PTL74-781OH5-19"
26343,"NRO_PARTE",1683913,"9PTL35-5812SS3"
26343,"NRO_PARTE",1683914,"9PTL35-5812SS4"
26343,"NRO_PARTE",1683915,"9PTL35-5161OP4-19"
26343,"NRO_PARTE",1683916,"9PTL35-5161SS3"
26343,"NRO_PARTE",1683917,"9PTL74-581OH3-19"
26343,"NRO_PARTE",1683918,"6PTL527-7161OP5"
26343,"NRO_PARTE",1683919,"6PTL527-7161SS3"
26343,"NRO_PARTE",1683920,"6PTL527-7161SS4"
26343,"NRO_PARTE",1683921,"6PTL527-7161SS5"
26343,"NRO_PARTE",1683922,"6PTL54-5041OH3"
26343,"NRO_PARTE",1683923,"6PTL54-5041OH4"
26343,"NRO_PARTE",1683924,"6PTL54-5041OH5"
26343,"NRO_PARTE",1683925,"6PTL54-5041OP3"
26343,"NRO_PARTE",1683926,"6PTL54-5041OP4"
26343,"NRO_PARTE",1683927,"6PTL54-5041OP5"
26343,"NRO_PARTE",1683928,"6PTL54-5041SS3"
26343,"NRO_PARTE",1683929,"6PTL54-5041SS4"
26343,"NRO_PARTE",1683930,"6PTL54-5041SS5"
26343,"NRO_PARTE",1683931,"6PTL54-7081OH3"
26343,"NRO_PARTE",1683932,"6PTL54-7081OH4"
26343,"NRO_PARTE",1683933,"6PTL54-7081OH5"
26343,"NRO_PARTE",1683934,"6PTL54-7081OP3"
26343,"NRO_PARTE",1683935,"6PTL54-7081OP4"
26343,"NRO_PARTE",1683936,"6PTL54-7081OP5"
26343,"NRO_PARTE",1683937,"6PTL54-7081SS3"
26343,"NRO_PARTE",1683938,"6PTL54-7081SS4"
26343,"NRO_PARTE",1683939,"6PTL54-7081SS5"
26343,"NRO_PARTE",2940665,"T16G7U7198101"
26343,"NRO_PARTE",2940749,"T16G7U71916101-OH"
26343,"NRO_PARTE",2940843,"T16G7U51616201"
26343,"NRO_PARTE",2940895,"T16G7U71716201"
26343,"NRO_PARTE",1687824,"20TBS70J00"
26343,"NRO_PARTE",1687825,"20TBS70E00"
26343,"NRO_PARTE",1687826,"20X2S3LK00"
26343,"NRO_PARTE",1687827,"20YDS07C00"
26343,"NRO_PARTE",1687828,"20X2S3LT00"
26343,"NRO_PARTE",1687829,"20YHS06H00"
26343,"NRO_PARTE",1687830,"20YHS06K00"
26343,"NRO_PARTE",1687831,"82FG00J8LM"
26343,"NRO_PARTE",1687832,"1PTL552-3425OP1-FHD"
26343,"NRO_PARTE",1687833,"1PTL552-3425OH3-FHD"
26343,"NRO_PARTE",1687834,"1PTL552-3425SS1-HD"
26343,"NRO_PARTE",1687835,"1PTL552-3425OP1-HD"
26343,"NRO_PARTE",1687836,"17Z90P-G.AH76B4-GOB-OFFICE"
26343,"NRO_PARTE",1687837,"1PTL552-3425SS3-HD"
26343,"NRO_PARTE",1687838,"1PTL552-3825OH3-HD"
26343,"NRO_PARTE",1687839,"20TES62F00"
26343,"NRO_PARTE",1687840,"20U2S6JH00"
26343,"NRO_PARTE",1687841,"20RBS7U600"
26343,"NRO_PARTE",1687842,"20RBS7UC00"
26343,"NRO_PARTE",1687843,"20X2S08B00"
26343,"NRO_PARTE",1687844,"20X4S0GL00"
26343,"NRO_PARTE",1687845,"20RES6AF00"
26343,"NRO_PARTE",1687846,"20RES6AJ00"
26343,"NRO_PARTE",1687847,"20RES6AK00"
26343,"NRO_PARTE",1687848,"20RES6AL00"
26343,"NRO_PARTE",1687849,"20RES6AM00"
26343,"NRO_PARTE",1687850,"81M90092LM"
26343,"NRO_PARTE",1687851,"20RW00GELM"
26343,"NRO_PARTE",1687852,"0PTL741-5812SS3-U"
26343,"NRO_PARTE",1687853,"21E4S12000"
26343,"NRO_PARTE",1687854,"21E4S12000-OP"
26343,"NRO_PARTE",1687855,"21E4S12000-OH"
26343,"NRO_PARTE",1687856,"21C4S41J00"
26343,"NRO_PARTE",1687857,"21E4S11P00-OH"
26343,"NRO_PARTE",1687858,"21C4S41J00-OH"
26343,"NRO_PARTE",1687859,"21C4S41N00"
26343,"NRO_PARTE",1687860,"21C4S41L00"
26343,"NRO_PARTE",1687861,"21C4S41L00-OH"
26343,"NRO_PARTE",1687862,"21C4S41P00"
26343,"NRO_PARTE",1687863,"21C4S41G00"
26343,"NRO_PARTE",1687864,"21ECS0JU00-OH"
26343,"NRO_PARTE",1687865,"21ECS0JW00"
26343,"NRO_PARTE",1687866,"20W1SB3F00-OH"
26343,"NRO_PARTE",1687867,"21E4S11G00"
26343,"NRO_PARTE",1687868,"21E4S11T00"
26343,"NRO_PARTE",1687869,"21E4S11T00-OP"
26343,"NRO_PARTE",1687870,"21E4S11T00-OH"
26343,"NRO_PARTE",1687871,"21AJS66800"
26343,"NRO_PARTE",1687872,"21AJS66B00-OP"
26343,"NRO_PARTE",1687873,"21AJS66B00-OH"
26343,"NRO_PARTE",1687874,"21AJS66600"
26343,"NRO_PARTE",1687875,"21AJS66C00-OP"
26343,"NRO_PARTE",1687876,"21AJS66700"
26343,"NRO_PARTE",1687877,"21AJS66D00"
26343,"NRO_PARTE",1687878,"21AJS66D00-OH"
26343,"NRO_PARTE",1687879,"21AJS66A00"
26343,"NRO_PARTE",1687880,"21AJS66900"
26343,"NRO_PARTE",1687881,"21AJS66900-OP"
26343,"NRO_PARTE",1687882,"21EES0MY00"
26343,"NRO_PARTE",1687883,"21EES0N000-OH"
26343,"NRO_PARTE",1687884,"21EES0MY00-OH"
26343,"NRO_PARTE",1687885,"21EES0MX00"
26343,"NRO_PARTE",4228335,"5PTDP16-7161SOH3D"
26343,"NRO_PARTE",4228357,"5PTDP16-785SSS3D"
26343,"NRO_PARTE",4068209,"E14G7U7H162100-OH"
26343,"NRO_PARTE",3764207,"NBADVCN4058BK-S"
26343,"NRO_PARTE",2800684,"K14G2I516101-2"
26343,"NRO_PARTE",3128444,"4PTL745-71612SSS3-VP-C"
26343,"NRO_PARTE",1836175,"T14G4I5008101HH"
26343,"NRO_PARTE",2799906,"E14G6R51081021-OP"
26343,"NRO_PARTE",1774613,"3PTL342-3856SS1-HD"
26343,"NRO_PARTE",1774641,"3PTL342-3856OH1-HD"
26343,"NRO_PARTE",1746696,"3PTL533-7161SOP3-FHD"
26343,"NRO_PARTE",2895110,"90NX06X1-M03ZL0-OP"
26343,"NRO_PARTE",1683940,"6PTL55-5045OH3"
26343,"NRO_PARTE",1683941,"6PTL55-5045OH4"
26343,"NRO_PARTE",1683942,"6PTL55-5045OH5"
26343,"NRO_PARTE",1683943,"6PTL55-5045OP3"
26343,"NRO_PARTE",1683944,"6PTL55-5045OP4"
26343,"NRO_PARTE",1683945,"6PTL55-5045OP5"
26343,"NRO_PARTE",1683946,"6PTL55-5045SS3"
26343,"NRO_PARTE",1683947,"6PTL55-5045SS4"
26343,"NRO_PARTE",1683948,"6PTL55-5045SS5"
26343,"NRO_PARTE",1683949,"6PTL557-7161OH3"
26343,"NRO_PARTE",1683950,"6PTL557-7161OH4"
26343,"NRO_PARTE",1683951,"6PTL557-7161OH5"
26343,"NRO_PARTE",1683952,"6PTL557-7161OP3"
26343,"NRO_PARTE",1683953,"6PTL557-7161OP4"
26343,"NRO_PARTE",1683954,"6PTL557-7161OP5"
26343,"NRO_PARTE",1683955,"6PTL557-7161SS3"
26343,"NRO_PARTE",1683956,"6PTL557-7161SS4"
26343,"NRO_PARTE",1683957,"6PTL557-7161SS5"
26343,"NRO_PARTE",1683958,"6PTL727-51652OH3"
26343,"NRO_PARTE",1683959,"6PTL727-51652OH4"
26343,"NRO_PARTE",1683960,"6PTL747-71652OP4"
26343,"NRO_PARTE",1683961,"6PTL747-71652OP5"
26343,"NRO_PARTE",1683962,"6PTL747-71652SS3"
26343,"NRO_PARTE",1683963,"6PTL747-71652SS4"
26343,"NRO_PARTE",1683964,"6PTL747-71652SS5"
26343,"NRO_PARTE",1683965,"80E"
26343,"NRO_PARTE",1683966,"F2P41LA#ABM"
26343,"NRO_PARTE",1683967,"F2P65LA#ABM"
26343,"NRO_PARTE",1683968,"F2Q86LT#ABM"
26343,"NRO_PARTE",1683969,"F2Q89LT#ABM"
26343,"NRO_PARTE",1683970,"F2Q91LT#ABM"
26343,"NRO_PARTE",1683971,"F2Q92LA#ABM"
26343,"NRO_PARTE",1683972,"F2R26LA#ABM"
26343,"NRO_PARTE",1683973,"F2R28LA#ABM"
26343,"NRO_PARTE",1683974,"F2R29LA#ABM"
26343,"NRO_PARTE",1683975,"F2R31LA#ABM"
26343,"NRO_PARTE",1683976,"F2R32LT#ABM"
26343,"NRO_PARTE",1683977,"F2R34LA#ABM"
26343,"NRO_PARTE",1683978,"F2R35LA#ABM"
26343,"NRO_PARTE",1683979,"F2R38LT#ABM"
26343,"NRO_PARTE",1683980,"F2R94LT#ABM"
26343,"NRO_PARTE",1683981,"F2S06LA#ABM"
26343,"NRO_PARTE",1683982,"F4H26LA#ABM"
26343,"NRO_PARTE",1683983,"F4H53LA#ABM"
26343,"NRO_PARTE",1683984,"F4H89LA#ABM"
26343,"NRO_PARTE",1683985,"F4H90LA#ABM"
26343,"NRO_PARTE",1683986,"F4H96LA#ABM"
26343,"NRO_PARTE",1683987,"F4J00LA#ABM"
26343,"NRO_PARTE",1683988,"605G2LA#ABM-OP"
26343,"NRO_PARTE",1683989,"618R9LT#ABM-OH"
26343,"NRO_PARTE",1683990,"20LAS7CY00"
26343,"NRO_PARTE",1683991,"20LXS61L00"
26343,"NRO_PARTE",1683992,"20LAS7EE00"
26343,"NRO_PARTE",1683993,"20MAS57H00"
26343,"NRO_PARTE",1683994,"7MR02LS#ABM"
26343,"NRO_PARTE",1683995,"20NSS15M00"
26343,"NRO_PARTE",1683996,"20NSS15N00"
26343,"NRO_PARTE",1683997,"20NSS15L00"
26343,"NRO_PARTE",1683998,"9PTL31-N464OH3-19"
26343,"NRO_PARTE",1683999,"7QJ45LS#ABM"
26343,"NRO_PARTE",1684000,"QO90LT#20"
26343,"NRO_PARTE",1684001,"QO90LT7#20"
26343,"NRO_PARTE",2940779,"T16G7U71916201-OH"
26343,"NRO_PARTE",2940856,"T16G7U51616201-OH"
26343,"NRO_PARTE",2940867,"T16G7U7178101"
26343,"NRO_PARTE",3376261,"V15G5C382100"
26343,"NRO_PARTE",1687886,"21EES0MX00-OH"
26343,"NRO_PARTE",1687887,"2K2P7LT#ABM"
26343,"NRO_PARTE",1687888,"2K2P7LT#ABM-OH"
26343,"NRO_PARTE",1687889,"20X2SAJA00"
26343,"NRO_PARTE",1687890,"20X2S3L800"
26343,"NRO_PARTE",1687891,"20X2S3LA00"
26343,"NRO_PARTE",1687892,"20X2S3LM00"
26343,"NRO_PARTE",1687893,"20X2S3LR00"
26343,"NRO_PARTE",1687894,"20X2S3M000"
26343,"NRO_PARTE",1687895,"20X6S0L000"
26343,"NRO_PARTE",1687896,"20X4S4C900"
26343,"NRO_PARTE",1687897,"20T3SCCL00"
26343,"NRO_PARTE",1687898,"37G45LT#ABM-OP"
26343,"NRO_PARTE",1687899,"20TBS3KT00"
26343,"NRO_PARTE",1687900,"1PTL552-3825SS3-HD"
26343,"NRO_PARTE",1687901,"20RBS7U300"
26343,"NRO_PARTE",1687902,"20RBS7U800"
26343,"NRO_PARTE",1687903,"20RES6AN00"
26343,"NRO_PARTE",1687904,"20RES6AP0"
26343,"NRO_PARTE",1687905,"20RES6AP00"
26343,"NRO_PARTE",1687906,"20RES6AQ00"
26343,"NRO_PARTE",1687907,"20SL00MBLM"
26343,"NRO_PARTE",1687908,"20RS002GLM"
26343,"NRO_PARTE",1687909,"20U5S02D00"
26343,"NRO_PARTE",1687910,"20U7S02000"
26343,"NRO_PARTE",1687911,"81MH000UPD"
26343,"NRO_PARTE",1687912,"82CD000DPD"
26343,"NRO_PARTE",1687913,"21BWS2GE00"
26343,"NRO_PARTE",1687914,"21BWS2GH00"
26343,"NRO_PARTE",1687915,"20U8S2S100-OH"
26343,"NRO_PARTE",1687916,"21E7S1HS00"
26343,"NRO_PARTE",1687917,"21E7S1HJ00"
26343,"NRO_PARTE",1687918,"21E7S1HD00"
26343,"NRO_PARTE",1687919,"21E7S1HD00-OH"
26343,"NRO_PARTE",1687920,"21E7S1HF00"
26343,"NRO_PARTE",1687921,"21E4S11S00-OH"
26343,"NRO_PARTE",1687922,"21E7S1HL00-OH"
26343,"NRO_PARTE",1687923,"21E7S1HE00"
26343,"NRO_PARTE",1687924,"21CUS0GA00-OH"
26343,"NRO_PARTE",1687925,"21E7S1HG00-OH"
26343,"NRO_PARTE",1687926,"21CSS1BB00"
26343,"NRO_PARTE",1687927,"21CSS1BP00"
26343,"NRO_PARTE",1687928,"PML20U-0VL011-M"
26343,"NRO_PARTE",1687929,"21ECS0KX00-OP"
26343,"NRO_PARTE",1687930,"PML20U-0VL011-MOH"
26343,"NRO_PARTE",1687931,"21ECS0KW00"
26343,"NRO_PARTE",1687932,"PML20U-0VL011-MOP"
26343,"NRO_PARTE",1687933,"21CUS0GF00-OP"
26343,"NRO_PARTE",1687934,"1PTL552-5825SS3-FHD"
26343,"NRO_PARTE",1687935,"1PTL552-5812OH3-FHD"
26343,"NRO_PARTE",1687936,"1PTL552-5812OP3-FHD"
26343,"NRO_PARTE",1687937,"2K2P2LT#ABM-OP"
26343,"NRO_PARTE",1687938,"21CSS0DA00"
26343,"NRO_PARTE",1687939,"21CSS0DC00"
26343,"NRO_PARTE",1687940,"20TBS70H00"
26343,"NRO_PARTE",1687941,"20YDS07F00"
26343,"NRO_PARTE",1687942,"20X2S3LS00"
26343,"NRO_PARTE",1687943,"21E7S0AY00-OH"
26343,"NRO_PARTE",1687944,"82FE00BQLM"
26343,"NRO_PARTE",1687945,"82FE00RJLM"
26343,"NRO_PARTE",1687946,"82FG00BTLM"
26343,"NRO_PARTE",1687947,"151D6LT#ABM-OH"
26343,"NRO_PARTE",1954377,"V15G4I3908001PA"
26343,"NRO_PARTE",4068143,"E14G7C7H162100H-OH"
26343,"NRO_PARTE",4068224,"E14G7U7H162100H-OH"
26343,"NRO_PARTE",3128489,"4PTL745-71612SOH3-VP-C"
26343,"NRO_PARTE",3128551,"4PTL745-7161SOH3-VP-C"
26343,"NRO_PARTE",1836241,"20TES4A000- OH"
26343,"NRO_PARTE",1836243,"21EES1YA00."
26343,"NRO_PARTE",1774741,"3PTL342-3856OH3-FHD"
26343,"NRO_PARTE",1774783,"3PTL342-3812OP1-FHD"
26343,"NRO_PARTE",1774787,"3PTL342-3812OP3-HD"
26343,"NRO_PARTE",1746365,"21EES1Q900"
26343,"NRO_PARTE",1746371,"21EES1Q300"
26343,"NRO_PARTE",2895068,"90NX06X1-M03ZL0-OH"
26343,"NRO_PARTE",3376228,"V15G5C380100"
26343,"NRO_PARTE",1684002,"6NZ24LA#ABM"
26343,"NRO_PARTE",1684003,"6SC35LA#ABM"
26343,"NRO_PARTE",1684004,"6SC38LA#ABM"
26343,"NRO_PARTE",1684005,"7PB40LA#ABM"
26343,"NRO_PARTE",1684006,"7MQ92LS#ABM"
26343,"NRO_PARTE",1684007,"7LJ43LS#ABM"
26343,"NRO_PARTE",1684008,"20NES04D00L"
26343,"NRO_PARTE",1684009,"7LJ46LS#ABM"
26343,"NRO_PARTE",1684010,"7PB39LA#ABM"
26343,"NRO_PARTE",1684011,"7PC63LA#ABM"
26343,"NRO_PARTE",1684012,"7LJ41LS#ABM"
26343,"NRO_PARTE",1684013,"7MQ89LS#ABM"
26343,"NRO_PARTE",1684014,"7MQ97LS#ABM"
26343,"NRO_PARTE",1684015,"7LJ45LS#ABM"
26343,"NRO_PARTE",1684016,"7MR21LS#ABM"
26343,"NRO_PARTE",1684017,"7PB27LA#ABM"
26343,"NRO_PARTE",1684018,"20NES04D00G"
26343,"NRO_PARTE",1684019,"20LTS93900"
26343,"NRO_PARTE",1684020,"20LTS7X400"
26343,"NRO_PARTE",1684021,"81B1005BLMG"
26343,"NRO_PARTE",1684022,"81B1005BLM"
26343,"NRO_PARTE",1684023,"20NES04D00"
26343,"NRO_PARTE",1684024,"20LXS3HB00"
26343,"NRO_PARTE",1684025,"20LXS3HA00"
26343,"NRO_PARTE",1684026,"9PTL55-7161SS3"
26343,"NRO_PARTE",1684027,"9PTL55-7161OP4-19-I"
26343,"NRO_PARTE",1684028,"9PTL55-7161SS5-I"
26343,"NRO_PARTE",1684029,"9PTL55-7161SS3-I"
26343,"NRO_PARTE",1684030,"9PTL55-7161SS4-I"
26343,"NRO_PARTE",1684031,"81A6002GLMHS"
26343,"NRO_PARTE",1684032,"9PTL55-7161OH5-19-I"
26343,"NRO_PARTE",1684033,"81AX018JLM"
26343,"NRO_PARTE",1684034,"81B0014VLM"
26343,"NRO_PARTE",1684035,"81AX018ELM"
26343,"NRO_PARTE",1684036,"9PTL55-7161OP5-19-I"
26343,"NRO_PARTE",1684037,"9PTL55-7161OH3-19-I"
26343,"NRO_PARTE",1684038,"9PTL74-7165SSS3"
26343,"NRO_PARTE",1684039,"20LES5LU00"
26343,"NRO_PARTE",1684040,"9PTL34-581OP4-19"
26343,"NRO_PARTE",1684041,"9PTL34-581SS5"
26343,"NRO_PARTE",1684042,"9PTL34-581OP5-19"
26343,"NRO_PARTE",1684043,"9PTL34-581OH3-19"
26343,"NRO_PARTE",1684044,"9PTL34-581OH4-19"
26343,"NRO_PARTE",1684045,"20MAS57G00"
26343,"NRO_PARTE",1684046,"20LAS5YW00"
26343,"NRO_PARTE",1684047,"9PTL55-7161OP3-19-I"
26343,"NRO_PARTE",1684048,"81A6002GLMS"
26343,"NRO_PARTE",1684049,"81A6002GLM-PE"
26343,"NRO_PARTE",1684050,"81B0014XLM"
26343,"NRO_PARTE",1684051,"81AX018GLM"
26343,"NRO_PARTE",1684052,"9PTL55-7161OH4-19-I"
26343,"NRO_PARTE",1684053,"6EH41LT#ABM"
26343,"NRO_PARTE",1684054,"4UW95LT#ABM"
26343,"NRO_PARTE",1684055,"20L6S96Q00"
26343,"NRO_PARTE",1684056,"GP63-8RD-C78750161211050T4"
26343,"NRO_PARTE",1684057,"GP73-8RE-C78750322411060N6"
26343,"NRO_PARTE",1684058,"GP73-8RE-C78750164811060N6"
26343,"NRO_PARTE",1684059,"81H300MLLM"
26343,"NRO_PARTE",1684060,"QOX40974#20"
26343,"NRO_PARTE",1684061,"20FXA02A00"
26343,"NRO_PARTE",1684062,"20FXA02B00"
26343,"NRO_PARTE",1684063,"20FXA02C00"
26343,"NRO_PARTE",1687948,"17G33LT#ABM"
26343,"NRO_PARTE",1687949,"17G33LT#ABM-OH"
26343,"NRO_PARTE",1687950,"20TBS68300"
26343,"NRO_PARTE",1687951,"20TBS67Y00"
26343,"NRO_PARTE",1687952,"20TES62900"
26343,"NRO_PARTE",1687953,"20U8S21V00"
26343,"NRO_PARTE",1687954,"NBLXA3BVA48"
26343,"NRO_PARTE",1687955,"53012AAP-MOP"
26343,"NRO_PARTE",1687956,"21CUS0GA00-OP"
26343,"NRO_PARTE",1687957,"21CUS0G800"
26343,"NRO_PARTE",1687958,"21E7S1HY00-OP"
26343,"NRO_PARTE",1687959,"21E7S1HN00"
26343,"NRO_PARTE",1687960,"21E7S1HR00"
26343,"NRO_PARTE",1687961,"21E7S1HR00-OH"
26343,"NRO_PARTE",1687962,"21CUS0G700"
26343,"NRO_PARTE",1687963,"21CUS0G700-OH"
26343,"NRO_PARTE",1687964,"21EES0M500-OP"
26343,"NRO_PARTE",1687965,"21EES0M400-OH"
26343,"NRO_PARTE",1687966,"21EES0M400-OP"
26343,"NRO_PARTE",1687967,"21E4S11L00"
26343,"NRO_PARTE",1687968,"21ECS0K000-OH"
26343,"NRO_PARTE",1687969,"21ECS0KW00-OH"
26343,"NRO_PARTE",1687970,"21ECS0KW00-OP"
26343,"NRO_PARTE",1687971,"PML20U-0N8021-OH"
26343,"NRO_PARTE",1687972,"21ECS0KY00"
26343,"NRO_PARTE",1687973,"21ECS0KY00-OH"
26343,"NRO_PARTE",1687974,"PML20U-0N8021-OP"
26343,"NRO_PARTE",1687975,"PML20U-0VL011"
26343,"NRO_PARTE",1687976,"21CSS1BQ00"
26343,"NRO_PARTE",1687977,"21CUS0GG00"
26343,"NRO_PARTE",1687978,"90NX0411-M01E60-OP"
26343,"NRO_PARTE",1687979,"21CUS0GF00"
26343,"NRO_PARTE",1687980,"26M01LT#ABM"
26343,"NRO_PARTE",1687981,"20U8S21Q00A"
26343,"NRO_PARTE",1687982,"20U8S21S00A"
26343,"NRO_PARTE",1687983,"20U8S21U00A"
26343,"NRO_PARTE",1687984,"1PTL351-581OP3"
26343,"NRO_PARTE",1687985,"20W1SCCF00"
26343,"NRO_PARTE",1687986,"20W1SCCG00"
26343,"NRO_PARTE",1687987,"2PTL352-5812SS3-FHD-AE"
26343,"NRO_PARTE",1687988,"2PTL352-5812OP3-FHD-AE"
26343,"NRO_PARTE",1687989,"20W1SCCH00"
26343,"NRO_PARTE",1687990,"20W1SCCK00"
26343,"NRO_PARTE",1687991,"2PTL553-71612SOP3-FHD-V-2V"
26343,"NRO_PARTE",1687992,"2PTL553-71612SSS3-FHD-V-2V"
26343,"NRO_PARTE",1687993,"2PTL743-71612SOH3-FHD-N"
26343,"NRO_PARTE",1687994,"2PTL743-71612SOH3-FHD-N-V"
26343,"NRO_PARTE",1687995,"53012YDYO"
26343,"NRO_PARTE",1687996,"20X2S3M100"
26343,"NRO_PARTE",1687997,"20X2S3LG00"
26343,"NRO_PARTE",1687998,"20YHS06E00"
26343,"NRO_PARTE",1687999,"20YHS06G00"
26343,"NRO_PARTE",1688000,"20YHS06D00"
26343,"NRO_PARTE",1688001,"90NX02N1-M27740"
26343,"NRO_PARTE",1688002,"4C7R7LA#ABM-OP"
26343,"NRO_PARTE",1688003,"4C7R1LA#ABM-OP"
26343,"NRO_PARTE",1688004,"S26391-K503-V100#107"
26343,"NRO_PARTE",1688005,"26391-K503-V100#112"
26343,"NRO_PARTE",1688006,"1N0D4LT#ABM-OP"
26343,"NRO_PARTE",1688007,"1N0E1LT#ABM"
26343,"NRO_PARTE",1688008,"NBHTA3BVA26"
26343,"NRO_PARTE",1688009,"NBH7A3BVA29"
26343,"NRO_PARTE",4228366,"5PTDP16-785SSS3OHD"
26343,"NRO_PARTE",4228647,"TB14G9R7161000-OH"
26343,"NRO_PARTE",1765969,"V15G3I7816201H"
26343,"NRO_PARTE",3897249,"PSY29U-0CM001-DY"
26343,"NRO_PARTE",3897262,"PSY29U-0CM001-DY-OH"
26343,"NRO_PARTE",3897265,"T14G8C734161100T"
26343,"NRO_PARTE",3897268,"T14G8C734161100T-OH"
26343,"NRO_PARTE",1843234,"3PTL743T-71651SOH3-B"
26343,"NRO_PARTE",2799999,"E14G6R51081022-OP"
26343,"NRO_PARTE",1774541,"3PTL342-3412OP3-HD"
26343,"NRO_PARTE",1774556,"3PTL342-3412SS3-FHD"
26343,"NRO_PARTE",1684064,"20FXA02D00"
26343,"NRO_PARTE",1684065,"20FXA02E00"
26343,"NRO_PARTE",1684066,"5PTI15-5081SS3"
26343,"NRO_PARTE",1684067,"6PT34-345OH3"
26343,"NRO_PARTE",1684068,"6PT34-345OH4"
26343,"NRO_PARTE",1684069,"6PT34-345OH5"
26343,"NRO_PARTE",1684070,"6PT34-345OP3"
26343,"NRO_PARTE",1684071,"6PT34-345OP4"
26343,"NRO_PARTE",1684072,"6PT34-345OP5"
26343,"NRO_PARTE",1684073,"6PT34-345SS3"
26343,"NRO_PARTE",1684074,"6PT34-345SS4"
26343,"NRO_PARTE",1684075,"6PT34-345SS5"
26343,"NRO_PARTE",1684076,"6PT34-545OH3"
26343,"NRO_PARTE",1684077,"6PT34-545OH4"
26343,"NRO_PARTE",1684078,"6PT34-545OH5"
26343,"NRO_PARTE",1684079,"6PT34-545OP3"
26343,"NRO_PARTE",1684080,"6PT34-545OP4"
26343,"NRO_PARTE",1684081,"6PT34-545OP5"
26343,"NRO_PARTE",1684082,"6PT34-545SS3"
26343,"NRO_PARTE",1684083,"6PT34-545SS4"
26343,"NRO_PARTE",1684084,"6PT34-545SS5"
26343,"NRO_PARTE",1684085,"6PTL34-3041OH3"
26343,"NRO_PARTE",1684086,"6PTL34-3041OH4"
26343,"NRO_PARTE",1684087,"6PTL34-3041OH5"
26343,"NRO_PARTE",1684088,"6PTL34-3041OP3"
26343,"NRO_PARTE",1684089,"6PTL34-3041OP4"
26343,"NRO_PARTE",1684090,"6PTL34-3041OP5"
26343,"NRO_PARTE",1684091,"6PTL34-3041SS3"
26343,"NRO_PARTE",1684092,"6PTL34-3041SS4"
26343,"NRO_PARTE",1684093,"6PTL34-3041SS5"
26343,"NRO_PARTE",1684094,"6PTL35-5045OH3"
26343,"NRO_PARTE",1684095,"6PTL35-5045OH4"
26343,"NRO_PARTE",1684096,"6PTL35-5045OP3"
26343,"NRO_PARTE",1684097,"6PTL35-5045OP4"
26343,"NRO_PARTE",1684098,"6PTL35-5045OP5"
26343,"NRO_PARTE",1684099,"6PTL35-5045SS3"
26343,"NRO_PARTE",1684100,"6PTL35-5045SS4"
26343,"NRO_PARTE",1684101,"6PTL35-5045SS5"
26343,"NRO_PARTE",1684102,"6PTL356-542OH3"
26343,"NRO_PARTE",1684103,"6PTL356-542OH4"
26343,"NRO_PARTE",1684104,"6PTL356-542OH5"
26343,"NRO_PARTE",1684105,"6PTL356-542OP3"
26343,"NRO_PARTE",1684106,"6PTL356-542OP4"
26343,"NRO_PARTE",1684107,"6PTL356-542OP5"
26343,"NRO_PARTE",1684108,"6PTL356-542SS3"
26343,"NRO_PARTE",1684109,"6PTL356-542SS4"
26343,"NRO_PARTE",1684110,"6PTL356-542SS5"
26343,"NRO_PARTE",1684111,"6PTL527-5161OH3"
26343,"NRO_PARTE",1684112,"6PTL527-5161OH4"
26343,"NRO_PARTE",1684113,"6PTL527-5161OH5"
26343,"NRO_PARTE",1684114,"6PTL527-5161OP3"
26343,"NRO_PARTE",1684115,"6PTL527-5161OP4"
26343,"NRO_PARTE",1684116,"6PTL527-5161OP5"
26343,"NRO_PARTE",1684117,"6PTL527-5161SS3"
26343,"NRO_PARTE",1684118,"6PTL527-5161SS4"
26343,"NRO_PARTE",1684119,"6PTL527-5161SS5"
26343,"NRO_PARTE",1684120,"6PTL527-585OH3"
26343,"NRO_PARTE",1684121,"6PTL527-585OH4"
26343,"NRO_PARTE",1684122,"6PTL527-585OH5"
26343,"NRO_PARTE",1684123,"6PTL527-585OP3"
26343,"NRO_PARTE",1684124,"6PTL527-585OP4"
26343,"NRO_PARTE",1684125,"6PTL527-585OP5"
26343,"NRO_PARTE",1688010,"2N5U1LT-ABM"
26343,"NRO_PARTE",1688011,"2Q6D0LS#ABM-OP"
26343,"NRO_PARTE",1688012,"20W1SCCT00"
26343,"NRO_PARTE",1688013,"20W1SCCP00"
26343,"NRO_PARTE",1688014,"2PTL743-71612SOP3-FHD-N"
26343,"NRO_PARTE",1688015,"2PTL743-71612SSS3-FHD-N-V"
26343,"NRO_PARTE",1688016,"20YHS06J00"
26343,"NRO_PARTE",1688017,"20X2S3LC00"
26343,"NRO_PARTE",1688018,"1PTL552-5825OH3-FHD-T-2V"
26343,"NRO_PARTE",1688019,"1PTL552-5812OH3-FHD-T-2V"
26343,"NRO_PARTE",1688020,"1PTL552-5812OP3-FHD-T-2V"
26343,"NRO_PARTE",1688021,"S26391-K503-V100#108"
26343,"NRO_PARTE",1688022,"20T7S1X200"
26343,"NRO_PARTE",1688023,"S26391-K503-V100#106"
26343,"NRO_PARTE",1688024,"20W1SCCS00"
26343,"NRO_PARTE",1688025,"2PTL553-71612SOP3-FHD-2V"
26343,"NRO_PARTE",1688026,"20X6S0KQ00"
26343,"NRO_PARTE",1688027,"618S6LT#ABM-OHMD"
26343,"NRO_PARTE",1688028,"53012YGJ"
26343,"NRO_PARTE",1688029,"53011YYQ"
26343,"NRO_PARTE",1688030,"2PTL352-5812OH3-FHD-AE"
26343,"NRO_PARTE",1688031,"20W1SCCR00"
26343,"NRO_PARTE",1688032,"20X2S3LB00"
26343,"NRO_PARTE",1688033,"20X2S3LV00"
26343,"NRO_PARTE",1688034,"1PTL352-71612SS3-FHD"
26343,"NRO_PARTE",1688035,"1PTL352-71612OP3-FHD"
26343,"NRO_PARTE",1688036,"7B9Q2LS#ABM-OPD"
26343,"NRO_PARTE",1688037,"7B9Q2LS#ABM-OHM"
26343,"NRO_PARTE",1688038,"2J6N5LT#ABM-OP"
26343,"NRO_PARTE",1688039,"7B9Q2LS#ABM-M"
26343,"NRO_PARTE",1688040,"20X6S21D00"
26343,"NRO_PARTE",1688041,"1PTL352-71625OH3-FHD"
26343,"NRO_PARTE",1688042,"1PTL352-71625OP3-FHD"
26343,"NRO_PARTE",1688043,"1PTL352-781OP3-FHD-2V"
26343,"NRO_PARTE",1688044,"2PTL352-5812OP3-FHD-A"
26343,"NRO_PARTE",1688045,"NBHNA3BVA28"
26343,"NRO_PARTE",1688046,"53013DBJO-MOP"
26343,"NRO_PARTE",1688047,"82KT009NLM"
26343,"NRO_PARTE",1688048,"82LM00BTLM"
26343,"NRO_PARTE",1688049,"NL5H7WQI2VA0MI"
26343,"NRO_PARTE",1688050,"NL5H78QI2VA0MK"
26343,"NRO_PARTE",1688051,"NL5H58YI2VA0OB"
26343,"NRO_PARTE",1688052,"NL5H7GVI2VA0NQ"
26343,"NRO_PARTE",1688053,"NL5H7GYI2VA0OE"
26343,"NRO_PARTE",1688054,"NBADVPS5076BKP"
26343,"NRO_PARTE",1688055,"NBADVCN4050BK-S"
26343,"NRO_PARTE",1688056,"1PTL542-3425OP1-HD"
26343,"NRO_PARTE",1688057,"1PTL542-3425OP3-HD"
26343,"NRO_PARTE",1688058,"1PTL542-3825SS3-FHD"
26343,"NRO_PARTE",1688059,"1PTL542-3825OH1-HD"
26343,"NRO_PARTE",1688060,"1PTL542-3825OP3-HD"
26343,"NRO_PARTE",1688061,"1PTL552-3425SS3-FHD"
26343,"NRO_PARTE",1688062,"1PTL552-3425OH3-HD"
26343,"NRO_PARTE",1688063,"1PTL552-3425OP3-HD"
26343,"NRO_PARTE",1688064,"1PTL552-3825OH1-HD"
26343,"NRO_PARTE",1688065,"1PTL552-3825OP1-HD"
26343,"NRO_PARTE",1688066,"1PTL341-5825OP3-S."
26343,"NRO_PARTE",1688067,"2PTL352-71656OP3-FHD"
26343,"NRO_PARTE",1688068,"2PTL352-71656OP3-HD"
26343,"NRO_PARTE",1688069,"NBADPS5077BK2D"
26343,"NRO_PARTE",1765631,"V15G3R5016101PA"
26343,"NRO_PARTE",3897211,"PSY29U-0CK001-DY"
26343,"NRO_PARTE",3897226,"PSY29U-0CK001-DY-OH"
26343,"NRO_PARTE",2030945,"3PTL744-7161SOP3-A-VP-S-U-B"
26343,"NRO_PARTE",2030948,"3PTL544-7161SOP3-P-VP"
26343,"NRO_PARTE",2032422,"21H2S4HS00-OP"
26343,"NRO_PARTE",2799586,"E14G5R507082013"
26343,"NRO_PARTE",2799606,"E14G5R50708201P3"
26343,"NRO_PARTE",2800030,"E14G6R3108102"
26343,"NRO_PARTE",2800040,"E14G6R3108102-OH"
26343,"NRO_PARTE",1774658,"3PTL342-3856SS1-FHD"
26343,"NRO_PARTE",1774752,"3PTL342-3856OP3-FHD"
26343,"NRO_PARTE",1684126,"6PTL527-585SS3"
26343,"NRO_PARTE",1684127,"6PTL527-585SS4"
26343,"NRO_PARTE",1684128,"6PTL527-585SS5"
26343,"NRO_PARTE",1684129,"6PTL527-7161OH3"
26343,"NRO_PARTE",1684130,"6PTL527-7161OH4"
26343,"NRO_PARTE",1684131,"6PTL527-7161OH5"
26343,"NRO_PARTE",1684132,"6PTL527-7161OP3"
26343,"NRO_PARTE",1684133,"1111"
26343,"NRO_PARTE",1684134,"53012YDY-MOB"
26343,"NRO_PARTE",1684135,"53012KGPN-MOP"
26343,"NRO_PARTE",1684136,"618T1LA#ABM-OPM"
26343,"NRO_PARTE",1684137,"53012YDY"
26343,"NRO_PARTE",1684138,"QO90LT7F#20"
26343,"NRO_PARTE",1684139,"QOX409#20"
26343,"NRO_PARTE",1684140,"81LW00JMLMT"
26343,"NRO_PARTE",1684141,"81H300MKLM"
26343,"NRO_PARTE",1684142,"9DQ66LS#ABM"
26343,"NRO_PARTE",1684143,"9DQ66LS"
26343,"NRO_PARTE",1684144,"20Q6S6TL00"
26343,"NRO_PARTE",1684145,"20Q6S7GA00"
26343,"NRO_PARTE",1684146,"20Q6S7G900"
26343,"NRO_PARTE",1684147,"20Q6S6TM00"
26343,"NRO_PARTE",1684148,"20Q6S7GE00"
26343,"NRO_PARTE",1684149,"20Q6S7GF00"
26343,"NRO_PARTE",1684150,"9PTL53-7812OP3-19"
26343,"NRO_PARTE",1684151,"9PTL53-7825SS4"
26343,"NRO_PARTE",1684152,"9PTL55-5812OH3-19"
26343,"NRO_PARTE",1684153,"9PTL55-5812OH5-19"
26343,"NRO_PARTE",1684154,"9PTL55-5812OP3-19"
26343,"NRO_PARTE",1684155,"9PTL55-5812OH4-19"
26343,"NRO_PARTE",1684156,"9PTL55-5812SS4"
26343,"NRO_PARTE",1684157,"9PTL55-5812SS5"
26343,"NRO_PARTE",1684158,"9PTL55-581SSS3"
26343,"NRO_PARTE",1684159,"9PTL55-581SSS4"
26343,"NRO_PARTE",1684160,"9PTL55-581SOP3-19"
26343,"NRO_PARTE",1684161,"9PTL55-581SOP4-19"
26343,"NRO_PARTE",1684162,"9PTL55-581SOP5-19"
26343,"NRO_PARTE",1684163,"9PTL74-7812OP5-19"
26343,"NRO_PARTE",1684164,"9PTL35-51625SS5"
26343,"NRO_PARTE",1684165,"9PTL55-5161SS4"
26343,"NRO_PARTE",1684166,"9PTL55-5161SS5"
26343,"NRO_PARTE",1684167,"9PTL55-5161OH4-19"
26343,"NRO_PARTE",1684168,"LATITUDE 5500"
26343,"NRO_PARTE",1684169,"9PTL55-5161OP3-19"
26343,"NRO_PARTE",1684170,"9PTL55-5161SSS4"
26343,"NRO_PARTE",1684171,"9PTL55-5161SSS5"
26343,"NRO_PARTE",1684172,"9PTL55-5161SOH3-19"
26343,"NRO_PARTE",1684173,"9PTL55-5161SOH4-19"
26343,"NRO_PARTE",1684174,"9PTL55-51612OP4-19"
26343,"NRO_PARTE",1684175,"9PTL55-781SS3"
26343,"NRO_PARTE",1684176,"9PTL55-781OH3-19"
26343,"NRO_PARTE",1684177,"9PTL55-781OH4-19"
26343,"NRO_PARTE",1684178,"9PTL55-781OH5-19"
26343,"NRO_PARTE",1684179,"9PTL55-781OP3-19"
26343,"NRO_PARTE",1684180,"9PTL55-781OP4-19"
26343,"NRO_PARTE",1684181,"9PTL55-581SS5"
26343,"NRO_PARTE",1684182,"9PTL35-51612OH3-19"
26343,"NRO_PARTE",1684183,"9PTL35-51612SS3"
26343,"NRO_PARTE",1684184,"9PTL35-781SS4"
26343,"NRO_PARTE",1684185,"9PTL35-51612OH4-19"
26343,"NRO_PARTE",1684186,"9PTL55-5812OP5-19"
26343,"NRO_PARTE",2940883,"T16G7U7178101-OH"
26343,"NRO_PARTE",2940911,"T16G7U71716201-OH"
26343,"NRO_PARTE",1688070,"NBADPS5077BK2-P"
26343,"NRO_PARTE",1688071,"NBADPS7085BKD"
26343,"NRO_PARTE",1688072,"21CUS05900"
26343,"NRO_PARTE",1688073,"21CUS05A00"
26343,"NRO_PARTE",1688074,"21CSS1BS00"
26343,"NRO_PARTE",1688075,"90NX0551-M00UF0-OP"
26343,"NRO_PARTE",1688076,"7A048LA#ABM-OHA"
26343,"NRO_PARTE",1688077,"90NX0411-M01E70-OP"
26343,"NRO_PARTE",1688078,"21CSS0T800"
26343,"NRO_PARTE",1688079,"20X6S21E00"
26343,"NRO_PARTE",1688080,"20X6S21C00"
26343,"NRO_PARTE",1688081,"1PTL352-7161OH3-FHD"
26343,"NRO_PARTE",1688082,"1PTL352-7161OP3-FHD"
26343,"NRO_PARTE",1688083,"1PTL352-71625SS3-FHD"
26343,"NRO_PARTE",1688084,"1PTL352-71612OH3-FHD"
26343,"NRO_PARTE",1688085,"1PTL352-781OH3-FHD-2V"
26343,"NRO_PARTE",1688086,"NBH8V3BVA1P"
26343,"NRO_PARTE",1688087,"1PTL552-3825OP3-HD"
26343,"NRO_PARTE",1688088,"20T7S2EB00"
26343,"NRO_PARTE",1688089,"20T7S2ED00"
26343,"NRO_PARTE",1688090,"20T7S2EE00"
26343,"NRO_PARTE",1688091,"NBADPS6051GR1-S"
26343,"NRO_PARTE",1688092,"NBADPS6051GRPD"
26343,"NRO_PARTE",1688093,"NBADPS6051GRPDO"
26343,"NRO_PARTE",1688094,"NBADPS6051GRPO"
26343,"NRO_PARTE",1688095,"21CUS05400"
26343,"NRO_PARTE",1688096,"21CUS05600"
26343,"NRO_PARTE",1688097,"21CUS0GH00"
26343,"NRO_PARTE",1688098,"21CUS0GH00-OH"
26343,"NRO_PARTE",1688099,"PML20U-0N8021"
26343,"NRO_PARTE",1688100,"21ECS0KX00"
26343,"NRO_PARTE",1688101,"20X6S0WQ00"
26343,"NRO_PARTE",1688102,"90NX0441-M02XH0-OH"
26343,"NRO_PARTE",1688103,"NL5H5GTI2VA0LX"
26343,"NRO_PARTE",1688104,"NL5H5WTI2VA0M1"
26343,"NRO_PARTE",1688105,"151D6LT#ABM-OP"
26343,"NRO_PARTE",1688106,"1PTL542-3425OP1-FHD"
26343,"NRO_PARTE",1688107,"NBADPS5077BK2PO"
26343,"NRO_PARTE",1688108,"2N5T7LT#ABM-OH"
26343,"NRO_PARTE",1688109,"21CSS0P400"
26343,"NRO_PARTE",1688110,"21CUS05800"
26343,"NRO_PARTE",1688111,"21CUS05B00"
26343,"NRO_PARTE",1688112,"21CSS1AY00"
26343,"NRO_PARTE",1688113,"7A049LA#ABM-OHA"
26343,"NRO_PARTE",1688114,"21CSS1BA00"
26343,"NRO_PARTE",1688115,"2PTL352-716S1OP3-FHD"
26343,"NRO_PARTE",1688116,"2PTL352-716S1OP3-HD"
26343,"NRO_PARTE",1688117,"1PTL542-3425OH3-FHD"
26343,"NRO_PARTE",1688118,"1PTL542-3425OP3-FHD"
26343,"NRO_PARTE",1688119,"NBADPS5077BK2-S"
26343,"NRO_PARTE",1688120,"NBADVPS5077BK2"
26343,"NRO_PARTE",1688121,"21CSS0NV00"
26343,"NRO_PARTE",1688122,"90NX0551-M00UE0-OP"
26343,"NRO_PARTE",1688123,"21CSS1BT00"
26343,"NRO_PARTE",1688124,"PML20U-0VL011-OH"
26343,"NRO_PARTE",1688125,"21CUS0GG00-OH"
26343,"NRO_PARTE",1688126,"2PTL553-51612SOP3-FHD-"
26343,"NRO_PARTE",1688127,"61G12LT#ABM"
26343,"NRO_PARTE",1688128,"2PTL352-7812OP3-FHD"
26343,"NRO_PARTE",1688129,"2PTL352-7856OP3-FHD"
26343,"NRO_PARTE",1688130,"2PTL352-7856OP3-HD"
26343,"NRO_PARTE",4068238,"E16G3C5H162100"
26343,"NRO_PARTE",1765953,"V15G3I7816101HH"
26343,"NRO_PARTE",2030949,"3PTL554-7161SSS3-P"
26343,"NRO_PARTE",1774762,"3PTL342-3812OH1-HD"
26343,"NRO_PARTE",1774766,"3PTL342-3812SS1-FHD"
26343,"NRO_PARTE",1774786,"3PTL342-3812OH3-HD"
26343,"NRO_PARTE",1774788,"3PTL342-3812OH3-FHD"
26343,"NRO_PARTE",1684187,"9PTL55-5161OP5-19"
26343,"NRO_PARTE",1684188,"9PTL55-5161SOH5-19"
26343,"NRO_PARTE",1684189,"9PTL55-781SS5"
26343,"NRO_PARTE",1684190,"9PTL55-5812SS3"
26343,"NRO_PARTE",1684191,"9PTL55-581SOH4-19"
26343,"NRO_PARTE",1684192,"9PTL55-581SOH5-19"
26343,"NRO_PARTE",1684193,"9PTL53-7825OP3-19"
26343,"NRO_PARTE",1684194,"9PTL53-58562SS5"
26343,"NRO_PARTE",1684195,"9PTL55-581SOH3-19"
26343,"NRO_PARTE",1684196,"9PTL74-581OH4-19"
26343,"NRO_PARTE",1684197,"9PTL74-581OH5-19"
26343,"NRO_PARTE",1684198,"9PTL74-581OP3-19"
26343,"NRO_PARTE",1684199,"9PTL74-5812SS4"
26343,"NRO_PARTE",1684200,"9PTL74-5812SS5"
26343,"NRO_PARTE",1684201,"9PTL74-5812OH3-19"
26343,"NRO_PARTE",1684202,"9PTL74-5161SS3"
26343,"NRO_PARTE",1684203,"9PTL74-5161OH3-19"
26343,"NRO_PARTE",1684204,"9PTL74-5161OH5-19"
26343,"NRO_PARTE",1684205,"9PTL74-5161OP4-19"
26343,"NRO_PARTE",1684206,"9PTL74-51612SS3"
26343,"NRO_PARTE",1684207,"6PTL527-7161OP4"
26343,"NRO_PARTE",1684208,"6PTL727-51652OH5"
26343,"NRO_PARTE",1684209,"6PTL727-51652OP3"
26343,"NRO_PARTE",1684210,"6PTL727-51652OP4"
26343,"NRO_PARTE",1684211,"6PTL727-51652OP5"
26343,"NRO_PARTE",1684212,"6PTL727-51652SS3"
26343,"NRO_PARTE",1684213,"6PTL727-51652SS4"
26343,"NRO_PARTE",1684214,"6PTL727-51652SS5"
26343,"NRO_PARTE",1684215,"6PTL727-5852OH3"
26343,"NRO_PARTE",1684216,"6PTL727-5852OH4"
26343,"NRO_PARTE",1684217,"6PTL727-5852OH5"
26343,"NRO_PARTE",1684218,"6PTL727-5852OP3"
26343,"NRO_PARTE",1684219,"6PTL727-5852OP4"
26343,"NRO_PARTE",1684220,"6PTL727-5852OP5"
26343,"NRO_PARTE",1684221,"6PTL727-5852SS3"
26343,"NRO_PARTE",1684222,"6PTL727-5852SS4"
26343,"NRO_PARTE",1684223,"6PTL727-5852SS5"
26343,"NRO_PARTE",1684224,"6PTL727-71652OH3"
26343,"NRO_PARTE",1684225,"6PTL727-71652OH4"
26343,"NRO_PARTE",1684226,"6PTL727-71652OH5"
26343,"NRO_PARTE",1684227,"6PTL727-71652OP3"
26343,"NRO_PARTE",1684228,"6PTL727-71652OP4"
26343,"NRO_PARTE",1684229,"6PTL727-71652OP5"
26343,"NRO_PARTE",1684230,"6PTL727-71652SS3"
26343,"NRO_PARTE",1684231,"6PTL727-71652SS4"
26343,"NRO_PARTE",1684232,"6PTL727-71652SS5"
26343,"NRO_PARTE",1684233,"6PTL747-51652OH3"
26343,"NRO_PARTE",1684234,"20FAA0AN00"
26343,"NRO_PARTE",1684235,"20FCA07E00"
26343,"NRO_PARTE",1684236,"20FCA07F00"
26343,"NRO_PARTE",1684237,"20FCA0A800"
26343,"NRO_PARTE",1684238,"20FCA0A900"
26343,"NRO_PARTE",1684239,"20FCA0AA00"
26343,"NRO_PARTE",1684240,"20FCA0AB00"
26343,"NRO_PARTE",1684241,"20FCA0AC00"
26343,"NRO_PARTE",1684242,"20FCA0AD00"
26343,"NRO_PARTE",1684243,"20FEA00U00"
26343,"NRO_PARTE",1684244,"20FEA04C00"
26343,"NRO_PARTE",1684245,"20FJA03800  "
26343,"NRO_PARTE",1684246,"20FMA04L00"
26343,"NRO_PARTE",1684247,"20FMA04M00"
26343,"NRO_PARTE",2941081,"E14G6U5168101"
26343,"NRO_PARTE",1688131,"20X6S21G00"
26343,"NRO_PARTE",1688132,"20X6S21B00"
26343,"NRO_PARTE",1688133,"NL5H58MI2VA0MR"
26343,"NRO_PARTE",1688134,"NL5H78MI2VA0MS"
26343,"NRO_PARTE",1688135,"NL5H7GMI2VA0MU"
26343,"NRO_PARTE",1688136,"NL5H58TI2VA0MZ"
26343,"NRO_PARTE",1688137,"NL5H78TI2VA0N0"
26343,"NRO_PARTE",1688138,"NL5H5GTI2VA0N1"
26343,"NRO_PARTE",1688139,"NL5H582I2VA0N7"
26343,"NRO_PARTE",1688140,"21CSS0D900-OP"
26343,"NRO_PARTE",1688141,"NBADVPS5076BKDP"
26343,"NRO_PARTE",1688142,"1PTL542-3425SS1-FHD"
26343,"NRO_PARTE",1688143,"618S7LT"
26343,"NRO_PARTE",1688144,"618U3LT#ABM-M"
26343,"NRO_PARTE",1688145,"21CUS05700"
26343,"NRO_PARTE",1688146,"21CUS05500"
26343,"NRO_PARTE",1688147,"90NX0441-M03CU0-OP"
26343,"NRO_PARTE",1688148,"7A047LA#ABM-OHA"
26343,"NRO_PARTE",1688149,"90NX0441-M03CR0-OP"
26343,"NRO_PARTE",1688150,"90NX0441-M03CS0-OP"
26343,"NRO_PARTE",1688151,"90NX0441-M03CT0-OP"
26343,"NRO_PARTE",1688152,"21CSS1B100"
26343,"NRO_PARTE",1688153,"64X71LT#ABM"
26343,"NRO_PARTE",1688154,"64X72LT#ABM"
26343,"NRO_PARTE",1688155,"NBP8A3BVA38"
26343,"NRO_PARTE",1688156,"2PTL352-7812OP3-HD"
26343,"NRO_PARTE",1688157,"2PTL352-71612OP3-FHD"
26343,"NRO_PARTE",1688158,"2PTL352-71612OP3-HD"
26343,"NRO_PARTE",1688159,"NL5H7WTI2VA0MY"
26343,"NRO_PARTE",1688160,"NBADVPS5076BK-S"
26343,"NRO_PARTE",1688161,"NBADVNV6650SL-S"
26343,"NRO_PARTE",1688162,"20T7S2EA00"
26343,"NRO_PARTE",1688163,"20W1SCL600"
26343,"NRO_PARTE",1688164,"20W1S77T00"
26343,"NRO_PARTE",1688165,"20W1S77000"
26343,"NRO_PARTE",1688166,"20X6S2D300"
26343,"NRO_PARTE",1688167,"21CSS1B600"
26343,"NRO_PARTE",1688168,"21CSS1B400"
26343,"NRO_PARTE",1688169,"21CSS1BR00"
26343,"NRO_PARTE",1688170,"7A049LA#ABM-OPA"
26343,"NRO_PARTE",1688171,"90NX0551-M00UC0-OP"
26343,"NRO_PARTE",1688172,"21CSS1B300"
26343,"NRO_PARTE",1688173,"21CSS1BC00"
26343,"NRO_PARTE",1688174,"90NX0551-M00UD0-OP"
26343,"NRO_PARTE",1688175,"NL5H5G2I2VA0N9"
26343,"NRO_PARTE",1688176,"NL5H7G2I2VA0NA"
26343,"NRO_PARTE",1688177,"NL5H5WYI2VA0O9"
26343,"NRO_PARTE",1688178,"NL5H7WYI2VA0OA"
26343,"NRO_PARTE",1688179,"NL5H78YI2VA0OC"
26343,"NRO_PARTE",1688180,"NL5H5GYI2VA0OD"
26343,"NRO_PARTE",1688181,"NL5H58TI2VA0M3"
26343,"NRO_PARTE",1688182,"428R0LS#ABM-DA"
26343,"NRO_PARTE",1688183,"20XGS0FF00"
26343,"NRO_PARTE",1688184,"20T7S2E500"
26343,"NRO_PARTE",1688185,"151D6LT#ABM"
26343,"NRO_PARTE",1688186,"20W1SCL900"
26343,"NRO_PARTE",1688187,"90NX0441-M034L0-OP"
26343,"NRO_PARTE",1688188,"64X73LT#ABM"
26343,"NRO_PARTE",1688189,"64X76LT#ABM"
26343,"NRO_PARTE",1688190,"64Y11LT#ABM"
26343,"NRO_PARTE",1688191,"NL5H5GQI2VA0ML"
26343,"NRO_PARTE",1688192,"NL5H5WTI2VA0MX"
26343,"NRO_PARTE",3898553,"CC62F215O"
26343,"NRO_PARTE",3864155,"9J308LT#ABM-OH4"
26343,"NRO_PARTE",3864176,"AP1K8AT#ABM-OH4"
26343,"NRO_PARTE",3731233,"V15G5C734162100H-OH"
26343,"NRO_PARTE",3731336,"T16G3U721162100D2"
26343,"NRO_PARTE",1836246,"E14G5R31108001HH"
26343,"NRO_PARTE",1836253,"E14G5R31108001PA"
26343,"NRO_PARTE",2626580,"SX7H115F0S-C"
26343,"NRO_PARTE",4068961,"E16G3C5H162100H-OH"
26343,"NRO_PARTE",2777515,"PNM11U-07T00D-OP"
26343,"NRO_PARTE",2777529,"PNM11U-07T00D-OH"
26343,"NRO_PARTE",2777544,"PNM11U-07T00D"
26343,"NRO_PARTE",1804491,"V15G3I7808101#"
26343,"NRO_PARTE",1804492,"V15G3I7808101#H"
26343,"NRO_PARTE",4142464,"E14G7R78512101"
26343,"NRO_PARTE",4142482,"V154I78162100"
26343,"NRO_PARTE",3397793,"V15G5C781100H-OH"
26343,"NRO_PARTE",3397799,"V15G5C782100H"
26343,"NRO_PARTE",3397802,"V15G5C782100H-OH"
26343,"NRO_PARTE",4226198,"90NX0881-M02P90"
26343,"NRO_PARTE",4226209,"T16G9C734162100-OH"
26343,"NRO_PARTE",4226250,"TB16G9R7161000-OHU"
26343,"NRO_PARTE",4226258,"A24Z2LT#ABM-D"
26343,"NRO_PARTE",4226440,"A24Z2LT#ABM-OH4D"
26343,"NRO_PARTE",1725374,"7C6F9LA#ABM-OH"
26343,"NRO_PARTE",1725401,"7C6F9LA#ABM-OP"
26343,"NRO_PARTE",1779110,"V14G3I3908011HA"
26343,"NRO_PARTE",1779156,"891Z7LA#ABM-A"
26343,"NRO_PARTE",1779160,"V14G3I5008001#A"
26343,"NRO_PARTE",1779161,"V14G3I5008001#HA"
26343,"NRO_PARTE",1779174,"891Z7LA#ABM-OHA"
26343,"NRO_PARTE",1779196,"V14G3I5008101#A"
26343,"NRO_PARTE",1779198,"V14G3I5008101#PA"
26343,"NRO_PARTE",1779200,"V14G3I500810#1HA"
26343,"NRO_PARTE",1779201,"V14G3I500810#1PA"
26343,"NRO_PARTE",2589586,"4PTL344-51612SOH3-FHD-AC"
26343,"NRO_PARTE",4067604,"C77D0LS#ABM."
26343,"NRO_PARTE",4067608,"C77D0LS#ABM-OH4."
26343,"NRO_PARTE",4067631,"A24ZSLT#ABM-OH4."
26343,"NRO_PARTE",4067733,"E14G7C7H82100"
26343,"NRO_PARTE",3778348,"T14SG5U721162100W-OH"
26343,"NRO_PARTE",3778367,"T14SG5U721162100DW"
26343,"NRO_PARTE",1684248,"20FMA04N00"
26343,"NRO_PARTE",1684249,"20FMA04P00"
26343,"NRO_PARTE",1684250,"20FMA04Q00"
26343,"NRO_PARTE",1684251,"20FMA08E00"
26343,"NRO_PARTE",1684252,"20FMA08F00"
26343,"NRO_PARTE",1684253,"20FMA08G00"
26343,"NRO_PARTE",1684254,"20FMA08H00"
26343,"NRO_PARTE",1684255,"20FMA08J00"
26343,"NRO_PARTE",1684256,"20FMA08K00"
26343,"NRO_PARTE",1684257,"20FMA08L00"
26343,"NRO_PARTE",1684258,"20FMA08M00"
26343,"NRO_PARTE",1684259,"20FMA08N00"
26343,"NRO_PARTE",1684260,"20FMA08P00"
26343,"NRO_PARTE",1684261,"20FMA08Q00"
26343,"NRO_PARTE",1684262,"20FMA08R00"
26343,"NRO_PARTE",1684263,"20FR0006LM"
26343,"NRO_PARTE",1684264,"20FRA03E00"
26343,"NRO_PARTE",1684265,"20FRA03F00"
26343,"NRO_PARTE",1684266,"20FRA03G00"
26343,"NRO_PARTE",1684267,"20FRA03H00"
26343,"NRO_PARTE",1684268,"20FXA02F00"
26343,"NRO_PARTE",1684269,"20GAA00300"
26343,"NRO_PARTE",1684270,"20GAA00400"
26343,"NRO_PARTE",1684271,"20GAA00500"
26343,"NRO_PARTE",1684272,"20GAA00600"
26343,"NRO_PARTE",1684273,"20GAA00700"
26343,"NRO_PARTE",1684274,"20GAA00800"
26343,"NRO_PARTE",1684275,"20GB000JLM"
26343,"NRO_PARTE",1684276,"20GB000KLM"
26343,"NRO_PARTE",1684277,"20GB000LLM"
26343,"NRO_PARTE",1684278,"LENOVO K14 10"
26343,"NRO_PARTE",1684279,"LENOVO K14 19"
26343,"NRO_PARTE",1684280,"LENOVO K14 22"
26343,"NRO_PARTE",1684281,"LENOVO K14 23"
26343,"NRO_PARTE",1684282,"LENOVO K14 71"
26343,"NRO_PARTE",1684283,"LENOVO K14 101"
26343,"NRO_PARTE",1684284,"LENOVO  K14 131"
26343,"NRO_PARTE",1684285,"LENOVO K14 4145"
26343,"NRO_PARTE",1684286,"LENOVO K14 151"
26343,"NRO_PARTE",1684287,"LENOVO K14 171"
26343,"NRO_PARTE",1684288,"1PTL342-581OP3-A1-4"
26343,"NRO_PARTE",1684289,"53012YUY"
26343,"NRO_PARTE",1684290,"618T2LT#ABM-OH"
26343,"NRO_PARTE",1684291,"2PTL352-51612OH3-FHD-"
26343,"NRO_PARTE",1684292,"2PTL352-51612OP3-FHD-GM"
26343,"NRO_PARTE",1684293,"2PTL352-51612OP3-FHD-A"
26343,"NRO_PARTE",1684294,"9PTL74-51612OP5-19"
26343,"NRO_PARTE",1684295,"9PTL74-7812OH5-19"
26343,"NRO_PARTE",1684296,"9PTL53-51625SS4"
26343,"NRO_PARTE",1684297,"9PTL53-781SS3"
26343,"NRO_PARTE",1684298,"9PTL53-781SS4"
26343,"NRO_PARTE",1684299,"9PTL53-781OH3-19"
26343,"NRO_PARTE",1684300,"9PTL35-5161SSS3"
26343,"NRO_PARTE",1684301,"9PTL35-51625OH4-19"
26343,"NRO_PARTE",1684302,"9PTL35-51625OH5-19"
26343,"NRO_PARTE",1684303,"9PTL35-51625OP3-19"
26343,"NRO_PARTE",1684304,"9PTL35-5161SS4"
26343,"NRO_PARTE",1684305,"9PTL53-51612SS3"
26343,"NRO_PARTE",1684306,"9PTL53-51625OP4-19"
26343,"NRO_PARTE",1684307,"9PTL35-5161SOP3-19"
26343,"NRO_PARTE",1684308,"9PTL35-51625OH3-19"
26343,"NRO_PARTE",1684309,"9PTL35-51625OP4-19"
26343,"NRO_PARTE",1688193,"NL5H7GTI2VA0N2"
26343,"NRO_PARTE",1688194,"NL5H5W2I2VA0N5"
26343,"NRO_PARTE",1688195,"NL5H7W2I2VA0N6"
26343,"NRO_PARTE",1688196,"NL5H782I2VA0N8"
26343,"NRO_PARTE",1688197,"NL5H5WVI2VA0NL"
26343,"NRO_PARTE",1688198,"NL5H7WVI2VA0NM"
26343,"NRO_PARTE",1688199,"NL5H58VI2VA0NN"
26343,"NRO_PARTE",1688200,"NL5H78VI2VA0NO"
26343,"NRO_PARTE",1688201,"NL5H5GVI2VA0NP"
26343,"NRO_PARTE",1688202,"21CSS0D900-OH"
26343,"NRO_PARTE",1688203,"20X4S63X00"
26343,"NRO_PARTE",1688204,"20W1SCL300"
26343,"NRO_PARTE",1688205,"20W1SCL700"
26343,"NRO_PARTE",1688206,"20W1SCL400"
26343,"NRO_PARTE",1688207,"LPEJPVEZX3AIR8128"
26343,"NRO_PARTE",1688208,"NBH6A3BVA27"
26343,"NRO_PARTE",1688209,"7A048LA#ABM-OPA"
26343,"NRO_PARTE",1688210,"21CSS1B000"
26343,"NRO_PARTE",1688211,"7A049LA#ABM-A"
26343,"NRO_PARTE",1688212,"20X6S21200"
26343,"NRO_PARTE",1688213,"NL5H7GTI2VA0LY"
26343,"NRO_PARTE",1688214,"NL5H7WTI2VA0M2"
26343,"NRO_PARTE",1688215,"NL5H78TI2VA0M4"
26343,"NRO_PARTE",1688216,"NL5H7GTI2VA0M6"
26343,"NRO_PARTE",1688217,"NL5H5WQI2VA0MH"
26343,"NRO_PARTE",1688218,"21EES0EC00-OH"
26343,"NRO_PARTE",1688219,"21E4S0J300"
26343,"NRO_PARTE",1688220,"81ST000MLM"
26343,"NRO_PARTE",1688221,"21E4S0JE00"
26343,"NRO_PARTE",1688222,"82KB00G4LM-OH"
26343,"NRO_PARTE",1688223,"21E4S0JH00"
26343,"NRO_PARTE",1688224,"20XGS0FH00"
26343,"NRO_PARTE",1688225,"428R0LS#ABM-MDA"
26343,"NRO_PARTE",1688226,"428R0LS#ABM-OPMDA"
26343,"NRO_PARTE",1688227,"82FJ009DLM"
26343,"NRO_PARTE",1688228,"20T7S2EF00"
26343,"NRO_PARTE",1688229,"2Q6J0LT#ABM-OP"
26343,"NRO_PARTE",1688230,"2K2P1LT#ABM"
26343,"NRO_PARTE",1688231,"26N49LT#ABM"
26343,"NRO_PARTE",1688232,"2P5L7LT#ABM-OP"
26343,"NRO_PARTE",1688233,"2F3Z7LT#ABM-OH"
26343,"NRO_PARTE",1688234,"2K2P8LT#ABM"
26343,"NRO_PARTE",1688235,"26N53LT#ABM-OP"
26343,"NRO_PARTE",1688236,"2K2W4LT#ABM"
26343,"NRO_PARTE",1688237,"2P5L9LT#ABM"
26343,"NRO_PARTE",1688238,"21E7S0BT00"
26343,"NRO_PARTE",1688239,"21E7S0BT00-OP"
26343,"NRO_PARTE",1688240,"0PTL541-5161OP3-FHD"
26343,"NRO_PARTE",1688241,"53012GHT"
26343,"NRO_PARTE",1688242,"NL5H5GTI2VA0M5"
26343,"NRO_PARTE",1688243,"82KB00G6LM-OH"
26343,"NRO_PARTE",1688244,"20XGS0FK00"
26343,"NRO_PARTE",1688245,"20XGS0BY00"
26343,"NRO_PARTE",1688246,"20T7S2E700"
26343,"NRO_PARTE",1688247,"20T7S2E900"
26343,"NRO_PARTE",1688248,"26N53LT#ABM-OH"
26343,"NRO_PARTE",1688249,"1PTL542-581SS3-FHD"
26343,"NRO_PARTE",1688250,"2P5M2LT#ABM"
26343,"NRO_PARTE",1688251,"1PTL542-581OP3-FHD"
26343,"NRO_PARTE",1688252,"6L2F6LS#ABM-OH"
26343,"NRO_PARTE",1688253,"6L2F6LS#ABM-OP"
26343,"NRO_PARTE",1688254,"6L2F6LS#ABM-OPA"
26343,"NRO_PARTE",2553137,"9Q6R3LA#ABM-OH"
26343,"NRO_PARTE",3898559,"PSY29U-4ML01T"
26343,"NRO_PARTE",3898594,"WE15I7F146B"
26343,"NRO_PARTE",3864193,"A24ZRLT#ABM-OH4"
26343,"NRO_PARTE",3864194,"A24ZRLT#ABM-G4"
26343,"NRO_PARTE",3731359,"82TT00SLLM"
26343,"NRO_PARTE",2626937,"58MU04V554"
26343,"NRO_PARTE",2626960,"7WTPP4V364"
26343,"NRO_PARTE",1836245,"E14G5R31108001H"
26343,"NRO_PARTE",4069299,"E16G3C7H161100-OH"
26343,"NRO_PARTE",1804493,"V15G3I7808101#P"
26343,"NRO_PARTE",1804635,"E14G5I71108201HH"
26343,"NRO_PARTE",2139830,"9C6R9LS#ABM"
26343,"NRO_PARTE",2139855,"9C6R9LS#ABM-A"
26343,"NRO_PARTE",4142469,"E14G7R78512101OH"
26343,"NRO_PARTE",3397820,"V15G5C7161100H"
26343,"NRO_PARTE",3397832,"V15G5C7161100H-OH"
26343,"NRO_PARTE",4226262,"E16G3U721322100#"
26343,"NRO_PARTE",4226317,"T16G9C73481100H"
26343,"NRO_PARTE",4226318,"T16G9C73481100H-OH"
26343,"NRO_PARTE",4226321,"T16G9C73482100H"
26343,"NRO_PARTE",1725445,"20T3SCCL00-OP"
26343,"NRO_PARTE",1779107,"PSY15U-0JW030"
26343,"NRO_PARTE",1779208,"891Z7LA#ABM-OPA"
26343,"NRO_PARTE",1779282,"V14G3I50081#01A"
26343,"NRO_PARTE",4067158,"E14G7C5H82100-OH"
26343,"NRO_PARTE",4067629,"E14G7C5H162100H-OH"
26343,"NRO_PARTE",4067655,"E14G7C7H81100"
26343,"NRO_PARTE",1718064,"20X2SBPF00"
26343,"NRO_PARTE",1684310,"9PTL35-51600OH3-19"
26343,"NRO_PARTE",1684311,"9PTL35-51600OH4-19"
26343,"NRO_PARTE",1684312,"9PTL35-51600OP3-19"
26343,"NRO_PARTE",1684313,"9PTL35-51600OP4-19"
26343,"NRO_PARTE",1684314,"9PTL35-51600OP5-19"
26343,"NRO_PARTE",1684315,"9PTL35-51600SS3"
26343,"NRO_PARTE",1684316,"9PTL35-51600SS4"
26343,"NRO_PARTE",1684317,"9PTL35-51600SS5"
26343,"NRO_PARTE",1684318,"9PTL74-7161SS3"
26343,"NRO_PARTE",1684319,"9PTL74-7161SS5"
26343,"NRO_PARTE",1684320,"9PTL74-7161OH4-19"
26343,"NRO_PARTE",1684321,"9PTL74-7161OP5-19"
26343,"NRO_PARTE",1684322,"9PTL55-581SS4"
26343,"NRO_PARTE",1684323,"9PTL55-7161OH3-19-I-"
26343,"NRO_PARTE",1684324,"81B1005BLMOS"
26343,"NRO_PARTE",1684325,"20MVS11600"
26343,"NRO_PARTE",1684326,"20NCS1QT00"
26343,"NRO_PARTE",1684327,"20NCS1QR00"
26343,"NRO_PARTE",1684328,"20NCS01800"
26343,"NRO_PARTE",1684329,"20NCS1QS00"
26343,"NRO_PARTE",1684330,"20MAS5LJ00"
26343,"NRO_PARTE",1684331,"20MAS5KG00"
26343,"NRO_PARTE",1684332,"20LXS2AJ00"
26343,"NRO_PARTE",1684333,"20NFS02900"
26343,"NRO_PARTE",1684334,"81B10053LM"
26343,"NRO_PARTE",1684335,"20LXS3H900"
26343,"NRO_PARTE",1684336,"8ZN13LS_ABM"
26343,"NRO_PARTE",1684337,"9LY14LS"
26343,"NRO_PARTE",1684338,"8ZN18LS_ABM"
26343,"NRO_PARTE",1684339,"20Q6S27000"
26343,"NRO_PARTE",1684340,"9PTL34-5825OE3-AS"
26343,"NRO_PARTE",1684341,"9PTL34-381EP2-AS"
26343,"NRO_PARTE",1684342,"9PTL34-581EP2-A"
26343,"NRO_PARTE",1684343,"9PTL34-581EP3-AS"
26343,"NRO_PARTE",1684344,"20Q6S25G00"
26343,"NRO_PARTE",1684345,"9PTL34-5825OE1-AS"
26343,"NRO_PARTE",1684346,"9PTL35-71625SS4"
26343,"NRO_PARTE",1684347,"9PTL34-7161SOH4-19"
26343,"NRO_PARTE",1684348,"9PTL35-71625OH4-19"
26343,"NRO_PARTE",1684349,"9PTL35-71625OH5-19"
26343,"NRO_PARTE",1684350,"8JN10LS#ABM"
26343,"NRO_PARTE",1684351,"9PTL35-71625OP3-19"
26343,"NRO_PARTE",1684352,"9PTL35-71625OP4-19"
26343,"NRO_PARTE",1684353,"9PTL35-71600OP3-19"
26343,"NRO_PARTE",1684354,"9PTL35-71600OP4-19"
26343,"NRO_PARTE",1684355,"9PTL35-71600OP5-19"
26343,"NRO_PARTE",1684356,"9PTL35-71600SS3"
26343,"NRO_PARTE",1684357,"9PTL35-71600SS4"
26343,"NRO_PARTE",1684358,"9PTL35-71600OH4-19"
26343,"NRO_PARTE",1684359,"9PTL35-71600OH5-19"
26343,"NRO_PARTE",1684360,"9PTL35-71612OH3-19"
26343,"NRO_PARTE",1684361,"9PTL35-71612OH5-19"
26343,"NRO_PARTE",1684362,"9PTL35-71612OP4-19"
26343,"NRO_PARTE",1684363,"20GB000MLM"
26343,"NRO_PARTE",1684364,"20GB000NLM"
26343,"NRO_PARTE",1684365,"20GB000PLM"
26343,"NRO_PARTE",1684366,"20GB000QLM"
26343,"NRO_PARTE",1684367,"20GB000RLM"
26343,"NRO_PARTE",1684368,"20GB000SLM"
26343,"NRO_PARTE",1684369,"20GBA00500"
26343,"NRO_PARTE",1684370,"20GBA00600"
26343,"NRO_PARTE",1688255,"618S9LT#ABM-OHMD"
26343,"NRO_PARTE",1688256,"20X6S0WM00"
26343,"NRO_PARTE",1688257,"20X6S21300"
26343,"NRO_PARTE",1688258,"20X6S20W00"
26343,"NRO_PARTE",1688259,"20X6S20X00"
26343,"NRO_PARTE",1688260,"20W1SCCL00"
26343,"NRO_PARTE",1688261,"NL5H58QI2VA0MJ"
26343,"NRO_PARTE",1688262,"NL5H7GQI2VA0MM"
26343,"NRO_PARTE",1688263,"NL5H5WMI2VA0MP"
26343,"NRO_PARTE",1688264,"NL5H7WMI2VA0MQ"
26343,"NRO_PARTE",1688265,"NL5H5GMI2VA0MT"
26343,"NRO_PARTE",1688266,"NL5P5WYI2VA0H5"
26343,"NRO_PARTE",1688267,"NL5P7WYI2VA0H6"
26343,"NRO_PARTE",1688268,"NL5P58YI2VA0H7"
26343,"NRO_PARTE",1688269,"NL5P5GYI2VA0H9"
26343,"NRO_PARTE",1688270,"NL5H5WQI2VA0HT"
26343,"NRO_PARTE",1688271,"NL5H78YI2VA0KS"
26343,"NRO_PARTE",1688272,"NL5H7GYI2VA0KU"
26343,"NRO_PARTE",1688273,"NL5H78MI2VA0LO"
26343,"NRO_PARTE",1688274,"NL5H7GMI2VA0LQ"
26343,"NRO_PARTE",1688275,"NL5H58TI2VA0LV"
26343,"NRO_PARTE",1688276,"NL5H78VI2VA0K4"
26343,"NRO_PARTE",1688277,"NL5H7GVI2VA0K6"
26343,"NRO_PARTE",1688278,"NL5H5WYI2VA0KP"
26343,"NRO_PARTE",1688279,"NL5H7WYI2VA0KQ"
26343,"NRO_PARTE",1688280,"NL5H5WTI2VA0LT"
26343,"NRO_PARTE",1688281,"NL5H7WTI2VA0LU"
26343,"NRO_PARTE",1688282,"21EES0EG00"
26343,"NRO_PARTE",1688283,"21EES0EG00-OP"
26343,"NRO_PARTE",1688284,"21E4S0J200"
26343,"NRO_PARTE",1688285,"53012KFJNO"
26343,"NRO_PARTE",1688286,"53012YUYO-MOP"
26343,"NRO_PARTE",1688287,"20XGS0FW00"
26343,"NRO_PARTE",1688288,"20XGS0FM00"
26343,"NRO_PARTE",1688289,"PSY43U-09P05M-OH"
26343,"NRO_PARTE",1688290,"26N49LT#ABM-OP"
26343,"NRO_PARTE",1688291,"2P5L7LT#ABM"
26343,"NRO_PARTE",1688292,"2K2P9LT#ABM"
26343,"NRO_PARTE",1688293,"2Q6E3LT#ABM"
26343,"NRO_PARTE",1688294,"1PTL542-5812OH3-FHD"
26343,"NRO_PARTE",1688295,"1PTL542-5161OP3-FHD"
26343,"NRO_PARTE",1688296,"1PTL542-51625SS3-FHD"
26343,"NRO_PARTE",1688297,"6L2F6LS#ABM-OHA"
26343,"NRO_PARTE",1688298,"0PTL551-581SOH3-FHD"
26343,"NRO_PARTE",1688299,"0PTL551-581SOP3-FHD"
26343,"NRO_PARTE",1688300,"0PTL551-5825SS3-FHD"
26343,"NRO_PARTE",1688301,"0PTL551-5825OH3-FHD"
26343,"NRO_PARTE",1688302,"0PTL551-5812SS3-FHD"
26343,"NRO_PARTE",1688303,"0PTL551-5812OH3-FHD"
26343,"NRO_PARTE",1688304,"53011PUG"
26343,"NRO_PARTE",1688305,"PSY19U-0HG035-OP"
26343,"NRO_PARTE",1688306,"PML20U-0VL011-N-OH"
26343,"NRO_PARTE",1688307,"90NX0441-M02XD0-OH"
26343,"NRO_PARTE",1688308,"53012KFJNO-MOB"
26343,"NRO_PARTE",1688309,"53011YVGO-MOB"
26343,"NRO_PARTE",1688310,"53011YVGO"
26343,"NRO_PARTE",1688311,"428R0LS#ABM-OPMA"
26343,"NRO_PARTE",1688312,"20XGS0FE00"
26343,"NRO_PARTE",1688313,"428R0LS#ABM-OHDA"
26343,"NRO_PARTE",1688314,"20T7S2E600"
26343,"NRO_PARTE",1688315,"20T7S2DG00"
26343,"NRO_PARTE",2553163,"9Q6R3LA#ABM-OP"
26343,"NRO_PARTE",2553229,"9C709LT#ABM-OH"
26343,"NRO_PARTE",2553253,"9C709LT#ABM-OP"
26343,"NRO_PARTE",3898495,"PDA52U-07S00Y"
26343,"NRO_PARTE",3864163,"AP1K8AT#ABM"
26343,"NRO_PARTE",3864205,"A24ZRLT#ABM-OH4G4"
26343,"NRO_PARTE",3864252,"B8JR9LT#ABM"
26343,"NRO_PARTE",3864267,"B8JR9LT#ABM-OH4"
26343,"NRO_PARTE",2626574,"SX7H115-C"
26343,"NRO_PARTE",2627022,"582U04V560"
26343,"NRO_PARTE",2627025,"5G2U04V561"
26343,"NRO_PARTE",2627329,"7WMHP4V400"
26343,"NRO_PARTE",2627383,"782HP4V413"
26343,"NRO_PARTE",4069013,"E16G3C7H82100"
26343,"NRO_PARTE",2789561,"A24ZSLT#ABM-OP"
26343,"NRO_PARTE",2789765,"A71FKLT#ABM-OP"
26343,"NRO_PARTE",2139779,"9C6R8LS#ABM"
26343,"NRO_PARTE",2139788,"9C6R8LS#ABM-A"
26343,"NRO_PARTE",4142374,"E14G7R78512100"
26343,"NRO_PARTE",4142414,"TB167I719162110-OH"
26343,"NRO_PARTE",4142490,"V154I78162100-OH"
26343,"NRO_PARTE",4226369,"T16G9C734161100H"
26343,"NRO_PARTE",4226371,"T16G9C734162100H"
26343,"NRO_PARTE",1725528,"20VE00FBLM-OP"
26343,"NRO_PARTE",1778744,"V14G3I3908001"
26343,"NRO_PARTE",2589595,"4PTL344-51612SOP3-FHD-AC"
26343,"NRO_PARTE",4067625,"A24ZSLT#ABM."
26343,"NRO_PARTE",4067698,"E14G7C7H81100-OH"
26343,"NRO_PARTE",1718127,"20X2SBP900"
26343,"NRO_PARTE",1684371,"20GBA00700"
26343,"NRO_PARTE",1684372,"20GRA00L00"
26343,"NRO_PARTE",1684373,"20GRA00M00"
26343,"NRO_PARTE",1684374,"20H5S04900"
26343,"NRO_PARTE",1684375,"20H5S04B00"
26343,"NRO_PARTE",1684376,"20H5S04C00"
26343,"NRO_PARTE",1684377,"20H5S04D00"
26343,"NRO_PARTE",1684378,"20H5S04E00"
26343,"NRO_PARTE",1684379,"20H5S04F00"
26343,"NRO_PARTE",1684380,"20H5S04G00"
26343,"NRO_PARTE",1684381,"20H5S04H00"
26343,"NRO_PARTE",1684382,"20H5S04K00"
26343,"NRO_PARTE",1684383,"20H5S04L00"
26343,"NRO_PARTE",1684384,"4PTL744-5045OH4"
26343,"NRO_PARTE",1684385,"4PTL744-7085OH3"
26343,"NRO_PARTE",1684386,"4PTL744-7085OP5"
26343,"NRO_PARTE",1684387,"4PTL744-7085SS4"
26343,"NRO_PARTE",1684388,"4PTL744-7165OH3"
26343,"NRO_PARTE",1684389,"4PTL744-7165OH4"
26343,"NRO_PARTE",1684390,"4PTLI14-3047SS1"
26343,"NRO_PARTE",1684391,"4PTLI14-3047SS2"
26343,"NRO_PARTE",1684392,"4PTLI14-5061OH1"
26343,"NRO_PARTE",1684393,"4PTLI14-5061OH3"
26343,"NRO_PARTE",1684394,"4PTLI14-5061SS1"
26343,"NRO_PARTE",1684395,"4PTLI15-5045SS1"
26343,"NRO_PARTE",1684396,"4PTLI15-5045SS2"
26343,"NRO_PARTE",1684397,"59357640"
26343,"NRO_PARTE",1684398,"5938"
26343,"NRO_PARTE",1684399,"59380209"
26343,"NRO_PARTE",1684400,"59381703"
26343,"NRO_PARTE",1684401,"59385272"
26343,"NRO_PARTE",1684402,"59393115"
26343,"NRO_PARTE",1684403,"59401634"
26343,"NRO_PARTE",1684404,"59404471"
26343,"NRO_PARTE",1684405,"59404473"
26343,"NRO_PARTE",1684406,"59421242"
26343,"NRO_PARTE",1684407,"59421243"
26343,"NRO_PARTE",1684408,"59421945"
26343,"NRO_PARTE",1684409,"59439051"
26343,"NRO_PARTE",1684410,"5PTI15-5081OH1"
26343,"NRO_PARTE",1684411,"5PTI15-5081OH2"
26343,"NRO_PARTE",1684412,"5PTI15-5081OH3"
26343,"NRO_PARTE",1684413,"5PTI15-5081OP1"
26343,"NRO_PARTE",1684414,"5PTI15-5081OP2"
26343,"NRO_PARTE",1684415,"5PTI15-5081OP3"
26343,"NRO_PARTE",1684416,"5PTI15-5081SS1"
26343,"NRO_PARTE",1684417,"5PTI15-5081SS2"
26343,"NRO_PARTE",1684418,"7PTL74-71652SS3"
26343,"NRO_PARTE",1684419,"7PTL74-71652SS4"
26343,"NRO_PARTE",1684420,"7PTL74-71652SS5"
26343,"NRO_PARTE",1684421,"7PTL74-71652OH3"
26343,"NRO_PARTE",1684422,"7PTL74-71652OH4"
26343,"NRO_PARTE",1684423,"7PTL74-71652OH5"
26343,"NRO_PARTE",1684424,"7PTL74-71652OP3"
26343,"NRO_PARTE",1684425,"7PTL74-71652OP4"
26343,"NRO_PARTE",1684426,"1DT15LT#ABM"
26343,"NRO_PARTE",1684427,"Z1Y78LT#ABM"
26343,"NRO_PARTE",1684428,"CF-54DL181TP4G"
26343,"NRO_PARTE",1684429,"CF-3110128NP"
26343,"NRO_PARTE",1684430,"CF-20AL301TZ"
26343,"NRO_PARTE",1684431,"2WW38LA#ABM"
26343,"NRO_PARTE",1684432,"2SE58LA#ABM"
26343,"NRO_PARTE",1688316,"20T7S2DR00"
26343,"NRO_PARTE",1688317,"2P5L8LT#ABM"
26343,"NRO_PARTE",1688318,"1PTL542-51625OP3-FHD"
26343,"NRO_PARTE",1688319,"1PTL542-51612SS3-FHD"
26343,"NRO_PARTE",1688320,"1PTL542-51612OH3-FHD"
26343,"NRO_PARTE",1688321,"1PTL542-51612OP3-FHD"
26343,"NRO_PARTE",1688322,"3C9C2LA#ABM"
26343,"NRO_PARTE",1688323,"618S9LT#ABM-MD"
26343,"NRO_PARTE",1688324,"6L2F6LS#ABM-A"
26343,"NRO_PARTE",1688325,"21E7S0BT00-OH"
26343,"NRO_PARTE",1688326,"0PTL541-5161SSS3-FHD"
26343,"NRO_PARTE",1688327,"0PTL541-5161SOH3-FHD"
26343,"NRO_PARTE",1688328,"0PTL541-5161SOP3-FHD"
26343,"NRO_PARTE",1688329,"0PTL541-51625SS3-FHD"
26343,"NRO_PARTE",1688330,"0PTL541-51625OH3-FHD"
26343,"NRO_PARTE",1688331,"0PTL551-581SS3-FHD"
26343,"NRO_PARTE",1688332,"0PTL551-581OP3-FHD"
26343,"NRO_PARTE",1688333,"20TES4FY00-OH"
26343,"NRO_PARTE",1688334,"20TES4FY00-OP"
26343,"NRO_PARTE",1688335,"3Y2J3LS#ABM-OPD"
26343,"NRO_PARTE",1688336,"3Y2J3LS#ABM-OHD"
26343,"NRO_PARTE",1688337,"53012FLH"
26343,"NRO_PARTE",1688338,"20X6S21600"
26343,"NRO_PARTE",1688339,"20X6S21700"
26343,"NRO_PARTE",1688340,"NL5P7GTI2VA0F2"
26343,"NRO_PARTE",1688341,"NL5P58QI2VA0FF"
26343,"NRO_PARTE",1688342,"NL5P78QI2VA0FG"
26343,"NRO_PARTE",1688343,"NL5P78VI2VA0GK"
26343,"NRO_PARTE",1688344,"NL5H58VI2VA0K3"
26343,"NRO_PARTE",1688345,"NL5H5GVI2VA0K5"
26343,"NRO_PARTE",1688346,"NL5H5GMI2VA0LP"
26343,"NRO_PARTE",1688347,"NL5P58MI2VA0FN"
26343,"NRO_PARTE",1688348,"NL5P5G2I2VA0G5"
26343,"NRO_PARTE",1688349,"NL5P5GVI2VA0GL"
26343,"NRO_PARTE",1688350,"NL5H78MI2VA0I4"
26343,"NRO_PARTE",1688351,"NL5H5GMI2VA0I5"
26343,"NRO_PARTE",1688352,"NL5H78TI2VA0IC"
26343,"NRO_PARTE",1688353,"NL5H5GTI2VA0ID"
26343,"NRO_PARTE",1688354,"21E4S0J600"
26343,"NRO_PARTE",1688355,"53012YUYO-MOB"
26343,"NRO_PARTE",1688356,"53012KFWO"
26343,"NRO_PARTE",1688357,"20XGS0FJ00"
26343,"NRO_PARTE",1688358,"20XGS0C000"
26343,"NRO_PARTE",1688359,"428R0LS#ABM-OPDA"
26343,"NRO_PARTE",1688360,"20T7S2DS00"
26343,"NRO_PARTE",1688361,"20T7S2E000"
26343,"NRO_PARTE",1688362,"20T7S2E200"
26343,"NRO_PARTE",1688363,"20T7S2E300"
26343,"NRO_PARTE",1688364,"0PTL551-581OH3-FHD"
26343,"NRO_PARTE",1688365,"0PTL551-5812OP3-FHD"
26343,"NRO_PARTE",1688366,"0PTL541-781OP3-FHD"
26343,"NRO_PARTE",1688367,"0PTL541-7161SOH3-FHD"
26343,"NRO_PARTE",1688368,"0PTL541-71625SS3-FHD"
26343,"NRO_PARTE",1688369,"0PTL541-71625OH3-FHD"
26343,"NRO_PARTE",1688370,"0PTL541-71625OP3-FHD"
26343,"NRO_PARTE",1688371,"0PTL541-71612OH3-FHD"
26343,"NRO_PARTE",1688372,"2P5M1LT#ABM"
26343,"NRO_PARTE",1688373,"1PTL542-581OH3-FHD"
26343,"NRO_PARTE",1688374,"1PTL542-5825SS3-FHD"
26343,"NRO_PARTE",1688375,"1PTL542-5812OP3-FHD"
26343,"NRO_PARTE",1688376,"1PTL542-5161SS3-FHD"
26343,"NRO_PARTE",2553182,"9C709LT#ABM"
26343,"NRO_PARTE",3898588,"PSY29U-09K01T"
26343,"NRO_PARTE",3898680,"WE15I7F146E"
26343,"NRO_PARTE",3864297,"B8JS3AT#ABM-OH4"
26343,"NRO_PARTE",3864318,"BP0H9LA#ABM"
26343,"NRO_PARTE",3731577,"5PTL555-7U161SSS3-VP-A"
26343,"NRO_PARTE",2627488,"90NX0741-M002F0-OH."
26343,"NRO_PARTE",2789881,"A71FNLT#ABM-OH"
26343,"NRO_PARTE",1725581,"20W5S69X00"
26343,"NRO_PARTE",1725582,"20W5S69X00-OH"
26343,"NRO_PARTE",1778853,"891Y2LA#ABM"
26343,"NRO_PARTE",1778913,"891Z2LA#ABM"
26343,"NRO_PARTE",1779109,"V14G3I3908011A"
26343,"NRO_PARTE",1779111,"V14G3I3908011PA"
26343,"NRO_PARTE",4139925,"5PTDPE14-5165SSS3"
26343,"NRO_PARTE",1684433,"1NW24LT#ABM"
26343,"NRO_PARTE",1684434,"2PTL352-51612SS3-FHD-A"
26343,"NRO_PARTE",1684435,"9PTL35-71612SS3"
26343,"NRO_PARTE",1684436,"9PTL35-71612SS4"
26343,"NRO_PARTE",1684437,"9PTL35-7161SOH4-19"
26343,"NRO_PARTE",1684438,"9PTL35-7161SOP3-19"
26343,"NRO_PARTE",1684439,"9PTL35-7161SOP4-19"
26343,"NRO_PARTE",1684440,"9PTL35-7161SOP5-19"
26343,"NRO_PARTE",1684441,"9PTL35-7161SSS4"
26343,"NRO_PARTE",1684442,"9PTL35-7161SSS5"
26343,"NRO_PARTE",1684443,"9PTL35-71625OH3-19"
26343,"NRO_PARTE",1684444,"9PTL34-7161SS3"
26343,"NRO_PARTE",1684445,"20NCS29800"
26343,"NRO_PARTE",1684446,"20QSS00300"
26343,"NRO_PARTE",1684447,"20Q6S0T200"
26343,"NRO_PARTE",1684448,"20Q8S0ET00"
26343,"NRO_PARTE",1684449,"20Q8S0EV00"
26343,"NRO_PARTE",1684450,"9PTL35-71625SS5"
26343,"NRO_PARTE",1684451,"20NCS29600"
26343,"NRO_PARTE",1684452,"20NCS01700"
26343,"NRO_PARTE",1684453,"9PTL35-781SOH3-19"
26343,"NRO_PARTE",1684454,"9PTL35-781SOH5-19"
26343,"NRO_PARTE",1684455,"9PTL35-781SOP3-19"
26343,"NRO_PARTE",1684456,"9PTL35-781SOP4-19"
26343,"NRO_PARTE",1684457,"81NB00FELMA"
26343,"NRO_PARTE",1684458,"81NB00FELMAH"
26343,"NRO_PARTE",1684459,"20RBS2XA00"
26343,"NRO_PARTE",1684460,"81H300MFLM"
26343,"NRO_PARTE",1684461,"81H300MJLM"
26343,"NRO_PARTE",1684462,"81NB00FELML"
26343,"NRO_PARTE",1684463,"81NB00FELMT"
26343,"NRO_PARTE",1684464,"8GF31LS#ABM"
26343,"NRO_PARTE",1684465,"9PTL55-7161OH3-19"
26343,"NRO_PARTE",1684466,"9PTL35-7812OP4-19"
26343,"NRO_PARTE",1684467,"9PTL35-7812OP5-19"
26343,"NRO_PARTE",1684468,"9PTL35-7812SS3"
26343,"NRO_PARTE",1684469,"9PTL35-51612OP3-19"
26343,"NRO_PARTE",1684470,"20NFS08Q00"
26343,"NRO_PARTE",1684471,"9PTL35-781OH5-19"
26343,"NRO_PARTE",1684472,"9PTL55-5161OH3-19"
26343,"NRO_PARTE",1684473,"9PTL55-5161OH5-19"
26343,"NRO_PARTE",1684474,"9PTL55-5161SSS3"
26343,"NRO_PARTE",1684475,"9PTL55-5161SOP3-19"
26343,"NRO_PARTE",1684476,"9PTL55-51612SS3"
26343,"NRO_PARTE",1684477,"9PTL35-581SOH4-19"
26343,"NRO_PARTE",1684478,"9PTL35-581SOP4-19"
26343,"NRO_PARTE",1684479,"9PTL53-7825SS5"
26343,"NRO_PARTE",1684480,"9PTL53-7825OH4-19"
26343,"NRO_PARTE",1684481,"9PTL53-7825OP4-19"
26343,"NRO_PARTE",1684482,"9PTL53-7825OP5-19"
26343,"NRO_PARTE",1684483,"9PTL53-7812SS5"
26343,"NRO_PARTE",1684484,"9PTL53-7812OH3-19"
26343,"NRO_PARTE",1684485,"9PTL53-7825OH3-19"
26343,"NRO_PARTE",1684486,"9PTL53-7825OH5-19"
26343,"NRO_PARTE",1684487,"9PTL55-581SSS5"
26343,"NRO_PARTE",1684488,"9PTL55-5161SOP5-19"
26343,"NRO_PARTE",1684489,"9PTL55-51612OP5-19"
26343,"NRO_PARTE",1684490,"9PTL55-781SS4"
26343,"NRO_PARTE",1684491,"20NES0E300"
26343,"NRO_PARTE",1684492,"9PTL55-5812OP4-19"
26343,"NRO_PARTE",1684493,"9PTL55-5161SS3"
26343,"NRO_PARTE",1688377,"9CD70LT#ABM-OH1"
26343,"NRO_PARTE",1688378,"0PTL541-51625OP3-FHD"
26343,"NRO_PARTE",1688379,"0PTL551-5825OP3-FHD"
26343,"NRO_PARTE",1688380,"0PTL541-781SS3-FHD"
26343,"NRO_PARTE",1688381,"0PTL541-7825OP3-FHD"
26343,"NRO_PARTE",1688382,"0PTL541-7812OH3-FHD"
26343,"NRO_PARTE",1688383,"0PTL541-7812OP3-FHD"
26343,"NRO_PARTE",1688384,"0PTL541-7161SS3-FHD"
26343,"NRO_PARTE",1688385,"0PTL541-7161OH3-FHD"
26343,"NRO_PARTE",1688386,"0PTL541-7161OP3-FHD"
26343,"NRO_PARTE",1688387,"0PTL541-7161SSS3-FHD"
26343,"NRO_PARTE",1688388,"20X6S20U00"
26343,"NRO_PARTE",1688389,"20X6S21000"
26343,"NRO_PARTE",1688390,"NL5H582I2VA0JN"
26343,"NRO_PARTE",1688391,"NL5H7G2I2VA0JQ"
26343,"NRO_PARTE",1688392,"NL5H5WVI2VA0K1"
26343,"NRO_PARTE",1688393,"NL5H7WVI2VA0K2"
26343,"NRO_PARTE",1688394,"NL5H7GQI2VA0LI"
26343,"NRO_PARTE",1688395,"NL5H5WMI2VA0LL"
26343,"NRO_PARTE",1688396,"NL5H7WMI2VA0LM"
26343,"NRO_PARTE",1688397,"82KB00G6LM"
26343,"NRO_PARTE",1688398,"53011YVGO-MOP"
26343,"NRO_PARTE",1688399,"428R0LS#ABM-A"
26343,"NRO_PARTE",1688400,"428R0LS#ABM-OHMA"
26343,"NRO_PARTE",1688401,"82FJ009CLM"
26343,"NRO_PARTE",1688402,"428R0LS#ABM-OHMDA"
26343,"NRO_PARTE",1688403,"20T7S2EC00"
26343,"NRO_PARTE",1688404,"17Z90P-G.AH76B4-GOB"
26343,"NRO_PARTE",1688405,"0PTL551-581SSS3-FHD"
26343,"NRO_PARTE",1688406,"0PTL541-7812SS3-FHD"
26343,"NRO_PARTE",1688407,"2F3Z7LT#ABM-OP"
26343,"NRO_PARTE",1688408,"1PTL542-5825OP3-FHD"
26343,"NRO_PARTE",1688409,"1PTL542-5812SS3-FHD"
26343,"NRO_PARTE",1688410,"1PTL542-781SS3-FHD"
26343,"NRO_PARTE",1688411,"1PTL542-7825SS3-FHD"
26343,"NRO_PARTE",1688412,"NL5P5WMI2VA0FL"
26343,"NRO_PARTE",1688413,"NL5P7WMI2VA0FM"
26343,"NRO_PARTE",1688414,"NL5P78MI2VA0FO"
26343,"NRO_PARTE",1688415,"NL5P5GMI2VA0FP"
26343,"NRO_PARTE",1688416,"NL5P5WTI2VA0FT"
26343,"NRO_PARTE",1688417,"NL5P78TI2VA0FW"
26343,"NRO_PARTE",1688418,"NL5P5WVI2VA0GH"
26343,"NRO_PARTE",1688419,"NL5P7WVI2VA0GI"
26343,"NRO_PARTE",1688420,"NL5P58VI2VA0GJ"
26343,"NRO_PARTE",1688421,"NL5P7GVI2VA0GM"
26343,"NRO_PARTE",1688422,"NL5P78YI2VA0H8"
26343,"NRO_PARTE",1688423,"NL5P7WTI2VA0EY"
26343,"NRO_PARTE",1688424,"NL5P58TI2VA0EZ"
26343,"NRO_PARTE",1688425,"21E4S0JB00"
26343,"NRO_PARTE",1688426,"53012YUYO"
26343,"NRO_PARTE",1688427,"46B42LS#ABM-OP1"
26343,"NRO_PARTE",1688428,"20T7S2DF00"
26343,"NRO_PARTE",1688429,"20T7S2DH00"
26343,"NRO_PARTE",1688430,"1PTL542-7161OH3-FHD-2V"
26343,"NRO_PARTE",1688431,"1PTL542-7161OP3-FHD-2V"
26343,"NRO_PARTE",1688432,"0PTL541-781SSS3-FHD"
26343,"NRO_PARTE",1688433,"0PTL541-781SOH3-FHD"
26343,"NRO_PARTE",1688434,"0PTL541-781SOP3-FHD"
26343,"NRO_PARTE",1688435,"0PTL541-7825OH3-FHD"
26343,"NRO_PARTE",1688436,"26N53LT#ABM"
26343,"NRO_PARTE",1688437,"1PTL542-7825OP3-FHD"
26343,"NRO_PARTE",2553308,"9Q0A8AT#ABM"
26343,"NRO_PARTE",1780199,"V15G4R3908001#A"
26343,"NRO_PARTE",1780324,"89C01LA#ABM-A"
26343,"NRO_PARTE",1780336,"V15G4R51016101#HA5"
26343,"NRO_PARTE",1780346,"V15G4R51016101#PA5"
26343,"NRO_PARTE",1780373,"89C01LA#ABM-OPA"
26343,"NRO_PARTE",3898569,"PSY29U-4ML01T-OH"
26343,"NRO_PARTE",3898614,"PSY29U-09K01T-OH"
26343,"NRO_PARTE",3864233,"B8JS5AT#ABM-OH4"
26343,"NRO_PARTE",3864352,"BP0J0LA#ABM"
26343,"NRO_PARTE",3864365,"BP0J0LA#ABM-OH4"
26343,"NRO_PARTE",2627477,"90NX06X1-M01920."
26343,"NRO_PARTE",2627481,"90NX06X1-M01920-OH."
26343,"NRO_PARTE",4069345,"E16G3C7H162100"
26343,"NRO_PARTE",1925881,"V14G3I5#008101PA"
26343,"NRO_PARTE",2789714,"T14G6I308101-OH2"
26343,"NRO_PARTE",2789819,"A71FNLT#ABM"
26343,"NRO_PARTE",2789948,"A71FNLT#ABM-OP"
26343,"NRO_PARTE",4100897,"MDL2508S8M2J9"
26343,"NRO_PARTE",1779146,"V14G3I3908011#PA"
26343,"NRO_PARTE",1778713,"PSY1AU-02G00J-D"
26343,"NRO_PARTE",1778745,"V14G3I3908001#A"
26343,"NRO_PARTE",4067760,"E14G7C7H82100-OH"
26343,"NRO_PARTE",4067807,"E14G7C7H161100"
26343,"NRO_PARTE",4067839,"E14G7C7H161100-OH"
26343,"NRO_PARTE",3778794,"PSY19U-0FG035-DE-OH"
26343,"NRO_PARTE",1718110,"20X2SBP600"
26343,"NRO_PARTE",1718121,"20X2SBP400"
26343,"NRO_PARTE",1718316,"20X2SBPC00"
26343,"NRO_PARTE",1684494,"9PTL55-5161OP4-19"
26343,"NRO_PARTE",1684495,"9PTL55-5161SOP4-19"
26343,"NRO_PARTE",1684496,"9PTL55-51612SS4"
26343,"NRO_PARTE",1684497,"9PTL55-51612SS5"
26343,"NRO_PARTE",1684498,"9PTL55-51612OH3-19"
26343,"NRO_PARTE",1684499,"9PTL55-51612OH4-19"
26343,"NRO_PARTE",1684500,"9PTL55-51612OH5-19"
26343,"NRO_PARTE",1684501,"9PTL55-51612OP3-19"
26343,"NRO_PARTE",1684502,"9PTL55-781OP5-19"
26343,"NRO_PARTE",1684503,"20NES04D00GL"
26343,"NRO_PARTE",1684504,"2SE53LA#ABM"
26343,"NRO_PARTE",1684505,"1NM10LT#ABM"
26343,"NRO_PARTE",1684506,"2SE65LA#ABM"
26343,"NRO_PARTE",1684507,"1NM07LT#ABM"
26343,"NRO_PARTE",1684508,"1BZ22LT#ABM"
26343,"NRO_PARTE",1684509,"1BZ25LA#ABM"
26343,"NRO_PARTE",1684510,"CF-54DL135TP"
26343,"NRO_PARTE",1684511,"20EVA02S00"
26343,"NRO_PARTE",1684512,"20EVA02T00"
26343,"NRO_PARTE",1684513,"20EVA02U00"
26343,"NRO_PARTE",1684514,"20EVA02V00"
26343,"NRO_PARTE",1684515,"20EVA02W00"
26343,"NRO_PARTE",1684516,"20EVA04200"
26343,"NRO_PARTE",1684517,"20F2000300"
26343,"NRO_PARTE",1684518,"20F2A0AD00"
26343,"NRO_PARTE",1684519,"20F2A0AE00"
26343,"NRO_PARTE",1684520,"20F2A0AF00"
26343,"NRO_PARTE",1684521,"20F2A0AG00"
26343,"NRO_PARTE",1684522,"20F2A0AH00"
26343,"NRO_PARTE",1684523,"20F2A0AJ00"
26343,"NRO_PARTE",1684524,"20F2A0AK00"
26343,"NRO_PARTE",1684525,"20F2A0AL00"
26343,"NRO_PARTE",1684526,"20F2A0AM00"
26343,"NRO_PARTE",1684527,"20F2A0AN00"
26343,"NRO_PARTE",1684528,"20F2A0AP00"
26343,"NRO_PARTE",1684529,"20F2A0AQ00"
26343,"NRO_PARTE",1684530,"20F2A0AR00"
26343,"NRO_PARTE",1684531,"20F2A0AS00"
26343,"NRO_PARTE",1684532,"20F2A0AT00"
26343,"NRO_PARTE",1684533,"20F2A0AU00"
26343,"NRO_PARTE",1684534,"20F2A0AV00"
26343,"NRO_PARTE",1684535,"20F2A0AW00"
26343,"NRO_PARTE",1684536,"20F2A0AX00"
26343,"NRO_PARTE",1684537,"20F2A0AY00"
26343,"NRO_PARTE",1684538,"20F2A0B000"
26343,"NRO_PARTE",1684539,"20F2A0B100"
26343,"NRO_PARTE",1684540,"20F2A0B200"
26343,"NRO_PARTE",1684541,"20F2A0B300"
26343,"NRO_PARTE",1684542,"20F2A0B400"
26343,"NRO_PARTE",1684543,"20F2A0B500"
26343,"NRO_PARTE",1684544,"20F2A0B600"
26343,"NRO_PARTE",1684545,"20F2A0B700"
26343,"NRO_PARTE",1684546,"20F2A0B800"
26343,"NRO_PARTE",1684547,"20F2A0B900"
26343,"NRO_PARTE",1684548,"20F2A0BA00"
26343,"NRO_PARTE",1684549,"20F5A0G500"
26343,"NRO_PARTE",1684550,"20F5A0G700"
26343,"NRO_PARTE",1684551,"20FRA03J00"
26343,"NRO_PARTE",1684552,"20FRA03K00"
26343,"NRO_PARTE",1684553,"20FVA09200"
26343,"NRO_PARTE",1684554,"20FVA09300"
26343,"NRO_PARTE",1684555,"20FVA09400"
26343,"NRO_PARTE",1684556,"20FVA09500"
26343,"NRO_PARTE",1688438,"1PTL542-7812SS3-FHD"
26343,"NRO_PARTE",1688439,"1PTL542-7812OH3-FHD"
26343,"NRO_PARTE",1688440,"1PTL542-7161OH3-FHD"
26343,"NRO_PARTE",1688441,"1PTL542-7161OP3-FHD"
26343,"NRO_PARTE",1688442,"1PTL542-71625OP3-FHD"
26343,"NRO_PARTE",1688443,"1PTL542-71612SS3-FHD"
26343,"NRO_PARTE",1688444,"1PTL542-71612OH3-FHD"
26343,"NRO_PARTE",1688445,"1PTL542-71612OP3-FHD"
26343,"NRO_PARTE",1688446,"618S0LT#ABM"
26343,"NRO_PARTE",1688447,"618S7LT#ABM-OPM"
26343,"NRO_PARTE",1688448,"20X6S20V00"
26343,"NRO_PARTE",1688449,"20X6S20T00"
26343,"NRO_PARTE",1688450,"20TES62C00"
26343,"NRO_PARTE",1688451,"20X6S20Y00"
26343,"NRO_PARTE",1688452,"20X6S20R00"
26343,"NRO_PARTE",1688453,"20TES62D00"
26343,"NRO_PARTE",1688454,"20X6S20S00"
26343,"NRO_PARTE",1688455,"20W1SCCE00"
26343,"NRO_PARTE",1688456,"NL5P7GTI2VA0FY"
26343,"NRO_PARTE",1688457,"NL5H58QI2VA0IZ"
26343,"NRO_PARTE",1688458,"NL5H78QI2VA0J0"
26343,"NRO_PARTE",1688459,"NL5H5GQI2VA0J1"
26343,"NRO_PARTE",1688460,"NL5H7GQI2VA0J2"
26343,"NRO_PARTE",1688461,"NL5H5WMI2VA0J5"
26343,"NRO_PARTE",1688462,"NL5H7WMI2VA0J6"
26343,"NRO_PARTE",1688463,"NL5H58MI2VA0J7"
26343,"NRO_PARTE",1688464,"NL5H78MI2VA0J8"
26343,"NRO_PARTE",1688465,"NL5H5GMI2VA0J9"
26343,"NRO_PARTE",1688466,"NL5H7GMI2VA0JA"
26343,"NRO_PARTE",1688467,"NL5H5WTI2VA0JD"
26343,"NRO_PARTE",1688468,"NL5H7WTI2VA0JE"
26343,"NRO_PARTE",1688469,"NL5H58TI2VA0JF"
26343,"NRO_PARTE",1688470,"NL5H78TI2VA0JG"
26343,"NRO_PARTE",1688471,"NL5H5GTI2VA0JH"
26343,"NRO_PARTE",1688472,"NL5H7GTI2VA0JI"
26343,"NRO_PARTE",1688473,"NL5H5W2I2VA0JL"
26343,"NRO_PARTE",1688474,"NL5H7W2I2VA0JM"
26343,"NRO_PARTE",1688475,"NL5H782I2VA0JO"
26343,"NRO_PARTE",1688476,"NL5H5G2I2VA0JP"
26343,"NRO_PARTE",1688477,"NL5H58YI2VA0KR"
26343,"NRO_PARTE",1688478,"NL5H5GYI2VA0KT"
26343,"NRO_PARTE",1688479,"NL5H5WQI2VA0LD"
26343,"NRO_PARTE",1688480,"NL5H7WQI2VA0LE"
26343,"NRO_PARTE",1688481,"NL5H58QI2VA0LF"
26343,"NRO_PARTE",1688482,"NL5H78QI2VA0LG"
26343,"NRO_PARTE",1688483,"NL5H5GQI2VA0LH"
26343,"NRO_PARTE",1688484,"NL5H58MI2VA0LN"
26343,"NRO_PARTE",1688485,"82KB00G5LM"
26343,"NRO_PARTE",1688486,"21E4S0JF00"
26343,"NRO_PARTE",1688487,"82KB00G5LM-OH"
26343,"NRO_PARTE",1688488,"428R0LS#ABM-OHA"
26343,"NRO_PARTE",1688489,"428R0LS#ABM-OPA"
26343,"NRO_PARTE",1688490,"428R0LS#ABM-MA"
26343,"NRO_PARTE",1688491,"0PTL541-781OH3-FHD"
26343,"NRO_PARTE",1688492,"0PTL541-7825SS3-FHD"
26343,"NRO_PARTE",1688493,"PSY19U-0FG035"
26343,"NRO_PARTE",1688494,"PSY19U-0FG035-OH"
26343,"NRO_PARTE",1688495,"2F3Z7LT#ABM"
26343,"NRO_PARTE",1688496,"2P5M3LT#ABM"
26343,"NRO_PARTE",1688497,"1PTL542-5161OH3-FHD"
26343,"NRO_PARTE",1688498,"1PTL542-781OP3-FHD"
26343,"NRO_PARTE",2553407,"MODELO 1L"
26343,"NRO_PARTE",2553449,"9C6S6LA#ABM-RA."
26343,"NRO_PARTE",2553459,"9C6S6LA#ABM-RAC"
26343,"NRO_PARTE",2553473,"A09DYLS#ABM-OP"
26343,"NRO_PARTE",1780375,"V15G3I5016101#HA"
26343,"NRO_PARTE",1780379,"V14G4R510081#01PA5"
26343,"NRO_PARTE",3864192,"A24ZRLT#ABM"
26343,"NRO_PARTE",3864391,"BP0J1LA#ABM-OH4"
26343,"NRO_PARTE",3864418,"BP0J3LA#ABM"
26343,"NRO_PARTE",2627339,"78MHP4V401"
26343,"NRO_PARTE",2627777,"9S7-17S262-257"
26343,"NRO_PARTE",4069482,"E16G3C7H162100H"
26343,"NRO_PARTE",1926036,"V15G3#I3916011H"
26343,"NRO_PARTE",1926239,"V15G3I5#008101HH"
26343,"NRO_PARTE",1925874,"V15G3#I3908011PA"
26343,"NRO_PARTE",1926059,"V15G3#I3916011HH"
26343,"NRO_PARTE",1778706,"ML20U-0N8021-D-OP"
26343,"NRO_PARTE",1778707,"PML20U-0N8021-D-OH"
26343,"NRO_PARTE",3778835,"PSY19U-0FG035-DY-OH"
26343,"NRO_PARTE",1718534,"20X2SBPD00"
26343,"NRO_PARTE",1684557,"20FVA09600"
26343,"NRO_PARTE",1684558,"20FVA09700"
26343,"NRO_PARTE",1684559,"20FVA09800"
26343,"NRO_PARTE",1684560,"20FVA09A00"
26343,"NRO_PARTE",1684561,"20FVA09B00"
26343,"NRO_PARTE",1684562,"20FVA09C00"
26343,"NRO_PARTE",1684563,"20FVA09D00"
26343,"NRO_PARTE",1684564,"20FVA09E00"
26343,"NRO_PARTE",1684565,"20FVA09G00"
26343,"NRO_PARTE",1684566,"20FVA09H00"
26343,"NRO_PARTE",1684567,"20FVA09J00"
26343,"NRO_PARTE",1684568,"20FVA09K00"
26343,"NRO_PARTE",1684569,"20FVA09L00"
26343,"NRO_PARTE",1684570,"20FVA09M00"
26343,"NRO_PARTE",1684571,"20FVA09N00"
26343,"NRO_PARTE",1684572,"20FVA09P00"
26343,"NRO_PARTE",1684573,"20FVA09Q00"
26343,"NRO_PARTE",1684574,"20FVA09R00"
26343,"NRO_PARTE",1684575,"20FVA09S00"
26343,"NRO_PARTE",1684576,"20FVA09T00"
26343,"NRO_PARTE",1684577,"20FVA09U00"
26343,"NRO_PARTE",1684578,"53012KGPN"
26343,"NRO_PARTE",1684579,"53011YWT-MOP"
26343,"NRO_PARTE",1684580,"618T2LT#ABM"
26343,"NRO_PARTE",1684581,"53012YUY-MOB"
26343,"NRO_PARTE",1684582,"53012YUY-MOP"
26343,"NRO_PARTE",1684583,"21CSS16Y00"
26343,"NRO_PARTE",1684584,"21CSS17200"
26343,"NRO_PARTE",1684585,"20KTS2EU00"
26343,"NRO_PARTE",1684586,"81B1005BLML"
26343,"NRO_PARTE",1684587,"9PTL35-7800SS3"
26343,"NRO_PARTE",1684588,"9PTL34-581SS3-S"
26343,"NRO_PARTE",1684589,"9PTL35-7800OH4-19"
26343,"NRO_PARTE",1684590,"9PTL35-7800OH5-19"
26343,"NRO_PARTE",1684591,"20Q6S22J00"
26343,"NRO_PARTE",1684592,"8GE96LS#ABM"
26343,"NRO_PARTE",1684593,"9PTL35-581OP3-19-S-H"
26343,"NRO_PARTE",1684594,"8GF29LS#ABM"
26343,"NRO_PARTE",1684595,"9PTL53T-7161SS3-VP"
26343,"NRO_PARTE",1684596,"9PTL74T-71612SS3-VP"
26343,"NRO_PARTE",1684597,"7HB40LT#ABM"
26343,"NRO_PARTE",1684598,"20N9S0UC00"
26343,"NRO_PARTE",1684599,"20N9S4QD00"
26343,"NRO_PARTE",1684600,"20N9S4QE00"
26343,"NRO_PARTE",1684601,"20NCS3HY00"
26343,"NRO_PARTE",1684602,"20NCS3UL00"
26343,"NRO_PARTE",1684603,"9PTL74T-7161SS3-VP"
26343,"NRO_PARTE",1684604,"6NV49LT#ABM"
26343,"NRO_PARTE",1684605,"20NCS3HX00"
26343,"NRO_PARTE",1684606,"20NCS3UG00"
26343,"NRO_PARTE",1684607,"2U642LA#ABM"
26343,"NRO_PARTE",1684608,"2U641LA#ABM"
26343,"NRO_PARTE",1684609,"9PTL53T-71612SS3-VP"
26343,"NRO_PARTE",1684610,"7HB18LT#ABM"
26343,"NRO_PARTE",1684611,"20NES19800"
26343,"NRO_PARTE",1684612,"20NES19B00"
26343,"NRO_PARTE",1684613,"20NES19A00"
26343,"NRO_PARTE",1684614,"20NFS0XM00"
26343,"NRO_PARTE",1684615,"20NFS14A00"
26343,"NRO_PARTE",1684616,"1C923LS#ABM"
26343,"NRO_PARTE",1684617,"20N9S1TU00"
26343,"NRO_PARTE",1684618,"9MR60LS#ABM-E"
26343,"NRO_PARTE",1684619,"7EY52LT#ABM"
26343,"NRO_PARTE",1688499,"1PTL542-7825OH3-FHD"
26343,"NRO_PARTE",1688500,"1PTL542-7161SS3-FHD"
26343,"NRO_PARTE",1688501,"1PTL542-71625SS3-FHD"
26343,"NRO_PARTE",1688502,"1PTL542-71625OH3-FHD"
26343,"NRO_PARTE",1688503,"1PTL552-5812SS3-HD"
26343,"NRO_PARTE",1688504,"2PTL352-51612SOH3-LO"
26343,"NRO_PARTE",1688505,"2PTL553-71612SSS3-FHD-LH"
26343,"NRO_PARTE",1688506,"428R0LS#ABM-OHM"
26343,"NRO_PARTE",1688507,"2PTL342-5812SOP3-A3-N3-4"
26343,"NRO_PARTE",1688508,"2PTL342-5812SOH3"
26343,"NRO_PARTE",1688509,"20W1S74J00"
26343,"NRO_PARTE",1688510,"2PTL342-5812SOH3-A1-4"
26343,"NRO_PARTE",1688511,"2PTL342-5812SOH3-A3-4"
26343,"NRO_PARTE",1688512,"20W1SCL500"
26343,"NRO_PARTE",1688513,"1PTL341-5825SS3-C-4"
26343,"NRO_PARTE",1688514,"1PTL341-5825SS3-4"
26343,"NRO_PARTE",1688515,"1PTL341-5825SS3-C"
26343,"NRO_PARTE",1688516,"1PTL341-5825OH3-C"
26343,"NRO_PARTE",1688517,"1PTL341-5825OH3-C-4"
26343,"NRO_PARTE",1688518,"2Q6E0LT#ABM"
26343,"NRO_PARTE",1688519,"1PTL341-5825OP3-C-FHD"
26343,"NRO_PARTE",1688520,"82HW001ELM1"
26343,"NRO_PARTE",1688521,"20RBS7GB00"
26343,"NRO_PARTE",1688522,"20T1S6WJ00"
26343,"NRO_PARTE",1688523,"20RBS7GD00"
26343,"NRO_PARTE",1688524,"20T9S1DK00"
26343,"NRO_PARTE",1688525,"2PTL342-5812SOH3-A3-N3-4"
26343,"NRO_PARTE",1688526,"20W1S73800"
26343,"NRO_PARTE",1688527,"2PTL342-5812SOH3-N1-4"
26343,"NRO_PARTE",1688528,"2PTL342-5812SOH3-N3-4"
26343,"NRO_PARTE",1688529,"20W1SCPY00"
26343,"NRO_PARTE",1688530,"20W1SCPW00"
26343,"NRO_PARTE",1688531,"1PTL341-5825OP3-4-FHD"
26343,"NRO_PARTE",1688532,"1PTL341-5825OP3-C"
26343,"NRO_PARTE",1688533,"1PTL341-5825OP3-C-4"
26343,"NRO_PARTE",1688534,"1PTL341-5825SS3-C-FHD"
26343,"NRO_PARTE",1688535,"82FJ006RLM1"
26343,"NRO_PARTE",1688536,"618S6LT#ABM-MD"
26343,"NRO_PARTE",1688537,"0PTL541-5825OP3-FHD"
26343,"NRO_PARTE",1688538,"HP 245 G8 NOTEBOOK"
26343,"NRO_PARTE",1688539,"1PTL341-5825OH3-C-4-FHD"
26343,"NRO_PARTE",1688540,"2PTL342-5812SOP3-A1-4"
26343,"NRO_PARTE",1688541,"LPEJPVEZX34128+O"
26343,"NRO_PARTE",1688542,"LPEJPVEZX38128"
26343,"NRO_PARTE",1688543,"5R6K3LS#ABM"
26343,"NRO_PARTE",1688544,"20T1S7XF00"
26343,"NRO_PARTE",1688545,"1PTL341-5825OP3-C-4-FHD"
26343,"NRO_PARTE",1688546,"1PTL341-5825OH3-C-FHD"
26343,"NRO_PARTE",1688547,"2PTL342-5812SOP3-N3-4"
26343,"NRO_PARTE",1688548,"20W1SCL800"
26343,"NRO_PARTE",1688549,"1PTL341-5825OH3-4"
26343,"NRO_PARTE",1688550,"1PTL341-5825SS3-C-4-FHD"
26343,"NRO_PARTE",1688551,"0PTL541-581OP3-FHD"
26343,"NRO_PARTE",1688552,"0PTL541-581SOP3-FHD"
26343,"NRO_PARTE",1688553,"0PTL541-5812SS3-FHD"
26343,"NRO_PARTE",1688554,"1PTL341-5825OH3-4-FHD"
26343,"NRO_PARTE",1688555,"LPEJPVEZX3464+O"
26343,"NRO_PARTE",1688556,"S26391-K499-V100#100"
26343,"NRO_PARTE",1688557,"0PTL541-581SS3-FHD"
26343,"NRO_PARTE",1688558,"0PTL541-581OH3-FHD"
26343,"NRO_PARTE",2553401,"MODELO 3Y"
26343,"NRO_PARTE",2553554,"PSY19U-0GS03Q"
26343,"NRO_PARTE",1780070,"V14G4R3908001HA"
26343,"NRO_PARTE",1780112,"V14G4R3908001#A"
26343,"NRO_PARTE",1780143,"V14G4R3908001#PA"
26343,"NRO_PARTE",3864220,"B8JS5AT#ABM"
26343,"NRO_PARTE",3864445,"BP0J4LA#ABM"
26343,"NRO_PARTE",3864459,"BP0J4LA#ABM-OH4"
26343,"NRO_PARTE",3864482,"BP2C5LS#ABM-OH4"
26343,"NRO_PARTE",3864486,"BP0J5LA#ABM-OH4"
26343,"NRO_PARTE",2626653,"HNBIDL525I7H114"
26343,"NRO_PARTE",2626670,"IDL525I7H114"
26343,"NRO_PARTE",2627010,"58TPP4V362"
26343,"NRO_PARTE",1926229,"V15G3I5#008101H"
26343,"NRO_PARTE",2790071,"T14G6I3016101-OH2"
26343,"NRO_PARTE",2140504,"21G1S05H00"
26343,"NRO_PARTE",2140519,"21G1S05H00-OH"
26343,"NRO_PARTE",2140533,"9C6R7LS#ABM-RA"
26343,"NRO_PARTE",2031559,"21H4S54A00-OH"
26343,"NRO_PARTE",1778890,"891Y5LA#ABM"
26343,"NRO_PARTE",1778901,"891Z0LA#ABM"
26343,"NRO_PARTE",1778941,"892A8LA#ABM"
26343,"NRO_PARTE",1778952,"PSY1AU-02G00J-D-OH"
26343,"NRO_PARTE",4140016,"5PTDPE14-5165SOH3"
26343,"NRO_PARTE",4067925,"E14G7C7H162100"
26343,"NRO_PARTE",3778767,"PSY19U-0FG035-DE"
26343,"NRO_PARTE",1805506,"90NX05U1-M021N0-OH"
26343,"NRO_PARTE",1684620,"20N9S4QB00"
26343,"NRO_PARTE",1684621,"81M90073LMB"
26343,"NRO_PARTE",1684622,"81M90073LML"
26343,"NRO_PARTE",1684623,"81M90073LMW"
26343,"NRO_PARTE",1684624,"20N9S4QC00"
26343,"NRO_PARTE",1684625,"81M90072LM"
26343,"NRO_PARTE",1684626,"81M90073LM"
26343,"NRO_PARTE",1684627,"9PTL34-5825OE2-A"
26343,"NRO_PARTE",1684628,"9PTL34-5825OE2-AS"
26343,"NRO_PARTE",1684629,"9PTL34-5825OE3-A"
26343,"NRO_PARTE",1684630,"9PTL34-381EP1-AS"
26343,"NRO_PARTE",1684631,"9PTL34-381EP3-A"
26343,"NRO_PARTE",1684632,"9PTL34-581EP2-AS"
26343,"NRO_PARTE",1684633,"9PTL34-3825EP1-A"
26343,"NRO_PARTE",1684634,"9PTL34-3825EP1-AS"
26343,"NRO_PARTE",1684635,"9PTL34-3825EP2-A"
26343,"NRO_PARTE",1684636,"9PTL34-3825EP2-AS"
26343,"NRO_PARTE",1684637,"9PTL34-3825EP3-AS"
26343,"NRO_PARTE",1684638,"9PTL34-5825EP1-A"
26343,"NRO_PARTE",1684639,"20QGS3L700"
26343,"NRO_PARTE",1684640,"20QKS1F000"
26343,"NRO_PARTE",1684641,"20QKS1EX00"
26343,"NRO_PARTE",1684642,"20QKS1EY00"
26343,"NRO_PARTE",1684643,"20QGS5WU00"
26343,"NRO_PARTE",1684644,"20QGS47H00"
26343,"NRO_PARTE",1684645,"20QGS47J00"
26343,"NRO_PARTE",1684646,"20QGS47K00"
26343,"NRO_PARTE",1684647,"20QGS5WV00"
26343,"NRO_PARTE",1684648,"7LK98LT#ABM"
26343,"NRO_PARTE",1684649,"7LK99LT#ABM"
26343,"NRO_PARTE",1684650,"9PTL34-C81EP3"
26343,"NRO_PARTE",1684651,"9PTL34-381EP3-AS"
26343,"NRO_PARTE",1684652,"9MR55LS"
26343,"NRO_PARTE",1684653,"20QGS60600"
26343,"NRO_PARTE",1684654,"3400 9PTL34-3825EP3-AS."
26343,"NRO_PARTE",1684655,"9PTL34-381EP2-A"
26343,"NRO_PARTE",1684656,"20FVA09V00"
26343,"NRO_PARTE",1684657,"20FVA09W00"
26343,"NRO_PARTE",1684658,"20FVA09X00"
26343,"NRO_PARTE",1684659,"20FVA0AH00"
26343,"NRO_PARTE",1684660,"20FVA0AJ00"
26343,"NRO_PARTE",1684661,"20FVA0AK00"
26343,"NRO_PARTE",1684662,"20FVA0G300"
26343,"NRO_PARTE",1684663,"20FVA0G400"
26343,"NRO_PARTE",1684664,"20FVA0G500"
26343,"NRO_PARTE",1684665,"20FWA00100"
26343,"NRO_PARTE",1684666,"7PTL54-5041OP5"
26343,"NRO_PARTE",1684667,"PT463U-07P01Y"
26343,"NRO_PARTE",1684668,"PT261U-08L031"
26343,"NRO_PARTE",1684669,"PT383U-00C008"
26343,"NRO_PARTE",1684670,"PT363U-0SC03W"
26343,"NRO_PARTE",1684671,"PT463U-07Q01Y"
26343,"NRO_PARTE",1684672,"PT261U-08M031"
26343,"NRO_PARTE",1684673,"PS571U-04D01Q"
26343,"NRO_PARTE",1684674,"PS561U-01700P"
26343,"NRO_PARTE",1684675,"PS483U-00E00C"
26343,"NRO_PARTE",1684676,"PT581U-08K00R"
26343,"NRO_PARTE",1684677,"7PTL55-7161SS3"
26343,"NRO_PARTE",1684678,"7PTL55-7161SS4"
26343,"NRO_PARTE",1684679,"7PTL55-7161SS5"
26343,"NRO_PARTE",1684680,"7PTL55-7161OH3"
26343,"NRO_PARTE",1684681,"7PTL55-7161OH4"
26343,"NRO_PARTE",1688559,"0PTL541-581SSS3-FHD"
26343,"NRO_PARTE",1688560,"0PTL741-71612SS3-FHD"
26343,"NRO_PARTE",1688561,"0PTL741-71612OP3-FHD"
26343,"NRO_PARTE",1688562,"20U1S13V00"
26343,"NRO_PARTE",1688563,"1PTL341-5825OP3-4"
26343,"NRO_PARTE",1688564,"LPEJPVEZX3AIR8256"
26343,"NRO_PARTE",1688565,"LPEJPVEZX3464"
26343,"NRO_PARTE",1688566,"2N5T7LT#ABM"
26343,"NRO_PARTE",1688567,"0PTL541-5161SS3-FHD"
26343,"NRO_PARTE",1688568,"0PTL741-7825OH3-FHD"
26343,"NRO_PARTE",1688569,"0PTL741-7812SS3-FHD"
26343,"NRO_PARTE",1688570,"0PTL741-7161SOP3-FHD"
26343,"NRO_PARTE",1688571,"0PTL72R-5825OH3"
26343,"NRO_PARTE",1688572,"1PTL341-5825SS3-4-FHD"
26343,"NRO_PARTE",1688573,"NL5P7GVI2VA0D2"
26343,"NRO_PARTE",1688574,"NL5P78YI2VA0DO"
26343,"NRO_PARTE",1688575,"NL5P5WQI2VA0FD"
26343,"NRO_PARTE",1688576,"20T7S2DJ00"
26343,"NRO_PARTE",1688577,"20T7S2DM00"
26343,"NRO_PARTE",1688578,"20T7S2DN00"
26343,"NRO_PARTE",1688579,"20T7S2DP00"
26343,"NRO_PARTE",1688580,"20T7S2DQ00"
26343,"NRO_PARTE",1688581,"20T7S2DE00"
26343,"NRO_PARTE",1688582,"20T7S2DK00"
26343,"NRO_PARTE",1688583,"20T7S2DT00"
26343,"NRO_PARTE",1688584,"2PTL342-5812SOP3-N1-4-FHD"
26343,"NRO_PARTE",1688585,"2PTL342-5812SOP3-N3-4-FHD"
26343,"NRO_PARTE",1688586,"2PTLV350-3856S1HSS3-HD"
26343,"NRO_PARTE",1688587,"2PTLV350-3856SOH3-HD"
26343,"NRO_PARTE",1688588,"2PTLV350-3856SSS3-HD"
26343,"NRO_PARTE",1688589,"0PTL351-5825OP3-4"
26343,"NRO_PARTE",1688590,"NBPDVVA2T"
26343,"NRO_PARTE",1688591,"NBPRVVA2W"
26343,"NRO_PARTE",1688592,"21E7S1HC00"
26343,"NRO_PARTE",1688593,"21E7S1HL00-OP"
26343,"NRO_PARTE",1688594,"21C2S3Q100"
26343,"NRO_PARTE",1688595,"21E7S1HV00-OP"
26343,"NRO_PARTE",1688596,"21E7S1HP00"
26343,"NRO_PARTE",1688597,"6C5X9LT#ABM-OHM"
26343,"NRO_PARTE",1688598,"6C5X9LT#ABM-OPM"
26343,"NRO_PARTE",1688599,"21E4S11600-OH"
26343,"NRO_PARTE",1688600,"21E4S11Y00"
26343,"NRO_PARTE",1688601,"20W1S9DP00"
26343,"NRO_PARTE",1688602,"64Y11LT#ABM-W1"
26343,"NRO_PARTE",1688603,"NL5P7WMI2VA0EI"
26343,"NRO_PARTE",1688604,"NL5P58MI2VA0EJ"
26343,"NRO_PARTE",1688605,"NL5P7GMI2VA0EM"
26343,"NRO_PARTE",1688606,"NL5P7WTI2VA0EQ"
26343,"NRO_PARTE",1688607,"NL5P7GTI2VA0EU"
26343,"NRO_PARTE",1688608,"NL5P5GTI2VA0F1"
26343,"NRO_PARTE",1688609,"NL5P7GYI2VA0HA"
26343,"NRO_PARTE",1688610,"90NX0421-M10390"
26343,"NRO_PARTE",1688611,"90NX0441-M23000"
26343,"NRO_PARTE",1688612,"90NX0441-M23010"
26343,"NRO_PARTE",1688613,"20T7S2DU00"
26343,"NRO_PARTE",1688614,"46B42LS#ABM-OH1"
26343,"NRO_PARTE",1688615,"20T7S2DV00"
26343,"NRO_PARTE",1688616,"46B42LS#ABM-1"
26343,"NRO_PARTE",1688617,"20T7S2DW00"
26343,"NRO_PARTE",1688618,"20T7S2DX00"
26343,"NRO_PARTE",1688619,"20T7S2DY00"
26343,"NRO_PARTE",2553340,"MODELO 3"
26343,"NRO_PARTE",2553360,"9Q0A8AT#ABM-OH"
26343,"NRO_PARTE",1780287,"V15G4R510081#01A5"
26343,"NRO_PARTE",1780298,"V15G4R510081#01HA5"
26343,"NRO_PARTE",1780303,"V15G4R510081#01PA5"
26343,"NRO_PARTE",1721610,"7C6E4LT#ABM"
26343,"NRO_PARTE",3864283,"B8JS3AT#ABM"
26343,"NRO_PARTE",3864479,"BP0J5LA#ABM"
26343,"NRO_PARTE",3864504,"BP2C6LS#ABM"
26343,"NRO_PARTE",3953997,"T16G8C33280100NSOU"
26343,"NRO_PARTE",3922103,"BV5Z5LA#ABM"
26343,"NRO_PARTE",4069624,"E16G3U7H162100"
26343,"NRO_PARTE",1926081,"V15G3I3#916011PA"
26343,"NRO_PARTE",1926109,"V15G3#I5008001PA"
26343,"NRO_PARTE",1926003,"V15G3I3#908011PA"
26343,"NRO_PARTE",1926288,"V15G3#I5016101H"
26343,"NRO_PARTE",1804967,"21EES1YA001"
26343,"NRO_PARTE",2789907,"T14G6I30161012"
26343,"NRO_PARTE",4226692,"T16G7U7191620120"
26343,"NRO_PARTE",4226700,"90NX08N1-M01HL0"
26343,"NRO_PARTE",4226712,"T16G7U518162010"
26343,"NRO_PARTE",4226714,"90NX08N1-M01HL0-OH"
26343,"NRO_PARTE",2888550,"9J6J0LS#ABM-OH"
26343,"NRO_PARTE",2888570,"9J6J0LS#ABM-OP"
26343,"NRO_PARTE",2032651,"21H6S29Y00"
26343,"NRO_PARTE",1779000,"PSY1AU-02G00J-D-OP"
26343,"NRO_PARTE",1773531,"3PTL342-3456SS3-HD"
26343,"NRO_PARTE",4067991,"E14G7C7H162100-OH"
26343,"NRO_PARTE",4068033,"E14G7C7H162100H"
26343,"NRO_PARTE",1684682,"7PTL55-7161OH5"
26343,"NRO_PARTE",1684683,"7PTL55-7161OP3"
26343,"NRO_PARTE",1684684,"7PTL55-7161OP4"
26343,"NRO_PARTE",1684685,"7PTL55-7161OP5"
26343,"NRO_PARTE",1684686,"20J9S04A00"
26343,"NRO_PARTE",1684687,"20HAS19J00"
26343,"NRO_PARTE",1684688,"20HAS19H00"
26343,"NRO_PARTE",1684689,"20HES0JN00"
26343,"NRO_PARTE",1684690,"20HES2CE00"
26343,"NRO_PARTE",1684691,"20HES2CC00"
26343,"NRO_PARTE",1684692,"20HES0JS00"
26343,"NRO_PARTE",1684693,"20HES2CB00"
26343,"NRO_PARTE",1684694,"20HES2CD00"
26343,"NRO_PARTE",1684695,"20HES1B200"
26343,"NRO_PARTE",1684696,"20HES2CG00"
26343,"NRO_PARTE",1684697,"20HES2CF00"
26343,"NRO_PARTE",1684698,"20HES0JM00"
26343,"NRO_PARTE",1684699,"20HES2CK00"
26343,"NRO_PARTE",1684700,"20HES2CH00"
26343,"NRO_PARTE",1684701,"20HES0JQ00"
26343,"NRO_PARTE",1684702,"20HES2CJ00"
26343,"NRO_PARTE",1684703,"20HES2CM00"
26343,"NRO_PARTE",1684704,"20HES0JP00"
26343,"NRO_PARTE",1684705,"20HES2CL00"
26343,"NRO_PARTE",1684706,"20HES2CN00"
26343,"NRO_PARTE",1684707,"20HMA01ALM"
26343,"NRO_PARTE",1684708,"20HMS1UJ00"
26343,"NRO_PARTE",1684709,"20HMS1UL00"
26343,"NRO_PARTE",1684710,"20HMS0FS00"
26343,"NRO_PARTE",1684711,"20HMS1UQ00"
26343,"NRO_PARTE",1684712,"20HMS1UK00"
26343,"NRO_PARTE",1684713,"20HMS0FU00"
26343,"NRO_PARTE",1684714,"20HMS1UP00"
26343,"NRO_PARTE",1684715,"20HMS1UM00"
26343,"NRO_PARTE",1684716,"20HMS0FT00"
26343,"NRO_PARTE",1684717,"20HMS1UN00"
26343,"NRO_PARTE",1684718,"20HMS1UR00"
26343,"NRO_PARTE",1684719,"20JES09R00"
26343,"NRO_PARTE",1684720,"20JES1FN00"
26343,"NRO_PARTE",1684721,"20JES1FL00"
26343,"NRO_PARTE",1684722,"20JES09Q00"
26343,"NRO_PARTE",1684723,"20JES1FJ00"
26343,"NRO_PARTE",1684724,"20JES1FH00"
26343,"NRO_PARTE",1684725,"20JES09S00"
26343,"NRO_PARTE",1684726,"20JES1FK00"
26343,"NRO_PARTE",1684727,"20JES1FQ00"
26343,"NRO_PARTE",1684728,"20JES09T00"
26343,"NRO_PARTE",1684729,"LENOVO K14 6"
26343,"NRO_PARTE",1684730,"21CSS0A300"
26343,"NRO_PARTE",1684731,"21CSS09U00"
26343,"NRO_PARTE",1684732,"21CSS09W00"
26343,"NRO_PARTE",1684733,"21CSS09T00"
26343,"NRO_PARTE",1684734,"21CSS09P00"
26343,"NRO_PARTE",1684735,"21CSS0A800"
26343,"NRO_PARTE",1684736,"21CSS09Y00"
26343,"NRO_PARTE",1684737,"21CSS0AC00"
26343,"NRO_PARTE",1684738,"21CSS0AB00"
26343,"NRO_PARTE",1684739,"21CSS0AD00"
26343,"NRO_PARTE",1684740,"21CSS0AE00"
26343,"NRO_PARTE",1684741,"NBLS03BVA08"
26343,"NRO_PARTE",1684742,"53011YVG"
26343,"NRO_PARTE",1684743,"67W24LT#ABM"
26343,"NRO_PARTE",1684744,"53011YWT-MOB"
26343,"NRO_PARTE",1688620,"20T7S2E100"
26343,"NRO_PARTE",1688621,"20T7S2E400"
26343,"NRO_PARTE",1688622,"2PTLV350-3812SOH3-HD"
26343,"NRO_PARTE",1688623,"530 1 2GHT O MOB"
26343,"NRO_PARTE",1688624,"53012GHTO-MOP"
26343,"NRO_PARTE",1688625,"21C4S41H00"
26343,"NRO_PARTE",1688626,"21C4S41J00-OP"
26343,"NRO_PARTE",1688627,"21E4S11P00"
26343,"NRO_PARTE",1688628,"21C4S41L00-OP"
26343,"NRO_PARTE",1688629,"21E4S12100"
26343,"NRO_PARTE",1688630,"21C4S41G00OH"
26343,"NRO_PARTE",1688631,"21ECS0JU00"
26343,"NRO_PARTE",1688632,"21E4S11500-OP"
26343,"NRO_PARTE",1688633,"NL5H7WQI2VA0HU"
26343,"NRO_PARTE",1688634,"NL5H58QI2VA0HV"
26343,"NRO_PARTE",1688635,"NL5H78QI2VA0HW"
26343,"NRO_PARTE",1688636,"NL5H5GQI2VA0HX"
26343,"NRO_PARTE",1688637,"NL5H7GQI2VA0HY"
26343,"NRO_PARTE",1688638,"NL5H5WMI2VA0I1"
26343,"NRO_PARTE",1688639,"NL5H7WMI2VA0I2"
26343,"NRO_PARTE",1688640,"NL5H58MI2VA0I3"
26343,"NRO_PARTE",1688641,"NL5H7GMI2VA0I6"
26343,"NRO_PARTE",1688642,"NL5H5WTI2VA0I9"
26343,"NRO_PARTE",1688643,"NL5H7WTI2VA0IA"
26343,"NRO_PARTE",1688644,"NL5H58TI2VA0IB"
26343,"NRO_PARTE",1688645,"NL5H7GTI2VA0IE"
26343,"NRO_PARTE",1688646,"NL5H5WTI2VA0IH"
26343,"NRO_PARTE",1688647,"NL5H7WTI2VA0II"
26343,"NRO_PARTE",1688648,"NL5H58TI2VA0IJ"
26343,"NRO_PARTE",1688649,"NL5H78TI2VA0IK"
26343,"NRO_PARTE",1688650,"NL5H5GTI2VA0IL"
26343,"NRO_PARTE",1688651,"NL5H7GTI2VA0IM"
26343,"NRO_PARTE",1688652,"NL5H5WQI2VA0IX"
26343,"NRO_PARTE",1688653,"NL5H7WQI2VA0IY"
26343,"NRO_PARTE",1688654,"NL5P78TI2VA0CC"
26343,"NRO_PARTE",1688655,"NL5P7GYI2VA0DQ"
26343,"NRO_PARTE",1688656,"20X6S2CY00"
26343,"NRO_PARTE",1688657,"20X6S2D000"
26343,"NRO_PARTE",1688658,"15Z90P-G.AH56B4-GOB"
26343,"NRO_PARTE",1688659,"2PTL342-5812SOH3-N3-4-FHD"
26343,"NRO_PARTE",1688660,"21ECS06P00"
26343,"NRO_PARTE",1688661,"21ECS06V00"
26343,"NRO_PARTE",1688662,"21ECS06W00"
26343,"NRO_PARTE",1688663,"1PTV35-3425SSS3-HD"
26343,"NRO_PARTE",1688664,"53012AAP"
26343,"NRO_PARTE",1688665,"53012AAP-MOB"
26343,"NRO_PARTE",1688666,"21E7S1HH00"
26343,"NRO_PARTE",1688667,"21E4S11S00-OP"
26343,"NRO_PARTE",1688668,"21E7S1HF00-OP"
26343,"NRO_PARTE",1688669,"21E7S1HL00"
26343,"NRO_PARTE",1688670,"NL5P5GYI2VA0DP"
26343,"NRO_PARTE",1688671,"NL5P5WTI2VA0EX"
26343,"NRO_PARTE",1688672,"NL5P78TI2VA0F0"
26343,"NRO_PARTE",1688673,"NL5P7WQI2VA0FE"
26343,"NRO_PARTE",1688674,"NL5P5GQI2VA0FH"
26343,"NRO_PARTE",1688675,"20T7S2DD00"
26343,"NRO_PARTE",1688676,"2PTL342-5812SOP3-A1-4-FHD"
26343,"NRO_PARTE",1688677,"2PTL342-5812SOP3-A3-N3-4-FHD"
26343,"NRO_PARTE",1688678,"21ECS06X00"
26343,"NRO_PARTE",1688679,"21CUS0GA00"
26343,"NRO_PARTE",1688680,"21E7S1HG00"
26343,"NRO_PARTE",1688681,"21E7S1HG00-OP"
26343,"NRO_PARTE",2553397,"9Q0A8AT#ABM-OP"
26343,"NRO_PARTE",2553524,"A09E2LS#ABM-OP"
26343,"NRO_PARTE",2553533,"A09E2LS#ABM-OPAS"
26343,"NRO_PARTE",2553578,"PSY19U-0GS03Q-OH"
26343,"NRO_PARTE",1780387,"89C07LA#ABM-A"
26343,"NRO_PARTE",1779963,"V14G4R51016101#A5"
26343,"NRO_PARTE",1780126,"V14G4R3908001#HA"
26343,"NRO_PARTE",1780230,"V15G4R3908001#HA"
26343,"NRO_PARTE",1780240,"V15G4R3908001#PA"
26343,"NRO_PARTE",1780248,"V15G4R3916001#A"
26343,"NRO_PARTE",3729855,"T16G3U721162100D-OH"
26343,"NRO_PARTE",2143354,"V14G4I71216101PA"
26343,"NRO_PARTE",4068735,"E16G3C5H162100-OH"
26343,"NRO_PARTE",2142823,"V14G4I5118201PA"
26343,"NRO_PARTE",2142854,"V14G4I51116201A"
26343,"NRO_PARTE",2557620,"PCR42U-0JX00Q-OP"
26343,"NRO_PARTE",2557649,"PCR42U-0JY00Q-OP"
26343,"NRO_PARTE",2557653,"PDA43U-01E005"
26343,"NRO_PARTE",2557656,"PDA43U-01E005-OH"
26343,"NRO_PARTE",3851737,"PML30U-117037IC-OH"
26343,"NRO_PARTE",1780257,"V15G4R3916001#HA"
26343,"NRO_PARTE",1780264,"V15G4R3916001#PA"
26343,"NRO_PARTE",1779949,"V14G4R3916001#PA"
26343,"NRO_PARTE",1779979,"V14G4R51016101#HA5"
26343,"NRO_PARTE",1780013,"V14G4R51016101#PA5"
26343,"NRO_PARTE",2143276,"21C2SAMY00-OH"
26343,"NRO_PARTE",2142934,"V14G4I7128101A"
26343,"NRO_PARTE",2143004,"V14G4I7128101PA"
26343,"NRO_PARTE",2143043,"V14G4I7128201HA"
26343,"NRO_PARTE",2557583,"PCR42U-0HT00Q-OP"
26343,"NRO_PARTE",2557598,"PCR42U-0JX00Q"
26343,"NRO_PARTE",2557607,"PCR42U-0JX00Q-OH"
26343,"NRO_PARTE",2557631,"PCR42U-0JY00Q"
26343,"NRO_PARTE",2557641,"PCR42U-0JY00Q-OH"
26343,"NRO_PARTE",1804249,"V14G3I5008101#PH"
26343,"NRO_PARTE",1804418,"V14G3I5016101#H"
26343,"NRO_PARTE",1804419,"V14G3I5016101#HH"
26343,"NRO_PARTE",1804420,"V14G3I5016001#H"
26343,"NRO_PARTE",1806036,"E16G1I71108101HH"
26343,"NRO_PARTE",1955271,"V15G4I5008001HH"
26343,"NRO_PARTE",1955273,"V15G4I5008101H"
26343,"NRO_PARTE",1955274,"V15G4I5008101HH"
26343,"NRO_PARTE",1975503,"891Y5LA#ABM-A"
26343,"NRO_PARTE",1779841,"V15G3I50081#01A5"
26343,"NRO_PARTE",2745672,"T16G6I5116201-OP"
26343,"NRO_PARTE",2745704,"E14G6R3108001OH"
26343,"NRO_PARTE",4068894,"E16G3C5H162100H"
26343,"NRO_PARTE",2143086,"V14G4I7128201PA"
26343,"NRO_PARTE",2143102,"21C2SAN100-OP"
26343,"NRO_PARTE",2557711,"PDA43U-01E005-OP"
26343,"NRO_PARTE",2557715,"PDA43U-01F005"
26343,"NRO_PARTE",2557718,"PDA43U-01F005-OP"
26343,"NRO_PARTE",2558049,"3PTL344-7812SOH3-HD"
26343,"NRO_PARTE",2558053,"L15G4I5316201P"
26343,"NRO_PARTE",2558093,"L15G4I5316101P"
26343,"NRO_PARTE",2558242,"3PTL354-7161SOH3-HD"
26343,"NRO_PARTE",3851647,"PML30U-0XK018-OH"
26343,"NRO_PARTE",1804456,"V14G3I7808101PH"
26343,"NRO_PARTE",1804461,"V15G3I5008101#H"
26343,"NRO_PARTE",1804473,"V15G3I5016101#H"
26343,"NRO_PARTE",1804474,"V15G3I5016101#HH"
26343,"NRO_PARTE",1804476,"V15G3I5016001#H"
26343,"NRO_PARTE",1804478,"V15G3I5016001#HH"
26343,"NRO_PARTE",1804479,"V15G3I5016001#PH"
26343,"NRO_PARTE",2914759,"7Z7J0LT#ABM-OH4"
26343,"NRO_PARTE",3746654,"E16G6U5188101H"
26343,"NRO_PARTE",1779828,"V14G4R3908101PAC"
26343,"NRO_PARTE",1779839,"V15G3I50081#01HA"
26343,"NRO_PARTE",1780157,"V15G4R3908001A"
26343,"NRO_PARTE",1780166,"V15G4R3908001HA"
26343,"NRO_PARTE",2745726,"E14G6R3108001N"
26343,"NRO_PARTE",2745728,"T16G6I308001-OH"
26343,"NRO_PARTE",2143386,"V14G4I71216201PA"
26343,"NRO_PARTE",2558104,"PSY19U-0EH03Q-OH"
26343,"NRO_PARTE",2558173,"3PTL354-5161SOH3-HD"
26343,"NRO_PARTE",3851707,"PML30U-117037IC"
26343,"NRO_PARTE",3714939,"V15G4I5616101H"
26343,"NRO_PARTE",1804247,"V14G3I5008101#H"
26343,"NRO_PARTE",1804252,"V14G3I500810#1P"
26343,"NRO_PARTE",1804421,"V14G3I5016001#HH"
26343,"NRO_PARTE",1804433,"V14G3I5016101#PH"
26343,"NRO_PARTE",1805958,"E16G1I51116201HH"
26343,"NRO_PARTE",1806055,"E16G1I71108101PA"
26343,"NRO_PARTE",4221780,"CR5R6LS#ABM"
26343,"NRO_PARTE",1975188,"21JSS0PL00"
26343,"NRO_PARTE",1975228,"V15G4I5808101P#A"
26343,"NRO_PARTE",3851007,"V15G5C53381100H#"
26343,"NRO_PARTE",3851083,"V15G5C53381100H#OH"
26343,"NRO_PARTE",2745666,"T16G6I5116201-OH"
26343,"NRO_PARTE",2745810,"E14G6R3108101OP"
26343,"NRO_PARTE",2745811,"T16G6I308101-OH"
26343,"NRO_PARTE",2745817,"E14G6R3108101N"
26343,"NRO_PARTE",2745818,"T16G6I308101-OP"
26343,"NRO_PARTE",2745821,"T16G6I3016101"
26343,"NRO_PARTE",2745827,"T16G6I3016101-OH"
26343,"NRO_PARTE",2745828,"E14G6R3108201OH"
26343,"NRO_PARTE",2557721,"PDA43U-010005"
26343,"NRO_PARTE",2557732,"PDA43U-010005-OP"
26343,"NRO_PARTE",2558107,"L15G4I5308201"
26343,"NRO_PARTE",2558108,"L15G4I5308201H"
26343,"NRO_PARTE",2558211,"3PTL354-7161SSS3-HD"
26343,"NRO_PARTE",2558499,"E14G5R31108101PA#1"
26343,"NRO_PARTE",2558501,"E14G5R31108101#1"
26343,"NRO_PARTE",2558503,"WE15I7T115C"
26343,"NRO_PARTE",3851846,"PNM13U-0WC00F"
26343,"NRO_PARTE",3851940,"PNM13U-0WC00F-OH"
26343,"NRO_PARTE",1804248,"V14G3I5008101#HH"
26343,"NRO_PARTE",1804463,"V15G3I5008101#PH"
26343,"NRO_PARTE",1741789,"3PTL543-71612SSS3-FHD"
26343,"NRO_PARTE",1805971,"E14G4I7816101H"
26343,"NRO_PARTE",1805973,"E14G4I7816101HH"
26343,"NRO_PARTE",1805975,"E14G4I7816201H"
26343,"NRO_PARTE",1805977,"E14G4I7816201HH"
26343,"NRO_PARTE",1805978,"E14G4I7816201PH"
26343,"NRO_PARTE",1805992,"E16G1I51116201PA"
26343,"NRO_PARTE",3746889,"E16G6U5188101H-OH"
26343,"NRO_PARTE",1779844,"V15G3I50081#01PA5"
26343,"NRO_PARTE",1780057,"V14G4R3908001A"
26343,"NRO_PARTE",2745609,"V15G4I5216201A"
26343,"NRO_PARTE",2745795,"E14G6R3108101"
26343,"NRO_PARTE",2745936,"T16G6I518201-OP"
26343,"NRO_PARTE",2745949,"T16G6I5116101"
26343,"NRO_PARTE",2557717,"PDA43U-01F005-OH"
26343,"NRO_PARTE",2558097,"PSY19U-0EH03Q"
26343,"NRO_PARTE",2558157,"L15G4I5308101"
26343,"NRO_PARTE",2558473,"WE15I7T115L"
26343,"NRO_PARTE",1804460,"V15G3I5008001#PH"
26343,"NRO_PARTE",1804462,"V15G3I5008101#HH"
26343,"NRO_PARTE",1741917,"3PTL743T-71651SSS3"
26343,"NRO_PARTE",1742009,"3PTL543-7161SSS3-FHD"
26343,"NRO_PARTE",1780092,"V14G4R3908001PA"
26343,"NRO_PARTE",3851596,"PML30U-0XK018"
26343,"NRO_PARTE",2745612,"V15G4I5216201A-OH"
26343,"NRO_PARTE",2745736,"T16G6I308001-OP"
26343,"NRO_PARTE",2745823,"E14G6R3108201"
26343,"NRO_PARTE",2745913,"E14G6R3116101N"
26343,"NRO_PARTE",2143363,"V14G4I71216201A"
26343,"NRO_PARTE",4069145,"E16G3C7H82100-OH"
26343,"NRO_PARTE",4139282,"90NX0801-M05KN0-OH"
26343,"NRO_PARTE",2557725,"PDA43U-010005-OH"
26343,"NRO_PARTE",2558055,"L15G4I5316101"
26343,"NRO_PARTE",2558099,"3PTL344-7812SOP3-HD"
26343,"NRO_PARTE",2558210,"PZA26U-02J005"
26343,"NRO_PARTE",2558312,"21HL000TLM"
26343,"NRO_PARTE",3852024,"PNM13U-0WD00F"
26343,"NRO_PARTE",1804300,"LPECWVHEROBKPRO+MSOHB2021"
26343,"NRO_PARTE",1804422,"V14G3I5016001#PH"
26343,"NRO_PARTE",1804475,"V15G3I5016101#PH"
26343,"NRO_PARTE",1805860,"E14G5I71116201HH"
26343,"NRO_PARTE",1806022,"E16G1I71108101H"
26343,"NRO_PARTE",2551755,"9Q6N3LA#ABM-OP"
26343,"NRO_PARTE",1729976,"21E7S35400"
26343,"NRO_PARTE",2143373,"V14G4I71216201HA"
26343,"NRO_PARTE",4069184,"E16G3C7H161100"
26343,"NRO_PARTE",4093969,"90NX08N1-M01620-OH"
26343,"NRO_PARTE",4093973,"90NX08N1-M01620"
26343,"NRO_PARTE",4093976,"90NX08N1-M01CT0"
26343,"NRO_PARTE",1804455,"V14G3I7808101HH"
26343,"NRO_PARTE",1804458,"V15G3I5008001#H"
26343,"NRO_PARTE",2589517,"4PTL344-51612SOP3-FHD"
26343,"NRO_PARTE",2589501,"4PTL344-51612SOH3-FHD"
26343,"NRO_PARTE",1765966,"V15G3I7816101HP"
26343,"NRO_PARTE",1765971,"V15G3I7816201HH"
26343,"NRO_PARTE",1765973,"V15G3I7816201HP"
26343,"NRO_PARTE",1765585,"V15G3R5016101HA"
26343,"NRO_PARTE",1765714,"V14G4R5016101HA"
26343,"NRO_PARTE",2628847,"7GTPP4V390"
26343,"NRO_PARTE",2558061,"PSY19U-00U03Q-OH"
26343,"NRO_PARTE",2558092,"L15G4I5316101H"
26343,"NRO_PARTE",2558228,"PZA26U-02J005-OH"
26343,"NRO_PARTE",1924869,"21HRS1Y400-OP"
26343,"NRO_PARTE",3968268,"C11XWLS#ABM"
26343,"NRO_PARTE",3968340,"PNL11U-0U6008-OH"
26343,"NRO_PARTE",3892785,"T14G8C734162100"
26343,"NRO_PARTE",3892823,"T14G8C734322100"
26343,"NRO_PARTE",2628259,"7GTPP4V366"
26343,"NRO_PARTE",1878360,"21C2S0Y800"
26343,"NRO_PARTE",1901032,"V15#G4#R5016101A"
26343,"NRO_PARTE",2141002,"9E3F5LS#ABM-OP"
26343,"NRO_PARTE",1803496,"21CES12F00- OH"
26343,"NRO_PARTE",1803497,"21CES12F00- OP"
26343,"NRO_PARTE",4094845,"E14G7U5U162100-OH"
26343,"NRO_PARTE",4094861,"E16G3C5H81100"
26343,"NRO_PARTE",4094870,"E16G3C5H81100-OH"
26343,"NRO_PARTE",4094875,"E16G3C5H82100"
26343,"NRO_PARTE",4094887,"E16G3C5H161100"
26343,"NRO_PARTE",4094928,"E16G3C7H81100-OH"
26343,"NRO_PARTE",4067061,"E14G7C5H82100"
26343,"NRO_PARTE",2796297,"E14G5I31108001-OH2"
26343,"NRO_PARTE",2488698,"PML20U-1F307C-A-OH"
26343,"NRO_PARTE",2488722,"PML30U-0C000V-OP"
26343,"NRO_PARTE",3723287,"V15G5C533162100-OH"
26343,"NRO_PARTE",3723289,"V15G5C73481100"
26343,"NRO_PARTE",1684745,"90NX0441-M033L0-OH"
26343,"NRO_PARTE",1684746,"90NX0441-M035Z0-OH"
26343,"NRO_PARTE",1684747,"90NX0441-M036A0-OH"
26343,"NRO_PARTE",1684748,"90NX0441-M035X0-OH"
26343,"NRO_PARTE",1684749,"90NX0441-M032J0"
26343,"NRO_PARTE",1684750,"90NX0551-M00M10"
26343,"NRO_PARTE",1684751,"90NX0441-M032M0"
26343,"NRO_PARTE",1684752,"90NX0571-M00T40"
26343,"NRO_PARTE",1684753,"9PTL34-5825PP3"
26343,"NRO_PARTE",1684754,"20NKS1BU00"
26343,"NRO_PARTE",1684755,"20QKS1EU00"
26343,"NRO_PARTE",1684756,"20QKS1EV00"
26343,"NRO_PARTE",1684757,"20QKS1EW00"
26343,"NRO_PARTE",1684758,"20NKS29H00"
26343,"NRO_PARTE",1684759,"20NKS1BV00"
26343,"NRO_PARTE",1684760,"8RD83LT#ABM"
26343,"NRO_PARTE",1684761,"20NKS19600"
26343,"NRO_PARTE",1684762,"20NKS2Q300"
26343,"NRO_PARTE",1684763,"20NKS2Q800"
26343,"NRO_PARTE",1684764,"20NKS2RP00"
26343,"NRO_PARTE",1684765,"20NKS2RN00"
26343,"NRO_PARTE",1684766,"20QKS1D900"
26343,"NRO_PARTE",1684767,"8RE09LT#ABM"
26343,"NRO_PARTE",1684768,"9PTL54-581OPP3"
26343,"NRO_PARTE",1684769,"7LL94LT#ABM"
26343,"NRO_PARTE",1684770,"9PTL54-781OPP3"
26343,"NRO_PARTE",1684771,"20Q8S0EW00"
26343,"NRO_PARTE",1684772,"20Q8S0KG00"
26343,"NRO_PARTE",1684773,"8JM91LS#ABM"
26343,"NRO_PARTE",1684774,"8GF53LS"
26343,"NRO_PARTE",1684775,"20Q6S14X00"
26343,"NRO_PARTE",1684776,"20Q6S0T100"
26343,"NRO_PARTE",1684777,"20Q6S14V00"
26343,"NRO_PARTE",1684778,"20Q6S14W00"
26343,"NRO_PARTE",1684779,"9PTL35-7161SS4"
26343,"NRO_PARTE",1684780,"9PTL35-7161SS5"
26343,"NRO_PARTE",1684781,"9PTL35-71625OP5-19"
26343,"NRO_PARTE",1684782,"9PTL35-71625SS3"
26343,"NRO_PARTE",1684783,"9PTL74-71612OH3-19-VP"
26343,"NRO_PARTE",1684784,"9PTL74-71612OH4-19-VP"
26343,"NRO_PARTE",1684785,"20NFS02900G"
26343,"NRO_PARTE",1684786,"9PTL35-51612OH5-19"
26343,"NRO_PARTE",1684787,"9PTL35-51612OP5-19"
26343,"NRO_PARTE",1684788,"9PTL35-51612SS4"
26343,"NRO_PARTE",1684789,"9PTL35-51612SS5"
26343,"NRO_PARTE",1684790,"9PTL35-781OH4-19"
26343,"NRO_PARTE",1684791,"9PTL35-781SS5"
26343,"NRO_PARTE",1684792,"9PTL35-781SS3"
26343,"NRO_PARTE",1684793,"9PTL35-781OH3-19"
26343,"NRO_PARTE",1684794,"9PTL35-781OP3-19"
26343,"NRO_PARTE",1684795,"9PTL35-781OP4-19"
26343,"NRO_PARTE",1684796,"9PTL35-781OP5-19"
26343,"NRO_PARTE",1684797,"9PTL34-7812SS5"
26343,"NRO_PARTE",1684798,"9PTL34-7812OH4-19"
26343,"NRO_PARTE",1684799,"9PTL34-7812OP4-19"
26343,"NRO_PARTE",1684800,"9PTL34-7812OP5-19"
26343,"NRO_PARTE",1684801,"9PTL34-7825SS4"
26343,"NRO_PARTE",1684802,"9PTL34-7825SS5"
26343,"NRO_PARTE",1684803,"9PTL34-7825OH3-19"
26343,"NRO_PARTE",1684804,"9PTL34-7825OH4-19"
26343,"NRO_PARTE",1684805,"9PTL34-7825OP3-19"
26343,"NRO_PARTE",1688682,"21E7S1HY00"
26343,"NRO_PARTE",1688683,"21E7S1HW00"
26343,"NRO_PARTE",1688684,"21E7S1HY00-OH"
26343,"NRO_PARTE",1688685,"21CUS0G800-OH"
26343,"NRO_PARTE",1688686,"21CUS0G800-OP"
26343,"NRO_PARTE",1688687,"21E7S1HR00-OP"
26343,"NRO_PARTE",1688688,"21EES0M500-OH"
26343,"NRO_PARTE",1688689,"21EES0M400"
26343,"NRO_PARTE",1688690,"21E4S11K00"
26343,"NRO_PARTE",1688691,"21ECS0JY00"
26343,"NRO_PARTE",1688692,"21ECS0JX00-OH"
26343,"NRO_PARTE",1688693,"21ECS0JV00-OH"
26343,"NRO_PARTE",1688694,"21ECS0JV00-OP"
26343,"NRO_PARTE",1688695,"21C2S3PY00-OH"
26343,"NRO_PARTE",1688696,"21C2S3Q200"
26343,"NRO_PARTE",1688697,"21C2S3Q000"
26343,"NRO_PARTE",1688698,"21CSS0D900."
26343,"NRO_PARTE",1688699,"0PTL351-5825SS3-C-S-4"
26343,"NRO_PARTE",1688700,"0PTL351-5825OP3-C-S-4"
26343,"NRO_PARTE",1688701,"0PTL351-5825SS3-C-4-FHD"
26343,"NRO_PARTE",1688702,"0PTL351-5825OP3-C-4-FHD"
26343,"NRO_PARTE",1688703,"0PTL351-5825OP3-C-S"
26343,"NRO_PARTE",1688704,"1PTL542-5812OP4-LTE"
26343,"NRO_PARTE",1688705,"NOTEBOOK LATITUDE 3510"
26343,"NRO_PARTE",1688706,"0PTL351-5825OP3-C-S-4-FHD"
26343,"NRO_PARTE",1688707,"0PTL351-5825OH3-C-S-FHD"
26343,"NRO_PARTE",1688708,"0PTL351-5825OH3-C-FHD"
26343,"NRO_PARTE",1688709,"0PTL351-5825SS3-C-4"
26343,"NRO_PARTE",1688710,"0PTL351-5825OH3-C-4-FHD"
26343,"NRO_PARTE",1688711,"0PTL351-5825SS3-C-S"
26343,"NRO_PARTE",1688712,"0PTL351-5825OH3-C-S"
26343,"NRO_PARTE",1688713,"0PTL351-5825SS3-C-S-FHD"
26343,"NRO_PARTE",1688714,"0PTL351-5825SS3-HD"
26343,"NRO_PARTE",1688715,"0PTL351-5825SS3...."
26343,"NRO_PARTE",1688716,"NL5P7GQI2VA0FI"
26343,"NRO_PARTE",1688717,"NL5P7GMI2VA0FQ"
26343,"NRO_PARTE",1688718,"NL5P7WTI2VA0FU"
26343,"NRO_PARTE",1688719,"NL5P58TI2VA0FV"
26343,"NRO_PARTE",1688720,"NL5P5GTI2VA0FX"
26343,"NRO_PARTE",1688721,"NL5P5W2I2VA0G1"
26343,"NRO_PARTE",1688722,"NL5P7W2I2VA0G2"
26343,"NRO_PARTE",1688723,"NL5P582I2VA0G3"
26343,"NRO_PARTE",1688724,"NL5P782I2VA0G4"
26343,"NRO_PARTE",1688725,"NL5P7G2I2VA0G6"
26343,"NRO_PARTE",1688726,"NL5P78MI2VA0C4"
26343,"NRO_PARTE",1688727,"NL5P58QI2VA0EB"
26343,"NRO_PARTE",1688728,"NL5P5WMI2VA0EH"
26343,"NRO_PARTE",1688729,"NL5P78MI2VA0EK"
26343,"NRO_PARTE",1688730,"20WNS7RK00"
26343,"NRO_PARTE",1688731,"20WNS7RJ00"
26343,"NRO_PARTE",1688732,"16Z90P-G.AH75B4-GOB"
26343,"NRO_PARTE",1688733,"20NES2E100-OH"
26343,"NRO_PARTE",1688734,"2PTL342-5812SOP3-FHD"
26343,"NRO_PARTE",1688735,"20W1SCPX00"
26343,"NRO_PARTE",1688736,"20W1SCPV00"
26343,"NRO_PARTE",1688737,"2PTL342-5812SOH3-FHD"
26343,"NRO_PARTE",1688738,"2PTL342-5812SOP3-A3-4-FHD"
26343,"NRO_PARTE",1688739,"21ECS06S00"
26343,"NRO_PARTE",1688740,"21C2S3Q000-OP"
26343,"NRO_PARTE",1688741,"21C2S3Q000-OH"
26343,"NRO_PARTE",1688742,"21C2S3PU00"
26343,"NRO_PARTE",1718276,"20X2SBPE00-OH"
26343,"NRO_PARTE",1765740,"V14G4R5016101PA"
26343,"NRO_PARTE",2625725,"5WMPH4V307"
26343,"NRO_PARTE",2625754,"5WMPH4V313"
26343,"NRO_PARTE",2628105,"A4DZ7LS#ABM-OP"
26343,"NRO_PARTE",2628581,"A4EJ5LS#ABM-OPAS"
26343,"NRO_PARTE",2628603,"A4EJ5LS#ABM-OP"
26343,"NRO_PARTE",2629516,"21JQS1MU00-OH"
26343,"NRO_PARTE",2558530,"WE15I7T115B"
26343,"NRO_PARTE",2558570,"WE15I7T115P"
26343,"NRO_PARTE",2558573,"21E7000JLM"
26343,"NRO_PARTE",2558575,"V14G4R3008101PA#"
26343,"NRO_PARTE",2558586,"PSY19U-0PM066-E"
26343,"NRO_PARTE",2558597,"PSY19U-0RC05F-E-OP"
26343,"NRO_PARTE",2558599,"PSY19U-0S705F-E-OP"
26343,"NRO_PARTE",2558602,"21JUS1JE00"
26343,"NRO_PARTE",2558603,"E16G1R51116201#1"
26343,"NRO_PARTE",2895014,"B1502CVA-NJ3229X-OP"
26343,"NRO_PARTE",1926347,"V15G3I5#016001H"
26343,"NRO_PARTE",3892803,"T14G8C734162100-OH"
26343,"NRO_PARTE",1759145,"90NX0441-M034L0-OP."
26343,"NRO_PARTE",1878519,"82KA00C6LM"
26343,"NRO_PARTE",2793415,"T16G6I3081012"
26343,"NRO_PARTE",2793430,"T16G6I308101-OP2"
26343,"NRO_PARTE",2793438,"T16G6I308101-OH2"
26343,"NRO_PARTE",2793444,"T16G6I308201-OH2"
26343,"NRO_PARTE",2793450,"T16G6I30161012"
26343,"NRO_PARTE",2793457,"T16G6I3016101-OP2"
26343,"NRO_PARTE",2793463,"T16G6I3016201-OH2"
26343,"NRO_PARTE",1900803,"V15#G4#R5008001A"
26343,"NRO_PARTE",2140992,"9E3F2LS#ABM-OP"
26343,"NRO_PARTE",2141023,"9E3F3LS#ABM-OP"
26343,"NRO_PARTE",1803445,"E14G5I71108101PA"
26343,"NRO_PARTE",1803460,"E14G5I71108201H"
26343,"NRO_PARTE",1803495,"21CES12F00."
26343,"NRO_PARTE",4067224,"E14G7C5H161100"
26343,"NRO_PARTE",2795963,"V15G4I5016101H-2"
26343,"NRO_PARTE",2465744,"V15G4R38101-OP"
26343,"NRO_PARTE",2624675,"90NX03E1-M00RE0"
26343,"NRO_PARTE",2132481,"21JUS1H700"
26343,"NRO_PARTE",3723262,"V15G5C53381100-OH"
26343,"NRO_PARTE",3723271,"V15G5C53382100"
26343,"NRO_PARTE",3723284,"V15G5C533162100"
26343,"NRO_PARTE",1684806,"9PTL34-7825OP5-19"
26343,"NRO_PARTE",1684807,"9PTL34-7812SS3"
26343,"NRO_PARTE",1684808,"9PTL34-781SOP4-19"
26343,"NRO_PARTE",1684809,"9PTL34-781SOP3-19"
26343,"NRO_PARTE",1684810,"9PTL34-781OP5-19"
26343,"NRO_PARTE",1684811,"9PTL35-7800OP5-19"
26343,"NRO_PARTE",1684812,"9PTL35-7800SS4"
26343,"NRO_PARTE",1684813,"9PTL35-7800SS5"
26343,"NRO_PARTE",1684814,"9PTL34-581SS5-S"
26343,"NRO_PARTE",1684815,"9PTL34-581OH5-19-S"
26343,"NRO_PARTE",1684816,"9PTL34-581OP4-19-S"
26343,"NRO_PARTE",1684817,"20NES0E300GL"
26343,"NRO_PARTE",1684818,"9PTL34-581SS4-S"
26343,"NRO_PARTE",1684819,"9PTL34-581SS3-S-H"
26343,"NRO_PARTE",1684820,"9PTL34-581SS4-S-H"
26343,"NRO_PARTE",1684821,"9PTL34-581OH4-19-S-H"
26343,"NRO_PARTE",1684822,"9PTL34-581OP5-19-S-H"
26343,"NRO_PARTE",1684823,"2Q0D1LT#ABM"
26343,"NRO_PARTE",1684824,"0PTL341-3825OH3-FHD"
26343,"NRO_PARTE",1684825,"0PTL341-3825OH3-HD"
26343,"NRO_PARTE",1684826,"53011WFA-WP"
26343,"NRO_PARTE",1684827,"1PTL342-7812SSS3-FHD"
26343,"NRO_PARTE",1684828,"53011WFA-WP-MOB"
26343,"NRO_PARTE",1684829,"1PTL342-7812SOH3-FHD"
26343,"NRO_PARTE",1684830,"53011WFA-WP-MOP"
26343,"NRO_PARTE",1684831,"1PTL342-7812SSS3-FHD-AC"
26343,"NRO_PARTE",1684832,"1PTV35-341SS1"
26343,"NRO_PARTE",1684833,"0PTL35-581SS3"
26343,"NRO_PARTE",1684834,"0PTL35-581OH3"
26343,"NRO_PARTE",1684835,"0PTL35-581OP3"
26343,"NRO_PARTE",1684836,"0PTL35-5812SS3"
26343,"NRO_PARTE",1684837,"0PTL35-5812OP3"
26343,"NRO_PARTE",1684838,"0PTL35-5161SS3"
26343,"NRO_PARTE",1684839,"0PTL35-51612SS3"
26343,"NRO_PARTE",1684840,"0PTL35-51612OP3"
26343,"NRO_PARTE",1684841,"21CUS00D00"
26343,"NRO_PARTE",1684842,"20U8S21U00"
26343,"NRO_PARTE",1684843,"20U8S21R00"
26343,"NRO_PARTE",1684844,"20YDS0AT00"
26343,"NRO_PARTE",1684845,"20YDS0AR00"
26343,"NRO_PARTE",1684846,"20X8S0AJ00"
26343,"NRO_PARTE",1684847,"20YDS0AE00"
26343,"NRO_PARTE",1684848,"20YDS0AP00"
26343,"NRO_PARTE",1684849,"20YDS0AQ00"
26343,"NRO_PARTE",1684850,"20NES0EH00"
26343,"NRO_PARTE",1684851,"9PTL55-781SSS5"
26343,"NRO_PARTE",1684852,"9PTL55-781SOH3-19"
26343,"NRO_PARTE",1684853,"9PTL55-781SOH5-19"
26343,"NRO_PARTE",1684854,"9PTL55-781SOP3-19"
26343,"NRO_PARTE",1684855,"9PTL35-581SS3-S"
26343,"NRO_PARTE",1684856,"9PTL35-581SS4-S"
26343,"NRO_PARTE",1684857,"9PTL35-581SS5-S"
26343,"NRO_PARTE",1684858,"9PTL35-581OH3-19-S"
26343,"NRO_PARTE",1684859,"9PTL35-7825SS3"
26343,"NRO_PARTE",1684860,"9PTL35-7825SS5"
26343,"NRO_PARTE",1684861,"20NFS08Q00GL"
26343,"NRO_PARTE",1684862,"9PTL35-7800OH3-19"
26343,"NRO_PARTE",1684863,"9PTL35-7825OH5-19"
26343,"NRO_PARTE",1684864,"9PTL35-7825OP3-19"
26343,"NRO_PARTE",1684865,"9PTL35-7825OP4-19"
26343,"NRO_PARTE",1684866,"9PTL35-7825OP5-19"
26343,"NRO_PARTE",1688743,"21E4S11S00"
26343,"NRO_PARTE",1688744,"21E7S1HD00-OP"
26343,"NRO_PARTE",1688745,"0PTL351-5825SS3-C"
26343,"NRO_PARTE",1688746,"NL5P5GMI2VA0EL"
26343,"NRO_PARTE",1688747,"NL5P5WTI2VA0EP"
26343,"NRO_PARTE",1688748,"NL5P58TI2VA0ER"
26343,"NRO_PARTE",1688749,"NL5P78TI2VA0ES"
26343,"NRO_PARTE",1688750,"NL5P5GTI2VA0ET"
26343,"NRO_PARTE",1688751,"14Z90P-G.AJ53B4-GOB"
26343,"NRO_PARTE",1688752,"21ECS06U00"
26343,"NRO_PARTE",1688753,"2PTL553-7812SSS3-FHD-VP"
26343,"NRO_PARTE",1688754,"2PTL553-7812SOH3-FHD-VP"
26343,"NRO_PARTE",1688755,"2PTL553-7812SOP3-FHD-VP"
26343,"NRO_PARTE",1688756,"0PTL351-5825OP3-C-4"
26343,"NRO_PARTE",1688757,"0PTL351-5825OP3-C-FHD"
26343,"NRO_PARTE",1688758,"2Q6J1LT#ABM"
26343,"NRO_PARTE",1688759,"0PTL351-5825OH3-C-S-4"
26343,"NRO_PARTE",1688760,"0PTL351-5825SS3-C-S-4-FHD"
26343,"NRO_PARTE",1688761,"0PTL351-5825OP3-C-S-FHD"
26343,"NRO_PARTE",1688762,"NL5P7WTI2VA0B6"
26343,"NRO_PARTE",1688763,"NL5P5GQI2VA0BX"
26343,"NRO_PARTE",1688764,"NL5P58MI2VA0C3"
26343,"NRO_PARTE",1688765,"NL5P5WTI2VA0C9"
26343,"NRO_PARTE",1688766,"NL5P7WTI2VA0CA"
26343,"NRO_PARTE",1688767,"NL5P58TI2VA0CB"
26343,"NRO_PARTE",1688768,"14Z90P-G.AJ52B4-GOB"
26343,"NRO_PARTE",1688769,"20TBS69A00"
26343,"NRO_PARTE",1688770,"2PTL342-5812SOP3-A3-4"
26343,"NRO_PARTE",1688771,"2PTL342-5812SOP3"
26343,"NRO_PARTE",1688772,"20W1S75900"
26343,"NRO_PARTE",1688773,"2PTLV340-541HSS3-HD-U"
26343,"NRO_PARTE",1688774,"2PTLV340-581HSS1-HD"
26343,"NRO_PARTE",1688775,"1PTV35-5812SSS3-HD"
26343,"NRO_PARTE",1688776,"1PTV35-58S1SS3-HD"
26343,"NRO_PARTE",1688777,"0PTL351-5825OH3-C"
26343,"NRO_PARTE",1688778,"0PTL351-5825OH3-C-4"
26343,"NRO_PARTE",1688779,"0PTL351-5825SS3-C-FHD"
26343,"NRO_PARTE",1688780,"1PTL542-5812SS4-LTE"
26343,"NRO_PARTE",1688781,"0PTL351-5825OP3-C"
26343,"NRO_PARTE",1688782,"1PTL542-5812OH4-LTE"
26343,"NRO_PARTE",1688783,"2N5U1LT-ABM-OH"
26343,"NRO_PARTE",1688784,"NL5P7GTI2VA0CE"
26343,"NRO_PARTE",1688785,"NL5P5W2I2VA0CH"
26343,"NRO_PARTE",1688786,"NL5P7W2I2VA0CI"
26343,"NRO_PARTE",1688787,"NL5P58QI2VA0BV"
26343,"NRO_PARTE",1688788,"NL5P7GMI2VA0C6"
26343,"NRO_PARTE",1688789,"NL5P5GTI2VA0CD"
26343,"NRO_PARTE",1688790,"NL5P5G2I2VA0CL"
26343,"NRO_PARTE",1688791,"NL5P78VI2VA0D0"
26343,"NRO_PARTE",1688792,"NL5P5WYI2VA0DL"
26343,"NRO_PARTE",1688793,"NL5P7WYI2VA0DM"
26343,"NRO_PARTE",1688794,"NL5P58YI2VA0DN"
26343,"NRO_PARTE",1688795,"NL5P5WQI2VA0E9"
26343,"NRO_PARTE",1688796,"NL5P7WQI2VA0EA"
26343,"NRO_PARTE",1688797,"NL5P78QI2VA0EC"
26343,"NRO_PARTE",1688798,"NL5P5GQI2VA0ED"
26343,"NRO_PARTE",1688799,"NL5P7GQI2VA0EE"
26343,"NRO_PARTE",1688800,"LPNKI71018"
26343,"NRO_PARTE",1688801,"17Z90N-V.AH76B4-GOB"
26343,"NRO_PARTE",1688802,"14Z90P-G.AJ52B4-GOB-OFFICE"
26343,"NRO_PARTE",1765401,"3PTLV35-5856SSS1-AME"
26343,"NRO_PARTE",1765464,"3PTLV35-5856SOP3-AME"
26343,"NRO_PARTE",1765432,"V15G3R5016101A"
26343,"NRO_PARTE",1765552,"V14G3I5016101A"
26343,"NRO_PARTE",1924858,"21HRS1Y500"
26343,"NRO_PARTE",1924859,"21HRS1Y500-OH"
26343,"NRO_PARTE",1924860,"21HRS1Y500-OP"
26343,"NRO_PARTE",1924867,"21HRS1Y400"
26343,"NRO_PARTE",1924868,"21HRS1Y400-OH"
26343,"NRO_PARTE",2628567,"A4DZ7LS#ABM-OHAS"
26343,"NRO_PARTE",2628641,"891Z7LA#ABM-OP."
26343,"NRO_PARTE",2628647,"58MPH4V314"
26343,"NRO_PARTE",2589415,"4PTL344-5812SOP3-FHD"
26343,"NRO_PARTE",4053245,"L16G2U721162100-OH"
26343,"NRO_PARTE",2793364,"A9BS2LT#ABM"
26343,"NRO_PARTE",2793449,"T16G6I3082012"
26343,"NRO_PARTE",2793470,"T16G6I5181012"
26343,"NRO_PARTE",1803927,"V14G3R5016101#PA"
26343,"NRO_PARTE",2488702,"PML20U-1F307C-A-OP"
26343,"NRO_PARTE",2489271,"PML30U-0EP00V-OH"
26343,"NRO_PARTE",2489283,"PML30U-0EP00V-OP"
26343,"NRO_PARTE",2489296,"PML30U-0EQ00V-OP"
26343,"NRO_PARTE",2465838,"V15G4R516101-OP"
26343,"NRO_PARTE",2465912,"V14G4R316101-OP"
26343,"NRO_PARTE",3723168,"T16G8C734162100-OH"
26343,"NRO_PARTE",3723248,"V15G5C53381100"
26343,"NRO_PARTE",1684867,"20Q6S22F00"
26343,"NRO_PARTE",1684868,"9PTL35-581OH4-19-S"
26343,"NRO_PARTE",1684869,"20NFS08Q00G"
26343,"NRO_PARTE",1684870,"9PTL35-7800OP3-19"
26343,"NRO_PARTE",1684871,"9PTL35-7800OP4-19"
26343,"NRO_PARTE",1684872,"81B10062LM"
26343,"NRO_PARTE",1684873,"9PTL34-581OH4-19-S"
26343,"NRO_PARTE",1684874,"81B10062LML"
26343,"NRO_PARTE",1684875,"20NES0ED00"
26343,"NRO_PARTE",1684876,"20NES0EE00"
26343,"NRO_PARTE",1684877,"20NES0EG00"
26343,"NRO_PARTE",1684878,"20MVS0D600"
26343,"NRO_PARTE",1684879,"20NFS03G00"
26343,"NRO_PARTE",1684880,"20NFS11700"
26343,"NRO_PARTE",1684881,"20NFS0LB00"
26343,"NRO_PARTE",1684882,"9PTL34-3825OE1-AS."
26343,"NRO_PARTE",1684883,"20NFS14900"
26343,"NRO_PARTE",1684884,"20QGS50600"
26343,"NRO_PARTE",1684885,"20NCS2WS00"
26343,"NRO_PARTE",1684886,"8ZR73LS#ABM-OE"
26343,"NRO_PARTE",1684887,"9PTL34-5825OE1-A"
26343,"NRO_PARTE",1684888,"8ZN19LS_ABM"
26343,"NRO_PARTE",1684889,"20QGS60500"
26343,"NRO_PARTE",1684890,"20Q6S26U00"
26343,"NRO_PARTE",1684891,"20Q6S26Y00"
26343,"NRO_PARTE",1684892,"20N3SF5S00"
26343,"NRO_PARTE",1684893,"20N3SF5T00"
26343,"NRO_PARTE",1684894,"20N3SF5W00"
26343,"NRO_PARTE",1684895,"20N3SF5X00"
26343,"NRO_PARTE",1684896,"20QGS5WX00"
26343,"NRO_PARTE",1684897,"8TX58LS_ABM"
26343,"NRO_PARTE",1684898,"20QGS60400"
26343,"NRO_PARTE",1684899,"8ZN20LS_ABM"
26343,"NRO_PARTE",1684900,"8RJ02LS"
26343,"NRO_PARTE",1684901,"9PTL34-381EP1-A"
26343,"NRO_PARTE",1684902,"9PTL34-581EP1-A"
26343,"NRO_PARTE",1684903,"9PTL34-581EP1-AS"
26343,"NRO_PARTE",1684904,"9PTL34-581EP3-A"
26343,"NRO_PARTE",1684905,"9PTL34-3825EP3-A"
26343,"NRO_PARTE",1684906,"9PTL34-3825EP3-AS.1"
26343,"NRO_PARTE",1684907,"9PTL34-5825EP3"
26343,"NRO_PARTE",1684908,"5MY91LA#ABM"
26343,"NRO_PARTE",1684909,"4XN36LA#ABM"
26343,"NRO_PARTE",1684910,"4XM74LA#ABM"
26343,"NRO_PARTE",1684911,"5NV76LA#ABM"
26343,"NRO_PARTE",1684912,"4LA24LA#ABM"
26343,"NRO_PARTE",1684913,"4XN16LA#ABM"
26343,"NRO_PARTE",1684914,"4XN17LA#ABM"
26343,"NRO_PARTE",1684915,"4VY72LT#ABM"
26343,"NRO_PARTE",1684916,"4XN39LA#ABM"
26343,"NRO_PARTE",1684917,"3XU41LA#ABM"
26343,"NRO_PARTE",1684918,"4XN12LA#ABM"
26343,"NRO_PARTE",1684919,"20U3S1AV00"
26343,"NRO_PARTE",1684920,"20U6S3PR00"
26343,"NRO_PARTE",1684921,"1PTV35-341SS3-U"
26343,"NRO_PARTE",1684922,"21CSS0DB00"
26343,"NRO_PARTE",1684923,"21CSS0D600"
26343,"NRO_PARTE",1684924,"21CUS00500"
26343,"NRO_PARTE",1684925,"90NX0441-M036A0"
26343,"NRO_PARTE",1684926,"2PTL543-7161SOP3-FHD"
26343,"NRO_PARTE",1684927,"2PTL352-7161SOH3-FHD"
26343,"NRO_PARTE",1684928,"90NX0441-M032N0"
26343,"NRO_PARTE",1688803,"14Z90P-G.AJ53B4-GOB-OFFICE"
26343,"NRO_PARTE",1688804,"15Z90P-G.AH56B4-GOB-OFFICE"
26343,"NRO_PARTE",1688805,"16Z90P-G-GOB-OFFICE"
26343,"NRO_PARTE",1688806,"2PTL342-5812SOH3-A1-4-FHD"
26343,"NRO_PARTE",1688807,"2PTL342-5812SOH3-A3-4-FHD"
26343,"NRO_PARTE",1688808,"2PTL342-5812SOH3-A3-N3-4-FHD"
26343,"NRO_PARTE",1688809,"2PTL342-5812SOH3-N1-4-FHD"
26343,"NRO_PARTE",1688810,"2PTLV340-3856SSS1-HD-A3"
26343,"NRO_PARTE",1688811,"2PTLV340-581HSS3-HD-WH"
26343,"NRO_PARTE",1688812,"1PTV34-71612SSS3-FHD"
26343,"NRO_PARTE",1688813,"26N53LT#ABM-OPM"
26343,"NRO_PARTE",1688814,"NL5L5WQI2VA089"
26343,"NRO_PARTE",1688815,"NL5P5GMI2VA0B1"
26343,"NRO_PARTE",1688816,"NL5P7GMI2VA0B2"
26343,"NRO_PARTE",1688817,"NL5P7GTI2VA0BA"
26343,"NRO_PARTE",1688818,"NL5P7GTI2VA0BI"
26343,"NRO_PARTE",1688819,"20TBS67X00"
26343,"NRO_PARTE",1688820,"20TBS45R00"
26343,"NRO_PARTE",1688821,"64X77LT#ABM"
26343,"NRO_PARTE",1688822,"20X4S6QC00"
26343,"NRO_PARTE",1688823,"20X4S6QA00"
26343,"NRO_PARTE",1688824,"20X4S27A00"
26343,"NRO_PARTE",1688825,"1PTL352-3825SSS3"
26343,"NRO_PARTE",1688826,"1PTL352-716S1SS3-OK"
26343,"NRO_PARTE",1688827,"1PTV34-716S1SS3-FHD"
26343,"NRO_PARTE",1688828,"82FJ006RLM"
26343,"NRO_PARTE",1688829,"82HW001ELM"
26343,"NRO_PARTE",1688830,"20RBS7GC00"
26343,"NRO_PARTE",1688831,"20T9S1DN00"
26343,"NRO_PARTE",1688832,"20T9S1DQ00"
26343,"NRO_PARTE",1688833,"2F0V6LT#ABM-OP"
26343,"NRO_PARTE",1688834,"NL5L78TI2VA07O"
26343,"NRO_PARTE",1688835,"NL5L58TI2VA07V"
26343,"NRO_PARTE",1688836,"LPNKI71017"
26343,"NRO_PARTE",1688837,"90NX0441-M02XJ0"
26343,"NRO_PARTE",1688838,"90NX0441-M02XH0"
26343,"NRO_PARTE",1688839,"90NX0441-M02XE0-OH"
26343,"NRO_PARTE",1688840,"NL5L7GYI2VA0A6"
26343,"NRO_PARTE",1688841,"NL5P5WMI2VA0AX"
26343,"NRO_PARTE",1688842,"NL5P7WMI2VA0AY"
26343,"NRO_PARTE",1688843,"NL5P58MI2VA0AZ"
26343,"NRO_PARTE",1688844,"NL5P78TI2VA0B8"
26343,"NRO_PARTE",1688845,"NL5P7GQI2VA0BY"
26343,"NRO_PARTE",1688846,"NL5P5WMI2VA0C1"
26343,"NRO_PARTE",1688847,"NL5P7WMI2VA0C2"
26343,"NRO_PARTE",1688848,"NL5P5GMI2VA0C5"
26343,"NRO_PARTE",1688849,"NL5P582I2VA0CJ"
26343,"NRO_PARTE",1688850,"1PTL54R-7161SSS3"
26343,"NRO_PARTE",1688851,"20X8S1DM00"
26343,"NRO_PARTE",1688852,"20W1SBWE00"
26343,"NRO_PARTE",1688853,"618S8LT#ABM-OH"
26343,"NRO_PARTE",1688854,"S26391-K503-V100-I71061081W10PSO"
26343,"NRO_PARTE",1688855,"NL5L5WQI2VA001"
26343,"NRO_PARTE",1688856,"LPNKI71002"
26343,"NRO_PARTE",1688857,"0PTL351-71612SS3-FHD-V"
26343,"NRO_PARTE",1688858,"NBHDV3BVA1N"
26343,"NRO_PARTE",1688859,"20TBS52W00"
26343,"NRO_PARTE",1688860,"20X4S6QG00"
26343,"NRO_PARTE",1688861,"20X4S6QH00"
26343,"NRO_PARTE",1688862,"20X4S6QF00"
26343,"NRO_PARTE",1688863,"LPNKI512512_WPO"
26343,"NRO_PARTE",2531757,"V15G4I71216201-H"
26343,"NRO_PARTE",2531769,"V15G4I71216201H-H"
26343,"NRO_PARTE",1718254,"20X2SBPE00"
26343,"NRO_PARTE",1765696,"V14G4R5016101A"
26343,"NRO_PARTE",2558565,"PSY15U-0M9064-E-OP"
26343,"NRO_PARTE",2558601,"E16G1R51116201PA#1"
26343,"NRO_PARTE",1926103,"V15G3#I5008001"
26343,"NRO_PARTE",3879608,"T14G8C33281100"
26343,"NRO_PARTE",3892839,"T14G8C734322100-OH"
26343,"NRO_PARTE",1878365,"21C2S0Y800-OH"
26343,"NRO_PARTE",2793387,"T16G6I308001-OP2"
26343,"NRO_PARTE",1900691,"V15#G4#R3916001PA"
26343,"NRO_PARTE",4093459,"TH16G8U5U81100"
26343,"NRO_PARTE",4094907,"E16G3C7H81100"
26343,"NRO_PARTE",2796810,"V15G4I5181010-OH"
26343,"NRO_PARTE",2796814,"V15G4I5181010-OP"
26343,"NRO_PARTE",2488703,"PML20U-1F307C-A"
26343,"NRO_PARTE",2488717,"PML30U-0C000V-OH"
26343,"NRO_PARTE",2624703,"90NX03E1-M00F60"
26343,"NRO_PARTE",2556766,"NL5H58MI2VA9I3"
26343,"NRO_PARTE",3723060,"T16G8C734161100"
26343,"NRO_PARTE",1684929,"90NX0441-M032P0"
26343,"NRO_PARTE",1684930,"20LAS3GT00"
26343,"NRO_PARTE",1684931,"20L8SB3V00"
26343,"NRO_PARTE",1684932,"20L8S6S600"
26343,"NRO_PARTE",1684933,"20KGS50W00"
26343,"NRO_PARTE",1684934,"20KGS5P000"
26343,"NRO_PARTE",1684935,"20KGS5P200"
26343,"NRO_PARTE",1684936,"20LAS69W00"
26343,"NRO_PARTE",1684937,"5RG52LT#ABM"
26343,"NRO_PARTE",1684938,"20LES5HC00"
26343,"NRO_PARTE",1684939,"4XM68LT#ABM"
26343,"NRO_PARTE",1684940,"1ZR94LA#ABM"
26343,"NRO_PARTE",1684941,"20L6SDHD00"
26343,"NRO_PARTE",1684942,"4LA15LA#ABM"
26343,"NRO_PARTE",1684943,"4XM60LA#ABM"
26343,"NRO_PARTE",1684944,"4XN29LA#ABM"
26343,"NRO_PARTE",1684945,"4XM89LT#ABM"
26343,"NRO_PARTE",1684946,"20L6SDHE00"
26343,"NRO_PARTE",1684947,"20LAS67000"
26343,"NRO_PARTE",1684948,"20L6SDGC00"
26343,"NRO_PARTE",1684949,"20L8SB3T00"
26343,"NRO_PARTE",1684950,"20LAS3D000"
26343,"NRO_PARTE",1684951,"4WT09LA#ABM"
26343,"NRO_PARTE",1684952,"4XM67LT#ABM"
26343,"NRO_PARTE",1684953,"9PTL74-71612OP4-19-VP"
26343,"NRO_PARTE",1684954,"9PTL74-73212OH4-19"
26343,"NRO_PARTE",1684955,"9PTL74-71612OP3-19-VP"
26343,"NRO_PARTE",1684956,"9PTL74-71612SS5-VP"
26343,"NRO_PARTE",1684957,"9PTL74-71612SS4-VP"
26343,"NRO_PARTE",1684958,"9PTL74-71612OP4-19"
26343,"NRO_PARTE",1684959,"9PTL74-73212OH3-19"
26343,"NRO_PARTE",1684960,"9PTL74-73212SS3"
26343,"NRO_PARTE",1684961,"9PTL74-73212SS4"
26343,"NRO_PARTE",1684962,"9PTL74-73212SS5"
26343,"NRO_PARTE",1684963,"9PTL74-73212OH5-19"
26343,"NRO_PARTE",1684964,"9PTL74-71612SS3"
26343,"NRO_PARTE",1684965,"20LAS7U300"
26343,"NRO_PARTE",1684966,"9PTL74-71612OH4-19"
26343,"NRO_PARTE",1684967,"9PTL34-51600OH3-19"
26343,"NRO_PARTE",1684968,"9PTL34-51600OH4-19"
26343,"NRO_PARTE",1684969,"9PTL34-51600OP3-19"
26343,"NRO_PARTE",1684970,"9PTL34-51600OP4-19"
26343,"NRO_PARTE",1684971,"9PTL34-51600OP5-19"
26343,"NRO_PARTE",1684972,"9PTL34-51612OH5-19"
26343,"NRO_PARTE",1684973,"9PTL34-51612OP3-19"
26343,"NRO_PARTE",1684974,"9PTL34-51612OP5-19"
26343,"NRO_PARTE",1684975,"9PTL34-781SS3"
26343,"NRO_PARTE",1684976,"9PTL34-7161SOP5-19"
26343,"NRO_PARTE",1684977,"20Q6S0SY00"
26343,"NRO_PARTE",1684978,"20Q6S0T000"
26343,"NRO_PARTE",1684979,"8GF01LS"
26343,"NRO_PARTE",1684980,"8GF69LS"
26343,"NRO_PARTE",1684981,"20Q6S14Y00"
26343,"NRO_PARTE",1684982,"9PTL35-71612OH4-19"
26343,"NRO_PARTE",1684983,"9PTL35-71612SS5"
26343,"NRO_PARTE",1684984,"9PTL35-7161SSS3"
26343,"NRO_PARTE",1684985,"9PTL35-71600SS5"
26343,"NRO_PARTE",1684986,"9PTL35-71612OP3-19"
26343,"NRO_PARTE",1684987,"9PTL35-7161SOH5-19"
26343,"NRO_PARTE",1684988,"9PTL34-51600OH5-19"
26343,"NRO_PARTE",1684989,"9PTL34-51600SS5"
26343,"NRO_PARTE",1688864,"LPNKI512512_WPOFHB"
26343,"NRO_PARTE",1688865,"1PTL352-C425SSS3"
26343,"NRO_PARTE",1688866,"1PTL352-71612SSS3-OK"
26343,"NRO_PARTE",1688867,"17Z90P-G.AH86B4"
26343,"NRO_PARTE",1688868,"NL5P782I2VA0CK"
26343,"NRO_PARTE",1688869,"NL5P7G2I2VA0CM"
26343,"NRO_PARTE",1688870,"NL5P5WVI2VA0CX"
26343,"NRO_PARTE",1688871,"NL5P7WVI2VA0CY"
26343,"NRO_PARTE",1688872,"NL5P58VI2VA0CZ"
26343,"NRO_PARTE",1688873,"NL5P5GVI2VA0D1"
26343,"NRO_PARTE",1688874,"NL5L7WMI2VA04Y"
26343,"NRO_PARTE",1688875,"NL5L7GVI2VA05Y"
26343,"NRO_PARTE",1688876,"90NX0441-M02XJ0-OH"
26343,"NRO_PARTE",1688877,"NL5P58TI2VA0B7"
26343,"NRO_PARTE",1688878,"NL5P5GTI2VA0B9"
26343,"NRO_PARTE",1688879,"NL5P5WTI2VA0BD"
26343,"NRO_PARTE",1688880,"NL5P7WTI2VA0BE"
26343,"NRO_PARTE",1688881,"NL5P58TI2VA0BF"
26343,"NRO_PARTE",1688882,"20TBS49800"
26343,"NRO_PARTE",1688883,"618S7LT#ABM-OP"
26343,"NRO_PARTE",1688884,"20TBS68100"
26343,"NRO_PARTE",1688885,"20TBS49700"
26343,"NRO_PARTE",1688886,"618S7LT#ABM"
26343,"NRO_PARTE",1688887,"618S7LT#ABM-OH"
26343,"NRO_PARTE",1688888,"16Z90P-G-AH85B4-GOB"
26343,"NRO_PARTE",1688889,"53012KFJ-MOB"
26343,"NRO_PARTE",1688890,"14Z90P-G.AJ62B4- GOB-OFFICE"
26343,"NRO_PARTE",1688891,"16Z90P-G.AH85B4-GOB-OFFICE"
26343,"NRO_PARTE",1688892,"20T9S1DP00"
26343,"NRO_PARTE",1688893,"2N6G5LT#ABM-OP"
26343,"NRO_PARTE",1688894,"2F0V5LT#ABM-OH"
26343,"NRO_PARTE",1688895,"20S15LT#ABM-OH"
26343,"NRO_PARTE",1688896,"NL5L782I2VA05G"
26343,"NRO_PARTE",1688897,"NL5L58VI2VA05V"
26343,"NRO_PARTE",1688898,"NL5L78VI2VA05W"
26343,"NRO_PARTE",1688899,"NL5L5GVI2VA05X"
26343,"NRO_PARTE",1688900,"NL5L78QI2VA078"
26343,"NRO_PARTE",1688901,"LPNKI71011"
26343,"NRO_PARTE",1688902,"NL5L5WMI2VA07D"
26343,"NRO_PARTE",1688903,"LPNKI71013"
26343,"NRO_PARTE",1688904,"LPNKI71014"
26343,"NRO_PARTE",1688905,"NL5L5WTI2VA07T"
26343,"NRO_PARTE",1688906,"NL5L5GTI2VA07X"
26343,"NRO_PARTE",1688907,"NL5L7GTI2VA07Y"
26343,"NRO_PARTE",1688908,"NL5L78QI2VA08C"
26343,"NRO_PARTE",1688909,"NL5L78MI2VA08K"
26343,"NRO_PARTE",1688910,"NL5L5GMI2VA08L"
26343,"NRO_PARTE",1688911,"NL5L7WTI2VA08Q"
26343,"NRO_PARTE",1688912,"NL5L5G2I2VA091"
26343,"NRO_PARTE",1688913,"90NX0441-M02XD0"
26343,"NRO_PARTE",1688914,"NL5L5GYI2VA0A5"
26343,"NRO_PARTE",1688915,"90NX0421-M26300"
26343,"NRO_PARTE",1688916,"20YDS1A100"
26343,"NRO_PARTE",1688917,"20W1SBWG00"
26343,"NRO_PARTE",1688918,"618S8LT#ABM"
26343,"NRO_PARTE",1688919,"20X8S1DK00"
26343,"NRO_PARTE",1688920,"5R6K1LS#ABM-OP"
26343,"NRO_PARTE",1688921,"NL5L5GQI2VA005"
26343,"NRO_PARTE",1688922,"NL5L7GQI2VA006"
26343,"NRO_PARTE",1688923,"2Y346LT#ABM-OH"
26343,"NRO_PARTE",1688924,"9DJ26LT#ABM-OH"
26343,"NRO_PARTE",1718299,"20X2SBP500"
26343,"NRO_PARTE",2558578,"82YTS01D00"
26343,"NRO_PARTE",2558580,"V14G4R3008101#"
26343,"NRO_PARTE",2558607,"EA14A3T107P-4"
26343,"NRO_PARTE",2558620,"21HL000ULM"
26343,"NRO_PARTE",2558627,"WE14I3T107P-4"
26343,"NRO_PARTE",2140557,"9C6S6LA#ABM-R"
26343,"NRO_PARTE",1926170,"V15G3#I5008101PA"
26343,"NRO_PARTE",1926550,"V15G3#I5008001HA"
26343,"NRO_PARTE",1926569,"V15G3#I3916111HH"
26343,"NRO_PARTE",2628913,"7WMHP4V406"
26343,"NRO_PARTE",1878400,"82W3S02E00"
26343,"NRO_PARTE",1878485,"82KC0080LM-OH"
26343,"NRO_PARTE",2793533,"A9BS2LT#ABM-OP"
26343,"NRO_PARTE",2793537,"T16G6I51161012"
26343,"NRO_PARTE",2793544,"T16G6I308201-OP2"
26343,"NRO_PARTE",2516456,"21C6S4JC00-OH"
26343,"NRO_PARTE",1900673,"V15#G4#R3916001HH"
26343,"NRO_PARTE",2142658,"V14G4I71216101H"
26343,"NRO_PARTE",2141751,"B6602FC2-MH0756X"
26343,"NRO_PARTE",3723111,"T16G8C734161100-OH"
26343,"NRO_PARTE",3723275,"V15G5C533161100"
26343,"NRO_PARTE",1684990,"9PTL34-51612OH3-19"
26343,"NRO_PARTE",1684991,"LATITUDE 3400"
26343,"NRO_PARTE",1684992,"9PTL34-51612SS5"
26343,"NRO_PARTE",1684993,"20Q8S0EU00"
26343,"NRO_PARTE",1684994,"9PTL35-71600OH3-19"
26343,"NRO_PARTE",1684995,"9PTL34-51612OH4-19"
26343,"NRO_PARTE",1684996,"9PTL34-51612OP4-19"
26343,"NRO_PARTE",1684997,"9PTL34-51612SS3"
26343,"NRO_PARTE",1684998,"9PTL34-51612SS4"
26343,"NRO_PARTE",1684999,"9PTL34-781SOH4-19"
26343,"NRO_PARTE",1685000,"9PTL34-781SOH5-19"
26343,"NRO_PARTE",1685001,"20NES17400-OH"
26343,"NRO_PARTE",1685002,"20TBS1DP00"
26343,"NRO_PARTE",1685003,"NB0TA3BVA10"
26343,"NRO_PARTE",1685004,"0DT38S-3825OP3"
26343,"NRO_PARTE",1685005,"0"
26343,"NRO_PARTE",1685006,"LENOVO K14"
26343,"NRO_PARTE",1685007,"21CUS00600"
26343,"NRO_PARTE",1685008,"90NX0441-M035Y0"
26343,"NRO_PARTE",1685009,"2PTL553-7161SSS3-FHD"
26343,"NRO_PARTE",1685010,"2PTL553-7161SOH3-FHD"
26343,"NRO_PARTE",1685011,"EXPERTBOOK B15"
26343,"NRO_PARTE",1685012,"2PTL543-7161SSS3-FHD"
26343,"NRO_PARTE",1685013,"20YDS0AY00"
26343,"NRO_PARTE",1685014,"20YDS0BB00"
26343,"NRO_PARTE",1685015,"1PTL542-7161SS3-VP"
26343,"NRO_PARTE",1685016,"1PTL542-7161OH3-VP"
26343,"NRO_PARTE",1685017,"1PTL542-7161OP3-VP"
26343,"NRO_PARTE",1685018,"20YHS08J00"
26343,"NRO_PARTE",1685019,"20YHS08800"
26343,"NRO_PARTE",1685020,"20YHS08B00"
26343,"NRO_PARTE",1685021,"20YHS08T00"
26343,"NRO_PARTE",1685022,"9PTL34-781OH4-19"
26343,"NRO_PARTE",1685023,"9PTL34-781OH5-19"
26343,"NRO_PARTE",1685024,"9PTL34-781OP4-19"
26343,"NRO_PARTE",1685025,"9PTL35-7161SOH3-19"
26343,"NRO_PARTE",1685026,"9PTL34-51600SS3"
26343,"NRO_PARTE",1685027,"9PTL34-51600SS4"
26343,"NRO_PARTE",1685028,"9PTL71-7812SS3"
26343,"NRO_PARTE",1685029,"9PTL35-781SOP5-19"
26343,"NRO_PARTE",1685030,"9PTL54-71612SS3"
26343,"NRO_PARTE",1685031,"20NES0E300G"
26343,"NRO_PARTE",1685032,"9PTL35-51612OP4-19"
26343,"NRO_PARTE",1685033,"9PTL35-781SSS3"
26343,"NRO_PARTE",1685034,"9PTL35-781SSS5"
26343,"NRO_PARTE",1685035,"9PTL35-781SSS4"
26343,"NRO_PARTE",1685036,"9PTL35-7825OH3-19"
26343,"NRO_PARTE",1685037,"9PTL35-7825OH4-19"
26343,"NRO_PARTE",1685038,"9PTL35-781SOH4-19"
26343,"NRO_PARTE",1685039,"4TJ43LT#ABM"
26343,"NRO_PARTE",1685040,"4CF94LT#ABM"
26343,"NRO_PARTE",1685041,"4TJ37LT#ABM"
26343,"NRO_PARTE",1685042,"4TJ38LT#ABM"
26343,"NRO_PARTE",1685043,"20MAS3BA00"
26343,"NRO_PARTE",1685044,"4TJ42LT#ABM"
26343,"NRO_PARTE",1685045,"4RA26LT#ABM"
26343,"NRO_PARTE",1685046,"4TJ41LT#ABM"
26343,"NRO_PARTE",1685047,"4XN00LT#ABM"
26343,"NRO_PARTE",1685048,"5JY85LT#ABM"
26343,"NRO_PARTE",1685049,"20N9S02E00"
26343,"NRO_PARTE",1685050,"8PTL54-7161OH3-19-V"
26343,"NRO_PARTE",1688925,"0PTL351-5161OP3-HD"
26343,"NRO_PARTE",1688926,"20U6S27W00"
26343,"NRO_PARTE",1688927,"0PTL351-5161OP3-HD-C-H"
26343,"NRO_PARTE",1688928,"0PTL351-5161OP3-HD-H"
26343,"NRO_PARTE",1688929,"1PTL341-5825OH3-S."
26343,"NRO_PARTE",1688930,"20TES6QU00"
26343,"NRO_PARTE",1688931,"LPNKI512512_WPOFP"
26343,"NRO_PARTE",1688932,"20T3SCCL00- S"
26343,"NRO_PARTE",1688933,"53011XKM-WH"
26343,"NRO_PARTE",1688934,"1PTL352-C825SSS3"
26343,"NRO_PARTE",1688935,"NBL6A3BVA49"
26343,"NRO_PARTE",1688936,"NL5P5WQI2VA0BT"
26343,"NRO_PARTE",1688937,"NL5P7WQI2VA0BU"
26343,"NRO_PARTE",1688938,"NL5P78QI2VA0BW"
26343,"NRO_PARTE",1688939,"NL5P78TI2VA0BG"
26343,"NRO_PARTE",1688940,"NL5P5GTI2VA0BH"
26343,"NRO_PARTE",1688941,"20YDS04Q00"
26343,"NRO_PARTE",1688942,"8YQ79LT#ABM"
26343,"NRO_PARTE",1688943,"0PTL54R-71612SS3-VP"
26343,"NRO_PARTE",1688944,"90NX0441-M00E9016"
26343,"NRO_PARTE",1688945,"20T7S2TH00"
26343,"NRO_PARTE",1688946,"17Z90P-G-AH86B4-GOB"
26343,"NRO_PARTE",1688947,"20X2S4J500"
26343,"NRO_PARTE",1688948,"20X8S0KY00"
26343,"NRO_PARTE",1688949,"53012YHVO-2-MOB"
26343,"NRO_PARTE",1688950,"618S3LT#ABM-OH"
26343,"NRO_PARTE",1688951,"618S6LT#ABM-OP"
26343,"NRO_PARTE",1688952,"5R6K1LS#ABM-OH"
26343,"NRO_PARTE",1688953,"5R6J9LS#ABM"
26343,"NRO_PARTE",1688954,"5R6J9LS#ABM-OH"
26343,"NRO_PARTE",1688955,"5R6J9LS#ABM-OP"
26343,"NRO_PARTE",1688956,"NL5L7WQI2VA002"
26343,"NRO_PARTE",1688957,"NL5L58QI2VA003"
26343,"NRO_PARTE",1688958,"NL5L78QI2VA004"
26343,"NRO_PARTE",1688959,"NL5L7WMI2VA00A"
26343,"NRO_PARTE",1688960,"NL5L5GMI2VA00D"
26343,"NRO_PARTE",1688961,"NL5L7GMI2VA00E"
26343,"NRO_PARTE",1688962,"NL5L5WTI2VA00H"
26343,"NRO_PARTE",1688963,"NL5L5WTI2VA00P"
26343,"NRO_PARTE",1688964,"NL5L78TI2VA00S"
26343,"NRO_PARTE",1688965,"NB0EA3BVA0T"
26343,"NRO_PARTE",1688966,"20U2S3HS00"
26343,"NRO_PARTE",1688967,"0PTL351-5161OP3-HD-C"
26343,"NRO_PARTE",1688968,"14Z90P-G.AJ62B4-GOB"
26343,"NRO_PARTE",1688969,"14Z90P-G.AJ63B4- GOB-OFFICE - PLATEADO"
26343,"NRO_PARTE",1688970,"17Z90P-G-AH86B4-GOB-OFFICE"
26343,"NRO_PARTE",1688971,"0PTL35-781OP3"
26343,"NRO_PARTE",1688972,"0PTL35-7812SS3"
26343,"NRO_PARTE",1688973,"0PTL35-71612SS3"
26343,"NRO_PARTE",1688974,"0PTL35-71612OP3"
26343,"NRO_PARTE",1688975,"53012YHVO-2"
26343,"NRO_PARTE",1688976,"53012TSLO"
26343,"NRO_PARTE",1688977,"20YDS19J00"
26343,"NRO_PARTE",1688978,"20YDS19C00"
26343,"NRO_PARTE",1688979,"618S3LT#ABM"
26343,"NRO_PARTE",1688980,"618S3LT#ABM-OP"
26343,"NRO_PARTE",1688981,"618S6LT#ABM"
26343,"NRO_PARTE",1688982,"618S6LT#ABM-OH"
26343,"NRO_PARTE",1688983,"NL5L58MI2VA00B"
26343,"NRO_PARTE",1688984,"NL5L78MI2VA00C"
26343,"NRO_PARTE",1688985,"NL5L7WTI2VA00I"
26343,"NRO_PARTE",1718551,"20X2SBWP00-OP"
26343,"NRO_PARTE",1718559,"20X2SBWP00"
26343,"NRO_PARTE",1718569,"20X2SBWP00-OH"
26343,"NRO_PARTE",1718578,"20X2SBSG00"
26343,"NRO_PARTE",1718583,"20X2SBSG00-OH"
26343,"NRO_PARTE",2034131,"21JUS19200-OP"
26343,"NRO_PARTE",2034133,"K14G2I5108101HS"
26343,"NRO_PARTE",2140513,"9C6R7LS#ABM-R"
26343,"NRO_PARTE",3894618,"L16G1R3908101NSO"
26343,"NRO_PARTE",3879695,"B7KF9AT#ABM-OH4"
26343,"NRO_PARTE",3879708,"B7KG0AT#ABM"
26343,"NRO_PARTE",2628623,"891Z7LA#ABM."
26343,"NRO_PARTE",2628633,"891Z7LA#ABM-OH."
26343,"NRO_PARTE",2628663,"7GTHH4V360"
26343,"NRO_PARTE",1759111,"90NX05U1-M00YA0-OH"
26343,"NRO_PARTE",1759107,"90NX05U1-M00YB0-OH"
26343,"NRO_PARTE",1759129,"PML20U-13202S-OP"
26343,"NRO_PARTE",1759131,"PML20U-13202S-OH"
26343,"NRO_PARTE",1879077,"846V6LT#ABM-OH"
26343,"NRO_PARTE",1879096,"846V6LT#ABM-OP"
26343,"NRO_PARTE",1879198,"846V7LT#ABM"
26343,"NRO_PARTE",1879204,"846V7LT#ABM-OH"
26343,"NRO_PARTE",2793483,"T16G6I518101-OP2"
26343,"NRO_PARTE",2793492,"A9BS2LT#ABM-OH"
26343,"NRO_PARTE",2793561,"V15G4R5081001"
26343,"NRO_PARTE",2793591,"T16G6I5116201-OH2"
26343,"NRO_PARTE",2793598,"V15G4R5081001-OH"
26343,"NRO_PARTE",2141924,"891Z0LA#ABM-OP"
26343,"NRO_PARTE",2142162,"9F3S4LS#ABM-A"
26343,"NRO_PARTE",3723272,"V15G5C53382100-OH"
26343,"NRO_PARTE",3723290,"V15G5C73481100-OH"
26343,"NRO_PARTE",1685051,"GF63-8RC-C78300082411050N4"
26343,"NRO_PARTE",1685052,"C58300329611050N4"
26343,"NRO_PARTE",1685053,"5JD71LT#ABM"
26343,"NRO_PARTE",1685054,"GF63-8RC-C78300089611050N4"
26343,"NRO_PARTE",1685055,"5YJ85LT#ABM"
26343,"NRO_PARTE",1685056,"GF63-8RC-C78300169611050N4"
26343,"NRO_PARTE",1685057,"5XH27LT#ABM"
26343,"NRO_PARTE",1685058,"GF63-8RC-C58300082411050N4"
26343,"NRO_PARTE",1685059,"GF63-8RC-C58300084811050N4"
26343,"NRO_PARTE",1685060,"GF63-8RC-C58300322411050N4"
26343,"NRO_PARTE",1685061,"5UB93LA#ABM"
26343,"NRO_PARTE",1685062,"6BC74LA#ABM"
26343,"NRO_PARTE",1685063,"5WG21LA#ABM"
26343,"NRO_PARTE",1685064,"5XB50LT#ABM"
26343,"NRO_PARTE",1685065,"5XB83LT#ABM"
26343,"NRO_PARTE",1685066,"GF63-8RC-C5830008961050N4"
26343,"NRO_PARTE",1685067,"GF63-8RC-C58300164811050N4"
26343,"NRO_PARTE",1685068,"GF63-8RC-C58300324811050N4"
26343,"NRO_PARTE",1685069,"GF63-8RC-C5830032961050N4"
26343,"NRO_PARTE",1685070,"5XB34LT#ABM"
26343,"NRO_PARTE",1685071,"5JN51LA#ABM"
26343,"NRO_PARTE",1685072,"5JN52LA#ABM"
26343,"NRO_PARTE",1685073,"5JD31LT#ABM"
26343,"NRO_PARTE",1685074,"W8K80LT#ABM"
26343,"NRO_PARTE",1685075,"3NU64LT#ABM"
26343,"NRO_PARTE",1685076,"GF63-8RC-C58300162411050N4"
26343,"NRO_PARTE",1685077,"GF63-8RC-C5830016961050N4"
26343,"NRO_PARTE",1685078,"GF63-8RC-C78300322411050N4"
26343,"NRO_PARTE",1685079,"GF63-8RC-C7830032961050N4"
26343,"NRO_PARTE",1685080,"GF63-8RC-C78300324811050N4"
26343,"NRO_PARTE",1685081,"C58300089611050N4"
26343,"NRO_PARTE",1685082,"3XU72LA#ABM"
26343,"NRO_PARTE",1685083,"1PF15LA#ABM"
26343,"NRO_PARTE",1685084,"1PF16LA#ABM"
26343,"NRO_PARTE",1685085,"GF63-8RC-C78300084811050N4"
26343,"NRO_PARTE",1685086,"GF63-8RC-C7830008961050N4"
26343,"NRO_PARTE",1685087,"GF63-8RC-C78300162411050N4"
26343,"NRO_PARTE",1685088,"GF63-8RC-C78300164811050N4"
26343,"NRO_PARTE",1685089,"5JD28LT#ABM"
26343,"NRO_PARTE",1685090,"NBH8A3BVA22"
26343,"NRO_PARTE",1685091,"1PTV35-541SS3-U"
26343,"NRO_PARTE",1685092,"2F0V5LT-OP"
26343,"NRO_PARTE",1685093,"0PTL34-581OH3"
26343,"NRO_PARTE",1685094,"0PTL34-5812OH3"
26343,"NRO_PARTE",1685095,"20NES0QX00."
26343,"NRO_PARTE",1685096,"90NX0441-M036T0-OH"
26343,"NRO_PARTE",1685097,"21E4S0RH00"
26343,"NRO_PARTE",1685098,"5JN49LT#ABM"
26343,"NRO_PARTE",1685099,"3XJ73LT#ABM"
26343,"NRO_PARTE",1685100,"5JD15LT#ABM"
26343,"NRO_PARTE",1685101,"5JD14LT#ABM"
26343,"NRO_PARTE",1685102,"5VV50LA#ABM"
26343,"NRO_PARTE",1685103,"GF63-8RC-C58300169611050N4"
26343,"NRO_PARTE",1685104,"C58300169611050N4"
26343,"NRO_PARTE",1685105,"GF63-8RC-C58300329611050N4"
26343,"NRO_PARTE",1685106,"GF63-8RC-C7830016961050N4"
26343,"NRO_PARTE",1685107,"15Z980-G-GOB"
26343,"NRO_PARTE",1685108,"GF63-8RC-C78300329611050N4"
26343,"NRO_PARTE",1685109,"GF63-8RC-C58300089611050N4"
26343,"NRO_PARTE",1685110,"20MAS24F00"
26343,"NRO_PARTE",1688986,"NL5L58TI2VA00J"
26343,"NRO_PARTE",1688987,"NL5L78TI2VA00K"
26343,"NRO_PARTE",1688988,"NL5L5GTI2VA00L"
26343,"NRO_PARTE",1688989,"NL5L7GTI2VA00M"
26343,"NRO_PARTE",1688990,"NL5L7WTI2VA00Q"
26343,"NRO_PARTE",1688991,"NL5L58TI2VA00R"
26343,"NRO_PARTE",1688992,"NL5L5GTI2VA00T"
26343,"NRO_PARTE",1688993,"NL5L7GTI2VA00U"
26343,"NRO_PARTE",1688994,"NL5L58QI2VA017"
26343,"NRO_PARTE",1688995,"20U8S1CF00"
26343,"NRO_PARTE",1688996,"20U6S27V00"
26343,"NRO_PARTE",1688997,"20U2S3HV00"
26343,"NRO_PARTE",1688998,"21CSS0DR00"
26343,"NRO_PARTE",1688999,"53012YHVO-2-MOP"
26343,"NRO_PARTE",1689000,"3E3S9LS#ABM-OH"
26343,"NRO_PARTE",1689001,"20TBS45X00"
26343,"NRO_PARTE",1689002,"20TBS45P00"
26343,"NRO_PARTE",1689003,"NL5L5WMI2VA009"
26343,"NRO_PARTE",1689004,"NL5L5GQI2VA019"
26343,"NRO_PARTE",1689005,"NL5L7WMI2VA01E"
26343,"NRO_PARTE",1689006,"NL5L58MI2VA01F"
26343,"NRO_PARTE",1689007,"53012YHVO"
26343,"NRO_PARTE",1689008,"NL5L78MI2VA01G"
26343,"NRO_PARTE",1689009,"NL5L5GMI2VA01H"
26343,"NRO_PARTE",1689010,"NL5L7GMI2VA01I"
26343,"NRO_PARTE",1689011,"NL5L58TI2VA01N"
26343,"NRO_PARTE",1689012,"NL5L7GTI2VA01Q"
26343,"NRO_PARTE",1689013,"NL5L5W2I2VA01T"
26343,"NRO_PARTE",1689014,"NL5L582I2VA01V"
26343,"NRO_PARTE",1689015,"NL5L5G2I2VA01X"
26343,"NRO_PARTE",1689016,"NL5L7G2I2VA01Y"
26343,"NRO_PARTE",1689017,"NL5L7WVI2VA02A"
26343,"NRO_PARTE",1689018,"NL5L7GVI2VA02E"
26343,"NRO_PARTE",1689019,"NL5L58YI2VA02Z"
26343,"NRO_PARTE",1689020,"NL5L78YI2VA030"
26343,"NRO_PARTE",1689021,"NL5L5GYI2VA031"
26343,"NRO_PARTE",1689022,"NL5L7GYI2VA032"
26343,"NRO_PARTE",1689023,"NL5L78QI2VA03O"
26343,"NRO_PARTE",1689024,"NSL58MXI0VA03E"
26343,"NRO_PARTE",1689025,"NSL7GMXI0VA03F"
26343,"NRO_PARTE",1689026,"3Y2J3LS#ABM-D"
26343,"NRO_PARTE",1689027,"53012TSLO-MOB"
26343,"NRO_PARTE",1689028,"53012TSLO-MOP"
26343,"NRO_PARTE",1689029,"1M9X7LT#ABM"
26343,"NRO_PARTE",1689030,"NBL703BVA0B"
26343,"NRO_PARTE",1689031,"NBLA03BVA4F"
26343,"NRO_PARTE",1689032,"NB08V3BVA0J"
26343,"NRO_PARTE",1689033,"NB0FA3BVA1D"
26343,"NRO_PARTE",1689034,"NB02A3BVA1E"
26343,"NRO_PARTE",1689035,"NBHFA3BVA2J"
26343,"NRO_PARTE",1689036,"NB0JV3BVA0O"
26343,"NRO_PARTE",1689037,"NB0HA3BVA1G"
26343,"NRO_PARTE",1689038,"NBHMA3BVA2H"
26343,"NRO_PARTE",1689039,"NB0BA3BVA1J"
26343,"NRO_PARTE",1689040,"90NX02N1-M27770-3YOSS"
26343,"NRO_PARTE",1689041,"618R4LT#ABM-OH"
26343,"NRO_PARTE",1689042,"20X2SAHL00"
26343,"NRO_PARTE",1689043,"17Z90P-G.AH86B4-GOB OFFICE"
26343,"NRO_PARTE",1689044,"20UAS15C00"
26343,"NRO_PARTE",1689045,"20U2S22M00"
26343,"NRO_PARTE",1689046,"20U3S0QR00"
26343,"NRO_PARTE",1689047,"20RES2KG00"
26343,"NRO_PARTE",1718589,"20X2SBSG00-OP"
26343,"NRO_PARTE",1718609,"20X2SBWF00-OH"
26343,"NRO_PARTE",1718645,"20X2SBSF00-OH"
26343,"NRO_PARTE",1879276,"82KB0151LM-OH"
26343,"NRO_PARTE",1879281,"20W1SFYQ00."
26343,"NRO_PARTE",2793515,"T16G6I518201-OH2"
26343,"NRO_PARTE",2793570,"T16G6I5116101-OP2"
26343,"NRO_PARTE",2793615,"T16G6I51322012"
26343,"NRO_PARTE",2793645,"V15G4R5081001-OP"
26343,"NRO_PARTE",1901123,"V15#G4#R5016101PA5"
26343,"NRO_PARTE",1900753,"3PTL744T-7161SOH3-A-VP-B"
26343,"NRO_PARTE",1770173,"3PTL352-3812OH3-HD"
26343,"NRO_PARTE",2556770,"NL5H58IM2VA0I6"
26343,"NRO_PARTE",3723193,"T16G8C734322100"
26343,"NRO_PARTE",3723223,"T16G8C734322100-OH"
26343,"NRO_PARTE",3723278,"V15G5C533161100-OH"
26343,"NRO_PARTE",1685111,"4XN20LA#ABM"
26343,"NRO_PARTE",1685112,"5RE82LA#ABM"
26343,"NRO_PARTE",1685113,"4LA07LA#ABM"
26343,"NRO_PARTE",1685114,"4VY74LT#ABM"
26343,"NRO_PARTE",1685115,"4XM53LA#ABM"
26343,"NRO_PARTE",1685116,"4XM83LA#ABM"
26343,"NRO_PARTE",1685117,"20LAS3CY00"
26343,"NRO_PARTE",1685118,"4XN13LA#ABM"
26343,"NRO_PARTE",1685119,"4XN40LA#ABM"
26343,"NRO_PARTE",1685120,"4XN42LA#ABM"
26343,"NRO_PARTE",1685121,"4XM71LT#ABM"
26343,"NRO_PARTE",1685122,"5PY22LA#ABM"
26343,"NRO_PARTE",1685123,"4XM84LA#ABM"
26343,"NRO_PARTE",1685124,"4XM61LA#ABM"
26343,"NRO_PARTE",1685125,"2SE51LA#ABM"
26343,"NRO_PARTE",1685126,"4XN28LT#ABM"
26343,"NRO_PARTE",1685127,"20KGS91100"
26343,"NRO_PARTE",1685128,"4XN18LA#ABM"
26343,"NRO_PARTE",1685129,"7LP08LA#ABM"
26343,"NRO_PARTE",1685130,"9PTL74-71612OH3-19"
26343,"NRO_PARTE",1685131,"9PTL74-71612OP5-19-VP"
26343,"NRO_PARTE",1685132,"9PTL74-73212SS3-VP"
26343,"NRO_PARTE",1685133,"9PTL74-73212OH5-19-VP"
26343,"NRO_PARTE",1685134,"9PTL74-73212SS4-VP"
26343,"NRO_PARTE",1685135,"9PTL74-73212OH4-19-VP"
26343,"NRO_PARTE",1685136,"9PTL74-71612SS5"
26343,"NRO_PARTE",1685137,"9PTL74-73212OP3-19-VP"
26343,"NRO_PARTE",1685138,"9PTL74-71612OP3-19"
26343,"NRO_PARTE",1685139,"9PTL74-71612OP5-19"
26343,"NRO_PARTE",1685140,"9PTL74-71612OH5-19"
26343,"NRO_PARTE",1685141,"20LAS63D00"
26343,"NRO_PARTE",1685142,"9PTL74-71612SS4"
26343,"NRO_PARTE",1685143,"9PTL74-73212OP3-19"
26343,"NRO_PARTE",1685144,"9PTL74-73212OP4-19"
26343,"NRO_PARTE",1685145,"9PTL74-73212OP5-19"
26343,"NRO_PARTE",1685146,"GP75-9SD-C79716200116T6"
26343,"NRO_PARTE",1685147,"GP75-9SD-C79732200116T6"
26343,"NRO_PARTE",1685148,"9PTL74-73212OP4-19-VP"
26343,"NRO_PARTE",1685149,"9PTL74-71612OH5-19-VP"
26343,"NRO_PARTE",1685150,"9PTL74-71612SS3-VP"
26343,"NRO_PARTE",1685151,"9PTL74-73212OP5-19-VP"
26343,"NRO_PARTE",1685152,"9PTL74-73212SS5-VP"
26343,"NRO_PARTE",1685153,"GP75-9SD-C7971628116T6"
26343,"NRO_PARTE",1685154,"7YF71LS#ABM"
26343,"NRO_PARTE",1685155,"20NES09800"
26343,"NRO_PARTE",1685156,"20NES09A00"
26343,"NRO_PARTE",1685157,"7YC56LS#ABM"
26343,"NRO_PARTE",1685158,"7YF39LS#ABM"
26343,"NRO_PARTE",1685159,"NBADNV983901-S"
26343,"NRO_PARTE",1685160,"20N3S2LQ00"
26343,"NRO_PARTE",1685161,"NBADNV7547B1-SD"
26343,"NRO_PARTE",1685162,"7ZA68LS#ABM"
26343,"NRO_PARTE",1685163,"7YF55LS#ABM"
26343,"NRO_PARTE",1685164,"7ZD70LA#ABM"
26343,"NRO_PARTE",1685165,"GL73-9SE-C797169600020606"
26343,"NRO_PARTE",1685166,"GL73-9SE-C797322000020606"
26343,"NRO_PARTE",1685167,"20U3S1AG00"
26343,"NRO_PARTE",1685168,"1PTL351-581SS3"
26343,"NRO_PARTE",1685169,"1PTL351-581OH3"
26343,"NRO_PARTE",1685170,"26N49LT#ABM-A"
26343,"NRO_PARTE",1685171,"26N49LT#ABM-OHA"
26343,"NRO_PARTE",1689048,"14Z90N-V.AR57B4"
26343,"NRO_PARTE",1689049,"15Z90N-V.AH78B4"
26343,"NRO_PARTE",1689050,"17Z90N-V.AH78B4"
26343,"NRO_PARTE",1689051,"14Z90N-V.AR57B4-GOB"
26343,"NRO_PARTE",1689052,"53012NOBELN36"
26343,"NRO_PARTE",1689053,"21CSS15600."
26343,"NRO_PARTE",1689054,"55F79LS#ABM-MA"
26343,"NRO_PARTE",1689055,"55F81LS#ABM-OHMA"
26343,"NRO_PARTE",1689056,"S26391-K503-V100#109"
26343,"NRO_PARTE",1689057,"S26391-K503-V100#111"
26343,"NRO_PARTE",1689058,"0PTL351-5825SS3-S-FHD"
26343,"NRO_PARTE",1689059,"0PTL351-5825OP3-S-FHD"
26343,"NRO_PARTE",1689060,"0PTL351-5825OH3-S-FHD"
26343,"NRO_PARTE",1689061,"0PTL351-5825OP3-S"
26343,"NRO_PARTE",1689062,"0PTL351-5825OH3-S-4"
26343,"NRO_PARTE",1689063,"0PTL351-5825SS3-S-4-FHD"
26343,"NRO_PARTE",1689064,"20X6S0XM00"
26343,"NRO_PARTE",1689065,"21CSS0D900"
26343,"NRO_PARTE",1689066,"3Y2J3LS#ABM-OPA"
26343,"NRO_PARTE",1689067,"3Y2J3LS#ABM-OHDA"
26343,"NRO_PARTE",1689068,"90NX02N1-M27760-3YOSS"
26343,"NRO_PARTE",1689069,"90NX02N1-M27750-3YOSS"
26343,"NRO_PARTE",1689070,"90NX0SX1-M05570-3YOSS"
26343,"NRO_PARTE",1689071,"3"
26343,"NRO_PARTE",1689072,"20U8S2F100"
26343,"NRO_PARTE",1689073,"21CUS03500"
26343,"NRO_PARTE",1689074,"2K2P4LT#ABM-D"
26343,"NRO_PARTE",1689075,"20X2SAJ700"
26343,"NRO_PARTE",1689076,"14Z90N-V.AR58B4-GOB"
26343,"NRO_PARTE",1689077,"17Z90N-V.AH78B4-GOB"
26343,"NRO_PARTE",1689078,"14Z90P-G.AJ62B4"
26343,"NRO_PARTE",1689079,"S26391-K503-V100#112"
26343,"NRO_PARTE",1689080,"LPETEVF7PLUSII"
26343,"NRO_PARTE",1689081,"90NX02N1-M26100-3YOSS"
26343,"NRO_PARTE",1689082,"20T9S1UV00"
26343,"NRO_PARTE",1689083,"20TBS2M700"
26343,"NRO_PARTE",1689084,"20TBS2ME00"
26343,"NRO_PARTE",1689085,"20TBS2MF00"
26343,"NRO_PARTE",1689086,"20X4S2G400"
26343,"NRO_PARTE",1689087,"2K2P4LT#ABM-WD"
26343,"NRO_PARTE",1689088,"NB0RA3BVA0X"
26343,"NRO_PARTE",1689089,"2N5T7LT#ABM-OP"
26343,"NRO_PARTE",1689090,"50Y31LT#ABM"
26343,"NRO_PARTE",1689091,"50Y31LT#ABM-A"
26343,"NRO_PARTE",1689092,"55F80LS#ABM-A"
26343,"NRO_PARTE",1689093,"55F81LS#ABM-OPA"
26343,"NRO_PARTE",1689094,"55F81LS#ABM-OPMA"
26343,"NRO_PARTE",1689095,"21CSS0D500"
26343,"NRO_PARTE",1689096,"51T37LA#ABM"
26343,"NRO_PARTE",1689097,"55555555"
26343,"NRO_PARTE",1689098,"3Y2J3LS#ABM-OHA"
26343,"NRO_PARTE",1689099,"33333333"
26343,"NRO_PARTE",1689100,"1111111111"
26343,"NRO_PARTE",1689101,"22222222"
26343,"NRO_PARTE",1689102,"51T37LA#ABM-OH"
26343,"NRO_PARTE",1689103,"3Y2J3LS#ABM-DA"
26343,"NRO_PARTE",1689104,"44444444444"
26343,"NRO_PARTE",1689105,"21CUS02S00"
26343,"NRO_PARTE",1689106,"2PTL542-716S1SS3-FHD"
26343,"NRO_PARTE",1689107,"2P5L8LT#ABM-WDM"
26343,"NRO_PARTE",1689108,"4Z3A0LT#ABM"
26343,"NRO_PARTE",2529179,"4PTL544-71651SOP3-VP-TM"
26343,"NRO_PARTE",1718590,"20X2SBWF00"
26343,"NRO_PARTE",1759137,"90NX0441-M034L0.-OP"
26343,"NRO_PARTE",2793705,"T16G6I7282012"
26343,"NRO_PARTE",2793732,"A29CMLA#ABM"
26343,"NRO_PARTE",2516445,"21C6S4JC00"
26343,"NRO_PARTE",1901092,"V15#G4#R5016101A5"
26343,"NRO_PARTE",2143025,"V14G4I7128201A"
26343,"NRO_PARTE",4094287,"TH16G8U5U82100"
26343,"NRO_PARTE",4094289,"TH16G8U5U82100-OH"
26343,"NRO_PARTE",2556790,"NL5H58MI2VA9I2"
26343,"NRO_PARTE",1685172,"21CUS00700"
26343,"NRO_PARTE",1685173,"53012KGPN-12"
26343,"NRO_PARTE",1685174,"21E4S0RH00-OP"
26343,"NRO_PARTE",1685175,"21E4S0RH00-OH"
26343,"NRO_PARTE",1685176,"90NX0441-M036U0"
26343,"NRO_PARTE",1685177,"90NX0441-M036T0"
26343,"NRO_PARTE",1685178,"90NX0441-M036S0-OH"
26343,"NRO_PARTE",1685179,"90NX0441-M036U0-OH"
26343,"NRO_PARTE",1685180,"21E4S0R800"
26343,"NRO_PARTE",1685181,"21E4S0R800-OP"
26343,"NRO_PARTE",1685182,"7ZD72LA#ABM"
26343,"NRO_PARTE",1685183,"7YC55LS#ABM"
26343,"NRO_PARTE",1685184,"7XU65LS#ABM"
26343,"NRO_PARTE",1685185,"GE75-9SE-C797324800120606"
26343,"NRO_PARTE",1685186,"GE75-9SE-C797162000020606"
26343,"NRO_PARTE",1685187,"20NES09900"
26343,"NRO_PARTE",1685188,"20N3S2LS00"
26343,"NRO_PARTE",1685189,"GS75-9SF-C7973224001207Q8"
26343,"NRO_PARTE",1685190,"6FU26LT#ABM"
26343,"NRO_PARTE",1685191,"6FU31LT#ABM"
26343,"NRO_PARTE",1685192,"6QY33LT#ABM"
26343,"NRO_PARTE",1685193,"6KJ07LT#ABM"
26343,"NRO_PARTE",1685194,"6KJ61LT#ABM"
26343,"NRO_PARTE",1685195,"6KJ16LT#ABM"
26343,"NRO_PARTE",1685196,"6LM90LT#ABM"
26343,"NRO_PARTE",1685197,"GF63-9SC-C7971696000165Q4"
26343,"NRO_PARTE",1685198,"GF63-9SC-C7973220000165Q4"
26343,"NRO_PARTE",1685199,"GF63-9SC-C7973296000165Q4"
26343,"NRO_PARTE",1685200,"GS75-9SF-C7973220000207Q8"
26343,"NRO_PARTE",1685201,"6NY94LT#ABM"
26343,"NRO_PARTE",1685202,"GP75-9SD-C79716200016T6"
26343,"NRO_PARTE",1685203,"GS75-9SF-C7971648001207Q8"
26343,"NRO_PARTE",1685204,"GS75-9SF-C7973296001207Q8"
26343,"NRO_PARTE",1685205,"6QY16LT#ABM"
26343,"NRO_PARTE",1685206,"6QY11LT#ABM"
26343,"NRO_PARTE",1685207,"6QY14LT#ABM"
26343,"NRO_PARTE",1685208,"C5830032481050N4"
26343,"NRO_PARTE",1685209,"C5830016481050N4"
26343,"NRO_PARTE",1685210,"C5830016961050N4"
26343,"NRO_PARTE",1685211,"C5830032241050N4"
26343,"NRO_PARTE",1685212,"5AZ74LT#ABM"
26343,"NRO_PARTE",1685213,"4RA55LT#ABM"
26343,"NRO_PARTE",1685214,"4RA90LT#ABM"
26343,"NRO_PARTE",1685215,"4KZ95LA#ABM"
26343,"NRO_PARTE",1685216,"4RB12LT#ABM"
26343,"NRO_PARTE",1685217,"4XN43LA#ABM"
26343,"NRO_PARTE",1685218,"5SH26LT#ABM"
26343,"NRO_PARTE",1685219,"5SH29LT#ABM"
26343,"NRO_PARTE",1685220,"5TM04LA#ABM"
26343,"NRO_PARTE",1685221,"C5830016241050N4"
26343,"NRO_PARTE",1685222,"C5830008481050N4"
26343,"NRO_PARTE",1685223,"C5830008961050N4"
26343,"NRO_PARTE",1685224,"C5830032961050N4"
26343,"NRO_PARTE",1685225,"5SH27LT#ABM"
26343,"NRO_PARTE",1685226,"5SH32LT#ABM"
26343,"NRO_PARTE",1685227,"5SH47LT#ABM"
26343,"NRO_PARTE",1685228,"5SH49LT#ABM"
26343,"NRO_PARTE",1685229,"5SH73LT#ABM"
26343,"NRO_PARTE",1685230,"5SH97LT#ABM"
26343,"NRO_PARTE",1685231,"4RA30LT#ABM"
26343,"NRO_PARTE",1685232,"4RA41LT#ABM"
26343,"NRO_PARTE",1689109,"90NX02A1-M000F0"
26343,"NRO_PARTE",1689110,"15Z90P-G.AH66B4-GOB OFFICE"
26343,"NRO_PARTE",1689111,"20X2SAHH00"
26343,"NRO_PARTE",1689112,"20X2SAHR00"
26343,"NRO_PARTE",1689113,"20X2SAJ800"
26343,"NRO_PARTE",1689114,"20T1S61H00"
26343,"NRO_PARTE",1689115,"20T1S61P00"
26343,"NRO_PARTE",1689116,"0PTL351-5812OP3-FHD"
26343,"NRO_PARTE",1689117,"0PTL351-781SS3."
26343,"NRO_PARTE",1689118,"0PTL351-781OH3."
26343,"NRO_PARTE",1689119,"55F82LS#ABM-OPA"
26343,"NRO_PARTE",1689120,"563N6LA#ABM-A"
26343,"NRO_PARTE",1689121,"563N6LA#ABM-OHA"
26343,"NRO_PARTE",1689122,"563N6LA#ABM-OPA"
26343,"NRO_PARTE",1689123,"B"
26343,"NRO_PARTE",1689124,"53013DBN"
26343,"NRO_PARTE",1689125,"20X6S0XT00"
26343,"NRO_PARTE",1689126,"90NX02N1-M27740-3YOSS"
26343,"NRO_PARTE",1689127,"90NX02N1-M26110-3YOSS"
26343,"NRO_PARTE",1689128,"20TES2QC00"
26343,"NRO_PARTE",1689129,"20TES2QD00"
26343,"NRO_PARTE",1689130,"20S6S13B00"
26343,"NRO_PARTE",1689131,"20U8S2F000"
26343,"NRO_PARTE",1689132,"20U8S2F200"
26343,"NRO_PARTE",1689133,"618R3LT#ABM"
26343,"NRO_PARTE",1689134,"2P5L8LT#ABM-DM"
26343,"NRO_PARTE",1689135,"2P5M1LT#ABM-WDM"
26343,"NRO_PARTE",1689136,"618R4LT#ABM"
26343,"NRO_PARTE",1689137,"NB0WA3BVA1M"
26343,"NRO_PARTE",1689138,"0PTL351-781OP3-A"
26343,"NRO_PARTE",1689139,"21CSS07100"
26343,"NRO_PARTE",1689140,"55F79LS#ABM-OPMA"
26343,"NRO_PARTE",1689141,"20XLS1ET00"
26343,"NRO_PARTE",1689142,"20XLS1FA00"
26343,"NRO_PARTE",1689143,"20TBS2MD00"
26343,"NRO_PARTE",1689144,"20X4S2G200"
26343,"NRO_PARTE",1689145,"20X4S2G300"
26343,"NRO_PARTE",1689146,"20U8CTO1WW"
26343,"NRO_PARTE",1689147,"20TBS2MC00"
26343,"NRO_PARTE",1689148,"20U2S7Y100"
26343,"NRO_PARTE",1689149,"20T9S1UU00"
26343,"NRO_PARTE",1689150,"20T9S1UV00"
26343,"NRO_PARTE",1689151,"20T9S1UW00"
26343,"NRO_PARTE",1689152,"20T9S1V300"
26343,"NRO_PARTE",1689153,"20U2SA9R00"
26343,"NRO_PARTE",1689154,"NB01A3BVA1C"
26343,"NRO_PARTE",1689155,"618R4LT#ABM-OP"
26343,"NRO_PARTE",1689156,"64X74LT#ABM"
26343,"NRO_PARTE",1689157,"NBH1A3BVA2I"
26343,"NRO_PARTE",1689158,"20T1S61N00"
26343,"NRO_PARTE",1689159,"20T1S62700"
26343,"NRO_PARTE",1689160,"20T1S61T00"
26343,"NRO_PARTE",1689161,"20T1S61W00"
26343,"NRO_PARTE",1689162,"20T1S62B00"
26343,"NRO_PARTE",1689163,"20T1S62D00"
26343,"NRO_PARTE",1689164,"20T1S62K00"
26343,"NRO_PARTE",1689165,"20T1S62400"
26343,"NRO_PARTE",1689166,"20T1S62800"
26343,"NRO_PARTE",1689167,"20T1S62900"
26343,"NRO_PARTE",1689168,"0PTL351-781SS3-A"
26343,"NRO_PARTE",1689169,"0PTL741-5825SS3-FHD"
26343,"NRO_PARTE",1689170,"0PTL741-5825OH3-FHD"
26343,"NRO_PARTE",2626486,"58MP04V494"
26343,"NRO_PARTE",2626488,"7WMP04V496"
26343,"NRO_PARTE",2626489,"78MP04V497"
26343,"NRO_PARTE",2626490,"7GMP04V498"
26343,"NRO_PARTE",2626491,"5W2P04V499"
26343,"NRO_PARTE",2626492,"582P04V500"
26343,"NRO_PARTE",2626493,"5G2P04V501"
26343,"NRO_PARTE",2626494,"7W2P04V502"
26343,"NRO_PARTE",2626495,"782P04V503"
26343,"NRO_PARTE",2626497,"5WTP04V505"
26343,"NRO_PARTE",2626499,"58TP04V506"
26343,"NRO_PARTE",2626501,"5GTP04V507"
26343,"NRO_PARTE",3824958,"V15G5C380100W24"
26343,"NRO_PARTE",3825094,"T16G8C33280100W24"
26343,"NRO_PARTE",3825099,"T16G8C33280100W24-OH"
26343,"NRO_PARTE",3825103,"T16G8C33281100W24"
26343,"NRO_PARTE",3825106,"T16G8C33281100W24-OH"
26343,"NRO_PARTE",3133046,"82TT00EALMSO"
26343,"NRO_PARTE",3306138,"4PTL745-7161SOH3-ME"
26343,"NRO_PARTE",4117812,"MDL2509I8Q6P5"
26343,"NRO_PARTE",4117849,"MDL2509R7J9M2"
26343,"NRO_PARTE",4117854,"MDL2509N3Q6VL"
26343,"NRO_PARTE",3728495,"T16G8C53381100H"
26343,"NRO_PARTE",3728498,"T16G8C53381100H-OH"
26343,"NRO_PARTE",3728504,"T16G8C53382100H-OH"
26343,"NRO_PARTE",3728507,"T16G8C734161100H"
26343,"NRO_PARTE",3728510,"T16G8C734161100H-OH"
26343,"NRO_PARTE",1837296,"E14G5R51108101HH"
26343,"NRO_PARTE",1837305,"E14G5R51108201H"
26343,"NRO_PARTE",1837523,"E16G1I51108101HH"
26343,"NRO_PARTE",3141995,"V15G5C381100"
26343,"NRO_PARTE",4137507,"E14G7R715100"
26343,"NRO_PARTE",2510104,"21C20014LM"
26343,"NRO_PARTE",2510119,"20X4S93400."
26343,"NRO_PARTE",2510131,"20X4S93300."
26343,"NRO_PARTE",2510142,"21H4000RLM"
26343,"NRO_PARTE",2510158,"21H2000KLM"
26343,"NRO_PARTE",1745733,"3PTL553-71612SOH3-FHD-V"
26343,"NRO_PARTE",1745739,"3PTL553-71612SOP3-FHD-V"
26343,"NRO_PARTE",1745757,"21CUS0PJ00"
26343,"NRO_PARTE",1745776,"21CUS0PF00"
26343,"NRO_PARTE",2629887,"4PTL355-5161SSS3-AN"
26343,"NRO_PARTE",2629967,"4PTL355-5161SOP3-AN"
26343,"NRO_PARTE",2630159,"4PTL355-3812SOP3-A"
26343,"NRO_PARTE",2630247,"4PTL355-7161SOP3"
26343,"NRO_PARTE",1685233,"1DT78AW#ABM"
26343,"NRO_PARTE",1685234,"2SX08LT#ABM"
26343,"NRO_PARTE",1685235,"1DT75AW#ABM"
26343,"NRO_PARTE",1685236,"5AZ72LT#ABM"
26343,"NRO_PARTE",1685237,"5AZ77LT#ABM"
26343,"NRO_PARTE",1685238,"4KZ96LA#ABM"
26343,"NRO_PARTE",1685239,"4NQ92LA#ABM"
26343,"NRO_PARTE",1685240,"4RH45LA#ABM"
26343,"NRO_PARTE",1685241,"4UN13LT#ABM"
26343,"NRO_PARTE",1685242,"4NQ78LA#ABM"
26343,"NRO_PARTE",1685243,"4PU13LA#ABM"
26343,"NRO_PARTE",1685244,"6NR22LA#ABM"
26343,"NRO_PARTE",1685245,"1FX32LT#ABM"
26343,"NRO_PARTE",1685246,"1DT69AW#ABM"
26343,"NRO_PARTE",1685247,"2SX10LT#ABM"
26343,"NRO_PARTE",1685248,"1DT72AW#ABM"
26343,"NRO_PARTE",1685249,"1FX33LA#ABM"
26343,"NRO_PARTE",1685250,"1NV85LT#ABM"
26343,"NRO_PARTE",1685251,"4TJ40LT#ABM"
26343,"NRO_PARTE",1685252,"4KZ41LA#ABM"
26343,"NRO_PARTE",1685253,"4TJ39LT#ABM"
26343,"NRO_PARTE",1685254,"20TBS1D900"
26343,"NRO_PARTE",1685255,"20TBS1DA00"
26343,"NRO_PARTE",1685256,"1PTL342-5825SS3-FHD"
26343,"NRO_PARTE",1685257,"1PTL342-3812SS3-HD"
26343,"NRO_PARTE",1685258,"1PTL342-581SS3-HD"
26343,"NRO_PARTE",1685259,"1PTL342-581SS3-FHD"
26343,"NRO_PARTE",1685260,"1PTL342-5825OH3-FHD"
26343,"NRO_PARTE",1685261,"1PTL342-3812OP3-HD"
26343,"NRO_PARTE",1685262,"1PTL342-581OH3-HD-S"
26343,"NRO_PARTE",1685263,"1PTL34-5812SS3"
26343,"NRO_PARTE",1685264,"21CUS00200"
26343,"NRO_PARTE",1685265,"55F79LS#ABM-OPG5"
26343,"NRO_PARTE",1685266,"90NX0441-M034L0"
26343,"NRO_PARTE",1685267,"90NX0441-M036R0"
26343,"NRO_PARTE",1685268,"90NX0441-M036S0"
26343,"NRO_PARTE",1685269,"21E4S0R600"
26343,"NRO_PARTE",1685270,"21E4S0RC00"
26343,"NRO_PARTE",1685271,"21E4S0RC00-OP"
26343,"NRO_PARTE",1685272,"21E4S0RC00-OH"
26343,"NRO_PARTE",1685273,"C5830008241050N4"
26343,"NRO_PARTE",1685274,"1DT66AW#ABM"
26343,"NRO_PARTE",1685275,"4RA28LT#ABM"
26343,"NRO_PARTE",1685276,"4XN01LT#ABM"
26343,"NRO_PARTE",1685277,"NBADNV6648SLV-S"
26343,"NRO_PARTE",1685278,"20L8SB3U00"
26343,"NRO_PARTE",1685279,"20LAS69X00"
26343,"NRO_PARTE",1685280,"GE75-9SE-C797162400120606"
26343,"NRO_PARTE",1685281,"6DH48LT#ABM"
26343,"NRO_PARTE",1685282,"GS75-9SF-C7971696000207Q8"
26343,"NRO_PARTE",1685283,"GE75-9SE-C797162000120606"
26343,"NRO_PARTE",1685284,"GE75-9SE-C797322000120606"
26343,"NRO_PARTE",1685285,"GE75-9SE-C797322000020606"
26343,"NRO_PARTE",1685286,"GL73-9SE-C797322400120606"
26343,"NRO_PARTE",1685287,"GL73-9SE-C797324800120606"
26343,"NRO_PARTE",1685288,"GL73-9SE-C797169600120606"
26343,"NRO_PARTE",1685289,"GL73-9SE-C797369600120606"
26343,"NRO_PARTE",1685290,"GL73-9SE-C797162000120606"
26343,"NRO_PARTE",1685291,"GL73-9SE-C797322000120606"
26343,"NRO_PARTE",1685292,"GL73-9SE-C797329600020606"
26343,"NRO_PARTE",1685293,"GE75-9SE-C797169600020606"
26343,"NRO_PARTE",1689171,"0PTL741-5161SOP3-FHD"
26343,"NRO_PARTE",1689172,"0PTL741-51612OH3-FHD"
26343,"NRO_PARTE",1689173,"55F80LS#ABM-OHA"
26343,"NRO_PARTE",1689174,"55F80LS#ABM-OPA"
26343,"NRO_PARTE",1689175,"55F81LS#ABM-A"
26343,"NRO_PARTE",1689176,"55F82LS#ABM-OHA"
26343,"NRO_PARTE",1689177,"43G17LT#ABM-OH"
26343,"NRO_PARTE",1689178,"LPETEVF15PRO"
26343,"NRO_PARTE",1689179,"20TES2Q900"
26343,"NRO_PARTE",1689180,"20TES2QA00"
26343,"NRO_PARTE",1689181,"1PTL542-7812OH3-FHD-H"
26343,"NRO_PARTE",1689182,"1PTL542-7812OP3-FHD-H"
26343,"NRO_PARTE",1689183,"20T9S1UX00"
26343,"NRO_PARTE",1689184,"20T9S1UY00"
26343,"NRO_PARTE",1689185,"2K2Q1LT#ABM"
26343,"NRO_PARTE",1689186,"NB03V3BVA0N"
26343,"NRO_PARTE",1689187,"20T1S61G00"
26343,"NRO_PARTE",1689188,"20T1S61Q00"
26343,"NRO_PARTE",1689189,"20T1S61R00"
26343,"NRO_PARTE",1689190,"20T1S61S00"
26343,"NRO_PARTE",1689191,"20T1S61U00"
26343,"NRO_PARTE",1689192,"0PTL351-781OP3."
26343,"NRO_PARTE",1689193,"20T1S62C00"
26343,"NRO_PARTE",1689194,"20T1S62500"
26343,"NRO_PARTE",1689195,"20T1S62600"
26343,"NRO_PARTE",1689196,"0PTL741-581SOH3-FHD"
26343,"NRO_PARTE",1689197,"0PTL741-581SOP3-FHD"
26343,"NRO_PARTE",1689198,"21CSS06Y00"
26343,"NRO_PARTE",1689199,"21CSS0D700"
26343,"NRO_PARTE",1689200,"21CSS0D800"
26343,"NRO_PARTE",1689201,"51T37LA#ABM-OP"
26343,"NRO_PARTE",1689202,"3Y2J3LS#ABM-A"
26343,"NRO_PARTE",1689203,"3Y2J3LS#ABM-OPDA"
26343,"NRO_PARTE",1689204,"66666666666666666"
26343,"NRO_PARTE",1689205,"20T9S1V200"
26343,"NRO_PARTE",1689206,"20U2SA9S00"
26343,"NRO_PARTE",1689207,"2P5M1LT#ABM-DM"
26343,"NRO_PARTE",1689208,"0PTL741-51625OH3-FHD"
26343,"NRO_PARTE",1689209,"21CSS06X00"
26343,"NRO_PARTE",1689210,"NBHJA3BVA2D"
26343,"NRO_PARTE",1689211,"20X6S0Y700"
26343,"NRO_PARTE",1689212,"1PTL342-7161SSS3-FHD"
26343,"NRO_PARTE",1689213,"6Z4J9LA#ABM-OPM"
26343,"NRO_PARTE",1689214,"6Z4J9LA#ABM-OHMD"
26343,"NRO_PARTE",1689215,"6Z4J9LA#ABM-OPMD"
26343,"NRO_PARTE",1689216,"21CES12F00"
26343,"NRO_PARTE",1689217,"21CES12F00-OP"
26343,"NRO_PARTE",1689218,"21CES12F00-OH"
26343,"NRO_PARTE",1689219,"2PTL351-581HSS3"
26343,"NRO_PARTE",1689220,"6W4F4LA#ABM-OH"
26343,"NRO_PARTE",1689221,"68T09LT#ABM-A"
26343,"NRO_PARTE",1689222,"68T09LT#ABM-OHA"
26343,"NRO_PARTE",1689223,"2PTL352-C8256SOH3-FHD"
26343,"NRO_PARTE",1689224,"68T09LT#ABM-OPA"
26343,"NRO_PARTE",1689225,"2PTL352-C8256SSS1-FHD"
26343,"NRO_PARTE",1689226,"6C5X6LT#ABM-A"
26343,"NRO_PARTE",1689227,"6C5X6LT#ABM-OPA"
26343,"NRO_PARTE",1689228,"2PTLV340-381HSS1-HD"
26343,"NRO_PARTE",1689229,"2PTLV340-381HOH1-HD-"
26343,"NRO_PARTE",1689230,"2PTLV340-381HSS1-HD-"
26343,"NRO_PARTE",1689231,"2PTLV340-381HSS3-HD-"
26343,"NRO_PARTE",3893921,"BR1R7LS#ABM-OH4"
26343,"NRO_PARTE",3893947,"BR1R7LS#ABM-A"
26343,"NRO_PARTE",3893951,"WE15I9F146"
26343,"NRO_PARTE",1739009,"21E4S09J00"
26343,"NRO_PARTE",2626479,"78MP04V491"
26343,"NRO_PARTE",2626484,"5WMP04V493"
26343,"NRO_PARTE",2508175,"90NX06X1-M00X30"
26343,"NRO_PARTE",2508734,"90NX06X1-M010X0-OP"
26343,"NRO_PARTE",2508752,"90NX06X1-M010X0-OH"
26343,"NRO_PARTE",2508774,"90NX06X1-M010Y0-OP"
26343,"NRO_PARTE",2508776,"3PTL543-71612SSS3-SO-LTE-V-A"
26343,"NRO_PARTE",2508795,"90NX06X1-M010Y0-OH"
26343,"NRO_PARTE",1759123,"PML20U-13202S"
26343,"NRO_PARTE",1836727,"E14G5I31108001PA"
26343,"NRO_PARTE",1836852,"21JLS04C00-OP"
26343,"NRO_PARTE",1837119,"V15G4R3908101P#N"
26343,"NRO_PARTE",4118093,"MDL2509B1H7E4"
26343,"NRO_PARTE",4118208,"MDL2509Q6R7UA"
26343,"NRO_PARTE",4118218,"MDL2509G6T9A0"
26343,"NRO_PARTE",3728537,"T16G8C734162100H-OH"
26343,"NRO_PARTE",3728558,"L14G5U721162100"
26343,"NRO_PARTE",3728569,"L14G5U721162100-OH"
26343,"NRO_PARTE",1837302,"21FKS0N000-OH"
26343,"NRO_PARTE",1837303,"21FKS0N000-OP"
26343,"NRO_PARTE",1837522,"E16G1I51108101H"
26343,"NRO_PARTE",3142011,"V15G5C7162100"
26343,"NRO_PARTE",3142072,"V15G5C381100-OH"
26343,"NRO_PARTE",4137508,"E14G7R715100OH"
26343,"NRO_PARTE",2510184,"20X6S18N00."
26343,"NRO_PARTE",2510200,"21E40023LM"
26343,"NRO_PARTE",2510212,"21JL0013LM"
26343,"NRO_PARTE",2510219,"21JL0012LM"
26343,"NRO_PARTE",1745742,"21CUS0PH00"
26343,"NRO_PARTE",1745747,"21CUS0PG00"
26343,"NRO_PARTE",1745767,"21CUS0PK00"
26343,"NRO_PARTE",1745784,"21CUS0PE00"
26343,"NRO_PARTE",1745820,"21ECS1DM00"
26343,"NRO_PARTE",2629718,"A51PYLA#ABM-OPA"
26343,"NRO_PARTE",2630117,"4PTL355-3812SSS3-A"
26343,"NRO_PARTE",2630141,"4PTL355-3812SOH3-A"
26343,"NRO_PARTE",1685294,"GE75-9SE-C797329600020606"
26343,"NRO_PARTE",1685295,"GS75-9SF-C7971624001207Q8"
26343,"NRO_PARTE",1685296,"GS75-9SF-C7971620000207Q8"
26343,"NRO_PARTE",1685297,"GE75-9SE-C797169600120606"
26343,"NRO_PARTE",1685298,"6KZ56LT#ABM"
26343,"NRO_PARTE",1685299,"GS75-9SF-C7973220001207Q8"
26343,"NRO_PARTE",1685300,"GS75-9SF-C7973296000207Q8"
26343,"NRO_PARTE",1685301,"GL73-9SE-C797321280120606"
26343,"NRO_PARTE",1685302,"GL73-9SE-C797162400120606"
26343,"NRO_PARTE",1685303,"GL73-9SE-C797164800120606"
26343,"NRO_PARTE",1685304,"7YF63LS#ABM"
26343,"NRO_PARTE",1685305,"GE75-9SE-C797322400120606"
26343,"NRO_PARTE",1685306,"GE75-9SE-C797164800120606"
26343,"NRO_PARTE",1685307,"6QY24LT#ABM"
26343,"NRO_PARTE",1685308,"20N5S1GU00"
26343,"NRO_PARTE",1685309,"20L6S94B00"
26343,"NRO_PARTE",1685310,"9PTL34-581SS3"
26343,"NRO_PARTE",1685311,"20NES08Q00"
26343,"NRO_PARTE",1685312,"NBADNV6648SLV-SD2"
26343,"NRO_PARTE",1685313,"NBADNV7547B1-S"
26343,"NRO_PARTE",1685314,"20NCS19600"
26343,"NRO_PARTE",1685315,"20N5S1SC00"
26343,"NRO_PARTE",1685316,"GL73-9SE-C797161280120606"
26343,"NRO_PARTE",1685317,"GL73-9SE-C797162000020606"
26343,"NRO_PARTE",1685318,"20NES0AE00"
26343,"NRO_PARTE",1685319,"GE75-9SE-C797329600120606"
26343,"NRO_PARTE",1685320,"20NES09600"
26343,"NRO_PARTE",1685321,"20NES0AF00"
26343,"NRO_PARTE",1685322,"9PTL34-581SOH3-19"
26343,"NRO_PARTE",1685323,"9PTL34-581SOH5-19"
26343,"NRO_PARTE",1685324,"9PTL34-5825SS3"
26343,"NRO_PARTE",1685325,"9PTL34-5825SS4"
26343,"NRO_PARTE",1685326,"9PTL34-581SOP5-19"
26343,"NRO_PARTE",1685327,"9PTL34-581SS4"
26343,"NRO_PARTE",1685328,"20NES0AG00"
26343,"NRO_PARTE",1685329,"9PTL34-581SSS3"
26343,"NRO_PARTE",1685330,"9PTL34-581SSS4"
26343,"NRO_PARTE",1685331,"9PTL35-581SS3"
26343,"NRO_PARTE",1685332,"9PTL34-581SSS5"
26343,"NRO_PARTE",1685333,"9PTL34-581SOH4-19"
26343,"NRO_PARTE",1685334,"9PTL34-581SOP3-19"
26343,"NRO_PARTE",1685335,"9PTL34-581SOP4-19"
26343,"NRO_PARTE",1685336,"9PTL34-581OH5-19"
26343,"NRO_PARTE",1685337,"9PTL34-581OP3-19"
26343,"NRO_PARTE",1685338,"20NCS19700"
26343,"NRO_PARTE",1685339,"20N5S1GS00"
26343,"NRO_PARTE",1685340,"20N3S2J600"
26343,"NRO_PARTE",1685341,"NBADNV6648SLV-SD1"
26343,"NRO_PARTE",1685342,"20TBS1DH00"
26343,"NRO_PARTE",1685343,"1PTL342-5825SS3-HD-S"
26343,"NRO_PARTE",1685344,"1PTL342-5825OH3-HD-S"
26343,"NRO_PARTE",1685345,"1PTL342-5812SS3-HD"
26343,"NRO_PARTE",1685346,"21CUS00400"
26343,"NRO_PARTE",1685347,"21E4S0R800-OH"
26343,"NRO_PARTE",1685348,"90NX0441-M036R0-OH"
26343,"NRO_PARTE",1685349,"21E4S0RG00"
26343,"NRO_PARTE",1685350,"21E4S0RG00-OP"
26343,"NRO_PARTE",1685351,"21E4S0RG00-OH"
26343,"NRO_PARTE",1685352,"NL5P78MI3VA02E"
26343,"NRO_PARTE",1685353,"NL5P7GMI3VA02G"
26343,"NRO_PARTE",1689232,"2PTLV340-341HSS1-HD-U"
26343,"NRO_PARTE",1689233,"6C5Y0LT#ABM-OHA"
26343,"NRO_PARTE",1689234,"2PTLV340-341HSS3-HD-U"
26343,"NRO_PARTE",1689235,"6C5Y1LT#ABM-A"
26343,"NRO_PARTE",1689236,"2PTLV340-3856SSS1-HD"
26343,"NRO_PARTE",1689237,"6C5Y1LT#ABM-OHA"
26343,"NRO_PARTE",1689238,"2PTLV340-3856SOH1-HD-P"
26343,"NRO_PARTE",1689239,"6C5Y1LT#ABM-OPA"
26343,"NRO_PARTE",1689240,"2PTLV340-3856SSS1-HD-P"
26343,"NRO_PARTE",1689241,"2PTLV340-3856SSS3-HD-P"
26343,"NRO_PARTE",1689242,"2PTLV340-341HSS1-HD"
26343,"NRO_PARTE",1689243,"2PTLV340-341HOH3-HD"
26343,"NRO_PARTE",1689244,"2PTLV340-341HSS1-HD-P"
26343,"NRO_PARTE",1689245,"2PTLV340-341HSS3-HD-P"
26343,"NRO_PARTE",1689246,"90NX0SX1-M02760-3YOSS"
26343,"NRO_PARTE",1689247,"20T9S1UV0"
26343,"NRO_PARTE",1689248,"20TES2Q800"
26343,"NRO_PARTE",1689249,"20TES2QB00"
26343,"NRO_PARTE",1689250,"20T9S1V000"
26343,"NRO_PARTE",1689251,"20T9S1V100"
26343,"NRO_PARTE",1689252,"90NX0421-M00UH0"
26343,"NRO_PARTE",1689253,"0PTL741-5812OH3-FHD"
26343,"NRO_PARTE",1689254,"0PTL541-5812OH3-FHD"
26343,"NRO_PARTE",1689255,"20T1S62A00"
26343,"NRO_PARTE",1689256,"20T1S61F00"
26343,"NRO_PARTE",1689257,"NS5L7GTIPVA01Y"
26343,"NRO_PARTE",1689258,"NS5L7XTIPVA020"
26343,"NRO_PARTE",1689259,"NS5L58MIPVA00M"
26343,"NRO_PARTE",1689260,"NS5H78TIPVA028"
26343,"NRO_PARTE",1689261,"NS5H78TIPVA029"
26343,"NRO_PARTE",1689262,"NS5H5WMIHVA00X"
26343,"NRO_PARTE",1689263,"NS5H7XTIPVA02C"
26343,"NRO_PARTE",1689264,"NS5P78MIPVA02D"
26343,"NRO_PARTE",1689265,"NS5H58MIHVA00Y"
26343,"NRO_PARTE",1689266,"21CSS17300"
26343,"NRO_PARTE",1689267,"21CSS0D700-OP"
26343,"NRO_PARTE",1689268,"1PTL352-51612SS3-FHD"
26343,"NRO_PARTE",1689269,"2PTL351-581HOH3"
26343,"NRO_PARTE",1689270,"6W4F4LA#ABM"
26343,"NRO_PARTE",1689271,"6W4F4LA#ABM-OP"
26343,"NRO_PARTE",1689272,"2PTLV340-381HSS3-HD"
26343,"NRO_PARTE",1689273,"6C5Y0LT#ABM-A"
26343,"NRO_PARTE",1689274,"90NX04J1-M008J0-OH"
26343,"NRO_PARTE",1689275,"90NX04F1-M00LM0-OH"
26343,"NRO_PARTE",1689276,"90NX0421-M10670-3YOSS"
26343,"NRO_PARTE",1689277,"90NX0421-M10570-3YOSS"
26343,"NRO_PARTE",1689278,"11111111111111"
26343,"NRO_PARTE",1689279,"20TBS5D800"
26343,"NRO_PARTE",1689280,"0PTL741-5161SSS3-FHD"
26343,"NRO_PARTE",1689281,"0PTL741-51612SS3-FHD"
26343,"NRO_PARTE",1689282,"5R6K4LS#ABM"
26343,"NRO_PARTE",1689283,"NS5H78MIPVA043"
26343,"NRO_PARTE",1689284,"NS5L5WMIPVA00R"
26343,"NRO_PARTE",1689285,"NS5L5GTIPVA00T"
26343,"NRO_PARTE",1689286,"NS5L5WTIPVA00U"
26343,"NRO_PARTE",1689287,"NS5H58MIHVA00V"
26343,"NRO_PARTE",1689288,"NHH7GT86TIVA44"
26343,"NRO_PARTE",1689289,"NS5L78MIUVA91D"
26343,"NRO_PARTE",1689290,"6Z4J9LA#ABM-OP"
26343,"NRO_PARTE",1689291,"6K6X5LT#ABM-D"
26343,"NRO_PARTE",1689292,"6K6X5LT#ABM-OHD"
26343,"NRO_PARTE",3893992,"BR1R8LS#ABM"
26343,"NRO_PARTE",1739007,"21E4S09H00"
26343,"NRO_PARTE",3333118,"9J171LA#ABM-OPA"
26343,"NRO_PARTE",2626477,"7WMP04V490"
26343,"NRO_PARTE",2626502,"7WTP04V508"
26343,"NRO_PARTE",2626504,"7GTP04V510"
26343,"NRO_PARTE",2508709,"90NX07B1-M00640-OP"
26343,"NRO_PARTE",1880168,"82TT00CYLM"
26343,"NRO_PARTE",1880185,"82YU00X4LM"
26343,"NRO_PARTE",1880186,"82YU00X4LM-OH"
26343,"NRO_PARTE",4118231,"MDL2509R7D3B1"
26343,"NRO_PARTE",3728487,"E16G6U71916201H-OH"
26343,"NRO_PARTE",3728583,"L14G5U721162100DC"
26343,"NRO_PARTE",3728594,"L14G5U721162100D"
26343,"NRO_PARTE",3728597,"L14G5U721162100D-OH"
26343,"NRO_PARTE",3142020,"V15G5C7162100-OH"
26343,"NRO_PARTE",3142038,"V15G5C7162100H"
26343,"NRO_PARTE",2510169,"21H2000NLM"
26343,"NRO_PARTE",2510192,"21H2000MLM"
26343,"NRO_PARTE",2510207,"21JQS1MU00"
26343,"NRO_PARTE",1745832,"21ECS1DK00"
26343,"NRO_PARTE",1745836,"21ECS1DN00"
26343,"NRO_PARTE",1745840,"21ECS1DQ00"
26343,"NRO_PARTE",1745846,"21ECS1DJ00"
26343,"NRO_PARTE",2629976,"WE15I5T115P-5"
26343,"NRO_PARTE",3137559,"B41X4LS#ABM-OH4R"
26343,"NRO_PARTE",1685354,"NL5P78TI3VA02I"
26343,"NRO_PARTE",1685355,"NL5P5GTI3VA02J"
26343,"NRO_PARTE",1685356,"NL5P7GTI3VA02K"
26343,"NRO_PARTE",1685357,"NL5H78TI3VA03M"
26343,"NRO_PARTE",1685358,"NL5H58MI3VA03P"
26343,"NRO_PARTE",1685359,"NL5H78MI3VA03Q"
26343,"NRO_PARTE",1685360,"NL5H5GMI3VA03R"
26343,"NRO_PARTE",1685361,"7YF56LS#ABM"
26343,"NRO_PARTE",1685362,"20N3S2LT00"
26343,"NRO_PARTE",1685363,"NBADNV6648SLV-S2"
26343,"NRO_PARTE",1685364,"20N3S2J500"
26343,"NRO_PARTE",1685365,"GF63-9SC-C7973224001165Q4"
26343,"NRO_PARTE",1685366,"GF63-9SC-C7971648001165Q4"
26343,"NRO_PARTE",1685367,"NBADNV983901-SD1"
26343,"NRO_PARTE",1685368,"NBADNV983901-SD2"
26343,"NRO_PARTE",1685369,"NBADNV7547B2-S"
26343,"NRO_PARTE",1685370,"NBADNV7547B2-SD"
26343,"NRO_PARTE",1685371,"20NES09500"
26343,"NRO_PARTE",1685372,"20NES08P00"
26343,"NRO_PARTE",1685373,"20N5S1SB00"
26343,"NRO_PARTE",1685374,"GF63-9SC-C7971696001165Q4"
26343,"NRO_PARTE",1685375,"GF63-9SC-C7973220001165Q4"
26343,"NRO_PARTE",1685376,"GF63-9SC-C7971620000165Q4"
26343,"NRO_PARTE",1685377,"20N3S2LR00"
26343,"NRO_PARTE",1685378,"20N3S2LN00"
26343,"NRO_PARTE",1685379,"20N3S2LP00"
26343,"NRO_PARTE",1685380,"6NA57LT#ABM"
26343,"NRO_PARTE",1685381,"GS75-9SF-C7973248001207Q8"
26343,"NRO_PARTE",1685382,"GS75-9SF-C7971620001207Q8"
26343,"NRO_PARTE",1685383,"GS75-9SF-C7971696001207Q8"
26343,"NRO_PARTE",1685384,"GF63-9SC-C7973248001165Q4"
26343,"NRO_PARTE",1685385,"GF63-9SC-C7973296001165Q4"
26343,"NRO_PARTE",1685386,"GP75-9SD-C79716240116T6"
26343,"NRO_PARTE",1685387,"GP75-9SD-C79732128116T6"
26343,"NRO_PARTE",1685388,"GP75-9SD-C79716960116T6"
26343,"NRO_PARTE",1685389,"GF63-9SC-C7973212801165Q4"
26343,"NRO_PARTE",1685390,"GF63-9SC-C7971624001165Q4"
26343,"NRO_PARTE",1685391,"GP75-9SD-C79716480216T6"
26343,"NRO_PARTE",1685392,"GP75-9SD-C79732200016T6"
26343,"NRO_PARTE",1685393,"GF63-9SC-C7971612801165Q4"
26343,"NRO_PARTE",1685394,"GF63-9SC-C7971620001165Q4"
26343,"NRO_PARTE",1685395,"GP75-9SD-C79716960016T6"
26343,"NRO_PARTE",1685396,"GP75-9SD-C79732960116T6"
26343,"NRO_PARTE",1685397,"6FU25LT#ABM"
26343,"NRO_PARTE",1685398,"9PTL53-5161OH4-19"
26343,"NRO_PARTE",1685399,"9PTL53-5161OH5-19"
26343,"NRO_PARTE",1685400,"9PTL34-51625OP4-19"
26343,"NRO_PARTE",1685401,"9PTL34-51625OP5-19"
26343,"NRO_PARTE",1685402,"9PTL53-5161OP4-19"
26343,"NRO_PARTE",1685403,"9PTL34-71612SS4"
26343,"NRO_PARTE",1685404,"9PTL34-71612OH3-19"
26343,"NRO_PARTE",1685405,"9PTL34-71612OH4-19"
26343,"NRO_PARTE",1685406,"9PTL34-71612OH5-19"
26343,"NRO_PARTE",1685407,"9PTL34-71612OP5-19"
26343,"NRO_PARTE",1685408,"9PTL35-5825OH3-19"
26343,"NRO_PARTE",1685409,"9PTL35-5825OH4-19"
26343,"NRO_PARTE",1685410,"9PTL35-5825OH5-19"
26343,"NRO_PARTE",1685411,"9PTL35-5825OP3-19"
26343,"NRO_PARTE",1685412,"9PTL74-781SS3"
26343,"NRO_PARTE",1685413,"9PTL74-781SS4"
26343,"NRO_PARTE",1689293,"2PTL351-5812SOH3"
26343,"NRO_PARTE",1689294,"6K6X5LT#ABM-OPD"
26343,"NRO_PARTE",1689295,"6K6X5LT#ABM-A"
26343,"NRO_PARTE",1689296,"6K6X5LT#ABM-OHA"
26343,"NRO_PARTE",1689297,"6K6X5LT#ABM-OPA"
26343,"NRO_PARTE",1689298,"2PTL351-5812SSS3"
26343,"NRO_PARTE",1689299,"2PTL352-C8256SOH1-FHD"
26343,"NRO_PARTE",1689300,"68T13LT#ABM-A"
26343,"NRO_PARTE",1689301,"68T13LT#ABM-OHA"
26343,"NRO_PARTE",1689302,"68T13LT#ABM-OPA"
26343,"NRO_PARTE",1689303,"6C5X6LT#ABM-OHA"
26343,"NRO_PARTE",1689304,"2PTLV340-381HOH3-HD-"
26343,"NRO_PARTE",1689305,"6C5Y0LT#ABM-OPA"
26343,"NRO_PARTE",1689306,"2PTLV340-3856SOH1-HD"
26343,"NRO_PARTE",1689307,"2PTLV340-3856SOH3-HD"
26343,"NRO_PARTE",1689308,"2PTLV340-3856SSS3-HD"
26343,"NRO_PARTE",1689309,"2PTLV340-3856SOH3-HD-P"
26343,"NRO_PARTE",1689310,"2PTLV340-341HOH1-HD"
26343,"NRO_PARTE",1689311,"2PTLV340-341HSS3-HD"
26343,"NRO_PARTE",1689312,"0PTL541-5825OH3-FHD"
26343,"NRO_PARTE",1689313,"5R6K4LS#ABM-OH"
26343,"NRO_PARTE",1689314,"NS5H7WMIPVA027"
26343,"NRO_PARTE",1689315,"NS5L7XTIPVA042"
26343,"NRO_PARTE",1689316,"21CSS0D700-OH"
26343,"NRO_PARTE",1689317,"21CSS17000"
26343,"NRO_PARTE",1689318,"2PTLV340-341HOH1-HD-P"
26343,"NRO_PARTE",1689319,"2PTLV340-341HOH3-HD-P"
26343,"NRO_PARTE",1689320,"21CSS10800-OP"
26343,"NRO_PARTE",1689321,"21CSS10800-OH"
26343,"NRO_PARTE",1689322,"21CSS10600"
26343,"NRO_PARTE",1689323,"21CSS10500-OP"
26343,"NRO_PARTE",1689324,"90NX0551-M00CU0"
26343,"NRO_PARTE",1689325,"90NX04F1-M00LM0"
26343,"NRO_PARTE",1689326,"2222"
26343,"NRO_PARTE",1689327,"2K2P1LT#ABM-WDM"
26343,"NRO_PARTE",1689328,"0PTL741-51612OP3-FHD"
26343,"NRO_PARTE",1689329,"0PTL741-781SSS3-FHD"
26343,"NRO_PARTE",1689330,"0PTL741-781SOH3-FHD"
26343,"NRO_PARTE",1689331,"0PTL741-781SOP3-FHD"
26343,"NRO_PARTE",1689332,"0PTL741-7825SS3-FHD"
26343,"NRO_PARTE",1689333,"0PTL741-7825OP3-FHD"
26343,"NRO_PARTE",1689334,"0PTL741-7161SSS3-FHD"
26343,"NRO_PARTE",1689335,"0PTL741-7161SOH3-FHD"
26343,"NRO_PARTE",1689336,"0PTL741-71625SS3-FHD"
26343,"NRO_PARTE",1689337,"20U1S12W00"
26343,"NRO_PARTE",1689338,"0PTL741-71625OH3-FHD"
26343,"NRO_PARTE",1689339,"0PTL741-71625OP3-FHD"
26343,"NRO_PARTE",1689340,"0PTL741-71612OH3-FHD"
26343,"NRO_PARTE",1689341,"0PTL741-7812OP3-FHD"
26343,"NRO_PARTE",1689342,"NS5L7WTIPVA041"
26343,"NRO_PARTE",1689343,"NS5L58TIPVA00S"
26343,"NRO_PARTE",1689344,"NS5H78TIPVA04B"
26343,"NRO_PARTE",1689345,"NS50"
26343,"NRO_PARTE",1689346,"20TBS5DK00"
26343,"NRO_PARTE",1689347,"NS5H7XTIPVA04E"
26343,"NRO_PARTE",1689348,"20TES6XR00"
26343,"NRO_PARTE",1689349,"618S1LA#ABM-OP"
26343,"NRO_PARTE",1689350,"20TES1EW00"
26343,"NRO_PARTE",1689351,"20TES1KJ00"
26343,"NRO_PARTE",1689352,"1PTL352-51612OH3-FHD"
26343,"NRO_PARTE",3894039,"BR1R8LS#ABM-A"
26343,"NRO_PARTE",3894126,"BV5J0LA#ABM-OH4A"
26343,"NRO_PARTE",2626496,"7G2P04V504"
26343,"NRO_PARTE",2626503,"78TP04V509"
26343,"NRO_PARTE",2626505,"5WTH04V511"
26343,"NRO_PARTE",3745923,"E16G6U71732201H-OH"
26343,"NRO_PARTE",3746202,"E16G6U5188001H-OH"
26343,"NRO_PARTE",3824969,"V15G5C381100W24"
26343,"NRO_PARTE",3824978,"V15G5C381100W24-OH"
26343,"NRO_PARTE",1759110,"90NX05U1-M00YA0-OP"
26343,"NRO_PARTE",1759143,"90NX0441-M034L0-OH."
26343,"NRO_PARTE",1867313,"20X2SBSM00-OH"
26343,"NRO_PARTE",3728447,"E16G6U71916101H-OH"
26343,"NRO_PARTE",1745810,"21ECS1DL00"
26343,"NRO_PARTE",1745829,"21ECS1DP00"
26343,"NRO_PARTE",1745844,"21ECS1DH00"
26343,"NRO_PARTE",1745909,"CR30U-1YU03H"
26343,"NRO_PARTE",1685414,"9PTL74-781SS5"
26343,"NRO_PARTE",1685415,"9PTL55-581SS3"
26343,"NRO_PARTE",1685416,"9PTL55-581OH3-19"
26343,"NRO_PARTE",1685417,"9PTL55-581OH4-19"
26343,"NRO_PARTE",1685418,"9PTL55-581OH5-19"
26343,"NRO_PARTE",1685419,"9PTL55-581OP3-19"
26343,"NRO_PARTE",1685420,"9PTL55-581OP4-19"
26343,"NRO_PARTE",1685421,"9PTL55-581OP5-19"
26343,"NRO_PARTE",1685422,"9PTL55-7161SOH4-19"
26343,"NRO_PARTE",1685423,"9PTL55-7161SOH5-19"
26343,"NRO_PARTE",1685424,"9PTL55-7161SOP4-19"
26343,"NRO_PARTE",1685425,"9PTL55-7161SSS4"
26343,"NRO_PARTE",1685426,"9PTL55-7161OP4-19"
26343,"NRO_PARTE",1685427,"9PTL34-581OP4-19-S-H"
26343,"NRO_PARTE",1685428,"8GF01LS#ABM"
26343,"NRO_PARTE",1685429,"1PTL542-51612OH3-HD"
26343,"NRO_PARTE",1685430,"1PTL542-781SS3-HD"
26343,"NRO_PARTE",1685431,"1PTL542-7825OH3-HD"
26343,"NRO_PARTE",1685432,"1PTL542-7825OP3-HD"
26343,"NRO_PARTE",1685433,"1PTL542-7812OP3-HD"
26343,"NRO_PARTE",1685434,"20TBS1D700"
26343,"NRO_PARTE",1685435,"1PTL342-5825OH3-HD"
26343,"NRO_PARTE",1685436,"1PTL542-5812SS4-NS"
26343,"NRO_PARTE",1685437,"20TBS1DL00"
26343,"NRO_PARTE",1685438,"21CUS00300"
26343,"NRO_PARTE",1685439,"21CUS00A00"
26343,"NRO_PARTE",1685440,"21CUS00800"
26343,"NRO_PARTE",1685441,"2PTL342-3856OP3-HD"
26343,"NRO_PARTE",1685442,"21CUS00C00"
26343,"NRO_PARTE",1685443,"21CUS00900"
26343,"NRO_PARTE",1685444,"21CUS00M00"
26343,"NRO_PARTE",1685445,"21CUS00H00"
26343,"NRO_PARTE",1685446,"21CUS00Q00"
26343,"NRO_PARTE",1685447,"21CUS00R00"
26343,"NRO_PARTE",1685448,"21CUS00N00"
26343,"NRO_PARTE",1685449,"21CUS00J00"
26343,"NRO_PARTE",1685450,"21CUS00K00"
26343,"NRO_PARTE",1685451,"2PTL342-3812OP3-HD"
26343,"NRO_PARTE",1685452,"21CUS00E00"
26343,"NRO_PARTE",1685453,"53012KFJNO-MOP"
26343,"NRO_PARTE",1685454,"WT15I5D107"
26343,"NRO_PARTE",1685455,"2PTL342-38S1OP3-HD"
26343,"NRO_PARTE",1685456,"2PTL342-58S1OP3-HD"
26343,"NRO_PARTE",1685457,"2PTL342-516S1OP3-HD"
26343,"NRO_PARTE",1685458,"2PTL342-516S1OP3-FHD"
26343,"NRO_PARTE",1685459,"2PTL342-5812OP3-FHD"
26343,"NRO_PARTE",1685460,"2PTL342-5812OP3-HD"
26343,"NRO_PARTE",1685461,"0PTV35-341OH3-W"
26343,"NRO_PARTE",1685462,"20U4S48H00"
26343,"NRO_PARTE",1685463,"0PTL351-7161OP3-I"
26343,"NRO_PARTE",1685464,"0PTL351-7161OH3-I"
26343,"NRO_PARTE",1685465,"14Z90N-V.AR58B4-OFFICE"
26343,"NRO_PARTE",1685466,"15Z90N-V.AH78B4-OFFICE"
26343,"NRO_PARTE",1685467,"20U4S48800"
26343,"NRO_PARTE",1685468,"1Y6F9LA#ABMS"
26343,"NRO_PARTE",1685469,"22V280-L.AY24B4-OFFICE"
26343,"NRO_PARTE",1685470,"2E4T9LT#ABM"
26343,"NRO_PARTE",1685471,"2E4T9LT#ABM-OH"
26343,"NRO_PARTE",1685472,"2E4T9LT#ABM-OP"
26343,"NRO_PARTE",1685473,"2E4U1LT#ABM-OH"
26343,"NRO_PARTE",1685474,"HP 348 G7 NOTEBOOK PC"
26343,"NRO_PARTE",1689353,"6Z4J9LA#ABM-MD"
26343,"NRO_PARTE",1689354,"20TES4SB00"
26343,"NRO_PARTE",1689355,"NS5H7WTIPVA02B"
26343,"NRO_PARTE",1689356,"NS5H7XMIPVA04A"
26343,"NRO_PARTE",1689357,"20TES4SS00"
26343,"NRO_PARTE",1689358,"NS5P78MIPVA04F"
26343,"NRO_PARTE",1689359,"NS5P7GMIPVA04G"
26343,"NRO_PARTE",1689360,"NS5P7XMIPVA04I"
26343,"NRO_PARTE",1689361,"NS5P7GMIPVA04K"
26343,"NRO_PARTE",1689362,"NS5P7GTIPVA04O"
26343,"NRO_PARTE",1689363,"20TES6XQ00"
26343,"NRO_PARTE",1689364,"20TES6XK00"
26343,"NRO_PARTE",1689365,"20X8S1QU00"
26343,"NRO_PARTE",1689366,"618S1LA#ABM"
26343,"NRO_PARTE",1689367,"2PTL352-781SOH3"
26343,"NRO_PARTE",1689368,"1PTL352-581SS3-FHD-U"
26343,"NRO_PARTE",1689369,"20TES1K900"
26343,"NRO_PARTE",1689370,"NS5L54MIHVA002"
26343,"NRO_PARTE",1689371,"NS5H58MIPVA014"
26343,"NRO_PARTE",1689372,"NS5H5WMIPVA016"
26343,"NRO_PARTE",1689373,"NS5L58MIUVA007"
26343,"NRO_PARTE",1689374,"NS5L5GMIUVA008"
26343,"NRO_PARTE",1689375,"NS5L5WMIUVA009"
26343,"NRO_PARTE",1689376,"NS5L58TIUVA00A"
26343,"NRO_PARTE",1689377,"NS5H5WMIPVA019"
26343,"NRO_PARTE",1689378,"NS5L5WTIUVA00C"
26343,"NRO_PARTE",1689379,"NS5H58TIPVA01A"
26343,"NRO_PARTE",1689380,"NS5L5GMIHVA00E"
26343,"NRO_PARTE",1689381,"NS5H5WTIHVA03H"
26343,"NRO_PARTE",1689382,"NS5H58MIPVA03I"
26343,"NRO_PARTE",1689383,"NS5H5GMIPVA03J"
26343,"NRO_PARTE",1689384,"NS5L7WMIUVA01F"
26343,"NRO_PARTE",1689385,"NS5L58TIHVA00J"
26343,"NRO_PARTE",1689386,"NS5L5GTIHVA00K"
26343,"NRO_PARTE",1689387,"NHL78T86TIVA1C"
26343,"NRO_PARTE",1689388,"NS5H5GMIHVA00W"
26343,"NRO_PARTE",1689389,"NS5H7GTIPVA02A"
26343,"NRO_PARTE",1689390,"NS5H7XMIPVA046"
26343,"NRO_PARTE",1689391,"NS5H7WMIPVA049"
26343,"NRO_PARTE",1689392,"NS5P7WMIPVA04H"
26343,"NRO_PARTE",1689393,"NS5P7WMIPVA04L"
26343,"NRO_PARTE",1689394,"53011QPR-MOP"
26343,"NRO_PARTE",1689395,"5A208LT#ABM-OP"
26343,"NRO_PARTE",1689396,"20TES6XJ00"
26343,"NRO_PARTE",1689397,"20YHS1BA00"
26343,"NRO_PARTE",1689398,"20TES6XN00"
26343,"NRO_PARTE",1689399,"20TES1EU00"
26343,"NRO_PARTE",1689400,"1PTL352-51625OP3-FHD"
26343,"NRO_PARTE",1689401,"NS5H58MIPVA017"
26343,"NRO_PARTE",1689402,"NS5L5GTIUVA00B"
26343,"NRO_PARTE",1689403,"NS5L78MIUVA01H"
26343,"NRO_PARTE",1689404,"NS5L7GMIUVA01I"
26343,"NRO_PARTE",1689405,"NS5L7XMIUVA01K"
26343,"NRO_PARTE",1689406,"NBPUA3BVA3U"
26343,"NRO_PARTE",1689407,"NS5H7GTIPVA04C"
26343,"NRO_PARTE",1689408,"NS5P78TIPVA04N"
26343,"NRO_PARTE",1689409,"53011PUG-MOP"
26343,"NRO_PARTE",1689410,"20X8S1QT00"
26343,"NRO_PARTE",1689411,"21CSS17500-OP"
26343,"NRO_PARTE",1689412,"1PTL352-51612OP3-FHD"
26343,"NRO_PARTE",1689413,"NS5L54MIUVA001"
26343,"NRO_PARTE",1689414,"NS5H5WTIHVA013"
26343,"NRO_PARTE",3893971,"BR1R7LS#ABM-OH4A"
26343,"NRO_PARTE",3894138,"BV5J4LA#ABM-OH4"
26343,"NRO_PARTE",3894153,"BV5J4LA#ABM-OH4A"
26343,"NRO_PARTE",3894161,"BV5J5LA#ABM-OH4"
26343,"NRO_PARTE",2626482,"7GMP04V492"
26343,"NRO_PARTE",2626487,"5GMP04V495"
26343,"NRO_PARTE",2508822,"3PTL543-71612SOH3-SO-LTE-V-A"
26343,"NRO_PARTE",2508829,"9V2J5LS#ABM-R"
26343,"NRO_PARTE",2508835,"3PTL543-71612SOP3-SO-LTE-V-A"
26343,"NRO_PARTE",2508837,"90NX06X1-M00X40-OP"
26343,"NRO_PARTE",2508848,"9V2J5LS#ABM-OHR"
26343,"NRO_PARTE",2508861,"90NX06X1-M00X40-OH"
26343,"NRO_PARTE",2508875,"9V2J5LS#ABM-OPR"
26343,"NRO_PARTE",3825078,"T16G8C33280100NSO"
26343,"NRO_PARTE",2778292,"AJ6V9LS#ABM-OP"
26343,"NRO_PARTE",4118060,"MDL2509XE4C2C"
26343,"NRO_PARTE",4118137,"MDL2509WA0ZQ6"
26343,"NRO_PARTE",2510217,"21E40029LM"
26343,"NRO_PARTE",1746073,"3PTL743T-71651SOH3"
26343,"NRO_PARTE",3137667,"T16G7U5188201-OH"
26343,"NRO_PARTE",3137687,"T16G7U51816101"
26343,"NRO_PARTE",1685475,"2E4U1LT#ABM-OP"
26343,"NRO_PARTE",1685476,"20JES1FP00"
26343,"NRO_PARTE",1685477,"20JES1FM00"
26343,"NRO_PARTE",1685478,"20HQS0DP00"
26343,"NRO_PARTE",1685479,"20HQS1N200"
26343,"NRO_PARTE",1685480,"20HQS1N300"
26343,"NRO_PARTE",1685481,"20HQS0DN00"
26343,"NRO_PARTE",1685482,"20HQS1N400"
26343,"NRO_PARTE",1685483,"20HQS1N600"
26343,"NRO_PARTE",1685484,"20HQS0DQ00"
26343,"NRO_PARTE",1685485,"20HQS1N500"
26343,"NRO_PARTE",1685486,"20HQS1N800"
26343,"NRO_PARTE",1685487,"20HQS0DR00"
26343,"NRO_PARTE",1685488,"20HQS1N700"
26343,"NRO_PARTE",1685489,"20HQS1N900"
26343,"NRO_PARTE",1685490,"20JJS0CQ00"
26343,"NRO_PARTE",1685491,"20JJS1NQ00"
26343,"NRO_PARTE",1685492,"20JJS1NP00"
26343,"NRO_PARTE",1685493,"20JJS0CR00"
26343,"NRO_PARTE",1685494,"20JJS1NR00"
26343,"NRO_PARTE",1685495,"20JJS1NN00"
26343,"NRO_PARTE",1685496,"7PTL74-51652SS4"
26343,"NRO_PARTE",1685497,"7PTL74-51652SS5"
26343,"NRO_PARTE",1685498,"7PTL74-51652OH3"
26343,"NRO_PARTE",1685499,"7PTL74-51652OH4"
26343,"NRO_PARTE",1685500,"7PTL74-51652OH5"
26343,"NRO_PARTE",1685501,"7PTL74-51652OP3"
26343,"NRO_PARTE",1685502,"7PTL74-51652OP4"
26343,"NRO_PARTE",1685503,"7PTL74-51652OP5"
26343,"NRO_PARTE",1685504,"20F5A0G800"
26343,"NRO_PARTE",1685505,"20FAA07K01"
26343,"NRO_PARTE",1685506,"20FAA0AH00"
26343,"NRO_PARTE",1685507,"20FAA0AJ00"
26343,"NRO_PARTE",1685508,"20FAA0AK00"
26343,"NRO_PARTE",1685509,"20FAA0AL00"
26343,"NRO_PARTE",1685510,"20FAA0AM00"
26343,"NRO_PARTE",1685511,"NBP2A3BVA3Q"
26343,"NRO_PARTE",1685512,"20H1A07K00"
26343,"NRO_PARTE",1685513,"20J7S0SC00"
26343,"NRO_PARTE",1685514,"1LQ40LA#ABM"
26343,"NRO_PARTE",1685515,"80SY02CKLM"
26343,"NRO_PARTE",1685516,"80SX004RLM"
26343,"NRO_PARTE",1685517,"THINKPAD T470P"
26343,"NRO_PARTE",1685518,"1NM05LT#ABM"
26343,"NRO_PARTE",1685519,"1PJ12LT#ABM"
26343,"NRO_PARTE",1685520,"1ZR24LA#ABM"
26343,"NRO_PARTE",1685521,"1ZR28LA#ABM"
26343,"NRO_PARTE",1685522,"20HJS02000"
26343,"NRO_PARTE",1685523,"20J5S15G00"
26343,"NRO_PARTE",1685524,"20JES1HH00"
26343,"NRO_PARTE",1685525,"20H1A03900"
26343,"NRO_PARTE",1685526,"20J7S0S900"
26343,"NRO_PARTE",1685527,"20J7S0SD00"
26343,"NRO_PARTE",1685528,"20J7S0SA00"
26343,"NRO_PARTE",1685529,"20J7S0SB00"
26343,"NRO_PARTE",1685530,"20J7S0S600"
26343,"NRO_PARTE",1685531,"1BZ16LT#ABM"
26343,"NRO_PARTE",1685532,"1BZ26LA#ABM"
26343,"NRO_PARTE",1685533,"1ZR47LA#ABM"
26343,"NRO_PARTE",1685534,"20J7S0S800"
26343,"NRO_PARTE",1685535,"20J7S0S700"
26343,"NRO_PARTE",1685536,"80T2S00R00"
26343,"NRO_PARTE",1685537,"80SX0010LM"
26343,"NRO_PARTE",1689415,"NS5L54MIPVA003"
26343,"NRO_PARTE",1689416,"NS5H5GMIPVA015"
26343,"NRO_PARTE",1689417,"NS5L58MIUVA004"
26343,"NRO_PARTE",1689418,"NS5L5GMIUVA005"
26343,"NRO_PARTE",1689419,"NS5L5WMIUVA006"
26343,"NRO_PARTE",1689420,"NS5H5GMIPVA018"
26343,"NRO_PARTE",1689421,"NS5L58MIHVA00D"
26343,"NRO_PARTE",1689422,"NS5H5GTIPVA01B"
26343,"NRO_PARTE",1689423,"NS5L5WMIHVA00F"
26343,"NRO_PARTE",1689424,"NS5H5WTIPVA01C"
26343,"NRO_PARTE",1689425,"NS5L58MIHVA00G"
26343,"NRO_PARTE",1689426,"NS5L5GMIHW00H"
26343,"NRO_PARTE",1689427,"NS5L78MIUVA01D"
26343,"NRO_PARTE",1689428,"NS5L5WMIHVA00I"
26343,"NRO_PARTE",1689429,"NS5L7GMIUVA01E"
26343,"NRO_PARTE",1689430,"NS5H7GMIPVA048"
26343,"NRO_PARTE",1689431,"NS5P7XMIPVA04M"
26343,"NRO_PARTE",1689432,"53012GHT-MOB"
26343,"NRO_PARTE",1689433,"53012GHT-MOP"
26343,"NRO_PARTE",1689434,"1PTL55-7161HOP3"
26343,"NRO_PARTE",1689435,"NS5H5WMIHVA010"
26343,"NRO_PARTE",1689436,"1PTL55-7812SOH3"
26343,"NRO_PARTE",1689437,"53011TVL-MOB"
26343,"NRO_PARTE",1689438,"1PTL55-71612SOH3"
26343,"NRO_PARTE",1689439,"1PTL55-71612SOP3"
26343,"NRO_PARTE",1689440,"NHH78T86TIVAA7"
26343,"NRO_PARTE",1689441,"NHH78T86TIVA3S"
26343,"NRO_PARTE",1689442,"NHH7GM86TIVAAL"
26343,"NRO_PARTE",1689443,"20TES6XP00"
26343,"NRO_PARTE",1689444,"2PTL352-781SOH3-2V"
26343,"NRO_PARTE",1689445,"618S1LA#ABM-OH"
26343,"NRO_PARTE",1689446,"20U1S0BB00-OP"
26343,"NRO_PARTE",1689447,"NL5L5WQI2VA015"
26343,"NRO_PARTE",1689448,"NL5L5WTI2VA01L"
26343,"NRO_PARTE",1689449,"NL5L78TI2VA01O"
26343,"NRO_PARTE",1689450,"NL5L5GTI2VA01P"
26343,"NRO_PARTE",1689451,"NL5L7W2I2VA01U"
26343,"NRO_PARTE",1689452,"NL5L5WVI2VA029"
26343,"NRO_PARTE",1689453,"LPNKI71003"
26343,"NRO_PARTE",1689454,"NL5L58VI2VA02B"
26343,"NRO_PARTE",1689455,"NL5L78VI2VA02C"
26343,"NRO_PARTE",1689456,"LPNKI71004"
26343,"NRO_PARTE",1689457,"NL5L7WYI2VA02Y"
26343,"NRO_PARTE",1689458,"NL5L5WQI2VA03L"
26343,"NRO_PARTE",1689459,"NL5L7WQI2VA03M"
26343,"NRO_PARTE",1689460,"NL5L7GQI2VA03Q"
26343,"NRO_PARTE",1689461,"NL5L5WMI2VA03T"
26343,"NRO_PARTE",1689462,"NL5L78MI2VA03W"
26343,"NRO_PARTE",1689463,"NL5L5GMI2VA03X"
26343,"NRO_PARTE",1689464,"NL5L7WTI2VA042"
26343,"NRO_PARTE",1689465,"NL5L58TI2VA043"
26343,"NRO_PARTE",1689466,"NL5L7GTI2VA046"
26343,"NRO_PARTE",1689467,"NL5L5WTI2VA049"
26343,"NRO_PARTE",1689468,"NL5L7WTI2VA04A"
26343,"NRO_PARTE",1689469,"NL5L58TI2VA04B"
26343,"NRO_PARTE",1689470,"NL5L5GTI2VA04D"
26343,"NRO_PARTE",1689471,"90NX04R1-M00570-OH"
26343,"NRO_PARTE",1689472,"21CSS06V00"
26343,"NRO_PARTE",1689473,"21CSS07000"
26343,"NRO_PARTE",1689474,"55F78LS#ABM-A"
26343,"NRO_PARTE",1689475,"55F79LS#ABM-A"
26343,"NRO_PARTE",3893894,"BR1R7LS#ABM"
26343,"NRO_PARTE",1739008,"21E4S0AT00"
26343,"NRO_PARTE",1739010,"21E4S09G00"
26343,"NRO_PARTE",3333073,"A2VA7LS#ABM-OPA"
26343,"NRO_PARTE",2508866,"3PTL543-71612SOH3-SO-LTE-V-B"
26343,"NRO_PARTE",4003188,"5PTDPP14T-7V325SSS3"
26343,"NRO_PARTE",2778324,"AJ6V9LS#ABM-OPA"
26343,"NRO_PARTE",1759105,"90NX05U1-M00YB0-OP"
26343,"NRO_PARTE",1759135,"90NX0441-M034L0."
26343,"NRO_PARTE",4118406,"MDL2509C2H7F5"
26343,"NRO_PARTE",4118450,"MDL2509I8T9ZP"
26343,"NRO_PARTE",4118470,"MDL2509VA0P5W"
26343,"NRO_PARTE",3728472,"""THINKPAD E16 GEN 2 (INTEL)	"""
26343,"NRO_PARTE",3728503,"T16G8C53382100H"
26343,"NRO_PARTE",4137506,"E14G7R7151"
26343,"NRO_PARTE",1746271,"3PTL352-7812SOH3"
26343,"NRO_PARTE",1685538,"1NW27LT#ABM"
26343,"NRO_PARTE",1685539,"20J7S0SE00"
26343,"NRO_PARTE",1685540,"1ZQ91LA#ABM"
26343,"NRO_PARTE",1685541,"80SY02CJLM"
26343,"NRO_PARTE",1685542,"80T2006ULM"
26343,"NRO_PARTE",1685543,"80T2A05DLM"
26343,"NRO_PARTE",1685544,"80SY02GSLM"
26343,"NRO_PARTE",1685545,"Z3Z83LA"
26343,"NRO_PARTE",1685546,"1ZQ96LT#ABM"
26343,"NRO_PARTE",1685547,"1PTL542-7812OH3-HD"
26343,"NRO_PARTE",1685548,"1PTL342-581OP3-FHD"
26343,"NRO_PARTE",1685549,"1PTL342-581SS3-FHD-S"
26343,"NRO_PARTE",1685550,"20TBS1DB00"
26343,"NRO_PARTE",1685551,"1PTL342-381SS3-HD"
26343,"NRO_PARTE",1685552,"1PTL342-381OH3-HD"
26343,"NRO_PARTE",1685553,"1PTL542-581OH3-HD"
26343,"NRO_PARTE",1685554,"618U3LT#ABM-OH"
26343,"NRO_PARTE",1685555,"E1504I7132101P"
26343,"NRO_PARTE",1685556,"21E7S0GQ00- OH"
26343,"NRO_PARTE",1685557,"21E7S0GS00."
26343,"NRO_PARTE",1685558,"90NX0421-M28100"
26343,"NRO_PARTE",1685559,"90NX0211-M49890"
26343,"NRO_PARTE",1685560,"90NX0441-M08820"
26343,"NRO_PARTE",1685561,"90NX0441-M08880"
26343,"NRO_PARTE",1685562,"0PTL351-3825OH3-FHD"
26343,"NRO_PARTE",1685563,"0PTL341-381OP3-FHD"
26343,"NRO_PARTE",1685564,"0PTL341-31625OH3-FHD"
26343,"NRO_PARTE",1685565,"0PTL341-51625SS3-FHD"
26343,"NRO_PARTE",1685566,"0PTL341-51625OP3-FHD"
26343,"NRO_PARTE",1685567,"0PTL341-51612SS3-FHD"
26343,"NRO_PARTE",1685568,"0PTL341-51612OH3-FHD"
26343,"NRO_PARTE",1685569,"20T1S1C400"
26343,"NRO_PARTE",1685570,"20U1S14700"
26343,"NRO_PARTE",1685571,"20U1S14600"
26343,"NRO_PARTE",1685572,"20U1S14400"
26343,"NRO_PARTE",1685573,"20RES3LJ00"
26343,"NRO_PARTE",1685574,"81MQ001ALM."
26343,"NRO_PARTE",1685575,"20U1S14200"
26343,"NRO_PARTE",1685576,"90NX02N1-M26110"
26343,"NRO_PARTE",1685577,"2PTL342-5856OP3-FHD"
26343,"NRO_PARTE",1685578,"2PTL342-51612OP3-HD"
26343,"NRO_PARTE",1685579,"2PTL342-71656OP3-HD"
26343,"NRO_PARTE",1685580,"20U2S2YG00"
26343,"NRO_PARTE",1685581,"20U1S0CY00"
26343,"NRO_PARTE",1685582,"6C5X5LT#ABM-OPM"
26343,"NRO_PARTE",1685583,"1NM09LT#ABM"
26343,"NRO_PARTE",1685584,"1PJ11LT#ABM"
26343,"NRO_PARTE",1685585,"20HAS0RR00"
26343,"NRO_PARTE",1685586,"20HES1E200"
26343,"NRO_PARTE",1685587,"20J9S0AT00"
26343,"NRO_PARTE",1685588,"1ZR48LA#ABM"
26343,"NRO_PARTE",1685589,"1ZR16LA#ABM"
26343,"NRO_PARTE",1685590,"7PTL74-51652SS3"
26343,"NRO_PARTE",1685591,"7PTL55-5041SS3"
26343,"NRO_PARTE",1685592,"7PTL55-5041SS4"
26343,"NRO_PARTE",1685593,"7PTL55-5041SS5"
26343,"NRO_PARTE",1685594,"7PTL55-5041OH3"
26343,"NRO_PARTE",1685595,"7PTL55-5041OH4"
26343,"NRO_PARTE",1685596,"7PTL55-5041OH5"
26343,"NRO_PARTE",1685597,"7PTL55-5041OP3"
26343,"NRO_PARTE",1685598,"7PTL55-5041OP4"
26343,"NRO_PARTE",1689476,"55F79LS#ABM-OHA"
26343,"NRO_PARTE",1689477,"55F79LS#ABM-OPA"
26343,"NRO_PARTE",1689478,"2N5U1LT-ABM-OP"
26343,"NRO_PARTE",1689479,"4M1D5LT#ABM"
26343,"NRO_PARTE",1689480,"4M1D5LT#ABM-OH"
26343,"NRO_PARTE",1689481,"4M1D5LT#ABM-OP"
26343,"NRO_PARTE",1689482,"20YDS04U00"
26343,"NRO_PARTE",1689483,"20YDS04000"
26343,"NRO_PARTE",1689484,"20YDS19E00"
26343,"NRO_PARTE",1689485,"4C9A7LT#ABM"
26343,"NRO_PARTE",1689486,"20U1S0BB00-OH"
26343,"NRO_PARTE",1689487,"17G33LT#ABM-OP"
26343,"NRO_PARTE",1689488,"20U3S00100"
26343,"NRO_PARTE",1689489,"20U1S13Y00"
26343,"NRO_PARTE",1689490,"20U1S14200."
26343,"NRO_PARTE",1689491,"20U1S14300."
26343,"NRO_PARTE",1689492,"1S1S0LA#ABM-OH"
26343,"NRO_PARTE",1689493,"55F78LS#ABM-OH"
26343,"NRO_PARTE",1689494,"NL5L7WTI2VA01M"
26343,"NRO_PARTE",1689495,"NL5L58QI2VA03N"
26343,"NRO_PARTE",1689496,"NL5L5GQI2VA03P"
26343,"NRO_PARTE",1689497,"NL5L5WQI2VA04P"
26343,"NRO_PARTE",1689498,"NL5L7WQI2VA04Q"
26343,"NRO_PARTE",1689499,"LPNKI71005"
26343,"NRO_PARTE",1689500,"LPNKI71006"
26343,"NRO_PARTE",1689501,"LPNKI71009"
26343,"NRO_PARTE",1689502,"21EES09A00"
26343,"NRO_PARTE",1689503,"1PTL341-5825SS3-C-S"
26343,"NRO_PARTE",1689504,"1PTL341-5825OH3-C-S"
26343,"NRO_PARTE",1689505,"20U1S14600"
26343,"NRO_PARTE",1689506,"1S1S0LA#ABM-OP"
26343,"NRO_PARTE",1689507,"20U3S0TQ00"
26343,"NRO_PARTE",1689508,"1S1S0LA#ABMS"
26343,"NRO_PARTE",1689509,"20U1S1470"
26343,"NRO_PARTE",1689510,"20U1S14700."
26343,"NRO_PARTE",1689511,"1F4N8LT#ABMR"
26343,"NRO_PARTE",1689512,"20U1S14800"
26343,"NRO_PARTE",1689513,"20U3S0TQ00-OH"
26343,"NRO_PARTE",1689514,"1F4N8LT#ABMR-OP"
26343,"NRO_PARTE",1689515,"1F4Z5LT#ABMR"
26343,"NRO_PARTE",1689516,"1F4Z5LT#ABMR-OP"
26343,"NRO_PARTE",1689517,"20U3S0TQ00-OP"
26343,"NRO_PARTE",1689518,"0PTL551-5161OH3-FHD"
26343,"NRO_PARTE",1689519,"0PTL551-5161SSS3-FHD"
26343,"NRO_PARTE",1689520,"0PTL551-5161SOP3-FHD"
26343,"NRO_PARTE",1689521,"0PTL551-51625SS3-FHD"
26343,"NRO_PARTE",1689522,"NB0GA3BVA1F"
26343,"NRO_PARTE",1689523,"NB01V3BVA0P"
26343,"NRO_PARTE",1689524,"NL5L7WQI2VA016"
26343,"NRO_PARTE",1689525,"NL5L5GVI2VA02D"
26343,"NRO_PARTE",1689526,"NL5L7GTI2VA04E"
26343,"NRO_PARTE",1689527,"53012YHVO-MOB"
26343,"NRO_PARTE",1689528,"NL5L58QI2VA04R"
26343,"NRO_PARTE",1689529,"21EES09800"
26343,"NRO_PARTE",1689530,"21EES09900"
26343,"NRO_PARTE",1689531,"90NX05D1-M00L70-OH"
26343,"NRO_PARTE",1689532,"21ECS07J00"
26343,"NRO_PARTE",1689533,"90NX05D1-M00L70"
26343,"NRO_PARTE",1689534,"21CSS06J00"
26343,"NRO_PARTE",1689535,"90NX02N1-M25200-3YOSS"
26343,"NRO_PARTE",1689536,"655H0LS#ABM-OP"
26343,"NRO_PARTE",1689537,"1Y6G0LA#ABM-A"
26343,"NRO_PARTE",3894023,"BR1R8LS#ABM-OH4"
26343,"NRO_PARTE",3333197,"V15G5C582100"
26343,"NRO_PARTE",3333224,"V15G5C582100-OH"
26343,"NRO_PARTE",2508981,"90NX06X1-M00TR0-OP"
26343,"NRO_PARTE",4118109,"MDL2509F5XB1L"
26343,"NRO_PARTE",4118485,"MDL2509R7ZH7D"
26343,"NRO_PARTE",1746302,"3PTL352-7812SOP3"
26343,"NRO_PARTE",1746310,"21EES1QA00"
26343,"NRO_PARTE",3137712,"T16G7U51816101-OH"
26343,"NRO_PARTE",3137742,"T16G7U51816201"
26343,"NRO_PARTE",1685599,"20J9S0MH00"
26343,"NRO_PARTE",1685600,"80T3"
26343,"NRO_PARTE",1685601,"20H5A02W00"
26343,"NRO_PARTE",1685602,"20H5S0AL00"
26343,"NRO_PARTE",1685603,"20H5S0AK00"
26343,"NRO_PARTE",1685604,"20H5A02X00"
26343,"NRO_PARTE",1685605,"20H5S0AN00"
26343,"NRO_PARTE",1685606,"20H5S0AM00"
26343,"NRO_PARTE",1685607,"20J5S08100"
26343,"NRO_PARTE",1685608,"20J5S11800"
26343,"NRO_PARTE",1685609,"20J5S11700"
26343,"NRO_PARTE",1685610,"20J5S08000"
26343,"NRO_PARTE",1685611,"20J5S11B00"
26343,"NRO_PARTE",1685612,"20J5S11900"
26343,"NRO_PARTE",1685613,"20J5S08200"
26343,"NRO_PARTE",1685614,"20J5S11A00"
26343,"NRO_PARTE",1685615,"7PTL35-581SS3"
26343,"NRO_PARTE",1685616,"7PTL35-581SS4"
26343,"NRO_PARTE",1685617,"7PTL35-581SS5"
26343,"NRO_PARTE",1685618,"7PTL35-581OH3"
26343,"NRO_PARTE",1685619,"7PTL35-581OH4"
26343,"NRO_PARTE",1685620,"7PTL35-581OH5"
26343,"NRO_PARTE",1685621,"7PTL35-581OP3"
26343,"NRO_PARTE",1685622,"7PTL35-581OP4"
26343,"NRO_PARTE",1685623,"7PTL35-581OP5"
26343,"NRO_PARTE",1685624,"1ZQ53LA#ABM"
26343,"NRO_PARTE",1685625,"7PTL34-545SS3"
26343,"NRO_PARTE",1685626,"7PTL34-545SS4"
26343,"NRO_PARTE",1685627,"7PTL34-545SS5"
26343,"NRO_PARTE",1685628,"7PTL34-545OH3"
26343,"NRO_PARTE",1685629,"7PTL34-545OH4"
26343,"NRO_PARTE",1685630,"7PTL34-545OH5"
26343,"NRO_PARTE",1685631,"7PTL34-545OP3"
26343,"NRO_PARTE",1685632,"7PTL34-545OP4"
26343,"NRO_PARTE",1685633,"7PTL34-545OP5"
26343,"NRO_PARTE",1685634,"20HGS24600"
26343,"NRO_PARTE",1685635,"20HGS2JA00"
26343,"NRO_PARTE",1685636,"20HGS2J900"
26343,"NRO_PARTE",1685637,"20HGS0NR00"
26343,"NRO_PARTE",1685638,"20HGS2JB00"
26343,"NRO_PARTE",1685639,"20HGS2JC00"
26343,"NRO_PARTE",1685640,"20HAS0A900"
26343,"NRO_PARTE",1685641,"20HAS19D00"
26343,"NRO_PARTE",1685642,"20HAS19E00"
26343,"NRO_PARTE",1685643,"20HAS0A800"
26343,"NRO_PARTE",1685644,"20HAS19G00"
26343,"NRO_PARTE",1685645,"20HAS19F00"
26343,"NRO_PARTE",1685646,"20HAS0A700"
26343,"NRO_PARTE",1685647,"E7J14LA#ABM"
26343,"NRO_PARTE",1685648,"OTLP156500108WS160500PE"
26343,"NRO_PARTE",1685649,"OTLP156500108WS161000PE"
26343,"NRO_PARTE",1685650,"OTLP1565002000N040500PE"
26343,"NRO_PARTE",1685651,"OTLP1565002000N041000PE"
26343,"NRO_PARTE",1685652,"OTLP1565002000N080500PE"
26343,"NRO_PARTE",1685653,"OTLP1565002000N081000PE"
26343,"NRO_PARTE",1685654,"1PTL542-5825OH3-HD"
26343,"NRO_PARTE",1685655,"1PTL542-5825OP3-HD"
26343,"NRO_PARTE",1685656,"1PTL542-5812OP3-HD"
26343,"NRO_PARTE",1685657,"1PTL342-5825SS3-FHD-S"
26343,"NRO_PARTE",1685658,"1PTL342-5825OH3-FHD-S"
26343,"NRO_PARTE",1685659,"1PTL342-581OP3-HD"
26343,"NRO_PARTE",1685660,"1PTL342-5825SS3-HD"
26343,"NRO_PARTE",1689538,"2X112LS#ABM-OH"
26343,"NRO_PARTE",1689539,"1F4N8LT#ABMR-OH"
26343,"NRO_PARTE",1689540,"NBADVNV6649SL-S"
26343,"NRO_PARTE",1689541,"NBADVCN4048BK-S"
26343,"NRO_PARTE",1689542,"0PTL551-5161SS3-FHD"
26343,"NRO_PARTE",1689543,"0PTL551-5161OP3-FHD"
26343,"NRO_PARTE",1689544,"0PTL551-5161SOH3-FHD"
26343,"NRO_PARTE",1689545,"0PTL551-51625OP3-FHD"
26343,"NRO_PARTE",1689546,"0PTL551-51612SS3-FHD"
26343,"NRO_PARTE",1689547,"0PTL351-5825SS3-4"
26343,"NRO_PARTE",1689548,"0PTL351-5825OH3-4"
26343,"NRO_PARTE",1689549,"55F78LS#ABM"
26343,"NRO_PARTE",1689550,"NL5L78QI2VA018"
26343,"NRO_PARTE",1689551,"NL5L7GQI2VA01A"
26343,"NRO_PARTE",1689552,"NL5L5WMI2VA01D"
26343,"NRO_PARTE",1689553,"NL5L782I2VA01W"
26343,"NRO_PARTE",1689554,"NL5L5WYI2VA02X"
26343,"NRO_PARTE",1689555,"NL5L5WTI2VA041"
26343,"NRO_PARTE",1689556,"NL5L5GTI2VA045"
26343,"NRO_PARTE",1689557,"NL5L78TI2VA04C"
26343,"NRO_PARTE",1689558,"LPNKI71008"
26343,"NRO_PARTE",1689559,"NL5L5GQI2VA04T"
26343,"NRO_PARTE",1689560,"NL5L7GQI2VA04U"
26343,"NRO_PARTE",1689561,"NL5L58MI2VA04Z"
26343,"NRO_PARTE",1689562,"NL5L78TI2VA058"
26343,"NRO_PARTE",1689563,"NL5L5GTI2VA059"
26343,"NRO_PARTE",1689564,"NL5L5W2I2VA05D"
26343,"NRO_PARTE",1689565,"90NX04R1-M00570"
26343,"NRO_PARTE",1689566,"90NX05E1-M00ZZ0-OH"
26343,"NRO_PARTE",1689567,"21CSS06P00"
26343,"NRO_PARTE",1689568,"90NX02N1-M26100"
26343,"NRO_PARTE",1689569,"53011WFA"
26343,"NRO_PARTE",1689570,"53011EBV"
26343,"NRO_PARTE",1689571,"0PTL72R-5825SS3"
26343,"NRO_PARTE",1689572,"4C9A7LT#ABM-OP"
26343,"NRO_PARTE",1689573,"20U1S14500"
26343,"NRO_PARTE",1689574,"1F4Z5LT#ABMR-OH"
26343,"NRO_PARTE",1689575,"20U1S18400"
26343,"NRO_PARTE",1689576,"0PTL551-51612OH3-FHD"
26343,"NRO_PARTE",1689577,"0PTL551-781OP3-FHD"
26343,"NRO_PARTE",1689578,"0PTL551-781SSS3-FHD"
26343,"NRO_PARTE",1689579,"0PTL551-7825SS3-FHD"
26343,"NRO_PARTE",1689580,"0PTL551-7825OP3-FHD"
26343,"NRO_PARTE",1689581,"20U3S0FY00"
26343,"NRO_PARTE",1689582,"0PTL551-7812OH3-FHD"
26343,"NRO_PARTE",1689583,"0PTL551-7161OH3-FHD"
26343,"NRO_PARTE",1689584,"1S1R5LA#ABM3"
26343,"NRO_PARTE",1689585,"20U3S0PH00"
26343,"NRO_PARTE",1689586,"0PTL551-7161OP3-FHD"
26343,"NRO_PARTE",1689587,"0PTL551-7161SOH3-FHD"
26343,"NRO_PARTE",1689588,"1S1R5LA#ABM-OP"
26343,"NRO_PARTE",1689589,"0PTL351-5825SS3-4-FHD"
26343,"NRO_PARTE",1689590,"0PTL351-5825OH3-4-FHD"
26343,"NRO_PARTE",1689591,"0PTL351-5825OP3-4-FHD"
26343,"NRO_PARTE",1689592,"NL5L7WMI2VA03U"
26343,"NRO_PARTE",1689593,"NL5L58MI2VA03V"
26343,"NRO_PARTE",1689594,"NL5L7GMI2VA03Y"
26343,"NRO_PARTE",1689595,"NL5L78TI2VA044"
26343,"NRO_PARTE",1689596,"53012YHVO-MOP"
26343,"NRO_PARTE",1689597,"NL5L78MI2VA050"
26343,"NRO_PARTE",1689598,"NL5L5GMI2VA051"
26343,"NRO_PARTE",3894063,"BR1R8LS#ABM-OH4A"
26343,"NRO_PARTE",3894090,"BV5H9LA#ABM-OH4"
26343,"NRO_PARTE",3894101,"BV5H9LA#ABM-OH4A"
26343,"NRO_PARTE",3894118,"BV5J0LA#ABM-OH4"
26343,"NRO_PARTE",2508886,"3PTL543-71612SOP3-SO-LTE-V-B"
26343,"NRO_PARTE",4118429,"MDL2509R7B1O4"
26343,"NRO_PARTE",4118503,"MDL2509P5F5M2"
26343,"NRO_PARTE",3728523,"T16G8C734162100H"
26343,"NRO_PARTE",1746339,"21EES1Q600"
26343,"NRO_PARTE",3137774,"T16G7U51816201-OH"
26343,"NRO_PARTE",3137789,"T16G7U71932201"
26343,"NRO_PARTE",1685661,"1PTL542-51612SS3-HD"
26343,"NRO_PARTE",1685662,"1PTL542-781OH3-HD"
26343,"NRO_PARTE",1685663,"20TBS1D600"
26343,"NRO_PARTE",1685664,"618U3LT#ABM"
26343,"NRO_PARTE",1685665,"20YDS19H00"
26343,"NRO_PARTE",1685666,"E1504I7132201P"
26343,"NRO_PARTE",1685667,"90NX0441-M02CA0-OPR"
26343,"NRO_PARTE",1685668,"53012YGJ-12"
26343,"NRO_PARTE",1685669,"0PTL341-3161OP3-FHD"
26343,"NRO_PARTE",1685670,"0PTL341-31625SS3-FHD"
26343,"NRO_PARTE",1685671,"0PTL341-7825SS3-FHD"
26343,"NRO_PARTE",1685672,"0PTL341-7161SS3-FHD"
26343,"NRO_PARTE",1685673,"0PTL341-7161OH3-FHD"
26343,"NRO_PARTE",1685674,"0PTL341-71625OH3-FHD"
26343,"NRO_PARTE",1685675,"0PTL341-71625OP3-FHD"
26343,"NRO_PARTE",1685676,"0PTL341-71612SS3-FHD"
26343,"NRO_PARTE",1685677,"20U3S0PM00"
26343,"NRO_PARTE",1685678,"20U3S0PL00"
26343,"NRO_PARTE",1685679,"20U3S0QM00"
26343,"NRO_PARTE",1685680,"90NX02N1-M27750"
26343,"NRO_PARTE",1685681,"20YKS01000"
26343,"NRO_PARTE",1685682,"0PTL351-781OH3-HD"
26343,"NRO_PARTE",1685683,"WT15I3D107"
26343,"NRO_PARTE",1685684,"2PTL342-316S1OP3-HD"
26343,"NRO_PARTE",1685685,"2PTL342-38S1OP3-FHD"
26343,"NRO_PARTE",1685686,"2PTL342-5856OP3-HD"
26343,"NRO_PARTE",1685687,"2PTL342-51612OP3-FHD"
26343,"NRO_PARTE",1685688,"2PTL342-51656OP3-FHD"
26343,"NRO_PARTE",1685689,"2PTL342-51656OP3-HD"
26343,"NRO_PARTE",1685690,"2PTL342-78S1OP3-FHD"
26343,"NRO_PARTE",1685691,"2PTL342-78S1OP3-HD"
26343,"NRO_PARTE",1685692,"2PTL342-716S1OP3-FHD"
26343,"NRO_PARTE",1685693,"2PTL342-716S1OP3-HD"
26343,"NRO_PARTE",1685694,"2PTL342-7812OP3-HD"
26343,"NRO_PARTE",1685695,"2PTL342-7856OP3-FHD"
26343,"NRO_PARTE",1685696,"2PTL342-7856OP3-HD"
26343,"NRO_PARTE",1685697,"2PTL342-71612OP3-FHD"
26343,"NRO_PARTE",1685698,"2PTL342-71612OP3-HD"
26343,"NRO_PARTE",1685699,"2PTL342-71656OP3-FHD"
26343,"NRO_PARTE",1685700,"2PTL352-38S1OP3-FHD"
26343,"NRO_PARTE",1685701,"2PTL352-38S1OP3-HD"
26343,"NRO_PARTE",1685702,"2PTL352-316S1OP3-FHD"
26343,"NRO_PARTE",1685703,"2PTL352-316S1OP3-HD"
26343,"NRO_PARTE",1685704,"20U4S3V700"
26343,"NRO_PARTE",1685705,"20U4S3V900"
26343,"NRO_PARTE",1685706,"0PTL351-7161SS3-I"
26343,"NRO_PARTE",1685707,"0PTL351-7161SOP3-I"
26343,"NRO_PARTE",1685708,"14Z90N-V.AR57B4-OFFICE"
26343,"NRO_PARTE",1685709,"17Z90N-V.AH78B4-OFFICE"
26343,"NRO_PARTE",1685710,"1Y6F9LA#ABM-OP"
26343,"NRO_PARTE",1685711,"53013DBN-MOP"
26343,"NRO_PARTE",1685712,"20YHS08900"
26343,"NRO_PARTE",1685713,"20YHS08Q00"
26343,"NRO_PARTE",1685714,"20TBS3NL00"
26343,"NRO_PARTE",1685715,"20X4S4BP00"
26343,"NRO_PARTE",1685716,"20X4S4C100"
26343,"NRO_PARTE",1685717,"20YHS08C00"
26343,"NRO_PARTE",1685718,"20X4S4BY00"
26343,"NRO_PARTE",1685719,"20X8S0AF00"
26343,"NRO_PARTE",1685720,"20X4S4C300"
26343,"NRO_PARTE",1685721,"20YDS0AS00"
26343,"NRO_PARTE",1689599,"NL5L7WTI2VA056"
26343,"NRO_PARTE",1689600,"NL5L58TI2VA057"
26343,"NRO_PARTE",1689601,"NL5L7G2I2VA05I"
26343,"NRO_PARTE",1689602,"NL5L5WVI2VA05T"
26343,"NRO_PARTE",1689603,"NL5L7WVI2VA05U"
26343,"NRO_PARTE",1689604,"NL5L7WYI2VA06I"
26343,"NRO_PARTE",1689605,"NL5L58YI2VA06J"
26343,"NRO_PARTE",1689606,"NL5L78YI2VA06K"
26343,"NRO_PARTE",1689607,"53012GHTO"
26343,"NRO_PARTE",1689608,"2PTLV340-C856SSS1-HD"
26343,"NRO_PARTE",1689609,"21CSS06T00"
26343,"NRO_PARTE",1689610,"21CSS06G00"
26343,"NRO_PARTE",1689611,"21CSS06L00"
26343,"NRO_PARTE",1689612,"21CSS06H00"
26343,"NRO_PARTE",1689613,"0PTL72R-5825OP3"
26343,"NRO_PARTE",1689614,"E141"
26343,"NRO_PARTE",1689615,"E142"
26343,"NRO_PARTE",1689616,"0PTL551-51612OP3-FHD"
26343,"NRO_PARTE",1689617,"0PTL551-781OH3-FHD"
26343,"NRO_PARTE",1689618,"20U3S0FX00"
26343,"NRO_PARTE",1689619,"0PTL551-7825OH3-FHD"
26343,"NRO_PARTE",1689620,"0PTL551-7812SS3-FHD"
26343,"NRO_PARTE",1689621,"0PTL551-7812OP3-FHD"
26343,"NRO_PARTE",1689622,"0PTL551-7161SS3-FHD"
26343,"NRO_PARTE",1689623,"0PTL551-7161SOP3-FHD"
26343,"NRO_PARTE",1689624,"20U3S0PK00"
26343,"NRO_PARTE",1689625,"LPNKI71007"
26343,"NRO_PARTE",1689626,"NL5L7W2I2VA05E"
26343,"NRO_PARTE",1689627,"NL5L5WYI2VA06H"
26343,"NRO_PARTE",1689628,"NL5L5GYI2VA06L"
26343,"NRO_PARTE",1689629,"NL5L7GYI2VA06M"
26343,"NRO_PARTE",1689630,"NL5L7WQI2VA076"
26343,"NRO_PARTE",1689631,"NL5L58QI2VA077"
26343,"NRO_PARTE",1689632,"LPNKI71010"
26343,"NRO_PARTE",1689633,"NL5L5GQI2VA079"
26343,"NRO_PARTE",1689634,"NL5L7WMI2VA07E"
26343,"NRO_PARTE",1689635,"NL5L58MI2VA07F"
26343,"NRO_PARTE",1689636,"NL5L5GMI2VA07H"
26343,"NRO_PARTE",1689637,"NL5L7GMI2VA07I"
26343,"NRO_PARTE",1689638,"90NX05E1-M00ZZ0"
26343,"NRO_PARTE",1689639,"21ECS07N00"
26343,"NRO_PARTE",1689640,"21CSS06E00"
26343,"NRO_PARTE",1689641,"21CSS06K00"
26343,"NRO_PARTE",1689642,"55F79LS#ABM-M"
26343,"NRO_PARTE",1689643,"55F79LS#ABM-OPM"
26343,"NRO_PARTE",1689644,"90NX02N1-M27760"
26343,"NRO_PARTE",1689645,"4C9A7LT#ABM-OH"
26343,"NRO_PARTE",1689646,"0PTL551-51625OH3-FHD"
26343,"NRO_PARTE",1689647,"0PTL551-781SS3-FHD"
26343,"NRO_PARTE",1689648,"0PTL551-781SOH3-FHD"
26343,"NRO_PARTE",1689649,"20U3S0PJ00"
26343,"NRO_PARTE",1689650,"20U1S18400-OH"
26343,"NRO_PARTE",1689651,"20U1S18400-OP"
26343,"NRO_PARTE",1689652,"20U3S06800"
26343,"NRO_PARTE",1689653,"2E4U2LT#ABM"
26343,"NRO_PARTE",1689654,"2E4U2LT#ABM-OH"
26343,"NRO_PARTE",1689655,"NBH2A3BVA2K"
26343,"NRO_PARTE",1689656,"NL5L582I2VA05F"
26343,"NRO_PARTE",1689657,"NL5L5WQI2VA075"
26343,"NRO_PARTE",1689658,"LPNKI71012"
26343,"NRO_PARTE",1689659,"LPNKI71015"
26343,"NRO_PARTE",1689660,"NL5L5GTI2VA07P"
26343,"NRO_PARTE",3894205,"BV5J5LA#ABM-OH4A"
26343,"NRO_PARTE",2652761,"21KK0025LM"
26343,"NRO_PARTE",2514798,"PML32U-00G003-OH"
26343,"NRO_PARTE",2514805,"PML32U-00G003-OP"
26343,"NRO_PARTE",4231668,"CPAX-26005"
26343,"NRO_PARTE",4231717,"CPAX-26007"
26343,"NRO_PARTE",4231723,"MDL2605A0A0O4"
26343,"NRO_PARTE",4231751,"E16G3R7321000-OHU"
26343,"NRO_PARTE",4231878,"MDL2605C2XUP5"
26343,"NRO_PARTE",4231882,"MDL2605ZB1M2Y"
26343,"NRO_PARTE",1737125,"PSY19U-0FG035-M-OH"
26343,"NRO_PARTE",2648462,"4PTL355-7161SOP3-B"
26343,"NRO_PARTE",2628141,"A4DZ7LS#ABM-OPS"
26343,"NRO_PARTE",1835194,"849N7LT#ABM"
26343,"NRO_PARTE",1769013,"21EES1YA00-HB"
26343,"NRO_PARTE",1769040,"21EES1YC00-OP"
26343,"NRO_PARTE",1770074,"3PTL352-3856OH3-HD"
26343,"NRO_PARTE",1770115,"3PTL352-3812OH1-HD"
26343,"NRO_PARTE",1685722,"20YDS0AW00"
26343,"NRO_PARTE",1685723,"20YHS08F00"
26343,"NRO_PARTE",1685724,"20YHS08L00"
26343,"NRO_PARTE",1685725,"20YHS08S00"
26343,"NRO_PARTE",1685726,"20YHS08N00"
26343,"NRO_PARTE",1685727,"20X4S4BW00"
26343,"NRO_PARTE",1685728,"20YHS08E00"
26343,"NRO_PARTE",1685729,"20X4S4BV00"
26343,"NRO_PARTE",1685730,"20X4S4C000"
26343,"NRO_PARTE",1685731,"20X4S4C800"
26343,"NRO_PARTE",1685732,"20TBS3NL00-OH"
26343,"NRO_PARTE",1685733,"20YHS08H00"
26343,"NRO_PARTE",1685734,"20YHS08K00"
26343,"NRO_PARTE",1685735,"OTLP1565002000N160500PE"
26343,"NRO_PARTE",1685736,"OTLP1565002000N161000PE"
26343,"NRO_PARTE",1685737,"OTLP156500208WN040500PE"
26343,"NRO_PARTE",1685738,"P3D73LT#ABM"
26343,"NRO_PARTE",1685739,"P3D75LA#ABM"
26343,"NRO_PARTE",1685740,"P3D76LT#ABM"
26343,"NRO_PARTE",1685741,"P3D77LT#ABM"
26343,"NRO_PARTE",1685742,"P3D78LT#ABM"
26343,"NRO_PARTE",1685743,"P3D79LT#ABM"
26343,"NRO_PARTE",1685744,"P3D80LT#ABM"
26343,"NRO_PARTE",1685745,"P3D81LT#ABM"
26343,"NRO_PARTE",1685746,"P3D96LT#ABM"
26343,"NRO_PARTE",1685747,"P3D97LT#ABM"
26343,"NRO_PARTE",1685748,"20EVA02P00"
26343,"NRO_PARTE",1685749,"20EVA02Q00"
26343,"NRO_PARTE",1685750,"20EVA02R00"
26343,"NRO_PARTE",1685751,"1ZQ31LA#ABM"
26343,"NRO_PARTE",1685752,"1BZ12LA#ABM"
26343,"NRO_PARTE",1685753,"1BZ21LT#ABM"
26343,"NRO_PARTE",1685754,"1BZ28LA#ABM"
26343,"NRO_PARTE",1685755,"1ZQ93LA#ABM"
26343,"NRO_PARTE",1685756,"1ZQ32LA#ABM"
26343,"NRO_PARTE",1685757,"1HB10LA#ABM"
26343,"NRO_PARTE",1685758,"1BZ51LA#ABM"
26343,"NRO_PARTE",1685759,"1BZ36LA#ABM"
26343,"NRO_PARTE",1685760,"Z7Y46LT#ABM"
26343,"NRO_PARTE",1685761,"Z1Z20LA#ABM"
26343,"NRO_PARTE",1685762,"20JTS24T00"
26343,"NRO_PARTE",1685763,"1BZ11LA#ABM"
26343,"NRO_PARTE",1685764,"1BZ24LA#ABM"
26343,"NRO_PARTE",1685765,"1ZQ71LA#ABM"
26343,"NRO_PARTE",1685766,"Z1Z08LA#ABM"
26343,"NRO_PARTE",1685767,"Y4B60LA#ABM"
26343,"NRO_PARTE",1685768,"X8Q35LT#ABM"
26343,"NRO_PARTE",1685769,"1BZ10LA#ABM"
26343,"NRO_PARTE",1685770,"1LQ44LA#ABM"
26343,"NRO_PARTE",1685771,"Z7Y34LT#ABM"
26343,"NRO_PARTE",1685772,"Z1Z19LA#ABM"
26343,"NRO_PARTE",1685773,"Z1Z17LA#ABM"
26343,"NRO_PARTE",1685774,"1BZ23LT#ABM"
26343,"NRO_PARTE",1685775,"1NW23LT#ABM"
26343,"NRO_PARTE",1685776,"1LA93LT#ABM"
26343,"NRO_PARTE",1685777,"2EZ67LA#ABM"
26343,"NRO_PARTE",1685778,"20JTS24Q00"
26343,"NRO_PARTE",1685779,"20JTS24P00"
26343,"NRO_PARTE",1685780,"20JTS24L00"
26343,"NRO_PARTE",1685781,"20JTS24N00"
26343,"NRO_PARTE",1685782,"20JTS24M00"
26343,"NRO_PARTE",1685783,"20JTS24R00"
26343,"NRO_PARTE",1685784,"20JTS24S00"
26343,"NRO_PARTE",1689661,"NL5L7GTI2VA07Q"
26343,"NRO_PARTE",1689662,"LPNKI71016"
26343,"NRO_PARTE",1689663,"NL5L7WTI2VA07U"
26343,"NRO_PARTE",1689664,"NL5L7WQI2VA08A"
26343,"NRO_PARTE",1689665,"NL5L58QI2VA08B"
26343,"NRO_PARTE",1689666,"NL5L5GQI2VA08D"
26343,"NRO_PARTE",1689667,"NL5L5WMI2VA08H"
26343,"NRO_PARTE",1689668,"NL5L7WMI2VA08I"
26343,"NRO_PARTE",1689669,"NL5L58MI2VA08J"
26343,"NRO_PARTE",1689670,"NL5L7GMI2VA08M"
26343,"NRO_PARTE",1689671,"NL5L5WTI2VA08P"
26343,"NRO_PARTE",1689672,"NL5L58TI2VA08R"
26343,"NRO_PARTE",1689673,"NL5L78TI2VA08S"
26343,"NRO_PARTE",1689674,"NL5L5W2I2VA08X"
26343,"NRO_PARTE",1689675,"NL5L7W2I2VA08Y"
26343,"NRO_PARTE",1689676,"NL5L582I2VA08Z"
26343,"NRO_PARTE",1689677,"NL5L782I2VA090"
26343,"NRO_PARTE",1689678,"90NX0441-M02XE0"
26343,"NRO_PARTE",1689679,"NL5L78VI2VA09G"
26343,"NRO_PARTE",1689680,"NL5L5GVI2VA09H"
26343,"NRO_PARTE",1689681,"NL5L7GVI2VA09I"
26343,"NRO_PARTE",1689682,"NL5L5WYI2VA0A1"
26343,"NRO_PARTE",1689683,"NL5L7WYI2VA0A2"
26343,"NRO_PARTE",1689684,"NL5L58YI2VA0A3"
26343,"NRO_PARTE",1689685,"NL5L78YI2VA0A4"
26343,"NRO_PARTE",1689686,"NL5P5WQI2VA0AP"
26343,"NRO_PARTE",1689687,"NL5P7WQI2VA0AQ"
26343,"NRO_PARTE",1689688,"NL5P78MI2VA0B0"
26343,"NRO_PARTE",1689689,"21ECS07G00"
26343,"NRO_PARTE",1689690,"21ECS07H00"
26343,"NRO_PARTE",1689691,"20TBS13U00"
26343,"NRO_PARTE",1689692,"53011TVY"
26343,"NRO_PARTE",1689693,"0PTL551-781SOP3-FHD"
26343,"NRO_PARTE",1689694,"1S1R5LA#ABM-OH"
26343,"NRO_PARTE",1689695,"0PTL551-7161SSS3-FHD"
26343,"NRO_PARTE",1689696,"NL5L78QI2VA04S"
26343,"NRO_PARTE",1689697,"NL5L5WMI2VA04X"
26343,"NRO_PARTE",1689698,"NL5L7GMI2VA052"
26343,"NRO_PARTE",1689699,"NL5L5WTI2VA055"
26343,"NRO_PARTE",1689700,"NL5L7GTI2VA05A"
26343,"NRO_PARTE",1689701,"NL5L5G2I2VA05H"
26343,"NRO_PARTE",1689702,"NL5L7GQI2VA07A"
26343,"NRO_PARTE",1689703,"NL5L78MI2VA07G"
26343,"NRO_PARTE",1689704,"NL5L5WTI2VA07L"
26343,"NRO_PARTE",1689705,"NL5L7WTI2VA07M"
26343,"NRO_PARTE",1689706,"NL5L58TI2VA07N"
26343,"NRO_PARTE",1689707,"NL5L78TI2VA07W"
26343,"NRO_PARTE",1689708,"NL5L7GQI2VA08E"
26343,"NRO_PARTE",1689709,"NL5L5GTI2VA08T"
26343,"NRO_PARTE",1689710,"NL5L7GTI2VA08U"
26343,"NRO_PARTE",1689711,"NL5P58QI2VA0AR"
26343,"NRO_PARTE",1689712,"NL5P78QI2VA0AS"
26343,"NRO_PARTE",1689713,"NL5P5GQI2VA0AT"
26343,"NRO_PARTE",1689714,"NL5P7GQI2VA0AU"
26343,"NRO_PARTE",1689715,"NL5P5WTI2VA0B5"
26343,"NRO_PARTE",1689716,"2PTLV340-C856SOH1-HD"
26343,"NRO_PARTE",1689717,"53012GHTO-MOB"
26343,"NRO_PARTE",1689718,"2PTLV350-3812SSS3-HD"
26343,"NRO_PARTE",1689719,"2PTLV350-3856S1HOH3-HD"
26343,"NRO_PARTE",1689720,"53012KGPN-12-MOP"
26343,"NRO_PARTE",1689721,"20X8S0TN00"
26343,"NRO_PARTE",2599896,"WE15I7T115B-M"
26343,"NRO_PARTE",4225576,"TB16G9R716512"
26343,"NRO_PARTE",2652745,"82YU00X5LM-OH"
26343,"NRO_PARTE",2514791,"PML32U-00G003"
26343,"NRO_PARTE",4231688,"CPAX-26006"
26343,"NRO_PARTE",4231719,"PNL13U-0CT009-A-OH"
26343,"NRO_PARTE",4231902,"MDL2605M2YWA0"
26343,"NRO_PARTE",4231911,"PNL21U-1MH01W-OH-"
26343,"NRO_PARTE",4231957,"MDL2605N3K0C2"
26343,"NRO_PARTE",4231962,"MDL2605C2B1Q6"
26343,"NRO_PARTE",4231971,"MDL2605E4Q6P5"
26343,"NRO_PARTE",2794175,"PSY29U-0CK001"
26343,"NRO_PARTE",2798296,"83A100EQLMSO-OP"
26343,"NRO_PARTE",1737137,"PSY19U-0FG035-M-OP"
26343,"NRO_PARTE",2802524,"82YU00X4LM*"
26343,"NRO_PARTE",1835277,"849N7LT#ABM-OH"
26343,"NRO_PARTE",1769642,"3PTL352-3412OH1-HD"
26343,"NRO_PARTE",1769658,"3PTL352-3412OH3-HD"
26343,"NRO_PARTE",2802055,"K14G2I508101P-2"
26343,"NRO_PARTE",1685785,"20JTS24U00"
26343,"NRO_PARTE",1685786,"20JTS24V00"
26343,"NRO_PARTE",1685787,"THINKPAD T470S"
26343,"NRO_PARTE",1685788,"1NM06LT#ABM"
26343,"NRO_PARTE",1685789,"1NW28LT#ABM"
26343,"NRO_PARTE",1685790,"1LQ01LA#ABM"
26343,"NRO_PARTE",1685791,"1NW29LT#ABM"
26343,"NRO_PARTE",1685792,"1NW22LT#ABM"
26343,"NRO_PARTE",1685793,"1ZQ69LA#ABM"
26343,"NRO_PARTE",1685794,"1NW30LT#ABM"
26343,"NRO_PARTE",1685795,"2WV84LA#ABM"
26343,"NRO_PARTE",1685796,"1ZQ80LA#ABM"
26343,"NRO_PARTE",1685797,"1ZR17LA#ABM"
26343,"NRO_PARTE",1685798,"2WV86LA#ABM"
26343,"NRO_PARTE",1685799,"2WV83LA#ABM"
26343,"NRO_PARTE",1685800,"1PE33LA#ABM"
26343,"NRO_PARTE",1685801,"1PE34LA#ABM"
26343,"NRO_PARTE",1685802,"X3S24LA#ABM"
26343,"NRO_PARTE",1685803,"Z7Y35LT#ABM"
26343,"NRO_PARTE",1685804,"2WV85LA#ABM"
26343,"NRO_PARTE",1685805,"80T3S00Q00"
26343,"NRO_PARTE",1685806,"1PF27LA#ABM"
26343,"NRO_PARTE",1685807,"1ZQ90LA#ABM"
26343,"NRO_PARTE",1685808,"90NX02N1-M27770"
26343,"NRO_PARTE",1685809,"20TBS1D800"
26343,"NRO_PARTE",1685810,"1PTL342-5825OP3-FHD-S"
26343,"NRO_PARTE",1685811,"1PTL342-381OP3-HD"
26343,"NRO_PARTE",1685812,"1PTL342-581SS3-HD-S"
26343,"NRO_PARTE",1685813,"1PTL342-581OP3-HD-S"
26343,"NRO_PARTE",1685814,"1PTL342-5825OP3-HD-S"
26343,"NRO_PARTE",1685815,"20TBS1DJ00"
26343,"NRO_PARTE",1685816,"20TBS1DM00"
26343,"NRO_PARTE",1685817,"20YDS19D00"
26343,"NRO_PARTE",1685818,"20YDS02E00"
26343,"NRO_PARTE",1685819,"20YDS19F00"
26343,"NRO_PARTE",1685820,"20YDS19G00"
26343,"NRO_PARTE",1685821,"20YDS19L00"
26343,"NRO_PARTE",1685822,"20YDS19K00"
26343,"NRO_PARTE",1685823,"21E7S0AY00A-OH"
26343,"NRO_PARTE",1685824,"90NX0421-M28090"
26343,"NRO_PARTE",1685825,"0PTL351-5825OH1-FHD"
26343,"NRO_PARTE",1685826,"0PTL341-3812OP3-FHD"
26343,"NRO_PARTE",1685827,"0PTL341-71625SS3-FHD"
26343,"NRO_PARTE",1685828,"15Z90N-V.AH78B4-GOB"
26343,"NRO_PARTE",1685829,"20RES3K700"
26343,"NRO_PARTE",1685830,"20U2S4YE00"
26343,"NRO_PARTE",1685831,"20U2S20J00"
26343,"NRO_PARTE",1685832,"20RBS6AE00"
26343,"NRO_PARTE",1685833,"20TES6XL00"
26343,"NRO_PARTE",1685834,"0PTL351-781OP3-HD"
26343,"NRO_PARTE",1685835,"2PTL342-31656OP3-FHD"
26343,"NRO_PARTE",1685836,"2PTL342-316S1OP3-FHD"
26343,"NRO_PARTE",1685837,"2PTL342-58S1OP3-FHD"
26343,"NRO_PARTE",1685838,"2PTL342-7812OP3-FHD"
26343,"NRO_PARTE",1685839,"0PTL351-71621SOP3-V"
26343,"NRO_PARTE",1685840,"0PTL351-71621SOH3-V"
26343,"NRO_PARTE",1685841,"2E4U1LT#ABM"
26343,"NRO_PARTE",1685842,"20U2S2YL00"
26343,"NRO_PARTE",1685843,"20U2S2YK00"
26343,"NRO_PARTE",1685844,"20U2S1EH00"
26343,"NRO_PARTE",1685845,"NBPMA3BVA3N"
26343,"NRO_PARTE",1685846,"7PTL55-5041OP5"
26343,"NRO_PARTE",1689722,"20TES12U00"
26343,"NRO_PARTE",1689723,"5A208LT#ABM"
26343,"NRO_PARTE",1689724,"20RES3K400"
26343,"NRO_PARTE",1689725,"20RES3K500"
26343,"NRO_PARTE",1689726,"20RBS69X00"
26343,"NRO_PARTE",1689727,"20RBS69Y00"
26343,"NRO_PARTE",1689728,"20RBS6A000"
26343,"NRO_PARTE",1689729,"20RBS66E00"
26343,"NRO_PARTE",1689730,"3C697LA#ABM-OP"
26343,"NRO_PARTE",1689731,"21E7S0AX00"
26343,"NRO_PARTE",1689732,"21E7S0AX00-OH"
26343,"NRO_PARTE",1689733,"55F79LS#ABM-OHM"
26343,"NRO_PARTE",1689734,"NL5P58MI3VA02L"
26343,"NRO_PARTE",1689735,"NL5P78MI3VA02M"
26343,"NRO_PARTE",1689736,"NL5P5GMI3VA02N"
26343,"NRO_PARTE",1689737,"NL5P7GMI3VA02O"
26343,"NRO_PARTE",1689738,"NL5H58QI3VA03D"
26343,"NRO_PARTE",1689739,"NL5H5GQI3VA03F"
26343,"NRO_PARTE",1689740,"NL5H7GQI3VA03G"
26343,"NRO_PARTE",1689741,"NL5H78MI3VA03I"
26343,"NRO_PARTE",1689742,"NL5H5GMI3VA03J"
26343,"NRO_PARTE",1689743,"NL5H5G2I3VA03V"
26343,"NRO_PARTE",1689744,"20TES3K600"
26343,"NRO_PARTE",1689745,"20TES3K700"
26343,"NRO_PARTE",1689746,"20TES16700"
26343,"NRO_PARTE",1689747,"20U1S08300"
26343,"NRO_PARTE",1689748,"20T7S0D100"
26343,"NRO_PARTE",1689749,"20R2S1NQ00"
26343,"NRO_PARTE",1689750,"20SBS0CY00"
26343,"NRO_PARTE",1689751,"20U1S13X00"
26343,"NRO_PARTE",1689752,"20T9S0YP00"
26343,"NRO_PARTE",1689753,"20RV00Y8LM"
26343,"NRO_PARTE",1689754,"64Y53LS#ABM"
26343,"NRO_PARTE",1689755,"21E7S0S800-OP"
26343,"NRO_PARTE",1689756,"2PTL553-7812SOP3-FHD-VP-D"
26343,"NRO_PARTE",1689757,"NBPBA3BVA3V"
26343,"NRO_PARTE",1689758,"618T1LA#ABM"
26343,"NRO_PARTE",1689759,"1PTL352-581SS1-FHD"
26343,"NRO_PARTE",1689760,"20TES3K100"
26343,"NRO_PARTE",1689761,"53012KGP_MOP"
26343,"NRO_PARTE",1689762,"20XGS0FL00"
26343,"NRO_PARTE",1689763,"20XGS0FD00"
26343,"NRO_PARTE",1689764,"20XGS0C200"
26343,"NRO_PARTE",1689765,"20XGS0C100"
26343,"NRO_PARTE",1689766,"20XLS1FD00"
26343,"NRO_PARTE",1689767,"20XLS1F500"
26343,"NRO_PARTE",1689768,"20T9S0YN00"
26343,"NRO_PARTE",1689769,"20RBS63100"
26343,"NRO_PARTE",1689770,"20RBS67S00"
26343,"NRO_PARTE",1689771,"21E7S0AX00-OP"
26343,"NRO_PARTE",1689772,"21E7S0S800-OH"
26343,"NRO_PARTE",1689773,"2PTL553-7812SSS3-FHD-VP-D"
26343,"NRO_PARTE",1689774,"20X6S2D100"
26343,"NRO_PARTE",1689775,"20X8S1QE00"
26343,"NRO_PARTE",1689776,"20X8S1QC00"
26343,"NRO_PARTE",1689777,"NL5L7GMI3VA01C"
26343,"NRO_PARTE",1689778,"8PZ28LS#ABM"
26343,"NRO_PARTE",1689779,"1Q8F7LS#ABM"
26343,"NRO_PARTE",1689780,"6LM84LT#ABM"
26343,"NRO_PARTE",1689781,"9VS07LT#ABM-OH"
26343,"NRO_PARTE",1689782,"1Q3T6LS#ABM"
26343,"NRO_PARTE",1689783,"8VA70LP#ABM-OH"
26343,"NRO_PARTE",3880944,"BT4E5LS#ABM"
26343,"NRO_PARTE",3881034,"BT4E6LS#ABM"
26343,"NRO_PARTE",4231853,"MDL2605M2H7I8"
26343,"NRO_PARTE",4231991,"MDL2605WQ6WB1"
26343,"NRO_PARTE",4231993,"MDL2605J9N3UD"
26343,"NRO_PARTE",4232015,"MDL2605XI8G6R"
26343,"NRO_PARTE",4232032,"MDL2605J9S8K0"
26343,"NRO_PARTE",4232067,"MDL2605VJ9I8C"
26343,"NRO_PARTE",4232082,"MDL2605I8Q6J9"
26343,"NRO_PARTE",4232084,"MDL2605UA0R7F"
26343,"NRO_PARTE",2794268,"PSY29U-0CM001"
26343,"NRO_PARTE",2794300,"T16G6I3016201-OP2"
26343,"NRO_PARTE",2648460,"4PTL355-7161SSS3-B"
26343,"NRO_PARTE",2648461,"4PTL355-7161SOH3-B"
26343,"NRO_PARTE",2802479,"82QY00QALMSO"
26343,"NRO_PARTE",2802596,"82YU00X5LMSO"
26343,"NRO_PARTE",1773249,"3PTL342-3456SS1-FHD"
26343,"NRO_PARTE",2801936,"K14G2I508101-2"
26343,"NRO_PARTE",2801976,"K14G2I508101H-2"
26343,"NRO_PARTE",1769984,"3PTL352-3856OH1-HD"
26343,"NRO_PARTE",1685847,"7PTL54-7081SS3"
26343,"NRO_PARTE",1685848,"7PTL54-7081SS4"
26343,"NRO_PARTE",1685849,"7PTL54-7081SS5"
26343,"NRO_PARTE",1685850,"7PTL54-7081OH3"
26343,"NRO_PARTE",1685851,"7PTL54-7081OH4"
26343,"NRO_PARTE",1685852,"7PTL54-7081OH5"
26343,"NRO_PARTE",1685853,"7PTL54-7081OP3"
26343,"NRO_PARTE",1685854,"7PTL54-7081OP4"
26343,"NRO_PARTE",1685855,"7PTL54-7081OP5"
26343,"NRO_PARTE",1685856,"7PTL54-5041SS3"
26343,"NRO_PARTE",1685857,"7PTL54-5041SS4"
26343,"NRO_PARTE",1685858,"7PTL54-5041SS5"
26343,"NRO_PARTE",1685859,"7PTL54-5041OH3"
26343,"NRO_PARTE",1685860,"7PTL54-5041OH4"
26343,"NRO_PARTE",1685861,"7PTL54-5041OH5"
26343,"NRO_PARTE",1685862,"7PTL54-5041OP3"
26343,"NRO_PARTE",1685863,"7PTL54-5041OP4"
26343,"NRO_PARTE",1685864,"80EW05KQLM"
26343,"NRO_PARTE",1685865,"80EW05LQLM"
26343,"NRO_PARTE",1685866,"80EW05LRLM"
26343,"NRO_PARTE",1685867,"80EW05LXLM"
26343,"NRO_PARTE",1685868,"80EW05LYLM"
26343,"NRO_PARTE",1685869,"80EW05V8LM"
26343,"NRO_PARTE",1685870,"80EW05V9LM"
26343,"NRO_PARTE",1685871,"80EW05VALM"
26343,"NRO_PARTE",1685872,"80EW05VBLM"
26343,"NRO_PARTE",1685873,"80EW05VCLM"
26343,"NRO_PARTE",1685874,"80EW05VDLM"
26343,"NRO_PARTE",1685875,"80EW05VELM"
26343,"NRO_PARTE",1685876,"80EW060HLM"
26343,"NRO_PARTE",1685877,"80F600ARLM"
26343,"NRO_PARTE",1685878,"80F600ASLM"
26343,"NRO_PARTE",1685879,"80F600CFLM"
26343,"NRO_PARTE",1685880,"80F600CHLM"
26343,"NRO_PARTE",1685881,"80F600CJLM"
26343,"NRO_PARTE",1685882,"80F600DCLM"
26343,"NRO_PARTE",1685883,"80F600DDLM"
26343,"NRO_PARTE",1685884,"80F600DELM"
26343,"NRO_PARTE",1685885,"80F600DFLM"
26343,"NRO_PARTE",1685886,"80F600DGLM"
26343,"NRO_PARTE",1685887,"80F600DHLM"
26343,"NRO_PARTE",1685888,"80F600DJLM"
26343,"NRO_PARTE",1685889,"80L"
26343,"NRO_PARTE",1685890,"80LT"
26343,"NRO_PARTE",1685891,"80NS004YLM"
26343,"NRO_PARTE",1685892,"80NT00DELM"
26343,"NRO_PARTE",1685893,"80NT00DHLM"
26343,"NRO_PARTE",1685894,"80NT00DLLM"
26343,"NRO_PARTE",1685895,"80NT00DPLM"
26343,"NRO_PARTE",1685896,"80SX001TLM"
26343,"NRO_PARTE",1685897,"80SX003KLM"
26343,"NRO_PARTE",1685898,"80SX003LLM"
26343,"NRO_PARTE",1685899,"80SX0042LM"
26343,"NRO_PARTE",1685900,"80SX0043LM"
26343,"NRO_PARTE",1685901,"80SX0044LM"
26343,"NRO_PARTE",1685902,"80SX0045LM"
26343,"NRO_PARTE",1685903,"80SX005KLM"
26343,"NRO_PARTE",1685904,"80SX005MLM"
26343,"NRO_PARTE",1685905,"80SX005PLM"
26343,"NRO_PARTE",1685906,"80SX005QLM"
26343,"NRO_PARTE",1685907,"OTLP156500208WN041000PE"
26343,"NRO_PARTE",1685908,"OTLP156500208WN080500PE"
26343,"NRO_PARTE",1685909,"OTLP156500208WN081000PE"
26343,"NRO_PARTE",1689784,"1Q3T7LS#ABM-OH"
26343,"NRO_PARTE",1689785,"1Q3T8LS#ABM"
26343,"NRO_PARTE",1689786,"1S1S2LA#ABM"
26343,"NRO_PARTE",1689787,"1S1P6LA#ABM-OH"
26343,"NRO_PARTE",1689788,"1T2P4LA#ABM-OH"
26343,"NRO_PARTE",1689789,"81UV00A9LM-13"
26343,"NRO_PARTE",1689790,"20U1S14300"
26343,"NRO_PARTE",1689791,"20T9S0YR00"
26343,"NRO_PARTE",1689792,"20RW00G8LM"
26343,"NRO_PARTE",1689793,"LENOVO K14  14 N4UVO"
26343,"NRO_PARTE",1689794,"LENOVO K14 15 NUEVO"
26343,"NRO_PARTE",1689795,"LENOVO K14 17NUEVO"
26343,"NRO_PARTE",1689796,"21CSS0AT00"
26343,"NRO_PARTE",1689797,"20YFS02S00"
26343,"NRO_PARTE",1689798,"20YFS02W00"
26343,"NRO_PARTE",1689799,"21DH00DTLM"
26343,"NRO_PARTE",1689800,"21DH00DTLM-OH"
26343,"NRO_PARTE",1689801,"21DH00DSLM"
26343,"NRO_PARTE",1689802,"21DH00DSLM-OH"
26343,"NRO_PARTE",1689803,"2PTL553-71612SSS3-FHD-VP"
26343,"NRO_PARTE",1689804,"21DH00DULM"
26343,"NRO_PARTE",1689805,"21DH00DULM-OH"
26343,"NRO_PARTE",1689806,"NBPCA3BVA3X"
26343,"NRO_PARTE",1689807,"20X8S1QB00"
26343,"NRO_PARTE",1689808,"21CUS06300"
26343,"NRO_PARTE",1689809,"21CUS06100"
26343,"NRO_PARTE",1689810,"21CUS05U00"
26343,"NRO_PARTE",1689811,"21CUS05V00"
26343,"NRO_PARTE",1689812,"20WNS7RH00"
26343,"NRO_PARTE",1689813,"53012KGP"
26343,"NRO_PARTE",1689814,"21CUS04U00"
26343,"NRO_PARTE",1689815,"21CUS04R00"
26343,"NRO_PARTE",1689816,"21CUS04Y00"
26343,"NRO_PARTE",1689817,"21CUS04T00"
26343,"NRO_PARTE",1689818,"20XLS1EU00"
26343,"NRO_PARTE",1689819,"20XLS1EV00"
26343,"NRO_PARTE",1689820,"20XLS1EW00"
26343,"NRO_PARTE",1689821,"20XLS1F800"
26343,"NRO_PARTE",1689822,"20XLS1FC00"
26343,"NRO_PARTE",1689823,"20RV00XYLM"
26343,"NRO_PARTE",1689824,"20T9S0YS00"
26343,"NRO_PARTE",1689825,"20RV00Y9LM"
26343,"NRO_PARTE",1689826,"153B5LT#ABM-OH"
26343,"NRO_PARTE",1689827,"0PTL54-7161SOP3"
26343,"NRO_PARTE",1689828,"0PTL74-7161SOP3"
26343,"NRO_PARTE",1689829,"20RV00Y1LM"
26343,"NRO_PARTE",1689830,"21CSS0AS00"
26343,"NRO_PARTE",1689831,"20YFS02T00"
26343,"NRO_PARTE",1689832,"20YFS03000"
26343,"NRO_PARTE",1689833,"20YFS02Y00"
26343,"NRO_PARTE",1689834,"20YFS02Q00"
26343,"NRO_PARTE",1689835,"21E7S0S800"
26343,"NRO_PARTE",1689836,"2PTL553-7812SOH3-FHD-VP-D"
26343,"NRO_PARTE",1689837,"20X8S1QA00"
26343,"NRO_PARTE",1689838,"21CUS06400"
26343,"NRO_PARTE",1689839,"21CUS05L00"
26343,"NRO_PARTE",1689840,"53012AAPNO-MOB"
26343,"NRO_PARTE",1689841,"20TES1H700"
26343,"NRO_PARTE",1689842,"21CSS0P200"
26343,"NRO_PARTE",1689843,"618U2LT#ABM-OH"
26343,"NRO_PARTE",1689844,"21CSS0NY00"
26343,"NRO_PARTE",1689845,"21CSS0P000"
26343,"NRO_PARTE",3881073,"BT4E6LS#ABM-OH4"
26343,"NRO_PARTE",3881089,"T14G8C332161100"
26343,"NRO_PARTE",4231802,"PNL11U-2DV024-"
26343,"NRO_PARTE",4231850,"PNM11U-1J902L-"
26343,"NRO_PARTE",4231880,"PNL21U-1MH01W-"
26343,"NRO_PARTE",4231909,"MDL2605B1ZL1A"
26343,"NRO_PARTE",4231914,"MDL2605G6XZL1"
26343,"NRO_PARTE",4231922,"MDL2605O4P5P5"
26343,"NRO_PARTE",4231932,"MDL2605B1WZN3"
26343,"NRO_PARTE",2794291,"T16G6I30162012"
26343,"NRO_PARTE",1770137,"3PTL352-3812OH1-FHD"
26343,"NRO_PARTE",1685910,"OTLP156500208WN160500PE"
26343,"NRO_PARTE",1685911,"OTLP156500208WN161000PE"
26343,"NRO_PARTE",1685912,"OTLP156500208WS040500PE"
26343,"NRO_PARTE",1685913,"OTLP156500208WS041000PE"
26343,"NRO_PARTE",1685914,"OTLP156500208WS080500PE"
26343,"NRO_PARTE",1685915,"1PTL542-71612OH3-HD"
26343,"NRO_PARTE",1685916,"1PTL542-71612OP3-HD"
26343,"NRO_PARTE",1685917,"1PTL342-5825OP3-FHD"
26343,"NRO_PARTE",1685918,"1PTL342-5812OP3-HD"
26343,"NRO_PARTE",1685919,"20TBS1DD00"
26343,"NRO_PARTE",1685920,"20TBS1DS00"
26343,"NRO_PARTE",1685921,"20TBS1DT00"
26343,"NRO_PARTE",1685922,"20TBS1DU00"
26343,"NRO_PARTE",1685923,"20TBS1DV00"
26343,"NRO_PARTE",1685924,"20TBS1DW00"
26343,"NRO_PARTE",1685925,"0PTL351-5812SS3-FHD"
26343,"NRO_PARTE",1685926,"20UCS00A00"
26343,"NRO_PARTE",1685927,"20U3S0QJ00"
26343,"NRO_PARTE",1685928,"20RES5AS00"
26343,"NRO_PARTE",1685929,"20U1S13W00"
26343,"NRO_PARTE",1685930,"20U1S14000"
26343,"NRO_PARTE",1685931,"20U1S14100"
26343,"NRO_PARTE",1685932,"0PTL351-5825SS3-FHD"
26343,"NRO_PARTE",1685933,"1PTL542-5825SS3-S"
26343,"NRO_PARTE",1685934,"1PTL542-5825OH3-S"
26343,"NRO_PARTE",1685935,"1PTL542-5825SS3-S-FHD"
26343,"NRO_PARTE",1685936,"20RBS7UA00"
26343,"NRO_PARTE",1685937,"2PTL352-3812OP3-FHD"
26343,"NRO_PARTE",1685938,"2PTL352-3856OP3-FHD"
26343,"NRO_PARTE",1685939,"20U2S2YF00"
26343,"NRO_PARTE",1685940,"20U1S1AB00"
26343,"NRO_PARTE",1685941,"20U1S1AA00"
26343,"NRO_PARTE",1685942,"20U8S17M00"
26343,"NRO_PARTE",1685943,"20U8S17N00"
26343,"NRO_PARTE",1685944,"6C5X5LT#ABM-OHM"
26343,"NRO_PARTE",1685945,"OTLP156500208WS081000PE"
26343,"NRO_PARTE",1685946,"OTLP156500208WS160500PE"
26343,"NRO_PARTE",1685947,"OTLP156500208WS161000PE"
26343,"NRO_PARTE",1685948,"OTLP1565003000N040500PE"
26343,"NRO_PARTE",1685949,"OTLP1565003000N041000PE"
26343,"NRO_PARTE",1685950,"OTLP1565003000N080500PE"
26343,"NRO_PARTE",1685951,"OTLP1565003000N081000PE"
26343,"NRO_PARTE",1685952,"OTLP1565003000N160500PE"
26343,"NRO_PARTE",1685953,"OTLP1565003000N161000PE"
26343,"NRO_PARTE",1685954,"OTLP156500308WN040500PE"
26343,"NRO_PARTE",1685955,"OTLP156500308WN041000PE"
26343,"NRO_PARTE",1685956,"OTLP156500308WN080500PE"
26343,"NRO_PARTE",1685957,"OTLP156500308WN081000PE"
26343,"NRO_PARTE",1685958,"OTLP156500308WN160500PE"
26343,"NRO_PARTE",1685959,"OTLP156500308WN161000PE"
26343,"NRO_PARTE",1685960,"OTLP156500308WS040500PE"
26343,"NRO_PARTE",1685961,"OTLP156500308WS041000PE"
26343,"NRO_PARTE",1685962,"OTLP156500308WS080500PE"
26343,"NRO_PARTE",1685963,"OTLP156500308WS081000PE"
26343,"NRO_PARTE",1685964,"OTLP156500308WS160500PE"
26343,"NRO_PARTE",1685965,"OTLP156500308WS161000PE"
26343,"NRO_PARTE",1685966,"P2C24LT#ABM"
26343,"NRO_PARTE",1685967,"P2C25LT#ABM"
26343,"NRO_PARTE",1685968,"P2C41LT#ABM"
26343,"NRO_PARTE",1685969,"P2C42LA#ABM"
26343,"NRO_PARTE",1689846,"20RW00G4LM"
26343,"NRO_PARTE",1689847,"20U6S1XW00"
26343,"NRO_PARTE",1689848,"20RV00YALM"
26343,"NRO_PARTE",1689849,"LENOVO  K14 13"
26343,"NRO_PARTE",1689850,"LENOVO K14 16 NUEVO"
26343,"NRO_PARTE",1689851,"21CSS0A200"
26343,"NRO_PARTE",1689852,"21CSS0AR00"
26343,"NRO_PARTE",1689853,"21CSS0AU00"
26343,"NRO_PARTE",1689854,"21CSS0AV00"
26343,"NRO_PARTE",1689855,"20YFS02R00"
26343,"NRO_PARTE",1689856,"20YFS02P00"
26343,"NRO_PARTE",1689857,"20YFS02X00"
26343,"NRO_PARTE",1689858,"2PTL553-71612SOH3-FHD-VP"
26343,"NRO_PARTE",1689859,"20X4S6PN00"
26343,"NRO_PARTE",1689860,"20T7S2TD00"
26343,"NRO_PARTE",1689861,"20X4S6PL00"
26343,"NRO_PARTE",1689862,"20T7S2TE00"
26343,"NRO_PARTE",1689863,"E14-1"
26343,"NRO_PARTE",1689864,"20TBS52C00"
26343,"NRO_PARTE",1689865,"21CUS05S00"
26343,"NRO_PARTE",1689866,"53012KGP_MOB"
26343,"NRO_PARTE",1689867,"21CUS05100"
26343,"NRO_PARTE",1689868,"21CUS05300"
26343,"NRO_PARTE",1689869,"20T7S0DQ00"
26343,"NRO_PARTE",1689870,"20T9S0XA00"
26343,"NRO_PARTE",1689871,"20T9S0YM00"
26343,"NRO_PARTE",1689872,"20RW00G7LM"
26343,"NRO_PARTE",1689873,"20U6S1LN00"
26343,"NRO_PARTE",1689874,"20RV00YBLM"
26343,"NRO_PARTE",1689875,"20RV00YCLM"
26343,"NRO_PARTE",1689876,"0PTL351-716S1SS3-HD"
26343,"NRO_PARTE",1689877,"153B5LT#ABM"
26343,"NRO_PARTE",1689878,"0PTL54-7161SOH3"
26343,"NRO_PARTE",1689879,"20YFS02V00"
26343,"NRO_PARTE",1689880,"20YFS03200"
26343,"NRO_PARTE",1689881,"20YFS02U00"
26343,"NRO_PARTE",1689882,"21DH00DVLM-OH"
26343,"NRO_PARTE",1689883,"1PTL542-71612SOH4-SO-LTE-V"
26343,"NRO_PARTE",1689884,"1PTL542-71612SOP4-SO-LTE-V"
26343,"NRO_PARTE",1689885,"21DJ00GKLM"
26343,"NRO_PARTE",1689886,"21DJ00GKLM-OH"
26343,"NRO_PARTE",1689887,"1PTL543-71612SS4-NSO-LTE-V"
26343,"NRO_PARTE",1689888,"151D8LT#ABM"
26343,"NRO_PARTE",1689889,"21CUS05Q00"
26343,"NRO_PARTE",1689890,"26N53LT#ABM-OHM"
26343,"NRO_PARTE",1689891,"3E3S9LS#ABM"
26343,"NRO_PARTE",1689892,"21CSS0P300"
26343,"NRO_PARTE",1689893,"1PTL342-7161OH3-FHD-"
26343,"NRO_PARTE",1689894,"20XLS1EQ00"
26343,"NRO_PARTE",1689895,"20XLS1EX00"
26343,"NRO_PARTE",1689896,"20XLS1FB00"
26343,"NRO_PARTE",1689897,"20XLS1ER00"
26343,"NRO_PARTE",1689898,"20XLS1F600"
26343,"NRO_PARTE",1689899,"20RV00Y0LM"
26343,"NRO_PARTE",1689900,"20RV00XWLM"
26343,"NRO_PARTE",1689901,"20RV00YDLM"
26343,"NRO_PARTE",1689902,"20RV00YELM"
26343,"NRO_PARTE",1689903,"20RV00Y3LM"
26343,"NRO_PARTE",1689904,"20RV00Y4LM"
26343,"NRO_PARTE",1689905,"20RV00Y5LM"
26343,"NRO_PARTE",1689906,"20RV00Y6LM"
26343,"NRO_PARTE",1689907,"20RV00Y7LM"
26343,"NRO_PARTE",3881030,"T14G8C33281100-OH"
26343,"NRO_PARTE",3881129,"T14G8C332161100-OH"
26343,"NRO_PARTE",3777475,"T16G3U721162100W-OH"
26343,"NRO_PARTE",3777630,"4PTL555-7U321SSS30-VP"
26343,"NRO_PARTE",4231953,"MDL2605I8C2F5"
26343,"NRO_PARTE",4231955,"MDL2605F5K0R7"
26343,"NRO_PARTE",4231983,"MDL2605P5M2R7"
26343,"NRO_PARTE",4231989,"MDL2605G6K0R7"
26343,"NRO_PARTE",4232006,"MDL2605M2VH7V"
26343,"NRO_PARTE",4232026,"MDL2605G6ZJ9N"
26343,"NRO_PARTE",4232031,"MDL2605B1E4O4"
26343,"NRO_PARTE",4232033,"MDL2605ZN3VM2"
26343,"NRO_PARTE",2794322,"T16G6I5182012"
26343,"NRO_PARTE",2794336,"PSY29U-0CM001-OH"
26343,"NRO_PARTE",2794362,"PSY29U-0CM001-OP"
26343,"NRO_PARTE",2794385,"PSY29U-0CT001"
26343,"NRO_PARTE",3968998,"CC62F215"
26343,"NRO_PARTE",2802454,"82QY00QALM*"
26343,"NRO_PARTE",4120273,"V15G5I7516221"
26343,"NRO_PARTE",1685970,"P2C43LT#ABM"
26343,"NRO_PARTE",1685971,"P2C44LT#ABM"
26343,"NRO_PARTE",1685972,"P2C45LT#ABM"
26343,"NRO_PARTE",1685973,"P2C46LA#ABM"
26343,"NRO_PARTE",1685974,"P2C47LA#ABM"
26343,"NRO_PARTE",1685975,"P2C48LA#ABM"
26343,"NRO_PARTE",1685976,"P2C49LA#ABM"
26343,"NRO_PARTE",1685977,"P2C50LA#ABM"
26343,"NRO_PARTE",1685978,"P2C74LA#ABM"
26343,"NRO_PARTE",1685979,"P2C75LA#ABM"
26343,"NRO_PARTE",1685980,"P2C82LT#ABM"
26343,"NRO_PARTE",1685981,"P2C83LT#ABM"
26343,"NRO_PARTE",1685982,"P2C84LT#ABM"
26343,"NRO_PARTE",1685983,"P2C85LA#ABM"
26343,"NRO_PARTE",1685984,"P2C86LA#ABM"
26343,"NRO_PARTE",1685985,"P2C87LT#ABM"
26343,"NRO_PARTE",1685986,"P3D57LT#ABM"
26343,"NRO_PARTE",1685987,"P3D67LT#ABM"
26343,"NRO_PARTE",1685988,"P3D68LT#ABM"
26343,"NRO_PARTE",1685989,"P3D69LA#ABM"
26343,"NRO_PARTE",1685990,"P3D70LA#ABM"
26343,"NRO_PARTE",1685991,"P3D71LA#ABM"
26343,"NRO_PARTE",1685992,"P3D72LA#ABM"
26343,"NRO_PARTE",1685993,"NBP7A3BVA3F"
26343,"NRO_PARTE",1685994,"20BTA0JJ00"
26343,"NRO_PARTE",1685995,"20BTA0VF00"
26343,"NRO_PARTE",1685996,"20BTA0YL00"
26343,"NRO_PARTE",1685997,"20BUA04Y00"
26343,"NRO_PARTE",1685998,"20BUA05000"
26343,"NRO_PARTE",1685999,"20BW001LLM"
26343,"NRO_PARTE",1686000,"20BW001MLM"
26343,"NRO_PARTE",1686001,"20C0A0F600"
26343,"NRO_PARTE",1686002,"20C50054LS"
26343,"NRO_PARTE",1686003,"20C5A0BX00"
26343,"NRO_PARTE",1686004,"20CLA0FC00"
26343,"NRO_PARTE",1686005,"20CLA0FD00"
26343,"NRO_PARTE",1686006,"20D9"
26343,"NRO_PARTE",1686007,"20DCA05800"
26343,"NRO_PARTE",1686008,"20DCA05900"
26343,"NRO_PARTE",1686009,"20DCA05A00"
26343,"NRO_PARTE",1686010,"20DCA05B00"
26343,"NRO_PARTE",1686011,"20DCA05C00"
26343,"NRO_PARTE",1686012,"20DCA05D00"
26343,"NRO_PARTE",1686013,"20DCA05E00"
26343,"NRO_PARTE",1686014,"20DCA05F00"
26343,"NRO_PARTE",1686015,"20DCA05G00"
26343,"NRO_PARTE",1686016,"20TBS1DF00"
26343,"NRO_PARTE",1686017,"1PTL542-581SS3-HD"
26343,"NRO_PARTE",1686018,"NBADVNV6649-HDD"
26343,"NRO_PARTE",1686019,"NBADVNV7649SL-S"
26343,"NRO_PARTE",1686020,"1PTL542-7161SS3-HD"
26343,"NRO_PARTE",1686021,"1PTL542-7161OH3-HD"
26343,"NRO_PARTE",1686022,"1PTL542-7161OP3-HD"
26343,"NRO_PARTE",1686023,"1PTL542-71625SS3-HD"
26343,"NRO_PARTE",1686024,"E1504I7108201N"
26343,"NRO_PARTE",1686025,"E1504I7116201H"
26343,"NRO_PARTE",1686026,"21E7S0GS00- OH"
26343,"NRO_PARTE",1686027,"20X2SAHT00"
26343,"NRO_PARTE",1686028,"20X2SAJF00"
26343,"NRO_PARTE",1686029,"20RES2HR00"
26343,"NRO_PARTE",1686030,"20U3S0QK00"
26343,"NRO_PARTE",1686031,"20U2S20K00"
26343,"NRO_PARTE",1686032,"20TES6XM00"
26343,"NRO_PARTE",1689908,"0PTL341-7851SS3-I"
26343,"NRO_PARTE",1689909,"0PTL341-7825SS3-I"
26343,"NRO_PARTE",1689910,"21DH00DULM-OP"
26343,"NRO_PARTE",1689911,"21DJ00GNLM-OH"
26343,"NRO_PARTE",1689912,"6E7H9LS#ABM"
26343,"NRO_PARTE",1689913,"21CUS05N00"
26343,"NRO_PARTE",1689914,"1PTL341-5825OP3-C-S"
26343,"NRO_PARTE",1689915,"8YS86LS#ABM"
26343,"NRO_PARTE",1689916,"0PTL351-5161OH3-FHD"
26343,"NRO_PARTE",1689917,"8ZN63LT#ABM-OHU"
26343,"NRO_PARTE",1689918,"20T9S07L00"
26343,"NRO_PARTE",1689919,"20U3S0W300"
26343,"NRO_PARTE",1689920,"20U6S1BK00"
26343,"NRO_PARTE",1689921,"20U3S0R000"
26343,"NRO_PARTE",1689922,"8ZN65LT#ABM-OPU"
26343,"NRO_PARTE",1689923,"20U3S0R100"
26343,"NRO_PARTE",1689924,"20U3S0R200"
26343,"NRO_PARTE",1689925,"20U3S0W500"
26343,"NRO_PARTE",1689926,"20U8S17R00"
26343,"NRO_PARTE",1689927,"20U8S1C400"
26343,"NRO_PARTE",1689928,"20U8S1C800"
26343,"NRO_PARTE",1689929,"20T9S10W00"
26343,"NRO_PARTE",1689930,"26391-K503-V100#111"
26343,"NRO_PARTE",1689931,"WE14I5E102"
26343,"NRO_PARTE",1689932,"NBLR03BVA06"
26343,"NRO_PARTE",1689933,"NBPNA3BVA3E"
26343,"NRO_PARTE",1689934,"NB0AV3BVA4I"
26343,"NRO_PARTE",1689935,"NBPQA3BVA3H"
26343,"NRO_PARTE",1689936,"NBP3A3BVA3I"
26343,"NRO_PARTE",1689937,"NBP4A3BVA3K"
26343,"NRO_PARTE",1689938,"NBPKA3BVA3L"
26343,"NRO_PARTE",1689939,"21CSS0YN00"
26343,"NRO_PARTE",1689940,"0PTL351-51612OP3-FHD"
26343,"NRO_PARTE",1689941,"20U6S17H00"
26343,"NRO_PARTE",1689942,"20T1S4RX00"
26343,"NRO_PARTE",1689943,"20T9S11000"
26343,"NRO_PARTE",1689944,"2F5H4LS#ABM-OHU"
26343,"NRO_PARTE",1689945,"2F5H4LS#ABM-OPU"
26343,"NRO_PARTE",1689946,"55F78LS#ABM-OPA"
26343,"NRO_PARTE",1689947,"NBPSA3BVA3B"
26343,"NRO_PARTE",1689948,"NBHCAVA2R"
26343,"NRO_PARTE",1689949,"NBPXVVA2U"
26343,"NRO_PARTE",1689950,"NBPYAVA36"
26343,"NRO_PARTE",1689951,"NBHKAVA43"
26343,"NRO_PARTE",1689952,"NBHVAVA45"
26343,"NRO_PARTE",1689953,"NBL6AVA49"
26343,"NRO_PARTE",1689954,"NBLNAVA4A"
26343,"NRO_PARTE",1689955,"NBL7AVA4B"
26343,"NRO_PARTE",1689956,"NBL2AVA4D"
26343,"NRO_PARTE",1689957,"NB0AVVA4I"
26343,"NRO_PARTE",1689958,"NBHAVVA4J"
26343,"NRO_PARTE",1689959,"NB0VVVA4O"
26343,"NRO_PARTE",1689960,"20U3S0W100"
26343,"NRO_PARTE",1689961,"8ZN63LT#ABM-U"
26343,"NRO_PARTE",1689962,"20U3S0QX00"
26343,"NRO_PARTE",1689963,"20T9S0U300"
26343,"NRO_PARTE",1689964,"20T1S4RW00"
26343,"NRO_PARTE",1689965,"21E7S0GL00"
26343,"NRO_PARTE",1689966,"WE15I7E107"
26343,"NRO_PARTE",1689967,"1PTL342-7161OH3-FHD"
26343,"NRO_PARTE",1689968,"1PTL341-5825SS3-S"
26343,"NRO_PARTE",1689969,"1PTL341-5825OH3-S"
26343,"NRO_PARTE",3777506,"T16G3U721162100DCW"
26343,"NRO_PARTE",3777658,"4PTL555-7U321SSS31-VP"
26343,"NRO_PARTE",3777676,"4PTL745-7U161SSS30-VP"
26343,"NRO_PARTE",4231949,"MDL2605UZT9J9"
26343,"NRO_PARTE",4231977,"MDL2605M2T9YA"
26343,"NRO_PARTE",4232061,"MDL2605T9VI8G"
26343,"NRO_PARTE",4232106,"MDL2605P5M2WF"
26343,"NRO_PARTE",2628257,"7W2HH4V352"
26343,"NRO_PARTE",2802727,"83A100ERLMSO"
26343,"NRO_PARTE",1836208,"T14G4I5016201PH"
26343,"NRO_PARTE",1686033,"2PTL352-3812OP3-HD"
26343,"NRO_PARTE",1686034,"2PTL352-3856OP3-HD"
26343,"NRO_PARTE",1686035,"20U2S2YJ00"
26343,"NRO_PARTE",1686036,"20U1S0CY00-OH"
26343,"NRO_PARTE",1686037,"0PTL351-5161OP3-FHD"
26343,"NRO_PARTE",1686038,"0PTL351-51625SS3-FHD"
26343,"NRO_PARTE",1686039,"0PTL351-51625OP3-FHD"
26343,"NRO_PARTE",1686040,"1F4Z9LA#ABM-OH"
26343,"NRO_PARTE",1686041,"1F4Z9LA#ABM-OP"
26343,"NRO_PARTE",1686042,"0PTL351-7825OP3-FHD"
26343,"NRO_PARTE",1686043,"20UCS20U00"
26343,"NRO_PARTE",1686044,"0PTL351-7812SS3-FHD"
26343,"NRO_PARTE",1686045,"20U8S17Q00"
26343,"NRO_PARTE",1686046,"0PTL351-7161SS3-FHD"
26343,"NRO_PARTE",1686047,"0PTL351-7161OH3-FHD"
26343,"NRO_PARTE",1686048,"20U3S0QT00"
26343,"NRO_PARTE",1686049,"0PTL351-7161OP3-FHD"
26343,"NRO_PARTE",1686050,"20DFA03800"
26343,"NRO_PARTE",1686051,"20DFA03900"
26343,"NRO_PARTE",1686052,"20DFA03A00"
26343,"NRO_PARTE",1686053,"20DFA06E00"
26343,"NRO_PARTE",1686054,"20DFA06F00"
26343,"NRO_PARTE",1686055,"20DFA06G00"
26343,"NRO_PARTE",1686056,"20DH"
26343,"NRO_PARTE",1686057,"20DHA01500"
26343,"NRO_PARTE",1686058,"20DHA01600"
26343,"NRO_PARTE",1686059,"20E"
26343,"NRO_PARTE",1686060,"20E8"
26343,"NRO_PARTE",1686061,"20ED"
26343,"NRO_PARTE",1686062,"20ED0"
26343,"NRO_PARTE",1686063,"20ED00"
26343,"NRO_PARTE",1686064,"20EN002"
26343,"NRO_PARTE",1686065,"20EQA00200"
26343,"NRO_PARTE",1686066,"20EQA05J00"
26343,"NRO_PARTE",1686067,"20EQA09900"
26343,"NRO_PARTE",1686068,"20ESA03K00"
26343,"NRO_PARTE",1686069,"20EV000C00"
26343,"NRO_PARTE",1686070,"20EV003P00"
26343,"NRO_PARTE",1686071,"20EVA02K00"
26343,"NRO_PARTE",1686072,"20EVA02L00"
26343,"NRO_PARTE",1686073,"20EVA02M00"
26343,"NRO_PARTE",1686074,"20EVA02N00"
26343,"NRO_PARTE",1686075,"80E400R8LM"
26343,"NRO_PARTE",1686076,"80E400VVLM"
26343,"NRO_PARTE",1686077,"80EW"
26343,"NRO_PARTE",1686078,"80EW0"
26343,"NRO_PARTE",1686079,"80EW02"
26343,"NRO_PARTE",1686080,"80EW028LLM"
26343,"NRO_PARTE",1686081,"80EW02C1LM"
26343,"NRO_PARTE",1686082,"80EW051RLM"
26343,"NRO_PARTE",1686083,"80EW051SLM"
26343,"NRO_PARTE",1686084,"80SX005SLM"
26343,"NRO_PARTE",1686085,"80SX005TLM"
26343,"NRO_PARTE",1686086,"80SX005VLM"
26343,"NRO_PARTE",1686087,"80SY02HCLM"
26343,"NRO_PARTE",1686088,"80SY02PXLM"
26343,"NRO_PARTE",1686089,"80SY02PYLM"
26343,"NRO_PARTE",1686090,"80SY037RLM"
26343,"NRO_PARTE",1686091,"80SY037TLM"
26343,"NRO_PARTE",1686092,"80SY037VLM"
26343,"NRO_PARTE",1686093,"80SY037XLM"
26343,"NRO_PARTE",1686094,"80SY037YLM"
26343,"NRO_PARTE",1686095,"80SY03E6LM"
26343,"NRO_PARTE",1689970,"1PTL341-5825OP3-S"
26343,"NRO_PARTE",1689971,"21CUS0BV00"
26343,"NRO_PARTE",1689972,"21CUS0BT00"
26343,"NRO_PARTE",1689973,"90NX0571-M00F50-OH"
26343,"NRO_PARTE",1689974,"NBL303BVA0D"
26343,"NRO_PARTE",1689975,"NBHWAVA2S"
26343,"NRO_PARTE",1689976,"NBP4AVA3K"
26343,"NRO_PARTE",1689977,"NBPUAVA3U"
26343,"NRO_PARTE",1689978,"NBHWAVA42"
26343,"NRO_PARTE",1689979,"NBLDAVA47"
26343,"NRO_PARTE",1689980,"NB0UVVA4N"
26343,"NRO_PARTE",1689981,"2V1S7LA#ABM-OH"
26343,"NRO_PARTE",1689982,"20T9S09L00"
26343,"NRO_PARTE",1689983,"20U3S0W200"
26343,"NRO_PARTE",1689984,"20U6S1BM00"
26343,"NRO_PARTE",1689985,"20U3S0QY00"
26343,"NRO_PARTE",1689986,"8ZN65LT#ABM-U"
26343,"NRO_PARTE",1689987,"20U8S1C600"
26343,"NRO_PARTE",1689988,"20T9S10X00"
26343,"NRO_PARTE",1689989,"2PTL352-51612SSS3-LO"
26343,"NRO_PARTE",1689990,"NBHJAVA2D"
26343,"NRO_PARTE",1689991,"NBHFAVA2J"
26343,"NRO_PARTE",1689992,"NBHHAVA2M"
26343,"NRO_PARTE",1689993,"NBHAAVA2N"
26343,"NRO_PARTE",1689994,"NBHUAVA2O"
26343,"NRO_PARTE",1689995,"NBP8VVA2V"
26343,"NRO_PARTE",1689996,"NBPNVVA2Y"
26343,"NRO_PARTE",1689997,"NBPJVVA30"
26343,"NRO_PARTE",1689998,"NBPFVVA32"
26343,"NRO_PARTE",1689999,"NBPDAVA33"
26343,"NRO_PARTE",1690000,"NBPXAVA34"
26343,"NRO_PARTE",1690001,"NBPEAVA35"
26343,"NRO_PARTE",1690002,"NBPZAVA37"
26343,"NRO_PARTE",1690003,"NBP8AVA38"
26343,"NRO_PARTE",1690004,"20T9S10Y00"
26343,"NRO_PARTE",1690005,"2F5H4LS#ABM-U"
26343,"NRO_PARTE",1690006,"64Y11LT#ABM-OPW1"
26343,"NRO_PARTE",1690007,"20NES2DY00"
26343,"NRO_PARTE",1690008,"20NES2DY00-OH"
26343,"NRO_PARTE",1690009,"20NES2E100"
26343,"NRO_PARTE",1690010,"14Z90P-G.AJ52B4"
26343,"NRO_PARTE",1690011,"1PTV34-541SS3"
26343,"NRO_PARTE",1690012,"1PTV34-541OH3"
26343,"NRO_PARTE",1690013,"21CUS0C700"
26343,"NRO_PARTE",1690014,"NBP9AVA3A"
26343,"NRO_PARTE",1690015,"NBHVAVA2Q"
26343,"NRO_PARTE",1690016,"NBPSAVA3B"
26343,"NRO_PARTE",1690017,"NBP6AVA3D"
26343,"NRO_PARTE",1690018,"NBPNAVA3E"
26343,"NRO_PARTE",1690019,"NBPPAVA3G"
26343,"NRO_PARTE",1690020,"NBPJAVA3J"
26343,"NRO_PARTE",1690021,"NBPFAVA3P"
26343,"NRO_PARTE",1690022,"NBPHAVA3S"
26343,"NRO_PARTE",1690023,"NBPAAVA3T"
26343,"NRO_PARTE",1690024,"NBPBAVA3V"
26343,"NRO_PARTE",1690025,"NBPVAVA3W"
26343,"NRO_PARTE",1690026,"NBPCAVA3X"
26343,"NRO_PARTE",1690027,"NBHKAVA3Z"
26343,"NRO_PARTE",1690028,"NBHMAVA40"
26343,"NRO_PARTE",1690029,"NBHVAVA41"
26343,"NRO_PARTE",1690030,"NB0NVVA0M"
26343,"NRO_PARTE",1690031,"NB01VVA0P"
26343,"NRO_PARTE",1690032,"NB0DAVA0R"
26343,"NRO_PARTE",3880988,"BT4E5LS#ABM-OH4"
26343,"NRO_PARTE",3777570,"T16G3U721162100DCW-OH"
26343,"NRO_PARTE",3777599,"T16G3U721162100DW"
26343,"NRO_PARTE",3777617,"4PTL555-7U161SSS31-VP"
26343,"NRO_PARTE",4231995,"MDL2605XVL1P5"
26343,"NRO_PARTE",4232048,"MDL2605Q6WYI8"
26343,"NRO_PARTE",4232123,"MDL2605J9UD3X"
26343,"NRO_PARTE",4232151,"MDL2605T9YA0T"
26343,"NRO_PARTE",4232153,"MDL2605YK0E4W"
26343,"NRO_PARTE",4232169,"MDL2605P5H7O4"
26343,"NRO_PARTE",2794218,"PSY29U-0CK001-OH"
26343,"NRO_PARTE",2794252,"PSY29U-0CK001-OP"
26343,"NRO_PARTE",2794313,"T16G6I518101-OH2"
26343,"NRO_PARTE",3969049,"CC62F225"
26343,"NRO_PARTE",2802488,"82QY00QALMSO-OH"
26343,"NRO_PARTE",2802562,"82YU00X4LMSO"
26343,"NRO_PARTE",2802645,"82YU00XYLM*"
26343,"NRO_PARTE",2802683,"83A100ERLM*"
26343,"NRO_PARTE",2802739,"83A100ERLMSO-OH"
26343,"NRO_PARTE",1835392,"849N7LT#ABM-OP"
26343,"NRO_PARTE",1836151,"TH14G5R5808101HH"
26343,"NRO_PARTE",1769034,"21EES1YB00-OH"
26343,"NRO_PARTE",1769036,"21EES1YB00-OP"
26343,"NRO_PARTE",2802388,"21JQ0006LM"
26343,"NRO_PARTE",1758212,"3PTLV352-R5161SOP3-A-AME"
26343,"NRO_PARTE",4120270,"MDL2509C2L1WL"
26343,"NRO_PARTE",4120380,"V15G6I7581100"
26343,"NRO_PARTE",4120383,"V15G6I7581100-OH"
26343,"NRO_PARTE",1686096,"80TL00YCLM"
26343,"NRO_PARTE",1686097,"80TL00YDLM"
26343,"NRO_PARTE",1686098,"E3T73UA#ABM"
26343,"NRO_PARTE",1686099,"E3V71LA#ABM"
26343,"NRO_PARTE",1686100,"E3V82LT#ABM"
26343,"NRO_PARTE",1686101,"E3V83LT#ABM"
26343,"NRO_PARTE",1686102,"E3V89LA#ABM"
26343,"NRO_PARTE",1686103,"E3V90LA#ABM"
26343,"NRO_PARTE",1686104,"E3V91LT#ABM"
26343,"NRO_PARTE",1686105,"E3V92LA#ABM"
26343,"NRO_PARTE",1686106,"E3V94LA#ABM"
26343,"NRO_PARTE",1686107,"E3W11LT#ABM"
26343,"NRO_PARTE",1686108,"E3W12LT#ABM"
26343,"NRO_PARTE",1686109,"E3W13LA#ABM"
26343,"NRO_PARTE",1686110,"E3W15LT#ABM"
26343,"NRO_PARTE",1686111,"E3W23LA#ABM"
26343,"NRO_PARTE",1686112,"1PTL542-71625OH3-HD"
26343,"NRO_PARTE",1686113,"1PTL542-71625OP3-HD"
26343,"NRO_PARTE",1686114,"1PTL542-5161SS3-HD"
26343,"NRO_PARTE",1686115,"1PTL542-51612OP3-HD"
26343,"NRO_PARTE",1686116,"1F3S7LT#ABM-OP"
26343,"NRO_PARTE",1686117,"20YDS04P00"
26343,"NRO_PARTE",1686118,"E1504I7116201N"
26343,"NRO_PARTE",1686119,"E1504I7132101H"
26343,"NRO_PARTE",1686120,"618S9LT#ABM-OPMD"
26343,"NRO_PARTE",1686121,"6L2F6LS#ABM"
26343,"NRO_PARTE",1686122,"20UAS61X00"
26343,"NRO_PARTE",1686123,"20UCS00100"
26343,"NRO_PARTE",1686124,"20UCS26X00"
26343,"NRO_PARTE",1686125,"20UCS2YX00"
26343,"NRO_PARTE",1686126,"20UAS1TC00"
26343,"NRO_PARTE",1686127,"2PTL352-31612OP3-FHD"
26343,"NRO_PARTE",1686128,"20U1S1A900"
26343,"NRO_PARTE",1686129,"0PTL351-5161SS3-FHD"
26343,"NRO_PARTE",1686130,"0PTL351-51625OH3-FHD"
26343,"NRO_PARTE",1686131,"20U1S0CY00-OP"
26343,"NRO_PARTE",1686132,"0PTL351-51612SS3-FHD"
26343,"NRO_PARTE",1686133,"0PTL351-51612OH3-FHD"
26343,"NRO_PARTE",1686134,"1F4Z9LA#ABM"
26343,"NRO_PARTE",1686135,"20U8S17P00"
26343,"NRO_PARTE",1686136,"0PTL351-7825SS3-FHD"
26343,"NRO_PARTE",1686137,"0PTL351-7825OH3-FHD"
26343,"NRO_PARTE",1686138,"0PTL351-7812OH3-FHD"
26343,"NRO_PARTE",1686139,"0PTL351-7812OP3-FHD"
26343,"NRO_PARTE",1686140,"0PTL351-71625OH3-FHD"
26343,"NRO_PARTE",1686141,"0PTL351-71625OP3-FHD"
26343,"NRO_PARTE",1686142,"0PTL351-71612SS3-FHD"
26343,"NRO_PARTE",1686143,"0PTL351-71612OH3-FHD"
26343,"NRO_PARTE",1686144,"0PTL351-71612OP3-FHD"
26343,"NRO_PARTE",1686145,"20T9S0H000"
26343,"NRO_PARTE",1686146,"2V1S7LA#ABM"
26343,"NRO_PARTE",1686147,"Z1Y76LT#ABM"
26343,"NRO_PARTE",1686148,"1BZ47LT#ABM"
26343,"NRO_PARTE",1686149,"1AA95LA#ABM"
26343,"NRO_PARTE",1686150,"1AA96LA#ABM"
26343,"NRO_PARTE",1686151,"1AB09LT#ABM"
26343,"NRO_PARTE",1686152,"1BZ53LA#ABM"
26343,"NRO_PARTE",1686153,"1BZ54LT#ABM"
26343,"NRO_PARTE",1686154,"1BZ56LA#ABM"
26343,"NRO_PARTE",1686155,"1LQ27LA#ABM"
26343,"NRO_PARTE",1686156,"20A8002MLM"
26343,"NRO_PARTE",1686157,"20A8A0XC00"
26343,"NRO_PARTE",1690033,"NBH8AVA22"
26343,"NRO_PARTE",1690034,"1PTL552-3825OP1-FHD"
26343,"NRO_PARTE",1690035,"1PTL552-3825SS3-FHD"
26343,"NRO_PARTE",1690036,"1PTL552-3825OH3-FHD"
26343,"NRO_PARTE",1690037,"1PTL552-3825OP3-FHD"
26343,"NRO_PARTE",1690038,"1PTL552-7161SS3-2V-FHD"
26343,"NRO_PARTE",1690039,"1PTL552-7161OH3-2V-FHD"
26343,"NRO_PARTE",1690040,"1PTL552-7161OP3-2V-FHD"
26343,"NRO_PARTE",1690041,"1PTL552-7832S1SS3-2V-FHD-VP"
26343,"NRO_PARTE",1690042,"1PTL542-7161SS3-FHD-2V"
26343,"NRO_PARTE",1690043,"1PTL342-7812OP3-FHD"
26343,"NRO_PARTE",1690044,"1PTL342-51612OH3-FHD"
26343,"NRO_PARTE",1690045,"21CUS0BY00"
26343,"NRO_PARTE",1690046,"NB02AVA1E"
26343,"NRO_PARTE",1690047,"NBH8VVA1P"
26343,"NRO_PARTE",1690048,"NBHTAVA26"
26343,"NRO_PARTE",1690049,"NBH6AVA27"
26343,"NRO_PARTE",1690050,"NBHNAVA28"
26343,"NRO_PARTE",1690051,"NBHKAVA2F"
26343,"NRO_PARTE",1690052,"NBH5AVA2G"
26343,"NRO_PARTE",1690053,"20U2S91U00"
26343,"NRO_PARTE",1690054,"1PTL552-7832S1OH3-2V-FHD-VP"
26343,"NRO_PARTE",1690055,"NBHMAVA2H"
26343,"NRO_PARTE",1690056,"NBHPAVA2A"
26343,"NRO_PARTE",1690057,"NBHQAVA2B"
26343,"NRO_PARTE",1690058,"NBH1AVA2I"
26343,"NRO_PARTE",1690059,"NBH2AVA2K"
26343,"NRO_PARTE",1690060,"NBHGAVA2L"
26343,"NRO_PARTE",1690061,"8EB09LT#ABM-OH"
26343,"NRO_PARTE",1690062,"8EB09LT#ABM"
26343,"NRO_PARTE",1690063,"0PTL351-71612OH3-FHD-V"
26343,"NRO_PARTE",1690064,"0PTL551-7161S4SS3-FHD"
26343,"NRO_PARTE",1690065,"0PTL551-7161S4OH3-FHD"
26343,"NRO_PARTE",1690066,"0PTL551-7161S4OP3-FHD"
26343,"NRO_PARTE",1690067,"NL5L7GMI3VA00S"
26343,"NRO_PARTE",1690068,"NL5L782I3VA012"
26343,"NRO_PARTE",1690069,"NL5L58TI3VA01D"
26343,"NRO_PARTE",1690070,"NL5L78TI3VA01E"
26343,"NRO_PARTE",1690071,"NL5L5GTI3VA01F"
26343,"NRO_PARTE",1690072,"NL5L58MI3VA01H"
26343,"NRO_PARTE",1690073,"NL5L78MI3VA01I"
26343,"NRO_PARTE",1690074,"NL5L7GMI3VA01K"
26343,"NRO_PARTE",1690075,"NL5L7G2I3VA01O"
26343,"NRO_PARTE",1690076,"NL5P58QI3VA01P"
26343,"NRO_PARTE",1690077,"NL5P78QI3VA01Q"
26343,"NRO_PARTE",1690078,"NL5P5GQI3VA01R"
26343,"NRO_PARTE",1690079,"NL5P78MI3VA01U"
26343,"NRO_PARTE",1690080,"21CUS04S00"
26343,"NRO_PARTE",1690081,"21CUS04V00"
26343,"NRO_PARTE",1690082,"21CUS05000"
26343,"NRO_PARTE",1690083,"21CUS04X00"
26343,"NRO_PARTE",1690084,"618U2LT#ABM"
26343,"NRO_PARTE",1690085,"21CUS04W00"
26343,"NRO_PARTE",1690086,"20X8S0T700"
26343,"NRO_PARTE",1690087,"20XLS1F900"
26343,"NRO_PARTE",1690088,"20X8S0TG00"
26343,"NRO_PARTE",1690089,"1PTL552-7832S1OP3-2V-FHD-VP"
26343,"NRO_PARTE",1690090,"1PTL342-51625OH3-FHD"
26343,"NRO_PARTE",1690091,"1PTL342-51625OP3-FHD"
26343,"NRO_PARTE",1690092,"1PTL342-51612SS3-FHD"
26343,"NRO_PARTE",1690093,"1PTL342-51612OP3-FHD"
26343,"NRO_PARTE",3881313,"BT4M0LS#ABM-OH4"
26343,"NRO_PARTE",3881364,"5PTDP16-5161SOH3"
26343,"NRO_PARTE",3881382,"5PTDP16-7161SOH3"
26343,"NRO_PARTE",3777493,"4PTL555-7U161SSS30-VP"
26343,"NRO_PARTE",3777696,"T16G3U721322100-OH"
26343,"NRO_PARTE",3777731,"T16G3U721322100DC"
26343,"NRO_PARTE",4232095,"MDL2605WB1YK0"
26343,"NRO_PARTE",4232102,"MDL2605XQ6XA0"
26343,"NRO_PARTE",4232108,"MDL2605D3E4B1"
26343,"NRO_PARTE",4232118,"MDL2605S8O4XI"
26343,"NRO_PARTE",4232119,"MDL2605L1VR7O"
26343,"NRO_PARTE",4232130,"MDL2605ZJ9H7R"
26343,"NRO_PARTE",2794334,"T16G6I518201-OP2"
26343,"NRO_PARTE",1914512,"PMM2CU-0MS005"
26343,"NRO_PARTE",1836207,"T14G4I5016201HH"
26343,"NRO_PARTE",1836631,"E14G5R31108101H"
26343,"NRO_PARTE",1836658,"E14G5R31108101P#A"
26343,"NRO_PARTE",1769006,"21EES1YA00"
26343,"NRO_PARTE",1769018,"21EES1YA00-OP"
26343,"NRO_PARTE",1769035,"21EES1YB00-HB"
26343,"NRO_PARTE",4120233,"MDL2509K0WT9J"
26343,"NRO_PARTE",4120412,"V15G5I7516221*-OH"
26343,"NRO_PARTE",1686158,"20AM001MLM"
26343,"NRO_PARTE",1686159,"20AMA39800"
26343,"NRO_PARTE",1686160,"20AR0011LM"
26343,"NRO_PARTE",1686161,"20AR001DLM"
26343,"NRO_PARTE",1686162,"20ASA0C900"
26343,"NRO_PARTE",1686163,"20ASA17J00"
26343,"NRO_PARTE",1686164,"20ASA1V100"
26343,"NRO_PARTE",1686165,"20ASA1WD00"
26343,"NRO_PARTE",1686166,"20ASA1WE00"
26343,"NRO_PARTE",1686167,"20ASA25700"
26343,"NRO_PARTE",1686168,"20ASA25800"
26343,"NRO_PARTE",1686169,"20ASA25900"
26343,"NRO_PARTE",1686170,"20ASA25A00"
26343,"NRO_PARTE",1686171,"20ASA25B00"
26343,"NRO_PARTE",1686172,"20ASA25C00"
26343,"NRO_PARTE",1686173,"20ASA25D00"
26343,"NRO_PARTE",1686174,"20ASA25E00"
26343,"NRO_PARTE",1686175,"20ASA25F00"
26343,"NRO_PARTE",1686176,"20ASA25G00"
26343,"NRO_PARTE",1686177,"20ASA25H00"
26343,"NRO_PARTE",1686178,"20ASA25J00"
26343,"NRO_PARTE",1686179,"20ASA25L00"
26343,"NRO_PARTE",1686180,"20ASA25M00"
26343,"NRO_PARTE",1686181,"20ASA25P00"
26343,"NRO_PARTE",1686182,"20AWA17J00"
26343,"NRO_PARTE",1686183,"20AWA17K00"
26343,"NRO_PARTE",1686184,"20AWA1LE00"
26343,"NRO_PARTE",1686185,"20AWA1NG00"
26343,"NRO_PARTE",1686186,"20AWA1NJ00"
26343,"NRO_PARTE",1686187,"20AWA1NL00"
26343,"NRO_PARTE",1686188,"20AWA1NM00"
26343,"NRO_PARTE",1686189,"20AWA1NN00"
26343,"NRO_PARTE",1686190,"20AWA1NP00"
26343,"NRO_PARTE",1686191,"20AWA1NR00"
26343,"NRO_PARTE",1686192,"20AWA24800"
26343,"NRO_PARTE",1686193,"20AWA24900"
26343,"NRO_PARTE",1686194,"20AWA24W00"
26343,"NRO_PARTE",1686195,"20AWS0MJ00"
26343,"NRO_PARTE",1686196,"20B7A03600"
26343,"NRO_PARTE",1686197,"20B7A03700"
26343,"NRO_PARTE",1686198,"20B7A14U00"
26343,"NRO_PARTE",1686199,"20B7A1E500"
26343,"NRO_PARTE",1686200,"20BFA18100"
26343,"NRO_PARTE",1686201,"NOTEBOOK LATITUDE 5420"
26343,"NRO_PARTE",1686202,"1PTL351-581SS1"
26343,"NRO_PARTE",1686203,"1PTL542-5161OP3-HD"
26343,"NRO_PARTE",1686204,"1PTL542-781OP3-HD"
26343,"NRO_PARTE",1686205,"1PTL542-7825SS3-HD"
26343,"NRO_PARTE",1686206,"153B3LT#ABM-OP"
26343,"NRO_PARTE",1686207,"2X033LT#ABM-OP"
26343,"NRO_PARTE",1686208,"20X2SAHQ00"
26343,"NRO_PARTE",1686209,"20UAS1MU00"
26343,"NRO_PARTE",1686210,"20UAS5X500"
26343,"NRO_PARTE",1686211,"20UAS5MN00"
26343,"NRO_PARTE",1686212,"20RV00XXLM"
26343,"NRO_PARTE",1686213,"5A208LT#ABM-OH"
26343,"NRO_PARTE",1686214,"0PTL351-71625SS3-FHD"
26343,"NRO_PARTE",1686215,"20U3S0QT00-OH"
26343,"NRO_PARTE",1686216,"20U3S0QT00-OP"
26343,"NRO_PARTE",1686217,"20T9S0L800"
26343,"NRO_PARTE",1686218,"8ZN63LT#ABM-OPU"
26343,"NRO_PARTE",1686219,"20U6S17K00"
26343,"NRO_PARTE",1686220,"8ZN65LT#ABM-OHU"
26343,"NRO_PARTE",1690094,"1PTL342-7161SS3-FHD"
26343,"NRO_PARTE",1690095,"1PTL342-7161OP3-FHD"
26343,"NRO_PARTE",1690096,"1PTL342-71625SS3-FHD"
26343,"NRO_PARTE",1690097,"1PTL342-71625OP3-FHD"
26343,"NRO_PARTE",1690098,"1PTL531T-7812OH3"
26343,"NRO_PARTE",1690099,"14Z90P-G.AJ53B4"
26343,"NRO_PARTE",1690100,"1PTL552-3825SS1-FHD"
26343,"NRO_PARTE",1690101,"15Z90P-G.AH56B4"
26343,"NRO_PARTE",1690102,"1PTL342-5812SS3-FHD"
26343,"NRO_PARTE",1690103,"1PTL342-5812OH3-FHD"
26343,"NRO_PARTE",1690104,"1PTL342-5812OP3-FHD"
26343,"NRO_PARTE",1690105,"1PTL342-781SS3-FHD"
26343,"NRO_PARTE",1690106,"1PTL342-781OP3-FHD"
26343,"NRO_PARTE",1690107,"1PTL342-7825OH3-FHD"
26343,"NRO_PARTE",1690108,"1PTL342-5161OP3-FHD"
26343,"NRO_PARTE",1690109,"1PTL342-51625SS3-FHD"
26343,"NRO_PARTE",1690110,"1PTL342-71625OH3-FHD"
26343,"NRO_PARTE",1690111,"1PTL342-71612OH3-FHD"
26343,"NRO_PARTE",1690112,"1PTL342-71612OP3-FHD"
26343,"NRO_PARTE",1690113,"1PTL531T-7812SS3"
26343,"NRO_PARTE",1690114,"20T7S0DS00"
26343,"NRO_PARTE",1690115,"20RW00GCLM"
26343,"NRO_PARTE",1690116,"20T7S0CH00"
26343,"NRO_PARTE",1690117,"20T9S0X900"
26343,"NRO_PARTE",1690118,"20RW00G6LM"
26343,"NRO_PARTE",1690119,"20T9S10T00"
26343,"NRO_PARTE",1690120,"20U6S1WF00"
26343,"NRO_PARTE",1690121,"20U6S1XV00"
26343,"NRO_PARTE",1690122,"20RW00G9LM"
26343,"NRO_PARTE",1690123,"20U6S13X00"
26343,"NRO_PARTE",1690124,"20U6S13200"
26343,"NRO_PARTE",1690125,"FICHA I7 L14"
26343,"NRO_PARTE",1690126,"FICHAS I5 E14 GEN2"
26343,"NRO_PARTE",1690127,"20TBS36N00"
26343,"NRO_PARTE",1690128,"LENOVO K14 24"
26343,"NRO_PARTE",1690129,"LENOVO K14 81"
26343,"NRO_PARTE",1690130,"LENOVO K14 91"
26343,"NRO_PARTE",1690131,"21CSS0A900"
26343,"NRO_PARTE",1690132,"NB0XVVA0I"
26343,"NRO_PARTE",1690133,"NB0XAVA0S"
26343,"NRO_PARTE",1690134,"NB08AVA0W"
26343,"NRO_PARTE",1690135,"NB09AVA0Y"
26343,"NRO_PARTE",1690136,"NB0QAVA15"
26343,"NRO_PARTE",1690137,"NB0AAVA1H"
26343,"NRO_PARTE",1690138,"NB0BAVA1J"
26343,"NRO_PARTE",1690139,"NB0VAVA1K"
26343,"NRO_PARTE",1690140,"20X4S6PM00"
26343,"NRO_PARTE",1690141,"20TBS52B00"
26343,"NRO_PARTE",1690142,"21E4S13200"
26343,"NRO_PARTE",1690143,"21E4S13300"
26343,"NRO_PARTE",1690144,"6P2G7LT#ABM-OH"
26343,"NRO_PARTE",1690145,"6P2G7LT#ABM-OP"
26343,"NRO_PARTE",1690146,"20U8S21V00A"
26343,"NRO_PARTE",1690147,"0PTL351-581SS1"
26343,"NRO_PARTE",1690148,"2K2P2LT#ABM"
26343,"NRO_PARTE",1690149,"2Q9S2LT#ABM"
26343,"NRO_PARTE",1690150,"2Q9S2LT#ABM-OH"
26343,"NRO_PARTE",1690151,"2Q9S2LT#ABM-OP"
26343,"NRO_PARTE",1690152,"1PTL552-51625SS3-FHD"
26343,"NRO_PARTE",1690153,"1PTL552-51625OH3-FHD"
26343,"NRO_PARTE",1690154,"1PTL552-51612SS3-FHD"
26343,"NRO_PARTE",3881174,"T14G8C53381100-OH"
26343,"NRO_PARTE",3881345,"5PTDP14-5161SOH3"
26343,"NRO_PARTE",3881406,"5PTDP16-785SOH3"
26343,"NRO_PARTE",3881417,"5PTDPP16-7U161SSS3-A"
26343,"NRO_PARTE",4227536,"TB14G9R716512-OH"
26343,"NRO_PARTE",2626437,"7G2HH4V354"
26343,"NRO_PARTE",2626440,"5GTHL4V477"
26343,"NRO_PARTE",2626442,"7WTHL4V478"
26343,"NRO_PARTE",1925942,"V14G3#I5016101H"
26343,"NRO_PARTE",4226683,"90NX08L1-M02P10-OH"
26343,"NRO_PARTE",2748197,"21JL0011LM"
26343,"NRO_PARTE",2031334,"21H4S54B00-OP"
26343,"NRO_PARTE",2031529,"21H8S1SK00-OP"
26343,"NRO_PARTE",1764368,"3PTL352-3856SS1-HD"
26343,"NRO_PARTE",1764443,"21C6S3Q300-OH"
26343,"NRO_PARTE",3825986,"BN6E3LA#ABM-A"
26343,"NRO_PARTE",1686221,"20BFA18W00"
26343,"NRO_PARTE",1686222,"20BFA1HJ00"
26343,"NRO_PARTE",1686223,"20BT000BLM"
26343,"NRO_PARTE",1686224,"20BTA00Y00"
26343,"NRO_PARTE",1686225,"20BTA01000"
26343,"NRO_PARTE",1686226,"20BTA0J700"
26343,"NRO_PARTE",1686227,"20BTA0J800"
26343,"NRO_PARTE",1686228,"20BTA0J900"
26343,"NRO_PARTE",1686229,"20BTA0JA00"
26343,"NRO_PARTE",1686230,"20BTA0JB00"
26343,"NRO_PARTE",1686231,"20BTA0JC00"
26343,"NRO_PARTE",1686232,"20BTA0JD00"
26343,"NRO_PARTE",1686233,"20BTA0JE00"
26343,"NRO_PARTE",1686234,"20BTA0JF00"
26343,"NRO_PARTE",1686235,"20BTA0JG00"
26343,"NRO_PARTE",1686236,"20BTA0JH00"
26343,"NRO_PARTE",1686237,"NBL403BVA0F"
26343,"NRO_PARTE",1686238,"90NX0SX1-M05570"
26343,"NRO_PARTE",1686239,"1PTL542-7812SS3-HD"
26343,"NRO_PARTE",1686240,"1PTL542-71612SS3-HD"
26343,"NRO_PARTE",1686241,"1PTL552-7161OH3-HD"
26343,"NRO_PARTE",1686242,"1PTL542-5825SS3-HD"
26343,"NRO_PARTE",1686243,"NBHGA3BVA2L"
26343,"NRO_PARTE",1686244,"161F7LA#ABM-OP"
26343,"NRO_PARTE",1686245,"2X035LT#ABM-OP"
26343,"NRO_PARTE",1686246,"2Y345LT#ABM-OP"
26343,"NRO_PARTE",1686247,"1F4Z7LT#ABM-OP"
26343,"NRO_PARTE",1686248,"17Z90P-G.AH86B4-GOB-OFFICE"
26343,"NRO_PARTE",1686249,"E1504I7108201H"
26343,"NRO_PARTE",1686250,"E1504I7116101P"
26343,"NRO_PARTE",1686251,"E1504I7132201H"
26343,"NRO_PARTE",1686252,"82C401FXLM"
26343,"NRO_PARTE",1686253,"20UCS33Y00"
26343,"NRO_PARTE",1686254,"20RBS6AD00"
26343,"NRO_PARTE",1686255,"20NCS19600A"
26343,"NRO_PARTE",1686256,"20NCS29800A"
26343,"NRO_PARTE",1686257,"20NCS29800O"
26343,"NRO_PARTE",1686258,"20NCS01600D"
26343,"NRO_PARTE",1686259,"9PTL35-581OP5-19-S-H"
26343,"NRO_PARTE",1686260,"8GF44LS#ABM"
26343,"NRO_PARTE",1686261,"8GF53LS#ABM"
26343,"NRO_PARTE",1686262,"8GF62LS#ABM"
26343,"NRO_PARTE",1686263,"8GF65LS#ABM"
26343,"NRO_PARTE",1686264,"9PTL35-7825SS4"
26343,"NRO_PARTE",1686265,"9PTL34-581OH3-19-S"
26343,"NRO_PARTE",1686266,"9PTL34-581OH3-19-S-H"
26343,"NRO_PARTE",1686267,"20NES00V00"
26343,"NRO_PARTE",1686268,"9PTL55-781SSS3"
26343,"NRO_PARTE",1686269,"9PTL55-781SSS4"
26343,"NRO_PARTE",1686270,"9PTL55-781SOH4-19"
26343,"NRO_PARTE",1686271,"20NES0ER00"
26343,"NRO_PARTE",1686272,"9PTL55-781SOP4-19"
26343,"NRO_PARTE",1686273,"9PTL55-781SOP5-19"
26343,"NRO_PARTE",1686274,"20NES0ES00"
26343,"NRO_PARTE",1686275,"20NES0ET00"
26343,"NRO_PARTE",1686276,"20MVS0TG00"
26343,"NRO_PARTE",1686277,"9PTL35-581OP4-19-S"
26343,"NRO_PARTE",1686278,"9PTL53-51612SS4"
26343,"NRO_PARTE",1686279,"9PTL53-51612SS5"
26343,"NRO_PARTE",1686280,"9PTL53-51612OH4-19"
26343,"NRO_PARTE",1686281,"9PTL53-51612OH3-19"
26343,"NRO_PARTE",1686282,"9PTL53-51612OH5-19"
26343,"NRO_PARTE",1690155,"2Q6J0LT#ABM-OH"
26343,"NRO_PARTE",1690156,"1PTL552-781SS3-FHD"
26343,"NRO_PARTE",1690157,"1PTL552-781OH3-FHD"
26343,"NRO_PARTE",1690158,"21CSS16P00"
26343,"NRO_PARTE",1690159,"21CSS0AG00-OP"
26343,"NRO_PARTE",1690160,"21CSS0AG00-OH"
26343,"NRO_PARTE",1690161,"21CSS16W00"
26343,"NRO_PARTE",1690162,"NL5L582I3VA00H"
26343,"NRO_PARTE",1690163,"NL5L5GMI3VA00Z"
26343,"NRO_PARTE",1690164,"NL5L58QI3VA015"
26343,"NRO_PARTE",1690165,"NL5L7GQI3VA018"
26343,"NRO_PARTE",1690166,"NL5P7GQI3VA01S"
26343,"NRO_PARTE",1690167,"NL5P58MI3VA01T"
26343,"NRO_PARTE",1690168,"NL5P58TI3VA01X"
26343,"NRO_PARTE",1690169,"NL5P58MI3VA021"
26343,"NRO_PARTE",1690170,"NL5P78MI3VA022"
26343,"NRO_PARTE",1690171,"NL5P58QI3VA029"
26343,"NRO_PARTE",1690172,"NL5P78QI3VA02A"
26343,"NRO_PARTE",1690173,"NL5P5GQI3VA02B"
26343,"NRO_PARTE",1690174,"NL5P7GQI3VA02C"
26343,"NRO_PARTE",1690175,"NL5P58MI3VA02D"
26343,"NRO_PARTE",1690176,"NL5P5GMI3VA02F"
26343,"NRO_PARTE",1690177,"NL5P58TI3VA02H"
26343,"NRO_PARTE",1690178,"NL5H78MI3VA02Y"
26343,"NRO_PARTE",1690179,"NL5H7GMI3VA030"
26343,"NRO_PARTE",1690180,"NL5H78TI3VA032"
26343,"NRO_PARTE",1690181,"NL5H5GMI3VA037"
26343,"NRO_PARTE",1690182,"NL5H782I3VA03A"
26343,"NRO_PARTE",1690183,"NL5H7GMI3VA03K"
26343,"NRO_PARTE",1690184,"NL5H58TI3VA03L"
26343,"NRO_PARTE",1690185,"618U2LT#ABM-OP"
26343,"NRO_PARTE",1690186,"21CSS0P100"
26343,"NRO_PARTE",1690187,"20X8S0TM00"
26343,"NRO_PARTE",1690188,"20XLS1F000"
26343,"NRO_PARTE",1690189,"1PTL531T-7812OP3"
26343,"NRO_PARTE",1690190,"16Z90P-G.AH75B4"
26343,"NRO_PARTE",1690191,"17Z90P-G.AH76B4"
26343,"NRO_PARTE",1690192,"1PTV34-581SS3"
26343,"NRO_PARTE",1690193,"1PTL342-7825SS3-FHD"
26343,"NRO_PARTE",1690194,"1PTL342-7825OP3-FHD"
26343,"NRO_PARTE",1690195,"1PTL342-7812SS3-FHD"
26343,"NRO_PARTE",1690196,"1PTL342-7812OH3-FHD"
26343,"NRO_PARTE",1690197,"1PTL342-5161SS3-FHD"
26343,"NRO_PARTE",1690198,"1PTL342-5161OH3-FHD"
26343,"NRO_PARTE",1690199,"1PTL342-71612SS3-FHD"
26343,"NRO_PARTE",1690200,"0PTL541-7812SS3-VP"
26343,"NRO_PARTE",1690201,"0PTL341-7812OP3-FHD"
26343,"NRO_PARTE",1690202,"20RW00GBLM"
26343,"NRO_PARTE",1690203,"20RW00GDLM"
26343,"NRO_PARTE",1690204,"NBH7AVA29"
26343,"NRO_PARTE",1690205,"NBH3AVA2C"
26343,"NRO_PARTE",1690206,"NBH4AVA2E"
26343,"NRO_PARTE",1690207,"1PTL552-781OP3-FHD"
26343,"NRO_PARTE",1690208,"26M01LT#ABM-OP"
26343,"NRO_PARTE",1690209,"26M79LT#ABM-OH"
26343,"NRO_PARTE",1690210,"1PTL552-7825OP3-FHD"
26343,"NRO_PARTE",1690211,"1PTL552-7812SS3-FHD"
26343,"NRO_PARTE",1690212,"21CSS16Q00"
26343,"NRO_PARTE",1690213,"21CSS16R00"
26343,"NRO_PARTE",1690214,"21CSS0AJ00."
26343,"NRO_PARTE",1690215,"53012NOBELN36-MOB"
26343,"NRO_PARTE",4227313,"TB16G9R7321000-OHU"
26343,"NRO_PARTE",2625690,"58TPH4V302"
26343,"NRO_PARTE",2625738,"5GMPH4V309"
26343,"NRO_PARTE",2626452,"7GTHL4V480"
26343,"NRO_PARTE",2627988,"A2QU5LS#ABM-OPA"
26343,"NRO_PARTE",1729745,"21ECS16D00"
26343,"NRO_PARTE",2630474,"PSY29U-0D500NL1-E-OP"
26343,"NRO_PARTE",2748229,"21KG00LDLM"
26343,"NRO_PARTE",2748247,"PMM20U-24M07LM1-NE-OP"
26343,"NRO_PARTE",2748266,"21HE0010LM"
26343,"NRO_PARTE",2031509,"21H8S1SS00-OP"
26343,"NRO_PARTE",3776244,"T14G5U721162100DW"
26343,"NRO_PARTE",1762870,"80A99LA#ABM-OHW"
26343,"NRO_PARTE",1686283,"9PTL53-51612OP3-19"
26343,"NRO_PARTE",1686284,"9PTL53-51612OP4-19"
26343,"NRO_PARTE",1686285,"9PTL53-51625SS3"
26343,"NRO_PARTE",1686286,"9PTL53-51625SS5"
26343,"NRO_PARTE",1686287,"9PTL53-51625OP3-19"
26343,"NRO_PARTE",1686288,"9PTL53-51625OH3-19"
26343,"NRO_PARTE",1686289,"9PTL53-51625OH5-19"
26343,"NRO_PARTE",1686290,"9PTL53-51625OP5-19"
26343,"NRO_PARTE",1686291,"9PTL53-781SS5"
26343,"NRO_PARTE",1686292,"9PTL53-781OH4-19"
26343,"NRO_PARTE",1686293,"9PTL53-781OH5-19"
26343,"NRO_PARTE",1686294,"9PTL53-781OP5-19"
26343,"NRO_PARTE",1686295,"9PTL53-781OP4-19"
26343,"NRO_PARTE",1686296,"9PTL35-5161SOH4-19"
26343,"NRO_PARTE",1686297,"9PTL35-5161SOP4-19"
26343,"NRO_PARTE",1686298,"9PTL35-5161SOP5-19"
26343,"NRO_PARTE",1686299,"9PTL35-5161SSS4"
26343,"NRO_PARTE",1686300,"9PTL35-5161SSS5"
26343,"NRO_PARTE",1686301,"9PTL74-781OP5-19"
26343,"NRO_PARTE",1686302,"9PTL35-5812OP4-19"
26343,"NRO_PARTE",1686303,"9PTL35-5161OH3-19"
26343,"NRO_PARTE",1686304,"9PTL35-5161OH5-19"
26343,"NRO_PARTE",1686305,"9PTL74-5812OH4-19"
26343,"NRO_PARTE",1686306,"9PTL74-5161SS4"
26343,"NRO_PARTE",1686307,"9PTL74-5161OH4-19"
26343,"NRO_PARTE",1686308,"9PTL74-5161OP5-19"
26343,"NRO_PARTE",1686309,"9PTL74-51612SS5"
26343,"NRO_PARTE",1686310,"9PTL74-51612OH4-19"
26343,"NRO_PARTE",1686311,"9PTL74-51612OP4-19"
26343,"NRO_PARTE",1686312,"9PTL53-51612OP5-19"
26343,"NRO_PARTE",1686313,"9PTL53-51625OH4-19"
26343,"NRO_PARTE",1686314,"9PTL53-781OP3-19"
26343,"NRO_PARTE",1686315,"9PTL35-5161SOH3-19"
26343,"NRO_PARTE",1686316,"9PTL35-5161SOH5-19"
26343,"NRO_PARTE",1686317,"9PTL35-51625SS3"
26343,"NRO_PARTE",1686318,"9PTL74-7161OH3-19"
26343,"NRO_PARTE",1686319,"9PTL74-7161OH5-19"
26343,"NRO_PARTE",1686320,"9PTL74-7161OP3-19"
26343,"NRO_PARTE",1686321,"9PTL74-7161OP4-19"
26343,"NRO_PARTE",1686322,"20NCS2A300"
26343,"NRO_PARTE",1686323,"9PTL74-73212OH3-19-VP"
26343,"NRO_PARTE",1686324,"GP75-9SD-C79732240116T6"
26343,"NRO_PARTE",1686325,"GP75-9SD-C79716480116T6"
26343,"NRO_PARTE",1686326,"GP75-9SD-C79732480116T6"
26343,"NRO_PARTE",1686327,"NBPNV3BVA2Y"
26343,"NRO_PARTE",1686328,"151D7LT#ABM-OP"
26343,"NRO_PARTE",1686329,"20RBS7G200"
26343,"NRO_PARTE",1686330,"2PTL352-31656OP3-FHD"
26343,"NRO_PARTE",1686331,"53012KGPN-MOB"
26343,"NRO_PARTE",1686332,"1PTL352-5812OH3-FHD-H"
26343,"NRO_PARTE",1686333,"1PTL542-7812SS3-FHD-H"
26343,"NRO_PARTE",1686334,"82NB002VLM"
26343,"NRO_PARTE",1686335,"21EES0EF00"
26343,"NRO_PARTE",1686336,"21EES0EF00-OH"
26343,"NRO_PARTE",1686337,"0PTL541-5812OP3-FHD"
26343,"NRO_PARTE",1686338,"0PTL54R-7161SOH3-VP"
26343,"NRO_PARTE",1686339,"0PTL54R-7161SOP3-VP"
26343,"NRO_PARTE",1686340,"0PTL54R-71612OH3"
26343,"NRO_PARTE",1686341,"0PTL54R-71612OP3-VP"
26343,"NRO_PARTE",1686342,"0PTL54R-71612OH3-VP"
26343,"NRO_PARTE",1690216,"21CSS0AG00."
26343,"NRO_PARTE",1690217,"2PTL357-7321SSS3-4V-W"
26343,"NRO_PARTE",1690218,"NL5L7GMI3VA010"
26343,"NRO_PARTE",1690219,"NL5L5GMI3VA01J"
26343,"NRO_PARTE",1690220,"NL5H7GTI3VA034"
26343,"NRO_PARTE",1690221,"NL5H58MI3VA035"
26343,"NRO_PARTE",1690222,"NL5H78MI3VA036"
26343,"NRO_PARTE",1690223,"NL5H7GMI3VA038"
26343,"NRO_PARTE",1690224,"NL5H582I3VA039"
26343,"NRO_PARTE",1690225,"NL5H5G2I3VA03B"
26343,"NRO_PARTE",1690226,"NL5H7GTI3VA03O"
26343,"NRO_PARTE",1690227,"NL5H7GMI3VA03S"
26343,"NRO_PARTE",1690228,"NL5H582I3VA03T"
26343,"NRO_PARTE",1690229,"NL5H782I3VA03U"
26343,"NRO_PARTE",1690230,"53011VPK"
26343,"NRO_PARTE",1690231,"1PTL54R-7161SSS3-VP"
26343,"NRO_PARTE",1690232,"1PTV34-541OP3"
26343,"NRO_PARTE",1690233,"1PTL552-3825OH1-FHD"
26343,"NRO_PARTE",1690234,"0PTL541-7812OH3-VP"
26343,"NRO_PARTE",1690235,"82CE000QPD"
26343,"NRO_PARTE",1690236,"81M8004KLM"
26343,"NRO_PARTE",1690237,"20RW00GFLM"
26343,"NRO_PARTE",1690238,"20U7S01Y00"
26343,"NRO_PARTE",1690239,"20UDS03G00"
26343,"NRO_PARTE",1690240,"20UHS02900"
26343,"NRO_PARTE",1690241,"20U3S0AL00"
26343,"NRO_PARTE",1690242,"3E2F7LT#ABM-OH"
26343,"NRO_PARTE",1690243,"3E2Q8LT#ABM"
26343,"NRO_PARTE",1690244,"3E2Q8LT#ABM-OH"
26343,"NRO_PARTE",1690245,"3E2Q8LT#ABM-OP"
26343,"NRO_PARTE",1690246,"3E2R0LT#ABM"
26343,"NRO_PARTE",1690247,"2K2P1LT#ABM-DM"
26343,"NRO_PARTE",1690248,"90NX0421-M05BL0-OH"
26343,"NRO_PARTE",1690249,"21E4S11M00"
26343,"NRO_PARTE",1690250,"21E4S11M00-OP"
26343,"NRO_PARTE",1690251,"20U8S21T00A"
26343,"NRO_PARTE",1690252,"0PTL351-581SS3-HD"
26343,"NRO_PARTE",1690253,"1PTL552-5161SS3-FHD"
26343,"NRO_PARTE",1690254,"1PTL552-51612OH3-FHD"
26343,"NRO_PARTE",1690255,"2K2P4LT#ABM"
26343,"NRO_PARTE",1690256,"1PTL552-7812OH3-FHD"
26343,"NRO_PARTE",1690257,"1PTL552-7161SS3-FHD"
26343,"NRO_PARTE",1690258,"1PTL552-7161OH3-FHD"
26343,"NRO_PARTE",1690259,"21E7S19600-OP"
26343,"NRO_PARTE",1690260,"21E7S19700"
26343,"NRO_PARTE",1690261,"21CSS0C200"
26343,"NRO_PARTE",1690262,"14Z90P-G.AJ63B4-GOB"
26343,"NRO_PARTE",1690263,"15Z90P-G-AH66B4-GOB"
26343,"NRO_PARTE",1690264,"1PTL542-71612SS4-NSO-LTE-V-"
26343,"NRO_PARTE",1690265,"20X8S0TC00"
26343,"NRO_PARTE",1690266,"20X8S0TL00"
26343,"NRO_PARTE",1690267,"1PTV34-581OH3"
26343,"NRO_PARTE",1690268,"1PTV34-581OP3"
26343,"NRO_PARTE",1690269,"1PTV34-5825SS3"
26343,"NRO_PARTE",1690270,"1PTV34-5825OH3"
26343,"NRO_PARTE",1690271,"1PTV34-5825OP3"
26343,"NRO_PARTE",1690272,"1PTV34-7812SS3"
26343,"NRO_PARTE",1690273,"1PTV34-7812OH3"
26343,"NRO_PARTE",1690274,"1PTV34-7812OP3"
26343,"NRO_PARTE",1690275,"1PTL342-781OH3-FHD"
26343,"NRO_PARTE",1690276,"20U3S0AQ00"
26343,"NRO_PARTE",3731607,"5PTL555-7U161SOH3-VP-A"
26343,"NRO_PARTE",3731667,"4PTL545-7U161SOH3-VP-A"
26343,"NRO_PARTE",3731680,"4PTL555-7U161SSS3-VP-A"
26343,"NRO_PARTE",1900511,"V15#G4#R3908001A"
26343,"NRO_PARTE",3140276,"E14G6U51616101"
26343,"NRO_PARTE",4227571,"TB14G9R716512-OHU"
26343,"NRO_PARTE",4227603,"TB14G9R7161000"
26343,"NRO_PARTE",4227646,"E14G7U721322100#-OH"
26343,"NRO_PARTE",2625711,"78TPH4V305"
26343,"NRO_PARTE",2625753,"7GMPH4V312"
26343,"NRO_PARTE",4054218,"PNM11U-15T00D"
26343,"NRO_PARTE",1729971,"21E7S35700"
26343,"NRO_PARTE",1730028,"21E7S34T00"
26343,"NRO_PARTE",3761023,"4PTLPR14-7U161SSS4-VP"
26343,"NRO_PARTE",1926290,"V15G3#I5016101PA"
26343,"NRO_PARTE",1925754,"V15G3#I3908001H"
26343,"NRO_PARTE",2630520,"PSY29U-0D500NL1-E"
26343,"NRO_PARTE",2748288,"PML30U-09Y00V-A-OH"
26343,"NRO_PARTE",3776284,"T14G5U721162100DW-OH"
26343,"NRO_PARTE",3895555,"PNL13U-0CT009-OH"
26343,"NRO_PARTE",1686343,"20NCS01700A"
26343,"NRO_PARTE",1686344,"20NCS01700O"
26343,"NRO_PARTE",1686345,"20NCS01600A"
26343,"NRO_PARTE",1686346,"20NCS01600O"
26343,"NRO_PARTE",1686347,"20NCS0L000A"
26343,"NRO_PARTE",1686348,"1PTL552-5825OP3-S-FHD"
26343,"NRO_PARTE",1686349,"20TBS11100"
26343,"NRO_PARTE",1686350,"20X2S08C00"
26343,"NRO_PARTE",1686351,"9PTL53-5161OH3-19"
26343,"NRO_PARTE",1686352,"20L6S6XY00"
26343,"NRO_PARTE",1686353,"9PTL35-5812OH3-19"
26343,"NRO_PARTE",1686354,"9PTL35-5812OH4-19"
26343,"NRO_PARTE",1686355,"9PTL35-5812OH5-19"
26343,"NRO_PARTE",1686356,"9PTL35-5812OP3-19"
26343,"NRO_PARTE",1686357,"9PTL35-5812OP5-19"
26343,"NRO_PARTE",1686358,"9PTL35-5812SS5"
26343,"NRO_PARTE",1686359,"9PTL35-5161OH4-19"
26343,"NRO_PARTE",1686360,"9PTL35-5161OP3-19"
26343,"NRO_PARTE",1686361,"9PTL74-581SS3"
26343,"NRO_PARTE",1686362,"9PTL74-581SS4"
26343,"NRO_PARTE",1686363,"9PTL74-581SS5"
26343,"NRO_PARTE",1686364,"9PTL74-581OP4-19"
26343,"NRO_PARTE",1686365,"9PTL74-581OP5-19"
26343,"NRO_PARTE",1686366,"9PTL74-5812SS3"
26343,"NRO_PARTE",1686367,"9PTL74-5812OH5-19"
26343,"NRO_PARTE",1686368,"9PTL74-5812OP3-19"
26343,"NRO_PARTE",1686369,"9PTL74-5812OP4-19"
26343,"NRO_PARTE",1686370,"9PTL74-5812OP5-19"
26343,"NRO_PARTE",1686371,"9PTL74-5161SS5"
26343,"NRO_PARTE",1686372,"9PTL74-5161OP3-19"
26343,"NRO_PARTE",1686373,"9PTL74-51612SS4"
26343,"NRO_PARTE",1686374,"9PTL74-51612OH3-19"
26343,"NRO_PARTE",1686375,"9PTL74-51612OH5-19"
26343,"NRO_PARTE",1686376,"9PTL74-51612OP3-19"
26343,"NRO_PARTE",1686377,"9PTL74-7812SS3"
26343,"NRO_PARTE",1686378,"9PTL74-7812SS4"
26343,"NRO_PARTE",1686379,"9PTL74-7812SS5"
26343,"NRO_PARTE",1686380,"9PTL74-7812OH3-19"
26343,"NRO_PARTE",1686381,"9PTL74-7812OH4-19"
26343,"NRO_PARTE",1686382,"9PTL74-7812OP3-19"
26343,"NRO_PARTE",1686383,"9PTL74-7812OP4-19"
26343,"NRO_PARTE",1686384,"9PTL35-51625OP5-19"
26343,"NRO_PARTE",1686385,"9PTL35-51625SS4"
26343,"NRO_PARTE",1686386,"9PTL35-51600OH5-19"
26343,"NRO_PARTE",1686387,"9PTL74-7161SS4"
26343,"NRO_PARTE",1686388,"9PTL34-5825OH3-19"
26343,"NRO_PARTE",1686389,"9PTL34-5825OH5-19"
26343,"NRO_PARTE",1686390,"9PTL34-5825OP4-19"
26343,"NRO_PARTE",1686391,"9PTL35-581SS5"
26343,"NRO_PARTE",1686392,"9PTL35-581OH5-19"
26343,"NRO_PARTE",1686393,"9PTL53-581OP5-19"
26343,"NRO_PARTE",1686394,"9PTL35-581OP3-19"
26343,"NRO_PARTE",1686395,"9PTL34-5812SS3"
26343,"NRO_PARTE",1686396,"9PTL34-5812OH3-19"
26343,"NRO_PARTE",1686397,"9PTL34-5812OH5-19"
26343,"NRO_PARTE",1686398,"9PTL34-5812OP3-19"
26343,"NRO_PARTE",1686399,"9PTL34-5161SS3"
26343,"NRO_PARTE",1686400,"9PTL34-5161SS4"
26343,"NRO_PARTE",1686401,"9PTL34-5161SOH3-19"
26343,"NRO_PARTE",1686402,"9PTL34-5161SOH5-19"
26343,"NRO_PARTE",1686403,"9PTL34-5161SOP3-19"
26343,"NRO_PARTE",1690277,"20U3S0AM00"
26343,"NRO_PARTE",1690278,"20RDS0UV00"
26343,"NRO_PARTE",1690279,"0PTL341-781SS3-FHD-V-M"
26343,"NRO_PARTE",1690280,"20T8S01M00"
26343,"NRO_PARTE",1690281,"20U5S02E00"
26343,"NRO_PARTE",1690282,"0PTL351-781OP3-FHD-V-M"
26343,"NRO_PARTE",1690283,"2F8L3LS#ABM-OH"
26343,"NRO_PARTE",1690284,"20T8S01L00"
26343,"NRO_PARTE",1690285,"20R6S1YV00"
26343,"NRO_PARTE",1690286,"0PTL741-71612SS3-M-U"
26343,"NRO_PARTE",1690287,"3E2R0LT#ABM-OP"
26343,"NRO_PARTE",1690288,"55F79LS#ABM-OHMA"
26343,"NRO_PARTE",1690289,"90NX0291-M000J0"
26343,"NRO_PARTE",1690290,"2P5L8LT#ABM-W"
26343,"NRO_PARTE",1690291,"2P5L8LT#ABM-OPW"
26343,"NRO_PARTE",1690292,"2P5M3LT#ABM-OHW"
26343,"NRO_PARTE",1690293,"2P5M3LT#ABM-OPW"
26343,"NRO_PARTE",1690294,"2Y348LT"
26343,"NRO_PARTE",1690295,"2Y348LT-OH"
26343,"NRO_PARTE",1690296,"563N6LA#ABM"
26343,"NRO_PARTE",1690297,"20YHS0QE00"
26343,"NRO_PARTE",1690298,"21CSS0D600-OH"
26343,"NRO_PARTE",1690299,"8GF48LT#ABM"
26343,"NRO_PARTE",1690300,"8GF48LT#ABM-OH"
26343,"NRO_PARTE",1690301,"1PTL552-581SS3-FHD"
26343,"NRO_PARTE",1690302,"1PTL552-581OH3-FHD"
26343,"NRO_PARTE",1690303,"1PTL552-581OP3-FHD"
26343,"NRO_PARTE",1690304,"1PTL552-5825OP3-FHD"
26343,"NRO_PARTE",1690305,"1PTL552-71625SS3-FHD"
26343,"NRO_PARTE",1690306,"1PTL552-71625OH3-FHD"
26343,"NRO_PARTE",1690307,"1PTL552-71625OP3-FHD"
26343,"NRO_PARTE",1690308,"21CSS0AL00-OH"
26343,"NRO_PARTE",1690309,"21CSS0AL00."
26343,"NRO_PARTE",1690310,"21CSS0AL00- OP"
26343,"NRO_PARTE",1690311,"21CSS16W00-OH"
26343,"NRO_PARTE",1690312,"21CSS17400"
26343,"NRO_PARTE",1690313,"21CSS16X00"
26343,"NRO_PARTE",1690314,"21CSS16X00-OP"
26343,"NRO_PARTE",1690315,"2PTL357-7321SOP3-4V-W"
26343,"NRO_PARTE",1690316,"2PTL357-7321SOH3-4V-W"
26343,"NRO_PARTE",1690317,"2PTL357-7161SSS3-4V-W"
26343,"NRO_PARTE",1690318,"NL5L7GTI3VA00W"
26343,"NRO_PARTE",1690319,"NL5H5GTI3VA03N"
26343,"NRO_PARTE",1690320,"53012KFJ-MOP"
26343,"NRO_PARTE",1690321,"16Z90P-G.AH85B4"
26343,"NRO_PARTE",1690322,"53012KFJ"
26343,"NRO_PARTE",1690323,"15Z90P-G-AH66B4-GOB-OFFICE"
26343,"NRO_PARTE",1690324,"53011XKM"
26343,"NRO_PARTE",1690325,"53011XKM-MOB"
26343,"NRO_PARTE",1690326,"53011XKM-MOP"
26343,"NRO_PARTE",1690327,"20T0S0A600"
26343,"NRO_PARTE",1690328,"20T0S0A700"
26343,"NRO_PARTE",1690329,"20S6S08800"
26343,"NRO_PARTE",1690330,"20S6S08A00"
26343,"NRO_PARTE",1690331,"20S6S08B00"
26343,"NRO_PARTE",1690332,"20TLS01000"
26343,"NRO_PARTE",1690333,"20TLS01100"
26343,"NRO_PARTE",1690334,"20UAS2GW00"
26343,"NRO_PARTE",1690335,"20UAS2GV00"
26343,"NRO_PARTE",1690336,"2F8L3LS#ABM-OP"
26343,"NRO_PARTE",1690337,"0PTL341-781OH3-FHD-V-M"
26343,"NRO_PARTE",1900528,"V15#G4#R3908001HH"
26343,"NRO_PARTE",3140339,"E14G6U51616101-OH"
26343,"NRO_PARTE",4227512,"TB14G9R716512"
26343,"NRO_PARTE",4227621,"E14G7U721322100#"
26343,"NRO_PARTE",4227691,"E14G7U721162100#-OH"
26343,"NRO_PARTE",2625702,"7WTPH4V304"
26343,"NRO_PARTE",2626451,"7WTHH4V358"
26343,"NRO_PARTE",2626455,"5WTP04V481"
26343,"NRO_PARTE",4054177,"PNM11U-15T00D-OH"
26343,"NRO_PARTE",1926172,"V15G3#I5008101HH"
26343,"NRO_PARTE",1726470,"NONE"
26343,"NRO_PARTE",3776388,"T14G5U721322100-OH"
26343,"NRO_PARTE",3895592,"PNL13U-0CX009-OH"
26343,"NRO_PARTE",1686404,"9PTL34-5161SOP5-19"
26343,"NRO_PARTE",1686405,"9PTL53-5812SS3"
26343,"NRO_PARTE",1686406,"9PTL53-5812SS4"
26343,"NRO_PARTE",1686407,"9PTL53-5812SS5"
26343,"NRO_PARTE",1686408,"9PTL53-5812OH5-19"
26343,"NRO_PARTE",1686409,"9PTL53-5812OH4-19"
26343,"NRO_PARTE",1686410,"9PTL55-7161SOP5-19"
26343,"NRO_PARTE",1686411,"9PTL55-71612SS3"
26343,"NRO_PARTE",1686412,"9PTL55-71612SS4"
26343,"NRO_PARTE",1686413,"9PTL55-71612SS5"
26343,"NRO_PARTE",1686414,"9PTL55-71612OH4-19"
26343,"NRO_PARTE",1686415,"9PTL55-71612OH5-19"
26343,"NRO_PARTE",1686416,"9PTL55-71612OP3-19"
26343,"NRO_PARTE",1686417,"9PTL55-7812SS4"
26343,"NRO_PARTE",1686418,"9PTL35-581OH3-19-S-H"
26343,"NRO_PARTE",1686419,"9PTL55-7812OH5-19"
26343,"NRO_PARTE",1686420,"9PTL55-7161SSS3"
26343,"NRO_PARTE",1686421,"2X034LT#ABM-OP"
26343,"NRO_PARTE",1686422,"1F4Z2LT#ABM-OP"
26343,"NRO_PARTE",1686423,"1F4N5LT#ABM-OP"
26343,"NRO_PARTE",1686424,"151F4LT#ABM-OP"
26343,"NRO_PARTE",1686425,"153B6LT#ABM-OP"
26343,"NRO_PARTE",1686426,"153J3LA#ABM-OP"
26343,"NRO_PARTE",1686427,"15Z90P-G.AH66B4-GOB-OFFICE"
26343,"NRO_PARTE",1686428,"53011YVG-MOB"
26343,"NRO_PARTE",1686429,"2PTL352-516S1OP3-FHD"
26343,"NRO_PARTE",1686430,"2PTL352-516S1OP3-HD"
26343,"NRO_PARTE",1686431,"2PTL352-5812OP3-FHD"
26343,"NRO_PARTE",1686432,"2PTL352-5812OP3-HD"
26343,"NRO_PARTE",1686433,"2PTL352-51612OP3-FHD"
26343,"NRO_PARTE",1686434,"82HW001ELML"
26343,"NRO_PARTE",1686435,"21ECS0BC00-OP"
26343,"NRO_PARTE",1686436,"21ECS0BB00-OP"
26343,"NRO_PARTE",1686437,"20X6S0WW00"
26343,"NRO_PARTE",1686438,"1U3T3LA"
26343,"NRO_PARTE",1686439,"20RBS7U100"
26343,"NRO_PARTE",1686440,"20RBS7U400"
26343,"NRO_PARTE",1686441,"20RBS7U700"
26343,"NRO_PARTE",1686442,"20RBS7U900"
26343,"NRO_PARTE",1686443,"20TES15N00"
26343,"NRO_PARTE",1686444,"20RBS7UE00"
26343,"NRO_PARTE",1686445,"9PTL54-71612SS4"
26343,"NRO_PARTE",1686446,"20N8S0V000"
26343,"NRO_PARTE",1686447,"20N8S0EM00"
26343,"NRO_PARTE",1686448,"20N8S0V200"
26343,"NRO_PARTE",1686449,"9PTL53-7812SS3"
26343,"NRO_PARTE",1686450,"9PTL53-7812SS4"
26343,"NRO_PARTE",1686451,"9PTL53-7812OH4-19"
26343,"NRO_PARTE",1686452,"9PTL53-7812OH5-19"
26343,"NRO_PARTE",1686453,"9PTL53-7812OP4-19"
26343,"NRO_PARTE",1686454,"9PTL53-7812OP5-19"
26343,"NRO_PARTE",1686455,"9PTL53-7825SS3"
26343,"NRO_PARTE",1686456,"9PTL74-781OH3-19"
26343,"NRO_PARTE",1686457,"9PTL35-5161OP5-19"
26343,"NRO_PARTE",1686458,"9PTL35-5161SS5"
26343,"NRO_PARTE",1686459,"9PTL55-7812SS5"
26343,"NRO_PARTE",1686460,"9PTL55-7812OH4-19"
26343,"NRO_PARTE",1686461,"9PTL55-7812OP3-19"
26343,"NRO_PARTE",1686462,"9PTL55-7812OP4-19"
26343,"NRO_PARTE",1686463,"9PTL55-7812OP5-19"
26343,"NRO_PARTE",1686464,"9PTL35-581SOP3-19"
26343,"NRO_PARTE",1690338,"0PTL341-781OP3-FHD-V-M"
26343,"NRO_PARTE",1690339,"20U1S0BA00"
26343,"NRO_PARTE",1690340,"20U1S0BC00"
26343,"NRO_PARTE",1690341,"20S0S0ER00"
26343,"NRO_PARTE",1690342,"20S6S08900"
26343,"NRO_PARTE",1690343,"20UCS1FF00"
26343,"NRO_PARTE",1690344,"20T2S08S00"
26343,"NRO_PARTE",1690345,"81MA001DPD"
26343,"NRO_PARTE",1690346,"3E2F7LT#ABM"
26343,"NRO_PARTE",1690347,"55F81LS#ABM-OHA"
26343,"NRO_PARTE",1690348,"55F81LS#ABM-MA"
26343,"NRO_PARTE",1690349,"3E6Y7LT#ABM"
26343,"NRO_PARTE",1690350,"3E6Y7LT#ABM-OH"
26343,"NRO_PARTE",1690351,"20YDS0SW00"
26343,"NRO_PARTE",1690352,"3E6Y7LT#ABM-OP"
26343,"NRO_PARTE",1690353,"17G32LT#ABM-OP"
26343,"NRO_PARTE",1690354,"20U8S21R00A"
26343,"NRO_PARTE",1690355,"1PTL552-5825OH3-FHD"
26343,"NRO_PARTE",1690356,"1PTL552-5812SS3-FHD"
26343,"NRO_PARTE",1690357,"1PTL552-7825OH3-FHD"
26343,"NRO_PARTE",1690358,"1PTL552-71612OH3-FHD"
26343,"NRO_PARTE",1690359,"1PTL552-71612OP3-FHD"
26343,"NRO_PARTE",1690360,"2PTL357-7161SOP3-FHD-4V-"
26343,"NRO_PARTE",1690361,"2PTL357-7161SOP3-4V-W"
26343,"NRO_PARTE",1690362,"2PTL357-7161SOH3-4V-W"
26343,"NRO_PARTE",1690363,"21CSS16W00-OP"
26343,"NRO_PARTE",1690364,"21CSS17200-OP"
26343,"NRO_PARTE",1690365,"21CSS17200-OH"
26343,"NRO_PARTE",1690366,"21CSS16X00-OH"
26343,"NRO_PARTE",1690367,"NL5L78MI3VA00Q"
26343,"NRO_PARTE",1690368,"NL5L5GMI3VA00R"
26343,"NRO_PARTE",1690369,"NL5L78MI3VA00Y"
26343,"NRO_PARTE",1690370,"NL5L7GTI3VA01G"
26343,"NRO_PARTE",1690371,"NL5L5G2I3VA01N"
26343,"NRO_PARTE",1690372,"NL5L58QI3VA001"
26343,"NRO_PARTE",1690373,"NL5H7G2I3VA03W"
26343,"NRO_PARTE",1690374,"14Z90P-G.AJ63B4"
26343,"NRO_PARTE",1690375,"20X8S0T400"
26343,"NRO_PARTE",1690376,"20U2S7L300"
26343,"NRO_PARTE",1690377,"81MB002EPD"
26343,"NRO_PARTE",1690378,"20RDS0UW00"
26343,"NRO_PARTE",1690379,"20RDS0UX00"
26343,"NRO_PARTE",1690380,"NB0XV3BVA0I"
26343,"NRO_PARTE",1690381,"90NX0421-M00UJ0"
26343,"NRO_PARTE",1690382,"90NX0551-M00UC0"
26343,"NRO_PARTE",1690383,"90NX0551-M00UF0"
26343,"NRO_PARTE",1690384,"90NX0551-M00UF0-OH"
26343,"NRO_PARTE",1690385,"2K2P2LT#ABM-OH"
26343,"NRO_PARTE",1690386,"26M79LT#ABM-OP"
26343,"NRO_PARTE",1690387,"1PTL552-7812OP3-FHD"
26343,"NRO_PARTE",1690388,"26N49LT#ABM-OH"
26343,"NRO_PARTE",1690389,"21E7S19700-OH"
26343,"NRO_PARTE",1690390,"21E7S19700-OP"
26343,"NRO_PARTE",1690391,"NL5L78QI3VA00M"
26343,"NRO_PARTE",1690392,"NL5L7GQI3VA00O"
26343,"NRO_PARTE",1690393,"NL5L58MI3VA00P"
26343,"NRO_PARTE",1690394,"NL5L5GTI3VA00V"
26343,"NRO_PARTE",1690395,"NL5L582I3VA01L"
26343,"NRO_PARTE",1690396,"NL5L782I3VA01M"
26343,"NRO_PARTE",1690397,"NL5P5GMI3VA01V"
26343,"NRO_PARTE",1690398,"NL5P582I3VA02P"
26343,"NRO_PARTE",3731758,"4PTL555-7U161SOH3F-4V"
26343,"NRO_PARTE",1926521,"V14G3I5#016001H"
26343,"NRO_PARTE",3140418,"E14G6U71716201-OH"
26343,"NRO_PARTE",3140432,"E14G6U71732201-OH"
26343,"NRO_PARTE",2032614,"21H6S29W00-OP"
26343,"NRO_PARTE",2032748,"21H6S29X00-OH"
26343,"NRO_PARTE",3840471,"BP3M7LS#ABM-OH4"
26343,"NRO_PARTE",3753033,"B9PB5LA#ABM-OH4AS"
26343,"NRO_PARTE",1783431,"PDA31U-0LL053"
26343,"NRO_PARTE",3895642,"PSY25U-08D00P"
26343,"NRO_PARTE",3895652,"PSY25U-08D00P-OH"
26343,"NRO_PARTE",3895661,"PSY25U-06100P"
26343,"NRO_PARTE",1762882,"80A99LA#ABM-OPW"
26343,"NRO_PARTE",1686465,"9PTL35-581SOP5-19"
26343,"NRO_PARTE",1686466,"9PTL74-781OH4-19"
26343,"NRO_PARTE",1686467,"9PTL53-8525SS5"
26343,"NRO_PARTE",1686468,"9PTL35-581SOH3-19"
26343,"NRO_PARTE",1686469,"9PTL35-581SOH5-19"
26343,"NRO_PARTE",1686470,"9PTL35-581SSS3"
26343,"NRO_PARTE",1686471,"9PTL35-581SSS4"
26343,"NRO_PARTE",1686472,"9PTL35-581SSS5"
26343,"NRO_PARTE",1686473,"9PTL55-7161OH4-19"
26343,"NRO_PARTE",1686474,"20NES0R400"
26343,"NRO_PARTE",1686475,"8ZR70LS#ABM"
26343,"NRO_PARTE",1686476,"20NFS0FS00"
26343,"NRO_PARTE",1686477,"8ZN21LS"
26343,"NRO_PARTE",1686478,"20N5S1VA00"
26343,"NRO_PARTE",1686479,"9PTL34-5825OS3-19-S"
26343,"NRO_PARTE",1686480,"20NES0QU00"
26343,"NRO_PARTE",1686481,"FZ-55A0608VM"
26343,"NRO_PARTE",1686482,"8VX69LS#ABM"
26343,"NRO_PARTE",1686483,"8VX69LS"
26343,"NRO_PARTE",1686484,"20NCS2ER00"
26343,"NRO_PARTE",1686485,"20NES0R300"
26343,"NRO_PARTE",1686486,"20NES0R000"
26343,"NRO_PARTE",1686487,"20NES0R100"
26343,"NRO_PARTE",1686488,"20N5S3WM00"
26343,"NRO_PARTE",1686489,"20N5S3WN00"
26343,"NRO_PARTE",1686490,"20NES0RF00"
26343,"NRO_PARTE",1686491,"20NES0RG00"
26343,"NRO_PARTE",1686492,"20N5S1VD00"
26343,"NRO_PARTE",1686493,"20NCS2WT00"
26343,"NRO_PARTE",1686494,"20NES0R600"
26343,"NRO_PARTE",1686495,"20NCS2WU00"
26343,"NRO_PARTE",1686496,"CF-318B718VM"
26343,"NRO_PARTE",1686497,"9PTL53-581SS4"
26343,"NRO_PARTE",1686498,"9PTL34-5800SS5"
26343,"NRO_PARTE",1686499,"9PTL34-5800OH5-19"
26343,"NRO_PARTE",1686500,"9PTL34-5800OP3-19"
26343,"NRO_PARTE",1686501,"9PTL34-5800OP4-19"
26343,"NRO_PARTE",1686502,"9PTL34-5800OP5-19"
26343,"NRO_PARTE",1686503,"9PTL34-5812SS4"
26343,"NRO_PARTE",1686504,"9PTL34-5812SS5"
26343,"NRO_PARTE",1686505,"9PTL34-5812OH4-19"
26343,"NRO_PARTE",1686506,"9PTL34-5812OP5-19"
26343,"NRO_PARTE",1686507,"9PTL34-5161SS5"
26343,"NRO_PARTE",1686508,"9PTL34-5161OH3-19"
26343,"NRO_PARTE",1686509,"9PTL34-5161OH4-19"
26343,"NRO_PARTE",1686510,"9PTL34-5161OH5-19"
26343,"NRO_PARTE",1686511,"9PTL34-5161OP3-19"
26343,"NRO_PARTE",1686512,"9PTL34-5161OP4-19"
26343,"NRO_PARTE",1686513,"9PTL34-5161OP5-19"
26343,"NRO_PARTE",1686514,"9PTL34-5161SSS3"
26343,"NRO_PARTE",1686515,"NBHDA3BVA1X"
26343,"NRO_PARTE",1686516,"153B4LT#ABM-OP"
26343,"NRO_PARTE",1686517,"2PTL352-51612OP3-HD"
26343,"NRO_PARTE",1686518,"421H6LT#ABM-OHMD"
26343,"NRO_PARTE",1686519,"20X2SA1500"
26343,"NRO_PARTE",1686520,"21EES0EE00-OP"
26343,"NRO_PARTE",1686521,"21EES0EB00-OP"
26343,"NRO_PARTE",1686522,"82NB002WLM"
26343,"NRO_PARTE",1686523,"82KB00G4LM"
26343,"NRO_PARTE",1686524,"21EES0ED00"
26343,"NRO_PARTE",1686525,"21EES0ED00-OH"
26343,"NRO_PARTE",1686526,"20X2S08900"
26343,"NRO_PARTE",1690399,"NL5P782I3VA02Q"
26343,"NRO_PARTE",1690400,"NL5P5G2I3VA02R"
26343,"NRO_PARTE",1690401,"NL5P7G2I3VA02S"
26343,"NRO_PARTE",1690402,"NL5H58QI3VA02T"
26343,"NRO_PARTE",1690403,"NL5H78QI3VA02U"
26343,"NRO_PARTE",1690404,"NL5H5GQI3VA02V"
26343,"NRO_PARTE",1690405,"NL5H7GQI3VA02W"
26343,"NRO_PARTE",1690406,"NL5H5GMI3VA02Z"
26343,"NRO_PARTE",1690407,"NL5H58TI3VA031"
26343,"NRO_PARTE",1690408,"NL5H5GTI3VA033"
26343,"NRO_PARTE",1690409,"20TES18W00"
26343,"NRO_PARTE",1690410,"46B42LS#ABM"
26343,"NRO_PARTE",1690411,"20T7S09T00"
26343,"NRO_PARTE",1690412,"2F8L3LS#ABM"
26343,"NRO_PARTE",1690413,"20T7S09S00"
26343,"NRO_PARTE",1690414,"20T7S09U00"
26343,"NRO_PARTE",1690415,"2F8L5LS#ABM"
26343,"NRO_PARTE",1690416,"2F8L5LS#ABM-OH"
26343,"NRO_PARTE",1690417,"2F8L5LS#ABM-OP"
26343,"NRO_PARTE",1690418,"20U5S02C00"
26343,"NRO_PARTE",1690419,"0PTL351-581SS1-FHD"
26343,"NRO_PARTE",1690420,"0PTL351-581OH1-FHD"
26343,"NRO_PARTE",1690421,"20U7S01X00"
26343,"NRO_PARTE",1690422,"20UDS03F00"
26343,"NRO_PARTE",1690423,"20UDS05700"
26343,"NRO_PARTE",1690424,"20UHS02J00"
26343,"NRO_PARTE",1690425,"20R4S2T700"
26343,"NRO_PARTE",1690426,"20R4S2T600"
26343,"NRO_PARTE",1690427,"20U1S0B900"
26343,"NRO_PARTE",1690428,"20U1S0BB00"
26343,"NRO_PARTE",1690429,"20U3S0AK00"
26343,"NRO_PARTE",1690430,"20U3S0AP00"
26343,"NRO_PARTE",1690431,"20U3S0AN00"
26343,"NRO_PARTE",1690432,"0PTL541-581SOH3-FHD"
26343,"NRO_PARTE",1690433,"0PTL551-581SOH3-HD"
26343,"NRO_PARTE",1690434,"20S0S0EU00"
26343,"NRO_PARTE",1690435,"20S0S0ES00"
26343,"NRO_PARTE",1690436,"3E2R0LT#ABM-OH"
26343,"NRO_PARTE",1690437,"NBL603BVA09"
26343,"NRO_PARTE",1690438,"1PTL342-582SOP3-A-4"
26343,"NRO_PARTE",1690439,"1PTL552-5161OH3-FHD"
26343,"NRO_PARTE",1690440,"1PTL552-5161OP3-FHD"
26343,"NRO_PARTE",1690441,"2Q6J0LT#ABM"
26343,"NRO_PARTE",1690442,"1PTL552-51612OP3-FHD"
26343,"NRO_PARTE",1690443,"26M01LT#ABM-OH"
26343,"NRO_PARTE",1690444,"1PTL552-7825SS3-FHD"
26343,"NRO_PARTE",1690445,"1PTL552-7161OP3-FHD"
26343,"NRO_PARTE",1690446,"1PTL552-71612SS3-FHD"
26343,"NRO_PARTE",1690447,"21CSS16V00-OH"
26343,"NRO_PARTE",1690448,"21CSS0CT00"
26343,"NRO_PARTE",1690449,"21CSS0AL00-OP"
26343,"NRO_PARTE",1690450,"21CSS0C300"
26343,"NRO_PARTE",1690451,"21CSS0C300-OP"
26343,"NRO_PARTE",1690452,"53012NOBELN36-MOP"
26343,"NRO_PARTE",1690453,"21CSS16S00"
26343,"NRO_PARTE",1690454,"NL5P7GMI3VA01W"
26343,"NRO_PARTE",1690455,"NL5P78TI3VA01Y"
26343,"NRO_PARTE",1690456,"NL5P5GTI3VA01Z"
26343,"NRO_PARTE",1690457,"NL5P7GTI3VA020"
26343,"NRO_PARTE",1690458,"NL5P5GMI3VA023"
26343,"NRO_PARTE",1690459,"NL5P7GMI3VA024"
26343,"NRO_PARTE",1690460,"NL5P582I3VA025"
26343,"NRO_PARTE",3731687,"4PTL555-7U161SOH3-VP-A"
26343,"NRO_PARTE",3731846,"PML30U-09Y00V-DY-OH"
26343,"NRO_PARTE",1900547,"V15#G4#R3908001PA"
26343,"NRO_PARTE",1900623,"V15#G4#R3916001A"
26343,"NRO_PARTE",1900941,"V15#G4#R5008101A"
26343,"NRO_PARTE",3140359,"E14G6U51616201-OH"
26343,"NRO_PARTE",3140474,"E14G6U5188201-OH"
26343,"NRO_PARTE",3140503,"E14G6U51816201-OH"
26343,"NRO_PARTE",3376652,"V15G5C382100-OH"
26343,"NRO_PARTE",3376705,"V15G5C580100-OH"
26343,"NRO_PARTE",1926111,"V15G3#I5008001HH"
26343,"NRO_PARTE",1925813,"V15G3I3#908001PA"
26343,"NRO_PARTE",2748283,"21H4000NLM"
26343,"NRO_PARTE",1783424,"PDA31U-0LX053-OP"
26343,"NRO_PARTE",3776329,"T14G5U721322100"
26343,"NRO_PARTE",3776450,"T14G5U721322100DC-OH"
26343,"NRO_PARTE",3776463,"T14G5U721322100W"
26343,"NRO_PARTE",3776473,"T14G5U721322100W-OH"
26343,"NRO_PARTE",3895547,"PNL13U-0CT009"
26343,"NRO_PARTE",3895585,"PNL13U-0CX009"
26343,"NRO_PARTE",3895641,"SATELLITE PRO® C40-K"
26343,"NRO_PARTE",1686527,"20TES15G00"
26343,"NRO_PARTE",1686528,"20TES15Q00"
26343,"NRO_PARTE",1686529,"9PTL34-5161SSS4"
26343,"NRO_PARTE",1686530,"9PTL34-5161SSS5"
26343,"NRO_PARTE",1686531,"9PTL34-5161SOH4-19"
26343,"NRO_PARTE",1686532,"9PTL53-581SS5"
26343,"NRO_PARTE",1686533,"9PTL53-581OP3-19"
26343,"NRO_PARTE",1686534,"9PTL35-581OH3-19"
26343,"NRO_PARTE",1686535,"9PTL35-581OH4-19"
26343,"NRO_PARTE",1686536,"9PTL34-5161SOP4-19"
26343,"NRO_PARTE",1686537,"9PTL53-5161OP3-19"
26343,"NRO_PARTE",1686538,"9PTL53-5161OP5-19"
26343,"NRO_PARTE",1686539,"9PTL34-71612SS3"
26343,"NRO_PARTE",1686540,"9PTL34-71612SS5"
26343,"NRO_PARTE",1686541,"9PTL34-71612OP3-19"
26343,"NRO_PARTE",1686542,"9PTL34-71612OP4-19"
26343,"NRO_PARTE",1686543,"9PTL34-5825SS5"
26343,"NRO_PARTE",1686544,"9PTL34-5825OH4-19"
26343,"NRO_PARTE",1686545,"9PTL34-5825OP3-19"
26343,"NRO_PARTE",1686546,"9PTL34-5825OP5-19"
26343,"NRO_PARTE",1686547,"9PTL74-781OP3-19"
26343,"NRO_PARTE",1686548,"9PTL74-781OP4-19"
26343,"NRO_PARTE",1686549,"8GF69LS#ABM"
26343,"NRO_PARTE",1686550,"9PTL53-581SS3"
26343,"NRO_PARTE",1686551,"9PTL53-581OH3-19"
26343,"NRO_PARTE",1686552,"9PTL53-581OH4-19"
26343,"NRO_PARTE",1686553,"9PTL53-581OH5-19"
26343,"NRO_PARTE",1686554,"9PTL53-581OP4-19"
26343,"NRO_PARTE",1686555,"9PTL34-5800SS3"
26343,"NRO_PARTE",1686556,"9PTL35-581SS4"
26343,"NRO_PARTE",1686557,"9PTL35-581OP5-19"
26343,"NRO_PARTE",1686558,"9PTL34-5812OP4-19"
26343,"NRO_PARTE",1686559,"9PTL34-51625SS5"
26343,"NRO_PARTE",1686560,"9PTL53-5812OH3-19"
26343,"NRO_PARTE",1686561,"9PTL53-5812OP3-19"
26343,"NRO_PARTE",1686562,"9PTL53-5812OP5-19"
26343,"NRO_PARTE",1686563,"9PTL53-5825SS4"
26343,"NRO_PARTE",1686564,"9PTL53-5825SS5"
26343,"NRO_PARTE",1686565,"9PTL53-5825OH3-19"
26343,"NRO_PARTE",1686566,"9PTL53-5161SS3"
26343,"NRO_PARTE",1686567,"9PTL35-581OP4-19"
26343,"NRO_PARTE",1686568,"9PTL34-5800SS4"
26343,"NRO_PARTE",1686569,"9PTL34-5800OH3-19"
26343,"NRO_PARTE",1686570,"9PTL34-5800OH4-19"
26343,"NRO_PARTE",1686571,"9PTL34-51625SS3"
26343,"NRO_PARTE",1686572,"9PTL34-51625SS4"
26343,"NRO_PARTE",1686573,"9PTL34-51625OH3-19"
26343,"NRO_PARTE",1686574,"9PTL34-51625OH4-19"
26343,"NRO_PARTE",1686575,"9PTL34-51625OH5-19"
26343,"NRO_PARTE",1686576,"9PTL34-51625OP3-19"
26343,"NRO_PARTE",1686577,"9PTL53-5161SS5"
26343,"NRO_PARTE",1686578,"9PTL53-5812OP4-19"
26343,"NRO_PARTE",1686579,"9PTL53-5825SS3"
26343,"NRO_PARTE",1686580,"9PTL53-5825OH4-19"
26343,"NRO_PARTE",1686581,"9PTL53-5825OH5-19"
26343,"NRO_PARTE",1686582,"9PTL53-5825OP3-19"
26343,"NRO_PARTE",1686583,"9PTL53-5825OP4-19"
26343,"NRO_PARTE",1686584,"9PTL53-5825OP5-19"
26343,"NRO_PARTE",1686585,"9PTL53-5161SS4"
26343,"NRO_PARTE",1686586,"CF-20G0205VM"
26343,"NRO_PARTE",1686587,"CF-20G5108VM"
26343,"NRO_PARTE",1690461,"NL5P782I3VA026"
26343,"NRO_PARTE",1690462,"NL5P5G2I3VA027"
26343,"NRO_PARTE",1690463,"NL5P7G2I3VA028"
26343,"NRO_PARTE",1690464,"NL5H58MI3VA02X"
26343,"NRO_PARTE",1690465,"NL5H7G2I3VA03C"
26343,"NRO_PARTE",1690466,"NL5H78QI3VA03E"
26343,"NRO_PARTE",1690467,"NL5H58MI3VA03H"
26343,"NRO_PARTE",1690468,"9PTL74-71612SS3-T"
26343,"NRO_PARTE",1690469,"9PTL74-71612OH3-T"
26343,"NRO_PARTE",1690470,"9PTL74-71612OP3-T"
26343,"NRO_PARTE",1690471,"9CD72LT#ABM-OH"
26343,"NRO_PARTE",1690472,"82C70042LM"
26343,"NRO_PARTE",1690473,"20RR006VLM"
26343,"NRO_PARTE",1690474,"20RS0024LM"
26343,"NRO_PARTE",1690475,"20RBS4Q800"
26343,"NRO_PARTE",1690476,"3E2F7LT#ABM-OP"
26343,"NRO_PARTE",1690477,"NSL78TXI0VA0F5"
26343,"NRO_PARTE",1690478,"NSH5GTXI0VA0IC"
26343,"NRO_PARTE",1690479,"1PTL542-71612SS4-NSO-LTE"
26343,"NRO_PARTE",1690480,"1PTL752-7161SOP3-FHD-VP"
26343,"NRO_PARTE",1690481,"1PTL342-582SOP3-4"
26343,"NRO_PARTE",1690482,"1PTL342-582SOP3-S-4"
26343,"NRO_PARTE",1690483,"1PTL552-51625OP3-FHD"
26343,"NRO_PARTE",1690484,"26M79LT#ABM"
26343,"NRO_PARTE",1690485,"2P5L7LT#ABM-OH"
26343,"NRO_PARTE",1690486,"21E7S19600"
26343,"NRO_PARTE",1690487,"21E7S19600-OH"
26343,"NRO_PARTE",1690488,"21CSS16U00"
26343,"NRO_PARTE",1690489,"53012AAPNO"
26343,"NRO_PARTE",1690490,"53011YWTO-MOB"
26343,"NRO_PARTE",1690491,"53011YWTO-MOP"
26343,"NRO_PARTE",1690492,"0PTL541-7161SOP3-FHD"
26343,"NRO_PARTE",1690493,"0PTL541-71612SS3-FHD"
26343,"NRO_PARTE",1690494,"0PTL541-71612OP3-FHD"
26343,"NRO_PARTE",1690495,"NBLJ03BVA0E"
26343,"NRO_PARTE",1690496,"LPECWVHEROBKPRO-E"
26343,"NRO_PARTE",1690497,"53012AAPNO-MOP"
26343,"NRO_PARTE",1690498,"53012YDYO-MOB"
26343,"NRO_PARTE",1690499,"53012YDYO-MOP"
26343,"NRO_PARTE",1690500,"618S4LT#ABM-OP"
26343,"NRO_PARTE",1690501,"2PTL352-7812SOH3-FHD-2V"
26343,"NRO_PARTE",1690502,"1PTL352-3825SS1-HD-L"
26343,"NRO_PARTE",1690503,"NB0NV3BVA0M"
26343,"NRO_PARTE",1690504,"NBPAA3BVA3T"
26343,"NRO_PARTE",1690505,"21CSS0N800"
26343,"NRO_PARTE",1690506,"2PTL352-7812SSS3-FHD-2V"
26343,"NRO_PARTE",1690507,"20S1SCG200"
26343,"NRO_PARTE",1690508,"20U2S7L200"
26343,"NRO_PARTE",1690509,"2PTL542-716S1SS3-FHD-VP"
26343,"NRO_PARTE",1690510,"NBHVA3BVA2Q"
26343,"NRO_PARTE",1690511,"82KU01WHLM"
26343,"NRO_PARTE",1690512,"55F79LS#ABM"
26343,"NRO_PARTE",1690513,"E14-2"
26343,"NRO_PARTE",1690514,"1PTL552-71612S2SS3-FHD"
26343,"NRO_PARTE",1690515,"21CSS0AH00-I7"
26343,"NRO_PARTE",1690516,"21CSS0AH00-OP"
26343,"NRO_PARTE",1690517,"21CSS0AH00-OH"
26343,"NRO_PARTE",1690518,"21CSS16T00"
26343,"NRO_PARTE",1690519,"21CSS0C200-OP"
26343,"NRO_PARTE",1690520,"21CSS0C200-OH"
26343,"NRO_PARTE",1690521,"21CSS16V00"
26343,"NRO_PARTE",3731672,"4PTL545-7U161SSS3-VP-A"
26343,"NRO_PARTE",3140525,"E14G6U7198201"
26343,"NRO_PARTE",3376703,"V15G5C580100"
26343,"NRO_PARTE",4227669,"E14G7U721162100#"
26343,"NRO_PARTE",4054452,"T14G6U741162100C-OH"
26343,"NRO_PARTE",1925836,"V15G3#I3908011H"
26343,"NRO_PARTE",1925855,"V15G3#I3908011HH"
26343,"NRO_PARTE",1914559,"PCR30U-21303H-OP"
26343,"NRO_PARTE",2630501,"PSY29U-0D500NL1-E-OH"
26343,"NRO_PARTE",1783415,"PDA31U-0LX053"
26343,"NRO_PARTE",1783419,"PDA31U-0LX053-OH"
26343,"NRO_PARTE",3776496,"T14G5U721322100DCW"
26343,"NRO_PARTE",3895667,"PSY25U-06100P-OH"
26343,"NRO_PARTE",3826383,"4PTL555-7U161SS3W11-V-TM-B"
26343,"NRO_PARTE",1762798,"90NX04V1-M00W10-OP"
26343,"NRO_PARTE",1762854,"80A99LA#ABM-W"
26343,"NRO_PARTE",1764930,"3PTL352-3812SS3-HD"
26343,"NRO_PARTE",1686588,"9PTL34-5825OS3-S-H"
26343,"NRO_PARTE",1686589,"8ZN20LS"
26343,"NRO_PARTE",1686590,"9PTL34-5825SS3-S-H"
26343,"NRO_PARTE",1686591,"8TX58LS#ABM"
26343,"NRO_PARTE",1686592,"8TX58LS"
26343,"NRO_PARTE",1686593,"8ZR68LS#ABM"
26343,"NRO_PARTE",1686594,"8ZN19LS#ABM"
26343,"NRO_PARTE",1686595,"8ZN20LS#ABM"
26343,"NRO_PARTE",1686596,"9PTL34-3825SS3-S"
26343,"NRO_PARTE",1686597,"161F5LA#ABM-OP"
26343,"NRO_PARTE",1686598,"161F6LA#ABM-OP"
26343,"NRO_PARTE",1686599,"421H6LT#ABM-OHDM"
26343,"NRO_PARTE",1686600,"2PTL352-58S1OP3-FHD"
26343,"NRO_PARTE",1686601,"2PTL352-58S1OP3-HD"
26343,"NRO_PARTE",1686602,"2PTL552-5812SSS3"
26343,"NRO_PARTE",1686603,"21EES0EB00-OH"
26343,"NRO_PARTE",1686604,"21EES0EF00-OP"
26343,"NRO_PARTE",1686605,"21ECS0BD00-OP"
26343,"NRO_PARTE",1686606,"21ECS0BE00-OP"
26343,"NRO_PARTE",1686607,"5PA97LA#ABM"
26343,"NRO_PARTE",1686608,"S26391-K451-E547-7781WP+"
26343,"NRO_PARTE",1686609,"S26391-K451-E547-7781OPWP+"
26343,"NRO_PARTE",1686610,"20KVS06U00"
26343,"NRO_PARTE",1686611,"4LA20LA#ABM"
26343,"NRO_PARTE",1686612,"4XM90LT#ABM"
26343,"NRO_PARTE",1686613,"4XM93LA#ABM"
26343,"NRO_PARTE",1686614,"4XM94LA#ABM"
26343,"NRO_PARTE",1686615,"3MV43LA#ABM"
26343,"NRO_PARTE",1686616,"4LA34LT#ABM"
26343,"NRO_PARTE",1686617,"3XU67LT#ABM"
26343,"NRO_PARTE",1686618,"5RF24LA#ABM"
26343,"NRO_PARTE",1686619,"1ZR92LA#ABM"
26343,"NRO_PARTE",1686620,"4LA08LA#ABM"
26343,"NRO_PARTE",1686621,"4LA46LT#ABM"
26343,"NRO_PARTE",1686622,"5PY20LA#ABM"
26343,"NRO_PARTE",1686623,"5RE75LA#ABM"
26343,"NRO_PARTE",1686624,"3MV48LA#ABM"
26343,"NRO_PARTE",1686625,"1ZR91LA#ABM"
26343,"NRO_PARTE",1686626,"15Z980-G.AH78B4"
26343,"NRO_PARTE",1686627,"4XM92LT#ABM"
26343,"NRO_PARTE",1686628,"4XN14LA#ABM"
26343,"NRO_PARTE",1686629,"5NC91LA#ABM"
26343,"NRO_PARTE",1686630,"9PTL54-7161OP4-19"
26343,"NRO_PARTE",1686631,"9PTL54-7161OH4-19"
26343,"NRO_PARTE",1686632,"9PTL54-71612OP4-19"
26343,"NRO_PARTE",1686633,"9PTL54-71612OH3-19"
26343,"NRO_PARTE",1686634,"9PTL54-71612OH5-19"
26343,"NRO_PARTE",1686635,"9PTL54-71612OP3-19"
26343,"NRO_PARTE",1686636,"9PTL54-7812SS3"
26343,"NRO_PARTE",1686637,"9PTL54-7812SS4"
26343,"NRO_PARTE",1686638,"9PTL54-7812OH4-19"
26343,"NRO_PARTE",1686639,"9PTL54-7812OP5-19"
26343,"NRO_PARTE",1686640,"9PTL54-5812SS4"
26343,"NRO_PARTE",1686641,"9PTL34-3812SS3-H"
26343,"NRO_PARTE",1686642,"9PTL34-5812SS3-H"
26343,"NRO_PARTE",1686643,"6SC31LA#ABM"
26343,"NRO_PARTE",1686644,"6FU35LT#ABM"
26343,"NRO_PARTE",1686645,"6KZ55LT#ABM"
26343,"NRO_PARTE",1686646,"20N5S1GT00"
26343,"NRO_PARTE",1686647,"20N3S37600"
26343,"NRO_PARTE",1686648,"9PTL54-7161OP3-19"
26343,"NRO_PARTE",1686649,"20N3S3WL00"
26343,"NRO_PARTE",1690522,"21CSS16V00-OP"
26343,"NRO_PARTE",1690523,"2PTL542-716S1SS3-FHD-A1"
26343,"NRO_PARTE",1690524,"2PTL542-716S1SS3-FHD-VP-A1"
26343,"NRO_PARTE",1690525,"2PTL542-716S1SS3-FHD-VP-A3"
26343,"NRO_PARTE",1690526,"2PTL742-716S1SS3-FHD-VP"
26343,"NRO_PARTE",1690527,"2PTL742-716S1SS3-FHD-VP-A1"
26343,"NRO_PARTE",1690528,"2PTL342-716S1SS3-FHD"
26343,"NRO_PARTE",1690529,"2PTL342-716S1SS3-FHD-A1"
26343,"NRO_PARTE",1690530,"2PTL342-716S1SS3-FHD-"
26343,"NRO_PARTE",1690531,"21CUS03B00"
26343,"NRO_PARTE",1690532,"21CUS03C00"
26343,"NRO_PARTE",1690533,"2PTL342-716S1SS3-FHD-A3-"
26343,"NRO_PARTE",1690534,"NBHUA3BVA2O"
26343,"NRO_PARTE",1690535,"20SL002ELM"
26343,"NRO_PARTE",1690536,"618S4LT#ABM"
26343,"NRO_PARTE",1690537,"5U0P2LT#ABM-OP"
26343,"NRO_PARTE",1690538,"2PTL742-716S1SS3-FHD-VP-A3"
26343,"NRO_PARTE",1690539,"2PTL342-716S1SS3-FHD-A3"
26343,"NRO_PARTE",1690540,"90NX0571-M00T40-OH"
26343,"NRO_PARTE",1690541,"53011YYQO"
26343,"NRO_PARTE",1690542,"53011YYQO-MOB"
26343,"NRO_PARTE",1690543,"618S4LT#ABM-OH"
26343,"NRO_PARTE",1690544,"3F9M0LT#ABM"
26343,"NRO_PARTE",1690545,"618R3LT#ABM-OH"
26343,"NRO_PARTE",1690546,"618R3LT#ABM-OP"
26343,"NRO_PARTE",1690547,"21CUS02Y00"
26343,"NRO_PARTE",1690548,"90NX0441-M032H0"
26343,"NRO_PARTE",1690549,"20YDS0AC00"
26343,"NRO_PARTE",1690550,"20X6S0KU00"
26343,"NRO_PARTE",1690551,"20X2S3L600"
26343,"NRO_PARTE",1690552,"3Y2J3LS#ABM"
26343,"NRO_PARTE",1690553,"20X4S4C500"
26343,"NRO_PARTE",1690554,"20X4S4BG00"
26343,"NRO_PARTE",1690555,"20X4S4C400"
26343,"NRO_PARTE",1690556,"20YDS0AH00"
26343,"NRO_PARTE",1690557,"20YDS0A800"
26343,"NRO_PARTE",1690558,"20YDS0B300"
26343,"NRO_PARTE",1690559,"20YDS0B200"
26343,"NRO_PARTE",1690560,"20YDS0BD00"
26343,"NRO_PARTE",1690561,"20YDS0B900"
26343,"NRO_PARTE",1690562,"20YDS0B700"
26343,"NRO_PARTE",1690563,"20YDS0B500"
26343,"NRO_PARTE",1690564,"53011YWTO"
26343,"NRO_PARTE",1690565,"53011YYQO-MOP"
26343,"NRO_PARTE",1690566,"2PTL352-7812SOP3-FHD-2V"
26343,"NRO_PARTE",1690567,"5U0P1LT#ABM-OH"
26343,"NRO_PARTE",1690568,"5U0P2LT#ABM-OH"
26343,"NRO_PARTE",1690569,"3F9M0LT#ABM-OP"
26343,"NRO_PARTE",1690570,"2PTL542-716S1SS3-FHD-A3"
26343,"NRO_PARTE",1690571,"21CUS02V00"
26343,"NRO_PARTE",1690572,"21CUS02U00"
26343,"NRO_PARTE",1690573,"21CUS02X00"
26343,"NRO_PARTE",1690574,"21CUS02T00"
26343,"NRO_PARTE",1690575,"NB0YA3BVA0U"
26343,"NRO_PARTE",1690576,"21E4S0RB00-OH"
26343,"NRO_PARTE",1690577,"5R6J9LS#ABM-A"
26343,"NRO_PARTE",1690578,"64Y54LS#ABM-A"
26343,"NRO_PARTE",1690579,"151F0LT#ABM"
26343,"NRO_PARTE",1690580,"15Z90P-G.AH66B4"
26343,"NRO_PARTE",1690581,"53011TVL"
26343,"NRO_PARTE",1690582,"82H0S00Y00"
26343,"NRO_PARTE",3731929,"PML30U-09Y00V-DY"
26343,"NRO_PARTE",3731935,"4PTL745-7U161SSS3-VP-A"
26343,"NRO_PARTE",3140354,"E14G6U51616201"
26343,"NRO_PARTE",3140382,"T14G6U7178101"
26343,"NRO_PARTE",3140400,"E14G6U7178101-OH"
26343,"NRO_PARTE",4054794,"T16G4U741162100C"
26343,"NRO_PARTE",2032663,"3PTL544-50825SSS3-D"
26343,"NRO_PARTE",2032717,"3PTL554-7161SSS3-D"
26343,"NRO_PARTE",2910495,"21M8001HLM"
26343,"NRO_PARTE",1902493,"V15#G4#R3908101HH"
26343,"NRO_PARTE",1764981,"3PTL352-3812SS3-FHD"
26343,"NRO_PARTE",1686650,"20N3S3WM00"
26343,"NRO_PARTE",1686651,"20NFS03F00"
26343,"NRO_PARTE",1686652,"9PTL54-7812OP4-19"
26343,"NRO_PARTE",1686653,"9PTL54-7161SS3"
26343,"NRO_PARTE",1686654,"9PTL54-7161OH5-19"
26343,"NRO_PARTE",1686655,"9PTL54-7161OP5-19"
26343,"NRO_PARTE",1686656,"9PTL54-71612SS5"
26343,"NRO_PARTE",1686657,"9PTL54-71612OP5-19"
26343,"NRO_PARTE",1686658,"9PTL54-7812SS5"
26343,"NRO_PARTE",1686659,"9PTL54-7812OH3-19"
26343,"NRO_PARTE",1686660,"9PTL54-7812OH5-19"
26343,"NRO_PARTE",1686661,"20N5S1GR00"
26343,"NRO_PARTE",1686662,"20N3S37400"
26343,"NRO_PARTE",1686663,"9PTL54-71612OH4-19"
26343,"NRO_PARTE",1686664,"9PTL54-7812OH3"
26343,"NRO_PARTE",1686665,"20N3S37500"
26343,"NRO_PARTE",1686666,"20N3S3WH00"
26343,"NRO_PARTE",1686667,"20N3S3WJ00"
26343,"NRO_PARTE",1686668,"9PTL54-7812OP3-19"
26343,"NRO_PARTE",1686669,"8GV97LS#ABM"
26343,"NRO_PARTE",1686670,"81HQ00NXLMOP"
26343,"NRO_PARTE",1686671,"81HQ00NXLM"
26343,"NRO_PARTE",1686672,"81HQ00NXLMOH"
26343,"NRO_PARTE",1686673,"8GW10LS#ABM"
26343,"NRO_PARTE",1686674,"8GX28LS#ABM"
26343,"NRO_PARTE",1686675,"8GV96LS#ABM"
26343,"NRO_PARTE",1686676,"8RX68LS#ABM"
26343,"NRO_PARTE",1686677,"2PTL352-31612OP3-HD"
26343,"NRO_PARTE",1686678,"2PTL352-5856OP3-FHD"
26343,"NRO_PARTE",1686679,"421H6LT#ABM-OPDM"
26343,"NRO_PARTE",1686680,"421H6LT#ABM-MD"
26343,"NRO_PARTE",1686681,"2PTL352-51656OP3-HD"
26343,"NRO_PARTE",1686682,"21EES0D300"
26343,"NRO_PARTE",1686683,"20W1SDPG00"
26343,"NRO_PARTE",1686684,"21EES0EG00-OH"
26343,"NRO_PARTE",1686685,"21EES0EC00"
26343,"NRO_PARTE",1686686,"21EES0EC00-OP"
26343,"NRO_PARTE",1686687,"153B5LT#ABM8"
26343,"NRO_PARTE",1686688,"153B5LT#ABM8-OH"
26343,"NRO_PARTE",1686689,"6PP59LP#ABM"
26343,"NRO_PARTE",1686690,"0PTL54R-7161SSS3-VP"
26343,"NRO_PARTE",1686691,"8RX67LS#ABM"
26343,"NRO_PARTE",1686692,"20N3S84S00"
26343,"NRO_PARTE",1686693,"20NFS0BF00"
26343,"NRO_PARTE",1686694,"20NFS0BE00"
26343,"NRO_PARTE",1686695,"20N3S84R00"
26343,"NRO_PARTE",1686696,"20N3S3S600"
26343,"NRO_PARTE",1686697,"20N7S02Q00"
26343,"NRO_PARTE",1686698,"20N9S21D00"
26343,"NRO_PARTE",1686699,"20N9S23700"
26343,"NRO_PARTE",1686700,"20N9S2EK00"
26343,"NRO_PARTE",1686701,"20RJS02Q00"
26343,"NRO_PARTE",1686702,"FZ-55A860CVM"
26343,"NRO_PARTE",1686703,"8ZN18LS#ABM"
26343,"NRO_PARTE",1686704,"9PTL34-3825SS3-S-H"
26343,"NRO_PARTE",1686705,"8ZN18LS"
26343,"NRO_PARTE",1686706,"8VS64LS#ABM"
26343,"NRO_PARTE",1686707,"8VS64LS"
26343,"NRO_PARTE",1686708,"20NCS2WV00"
26343,"NRO_PARTE",1686709,"20NCS2LU00"
26343,"NRO_PARTE",1686710,"CF-318B498VM"
26343,"NRO_PARTE",1686711,"CF-318K308VM"
26343,"NRO_PARTE",1690583,"20RBS4Q700"
26343,"NRO_PARTE",1690584,"20RBS4Q600"
26343,"NRO_PARTE",1690585,"2F6F9LS#ABM"
26343,"NRO_PARTE",1690586,"0PTL741-71612OH3-T"
26343,"NRO_PARTE",1690587,"21CUS05200"
26343,"NRO_PARTE",1690588,"NL5L58VI2VA09F"
26343,"NRO_PARTE",1690589,"21E7S0VG00"
26343,"NRO_PARTE",1690590,"90NX0411-M01E60"
26343,"NRO_PARTE",1690591,"90NX0411-M01E60-OH"
26343,"NRO_PARTE",1690592,"90NX0421-M05BF0"
26343,"NRO_PARTE",1690593,"6P163LT#ABM-OH"
26343,"NRO_PARTE",1690594,"90NX0421-M05BJ0"
26343,"NRO_PARTE",1690595,"6P163LT#ABM-OP"
26343,"NRO_PARTE",1690596,"20TES4SU00"
26343,"NRO_PARTE",1690597,"NS5P78MIPVA04J"
26343,"NRO_PARTE",1690598,"53011UPG"
26343,"NRO_PARTE",1690599,"1PTL55-7161HOH3"
26343,"NRO_PARTE",1690600,"NHH7GM86TIVA46"
26343,"NRO_PARTE",1690601,"NS5H5GMIHVA00Z"
26343,"NRO_PARTE",1690602,"NHH7GT86TIVAAJ"
26343,"NRO_PARTE",1690603,"NS5H5GTIHVA012"
26343,"NRO_PARTE",1690604,"NS5P7WMIPVA02F"
26343,"NRO_PARTE",1690605,"20TES12F00"
26343,"NRO_PARTE",1690606,"20TES3K400"
26343,"NRO_PARTE",1690607,"1PTL352-5161SS3-FHD"
26343,"NRO_PARTE",1690608,"1PTL542-71612SS4-NSO-LTE-V"
26343,"NRO_PARTE",1690609,"3F9M0LT#ABM-OH"
26343,"NRO_PARTE",1690610,"21Y31LS#ABM"
26343,"NRO_PARTE",1690611,"2F5H4LS#ABM-OP"
26343,"NRO_PARTE",1690612,"82C700BXLM"
26343,"NRO_PARTE",1690613,"82C70041LM"
26343,"NRO_PARTE",1690614,"1Q6J8LS#ABM-S"
26343,"NRO_PARTE",1690615,"0PTL351-341SS3"
26343,"NRO_PARTE",1690616,"0PTL351-341OH3-H"
26343,"NRO_PARTE",1690617,"0PTL351-341SS1"
26343,"NRO_PARTE",1690618,"21E7S0UM00"
26343,"NRO_PARTE",1690619,"NL5L5WVI2VAZ9D"
26343,"NRO_PARTE",1690620,"90NX0421-M28090."
26343,"NRO_PARTE",1690621,"NL5H78TI2VAZLW"
26343,"NRO_PARTE",1690622,"90NX0421-M28090-OH."
26343,"NRO_PARTE",1690623,"NBLD03BVA01"
26343,"NRO_PARTE",1690624,"NBL2A3BVA4D"
26343,"NRO_PARTE",1690625,"20T7S1X500"
26343,"NRO_PARTE",1690626,"90NX0411-M01E70"
26343,"NRO_PARTE",1690627,"90NX0411-M01E70-OH"
26343,"NRO_PARTE",1690628,"90NX0411-M01E80"
26343,"NRO_PARTE",1690629,"21E7S1LA00"
26343,"NRO_PARTE",1690630,"PZA13U-03100V-OH"
26343,"NRO_PARTE",1690631,"1PTL55-7812SOP3"
26343,"NRO_PARTE",1690632,"NS5H58TIHVA011"
26343,"NRO_PARTE",1690633,"53011TVL-MOP"
26343,"NRO_PARTE",1690634,"NS5H5GTIHVA03G"
26343,"NRO_PARTE",1690635,"NBADPS5077BK-P"
26343,"NRO_PARTE",1690636,"NBADPS5077BKPD"
26343,"NRO_PARTE",1690637,"NS5P7XMIPVA02K"
26343,"NRO_PARTE",1690638,"NS5P7GMIPVA02E"
26343,"NRO_PARTE",1690639,"53011UPG-WH"
26343,"NRO_PARTE",1690640,"53011UPG-MOB"
26343,"NRO_PARTE",1690641,"NS5L54MIPVA02Q"
26343,"NRO_PARTE",1690642,"NS5L58MIHVA02R"
26343,"NRO_PARTE",1690643,"NBADPS7085BKPD"
26343,"NRO_PARTE",1690644,"NBADPS7085BK-S"
26343,"NRO_PARTE",1723249,"7C6J7LA#ABM"
26343,"NRO_PARTE",3731728,"4PTL355-7161SOH3F-2V"
26343,"NRO_PARTE",3140412,"E14G6U71716201"
26343,"NRO_PARTE",3140423,"E14G6U71732201"
26343,"NRO_PARTE",3140440,"E14G6U5188201"
26343,"NRO_PARTE",3140483,"E14G6U51816201"
26343,"NRO_PARTE",2625817,"NL5H58IM2VZ0I4"
26343,"NRO_PARTE",2625820,"NL5H58IM2VZ0I5"
26343,"NRO_PARTE",2625854,"NL5L58MI3VZZ00"
26343,"NRO_PARTE",2625861,"NL5L58MI3VZ901"
26343,"NRO_PARTE",1724009,"674C0LT#ABM-OP"
26343,"NRO_PARTE",1724130,"3PTL352-7161SOP3-D"
26343,"NRO_PARTE",1886379,"81J17LT#ABM-OP"
26343,"NRO_PARTE",2131145,"PML20U-1FD07C"
26343,"NRO_PARTE",2131146,"PML20U-1FD07C-OH"
26343,"NRO_PARTE",2941111,"E14G6U5168101-OH"
26343,"NRO_PARTE",1879053,"846V6LT#ABM"
26343,"NRO_PARTE",2138934,"21G1S05300-OH"
26343,"NRO_PARTE",2138937,"21G1S05300-OP"
26343,"NRO_PARTE",3979404,"5PTDPP16-7U161SSS3-AB"
26343,"NRO_PARTE",1803280,"E14G5I51116201H"
26343,"NRO_PARTE",2031482,"21H8S1SS00"
26343,"NRO_PARTE",2031627,"21H8S1SR00-OH"
26343,"NRO_PARTE",2509442,"21JK00F5LM"
26343,"NRO_PARTE",2509443,"21JK00F5LM-OH"
26343,"NRO_PARTE",2509444,"21JK00F5LM-OP"
26343,"NRO_PARTE",2509917,"90NX06X1-M01930"
26343,"NRO_PARTE",2509921,"90NX06X1-M00TA0"
26343,"NRO_PARTE",2794912,"A12HBLT#ABM"
26343,"NRO_PARTE",4094278,"TH16G8U5U81100-OH"
26343,"NRO_PARTE",4094391,"TH14G8U5U82100"
26343,"NRO_PARTE",1901007,"V15#G4#R5008101PA"
26343,"NRO_PARTE",1836708,"E14G5I31108001H"
26343,"NRO_PARTE",1837297,"E14G5R51108101PA"
26343,"NRO_PARTE",2626413,"7W2HL4V472"
26343,"NRO_PARTE",2626420,"582HH4V350"
26343,"NRO_PARTE",2626421,"782HL4V473"
26343,"NRO_PARTE",2626432,"5WTHL4V475"
26343,"NRO_PARTE",2626436,"58THL4V476"
26343,"NRO_PARTE",2626441,"5WTHH4V355"
26343,"NRO_PARTE",2627482,"90NX06X1-M01920-OP."
26343,"NRO_PARTE",1765211,"V15G3I3908001A"
26343,"NRO_PARTE",1765213,"V15G3I3908001HA"
26343,"NRO_PARTE",2599679,"4PTL344-781SOH3-FHD"
26343,"NRO_PARTE",2599687,"4PTL344-781SOP3-FHD"
26343,"NRO_PARTE",2599694,"WE15I7T114-M"
26343,"NRO_PARTE",2599713,"WE15I7T114B-M"
26343,"NRO_PARTE",2599736,"WE15I7T115-M"
26343,"NRO_PARTE",2800356,"K14G2I308101H-2"
26343,"NRO_PARTE",2800488,"K14G2I316001H-2"
26343,"NRO_PARTE",2800537,"K14G2I316101P-2"
26343,"NRO_PARTE",2800549,"K14G2I316201P-2"
26343,"NRO_PARTE",2132500,"21JUS1H500"
26343,"NRO_PARTE",1686712,"20N5S27Y00"
26343,"NRO_PARTE",1686713,"20NES0RA00"
26343,"NRO_PARTE",1686714,"20N5S1VE00"
26343,"NRO_PARTE",1686715,"8ZN19LS"
26343,"NRO_PARTE",1686716,"8US63LS#ABM"
26343,"NRO_PARTE",1686717,"8US63LS"
26343,"NRO_PARTE",1686718,"8ZN22LS#ABM"
26343,"NRO_PARTE",1686719,"8ZN15LS"
26343,"NRO_PARTE",1686720,"8ZN13LS"
26343,"NRO_PARTE",1686721,"FZ-55CA60CVM"
26343,"NRO_PARTE",1686722,"CF-20G0255VM"
26343,"NRO_PARTE",1686723,"8ZN13LS#ABM"
26343,"NRO_PARTE",1686724,"8ZN14LS#ABM"
26343,"NRO_PARTE",1686725,"4XN02LT#ABM"
26343,"NRO_PARTE",1686726,"4XN07LT#ABM"
26343,"NRO_PARTE",1686727,"4XM69LT#ABM"
26343,"NRO_PARTE",1686728,"4XN04LT#ABM"
26343,"NRO_PARTE",1686729,"1ZR96LA#ABM"
26343,"NRO_PARTE",1686730,"2WW51LA#ABM"
26343,"NRO_PARTE",1686731,"4XN05LT#ABM"
26343,"NRO_PARTE",1686732,"4XN06LT#ABM"
26343,"NRO_PARTE",1686733,"4XN15LA#ABM"
26343,"NRO_PARTE",1686734,"5MP27LA#ABM"
26343,"NRO_PARTE",1686735,"4LA25LA#ABM"
26343,"NRO_PARTE",1686736,"4VY69LT#ABM"
26343,"NRO_PARTE",1686737,"1ZR95LA#ABM"
26343,"NRO_PARTE",1686738,"4XM72LT#ABM"
26343,"NRO_PARTE",1686739,"4XN30LA#ABM"
26343,"NRO_PARTE",1686740,"20NCS2GD00"
26343,"NRO_PARTE",1686741,"20NES0R200"
26343,"NRO_PARTE",1686742,"20NCS2GB00"
26343,"NRO_PARTE",1686743,"9PTL34-781SOP5-19"
26343,"NRO_PARTE",1686744,"9PTL53-7161SS3"
26343,"NRO_PARTE",1686745,"9PTL53-7161SS4"
26343,"NRO_PARTE",1686746,"9PTL53-7161SS5"
26343,"NRO_PARTE",1686747,"9PTL53-7161OH3-19"
26343,"NRO_PARTE",1686748,"9PTL54R-71612OH3-19"
26343,"NRO_PARTE",1686749,"9PTL54R-71612OH4-19"
26343,"NRO_PARTE",1686750,"9PTL54R-71612OH5-19"
26343,"NRO_PARTE",1686751,"9PTL54R-71612OP5-19"
26343,"NRO_PARTE",1686752,"9PTL35-71612OP5-19"
26343,"NRO_PARTE",1686753,"9PTL34-7812SS4"
26343,"NRO_PARTE",1686754,"9PTL34-7812OH3-19"
26343,"NRO_PARTE",1686755,"9PTL34-7812OH5-19"
26343,"NRO_PARTE",1686756,"9PTL34-7812OP3-19"
26343,"NRO_PARTE",1686757,"9PTL34-7825SS3"
26343,"NRO_PARTE",1686758,"9PTL34-7825OH5-19"
26343,"NRO_PARTE",1686759,"9PTL34-7825OP4-19"
26343,"NRO_PARTE",1686760,"9PTL34-781SOH3-19"
26343,"NRO_PARTE",1686761,"9PTL54-581SS4"
26343,"NRO_PARTE",1686762,"161F3LA#ABM-OP"
26343,"NRO_PARTE",1686763,"2PTL352-31656OP3-HD"
26343,"NRO_PARTE",1686764,"421H6LT#ABM-DM"
26343,"NRO_PARTE",1686765,"2PTL352-78S1OP3-FHD"
26343,"NRO_PARTE",1686766,"2PTL352-78S1OP3-HD"
26343,"NRO_PARTE",1686767,"421H6LT#ABM-OPMD"
26343,"NRO_PARTE",1686768,"21EES0D400"
26343,"NRO_PARTE",1686769,"618S2LA#ABM"
26343,"NRO_PARTE",1686770,"2PTL352-7161SOH3"
26343,"NRO_PARTE",1686771,"2PTL352-7812SOH3"
26343,"NRO_PARTE",1686772,"618S2LA#ABM-OH"
26343,"NRO_PARTE",1686773,"2PTL352-7856SOH3"
26343,"NRO_PARTE",1690645,"NS5L5GMIHVA02V"
26343,"NRO_PARTE",1690646,"NBADVCN4050BK-S1"
26343,"NRO_PARTE",1690647,"NS5L58TIHVA02X"
26343,"NRO_PARTE",1690648,"NSL5GTXI0VA04C"
26343,"NRO_PARTE",1690649,"NSH78MXI0VA06H"
26343,"NRO_PARTE",1690650,"NSH5GMXI0VA06K"
26343,"NRO_PARTE",1690651,"NSL7GMXI0VA0EB"
26343,"NRO_PARTE",1690652,"53011QPR"
26343,"NRO_PARTE",1690653,"3D2Y2LT#ABM-OP"
26343,"NRO_PARTE",1690654,"3D2Y2LT#ABM-OH"
26343,"NRO_PARTE",1690655,"153K0LT#ABM-OH"
26343,"NRO_PARTE",1690656,"3C696LA#ABM-OH"
26343,"NRO_PARTE",1690657,"161F7LA#ABM-OH"
26343,"NRO_PARTE",1690658,"1A4W8LT#ABM-OH"
26343,"NRO_PARTE",1690659,"90NX0441-M08820-OH."
26343,"NRO_PARTE",1690660,"90NX0421-M10570."
26343,"NRO_PARTE",1690661,"21EES0N000-OP"
26343,"NRO_PARTE",1690662,"21E4S13A00"
26343,"NRO_PARTE",1690663,"21EES0MX00-OP"
26343,"NRO_PARTE",1690664,"20U8S2HF00"
26343,"NRO_PARTE",1690665,"NS5H7WTIPVA04D"
26343,"NRO_PARTE",1690666,"NS5P7XTIPVA04Q"
26343,"NRO_PARTE",1690667,"53011EBV-MOB"
26343,"NRO_PARTE",1690668,"53011EBV-MOP"
26343,"NRO_PARTE",1690669,"20TBS5DJ00"
26343,"NRO_PARTE",1690670,"20TES4ST00"
26343,"NRO_PARTE",1690671,"NS5P7WTIPVA04P"
26343,"NRO_PARTE",1690672,"1PTL55-781HOH3"
26343,"NRO_PARTE",1690673,"53011QPR-MOB"
26343,"NRO_PARTE",1690674,"1PTL55-781HOP3"
26343,"NRO_PARTE",1690675,"NS5H5WMIHVA03B"
26343,"NRO_PARTE",1690676,"NS5P7GTIPVA02M"
26343,"NRO_PARTE",1690677,"2F3Z7LT#ABM-A"
26343,"NRO_PARTE",1690678,"2X035LT#ABM-OH"
26343,"NRO_PARTE",1690679,"20S6S08C00"
26343,"NRO_PARTE",1690680,"2X033LT#ABM-OH"
26343,"NRO_PARTE",1690681,"90NX0441-M00E80."
26343,"NRO_PARTE",1690682,"90NX0421-M10670-OH."
26343,"NRO_PARTE",1690683,"6P2G7LT#ABM"
26343,"NRO_PARTE",1690684,"20X4S3B600"
26343,"NRO_PARTE",1690685,"20U4S6HD00"
26343,"NRO_PARTE",1690686,"20U4S6HV00"
26343,"NRO_PARTE",1690687,"53011WFA-MOB"
26343,"NRO_PARTE",1690688,"NS5H58MIHVA03C"
26343,"NRO_PARTE",1690689,"NBADPS6051GR-P"
26343,"NRO_PARTE",1690690,"NS5P7WTIPVA02N"
26343,"NRO_PARTE",1690691,"NS5P7XTIPVA02O"
26343,"NRO_PARTE",1690692,"NS5H5GMIHVA03D"
26343,"NRO_PARTE",1690693,"53011WFA-MOP"
26343,"NRO_PARTE",1690694,"NBADPS6051GR-S"
26343,"NRO_PARTE",1690695,"NS5L54MIHVA02P"
26343,"NRO_PARTE",1690696,"53011PUG-MOB"
26343,"NRO_PARTE",1690697,"53012FLH-MOB"
26343,"NRO_PARTE",1690698,"NBADPS7085BK-P"
26343,"NRO_PARTE",1690699,"53012FLH-MOP"
26343,"NRO_PARTE",1690700,"NBADPS7085BKPDR"
26343,"NRO_PARTE",1690701,"NS5L5GMIHVA02S"
26343,"NRO_PARTE",1690702,"NS5L5WMIHVA02T"
26343,"NRO_PARTE",1690703,"NS5L58MIHVA02U"
26343,"NRO_PARTE",1690704,"NBADVPS7085BK"
26343,"NRO_PARTE",1690705,"NS5L5WMIHVA02W"
26343,"NRO_PARTE",1690706,"NBADVNV6650SL-S1"
26343,"NRO_PARTE",2797008,"E14G5I51108201-2"
26343,"NRO_PARTE",2797026,"E14G5I51116201-2"
26343,"NRO_PARTE",2797027,"E14G5I51116201-OH2"
26343,"NRO_PARTE",2797039,"E14G5I71108101-OH2"
26343,"NRO_PARTE",2797042,"E14G5I71108101-OP2"
26343,"NRO_PARTE",2797047,"E14G5I71108201-2"
26343,"NRO_PARTE",2797051,"E14G5I71108201-OH2"
26343,"NRO_PARTE",2797060,"E14G5I71108201-OP2"
26343,"NRO_PARTE",2797069,"E14G5I71116101-2"
26343,"NRO_PARTE",2625812,"NL5H58MI2VZ9I2"
26343,"NRO_PARTE",2625815,"NL5H58IM2VZ0I6"
26343,"NRO_PARTE",2625834,"NL5H58MI2VZ9I3"
26343,"NRO_PARTE",1723974,"6C5Y6LT#ABM-OP"
26343,"NRO_PARTE",1723992,"674C0LT#ABM"
26343,"NRO_PARTE",2138903,"21G1S05400-OH"
26343,"NRO_PARTE",2138966,"PML20U-1FJ07C-OP"
26343,"NRO_PARTE",2138976,"PMM20U-1YD07L-OH"
26343,"NRO_PARTE",2138979,"PMM20U-1YD07L-A-OH"
26343,"NRO_PARTE",3979492,"5PTDP14-7U161SSS3-AB"
26343,"NRO_PARTE",1803288,"V15G4R3908011A"
26343,"NRO_PARTE",1803317,"E14G5I51116201HH"
26343,"NRO_PARTE",1803321,"V15G4R3908011HH"
26343,"NRO_PARTE",1803342,"V15G3R5008101A"
26343,"NRO_PARTE",2509445,"21JK00F6LM"
26343,"NRO_PARTE",2509446,"21JK00F6LM-OH"
26343,"NRO_PARTE",2509447,"21JK00F6LM-OP"
26343,"NRO_PARTE",1747383,"21CUS0PM00"
26343,"NRO_PARTE",1747384,"21CUS0PL00"
26343,"NRO_PARTE",1747385,"21CUS0PP00"
26343,"NRO_PARTE",1747388,"21CUS0PR00"
26343,"NRO_PARTE",2626462,"7WTP04V484"
26343,"NRO_PARTE",2627826,"7GTPH4V306"
26343,"NRO_PARTE",2627907,"A31E7LS#ABM"
26343,"NRO_PARTE",2627931,"A31E7LS#ABM-OP"
26343,"NRO_PARTE",2627972,"A41V7LS#ABM-OPA"
26343,"NRO_PARTE",2628072,"A4EJ3LS#ABM-OP"
26343,"NRO_PARTE",2628097,"A4DZ7LS#ABM"
26343,"NRO_PARTE",2599701,"4PTL344-7161SSS3-FHD"
26343,"NRO_PARTE",2599771,"4PTL344-7161SOH3-FHD"
26343,"NRO_PARTE",2599788,"4PTL344-7161SOP3-FHD"
26343,"NRO_PARTE",2800595,"K14G2I516201H-2"
26343,"NRO_PARTE",1686774,"2PTL352-71612SOH3"
26343,"NRO_PARTE",1686775,"2PTL352-71612SOH3-2V"
26343,"NRO_PARTE",1686776,"2PTL352-71656SOH3"
26343,"NRO_PARTE",1686777,"618S2LA#ABM-OP"
26343,"NRO_PARTE",1686778,"2PTL352-71656SOH3-2V"
26343,"NRO_PARTE",1686779,"0PTL54R-71612SS3"
26343,"NRO_PARTE",1686780,"0PTL54R-71612OP3"
26343,"NRO_PARTE",1686781,"9PTL54-581SSS3"
26343,"NRO_PARTE",1686782,"9PTL54-581SOH4-19"
26343,"NRO_PARTE",1686783,"9PTL54-5161OH5-19"
26343,"NRO_PARTE",1686784,"9PTL54-5812SS3"
26343,"NRO_PARTE",1686785,"9PTL54-5812SS5"
26343,"NRO_PARTE",1686786,"9PTL54-5812OP3-19"
26343,"NRO_PARTE",1686787,"9PTL54-51612OH4-19"
26343,"NRO_PARTE",1686788,"9PTL54-51612OH5-19"
26343,"NRO_PARTE",1686789,"9PTL54-51612OP4-19"
26343,"NRO_PARTE",1686790,"9PTL54-581SS5"
26343,"NRO_PARTE",1686791,"9PTL54-581OH4-19"
26343,"NRO_PARTE",1686792,"9PTL54-581SOP4-19"
26343,"NRO_PARTE",1686793,"9PTL54-581SOP5-19"
26343,"NRO_PARTE",1686794,"9PTL54-5161SS3"
26343,"NRO_PARTE",1686795,"9PTL54-5161SS4"
26343,"NRO_PARTE",1686796,"9PTL54-5161SS5"
26343,"NRO_PARTE",1686797,"9PTL54-5161OH3-19"
26343,"NRO_PARTE",1686798,"9PTL54-5161OH4-19"
26343,"NRO_PARTE",1686799,"9PTL54-5161OP3-19"
26343,"NRO_PARTE",1686800,"9PTL54-5161OP5-19"
26343,"NRO_PARTE",1686801,"9PTL54-5161SSS4"
26343,"NRO_PARTE",1686802,"9PTL54-5161SSS5"
26343,"NRO_PARTE",1686803,"9PTL54-5161SOH3"
26343,"NRO_PARTE",1686804,"9PTL54-51612OH3-19"
26343,"NRO_PARTE",1686805,"9PTL54-51612OP3-19"
26343,"NRO_PARTE",1686806,"9PTL54-781SOH4-19"
26343,"NRO_PARTE",1686807,"9PTL54"
26343,"NRO_PARTE",1686808,"9PTL54-7161SSS5"
26343,"NRO_PARTE",1686809,"9PTL54-7161SOH3-19"
26343,"NRO_PARTE",1686810,"9PTL54-7161SOH4-19"
26343,"NRO_PARTE",1686811,"9PTL54-7161SOH5-19"
26343,"NRO_PARTE",1686812,"9PTL54-581SS3"
26343,"NRO_PARTE",1686813,"9PTL54-581SOP3-19"
26343,"NRO_PARTE",1686814,"9PTL54-5161OP4-19"
26343,"NRO_PARTE",1686815,"9PTL54-5161SSS3"
26343,"NRO_PARTE",1686816,"9PTL54-5161SOH5-19"
26343,"NRO_PARTE",1686817,"9PTL54-5161SOH4-19"
26343,"NRO_PARTE",1686818,"9PTL54-5161SOP3-19"
26343,"NRO_PARTE",1686819,"9PTL54-5161SOP4-19"
26343,"NRO_PARTE",1686820,"9PTL54-5161SOP5-19"
26343,"NRO_PARTE",1686821,"9PTL54-781SS3"
26343,"NRO_PARTE",1686822,"9PTL54-781SS4"
26343,"NRO_PARTE",1686823,"9PTL54-781SS5"
26343,"NRO_PARTE",1686824,"9PTL54-781OH3-19"
26343,"NRO_PARTE",1686825,"9PTL54-781OH4-19"
26343,"NRO_PARTE",1686826,"9PTL54-781OP3-19"
26343,"NRO_PARTE",1686827,"9PTL54-781OP4-19"
26343,"NRO_PARTE",1686828,"9PTL54-781SSS3"
26343,"NRO_PARTE",1686829,"9PTL54-781SSS4"
26343,"NRO_PARTE",1686830,"9PTL54-781SSS5"
26343,"NRO_PARTE",1686831,"9PTL54-781SOH3-19"
26343,"NRO_PARTE",1686832,"LATITUDE 5400"
26343,"NRO_PARTE",1686833,"9PTL54-781SOP4-19"
26343,"NRO_PARTE",1690707,"NS5L5GTIHVA02Y"
26343,"NRO_PARTE",1690708,"NS5L5WTIHVA02Z"
26343,"NRO_PARTE",1690709,"1PTL352-7161SS3-FHD"
26343,"NRO_PARTE",1690710,"THINKPAD E15 GEN2 (INTEL)"
26343,"NRO_PARTE",1690711,"20TES13X00"
26343,"NRO_PARTE",1690712,"1PTL352-5161OH3-FHD"
26343,"NRO_PARTE",1690713,"1U3T1LA_ABM"
26343,"NRO_PARTE",1690714,"1Q6J8LS#ABM-OCA"
26343,"NRO_PARTE",1690715,"90NX0421-M10670."
26343,"NRO_PARTE",1690716,"NL5L7G2I2VAZ92"
26343,"NRO_PARTE",1690717,"NL5L58VI2VAZ9F"
26343,"NRO_PARTE",1690718,"7A047LA#ABM-A"
26343,"NRO_PARTE",1690719,"20U8S2HE00"
26343,"NRO_PARTE",1690720,"NHH7GQ86TIVA3Q"
26343,"NRO_PARTE",1690721,"NS5P7XMIPVA02G"
26343,"NRO_PARTE",1690722,"NS5P78MIPVA02H"
26343,"NRO_PARTE",1690723,"NS5L5WTIPVA038"
26343,"NRO_PARTE",1690724,"NS5P7GMIPVA02I"
26343,"NRO_PARTE",1690725,"NS5H58MIHVA039"
26343,"NRO_PARTE",1690726,"NS5P7WMIPVA02J"
26343,"NRO_PARTE",1690727,"53011UPG-MOP"
26343,"NRO_PARTE",1690728,"NBADPS5077BK-S"
26343,"NRO_PARTE",1690729,"NS5H5GMIHVA03A"
26343,"NRO_PARTE",1690730,"NBADVPS5077BK"
26343,"NRO_PARTE",1690731,"NS5P78TIPVA02L"
26343,"NRO_PARTE",1690732,"NSL5GMXI0VA03G"
26343,"NRO_PARTE",1690733,"NSH7GMXI0VA06J"
26343,"NRO_PARTE",1690734,"NSH5GTXI0VA07G"
26343,"NRO_PARTE",1690735,"26N53LT#ABM-OPA"
26343,"NRO_PARTE",1690736,"2F3Z7LT#ABM-OPA"
26343,"NRO_PARTE",1690737,"161F4LA#ABM-OH"
26343,"NRO_PARTE",1690738,"161F5LA#ABM-OH"
26343,"NRO_PARTE",1690739,"2Y345LT#ABM-OH"
26343,"NRO_PARTE",1690740,"1F4Z2LT#ABM-OH"
26343,"NRO_PARTE",1690741,"1F4Z7LT#ABM-OH"
26343,"NRO_PARTE",1690742,"2B259LA#ABM"
26343,"NRO_PARTE",1690743,"20P30LA#ABM"
26343,"NRO_PARTE",1690744,"0PTL351-341OH3"
26343,"NRO_PARTE",1690745,"2X034LT#ABM-OH"
26343,"NRO_PARTE",1690746,"20U2SAK000"
26343,"NRO_PARTE",1690747,"NSL78MXI0VA03D"
26343,"NRO_PARTE",1690748,"2PTL352-7812SOH3-FHD-2V-2"
26343,"NRO_PARTE",1690749,"1PTL352-781SS3-FHD-2V"
26343,"NRO_PARTE",1690750,"20TES1BN00"
26343,"NRO_PARTE",1690751,"20TES1KF00"
26343,"NRO_PARTE",1690752,"20TES3K800"
26343,"NRO_PARTE",1690753,"2F3Z7LT#ABM-OHA"
26343,"NRO_PARTE",1690754,"26N53LT#ABM-OHA"
26343,"NRO_PARTE",1690755,"1Y6G2LA#ABM-OP"
26343,"NRO_PARTE",1690756,"0PTL341-581SS3-FHD"
26343,"NRO_PARTE",1690757,"0PTL341-781SS3-FHD-V"
26343,"NRO_PARTE",1690758,"0PTL341-781OP3-FHD-V"
26343,"NRO_PARTE",1690759,"0PTL341-781OH3-FHD-V"
26343,"NRO_PARTE",1690760,"1Q6J8LS#ABM-OC"
26343,"NRO_PARTE",1690761,"1Q6J8LS#ABM-OC2"
26343,"NRO_PARTE",1690762,"NL5L7WVI2VAZ9E"
26343,"NRO_PARTE",1690763,"21ECS0B900-OP"
26343,"NRO_PARTE",1690764,"20U2SAK200"
26343,"NRO_PARTE",1690765,"20U4S6HW00"
26343,"NRO_PARTE",1690766,"NBADVPS6051GRY"
26343,"NRO_PARTE",1690767,"6M4L6LT#ABM"
26343,"NRO_PARTE",2626044,"58TPH4V326"
26343,"NRO_PARTE",2626060,"5WTHH4V331"
26343,"NRO_PARTE",2626063,"7WTHH4V334"
26343,"NRO_PARTE",1724125,"3PTL352-7161SOH3-D"
26343,"NRO_PARTE",2131143,"PML30U-09Y00V-OP"
26343,"NRO_PARTE",2139567,"7Z7H2LT#ABM-"
26343,"NRO_PARTE",2139582,"7Z7H2LT#ABM-OH"
26343,"NRO_PARTE",2139606,"7Z7H4LT#ABM-OH"
26343,"NRO_PARTE",3979482,"5PTDPP16-7U321SSS3-AB"
26343,"NRO_PARTE",3979504,"5PTDPP14-7U161SSS3-AB"
26343,"NRO_PARTE",3979506,"5PTDPP14-7U321SSS3-AB"
26343,"NRO_PARTE",3979509,"5PTDPP14-7U161SSS3-BW7"
26343,"NRO_PARTE",3979512,"5PTDPP14-7U321SSS3-BW7"
26343,"NRO_PARTE",3979515,"5PTDPP16-7U161SOH3-BW7"
26343,"NRO_PARTE",3979516,"5PTDPP16-7U321SSS3-BW7"
26343,"NRO_PARTE",3753416,"E16G6U71932201H"
26343,"NRO_PARTE",3753441,"E16G6U71932201H-OH"
26343,"NRO_PARTE",1803333,"V15G4R3908011PA"
26343,"NRO_PARTE",2794904,"T16G6I728101-OP2"
26343,"NRO_PARTE",4094363,"TH14G8U5U81100"
26343,"NRO_PARTE",4094706,"TH14G8U5U82100-OH"
26343,"NRO_PARTE",4229235,"TH14G8U7H162100-OH#"
26343,"NRO_PARTE",4229262,"CH0N6LT#ABM"
26343,"NRO_PARTE",4229293,"TH14G8U7H162100H-OH#"
26343,"NRO_PARTE",1747289,"21E7S3V800"
26343,"NRO_PARTE",1764959,"3PTL352-3812OP3-HD"
26343,"NRO_PARTE",1764968,"90NX05U1-M00Y70-OP"
26343,"NRO_PARTE",1765094,"90NX05U1-M00Y60-OH"
26343,"NRO_PARTE",2800489,"K14G2I316001P-2"
26343,"NRO_PARTE",2800495,"K14G2I708101H-2"
26343,"NRO_PARTE",2800571,"K14G2I516201-2"
26343,"NRO_PARTE",1686834,"9PTL54-5812OH4-19"
26343,"NRO_PARTE",1686835,"9PTL54-5812OH5-19"
26343,"NRO_PARTE",1686836,"9PTL54-5812OP4-19"
26343,"NRO_PARTE",1686837,"9PTL54-5812OP5-19"
26343,"NRO_PARTE",1686838,"9PTL54-51612SS3"
26343,"NRO_PARTE",1686839,"9PTL54-51612SS5"
26343,"NRO_PARTE",1686840,"9PTL54-7161SOP3-19"
26343,"NRO_PARTE",1686841,"9PTL54-7161SOP4-19"
26343,"NRO_PARTE",1686842,"9PTL54-7161SOP5-19"
26343,"NRO_PARTE",1686843,"20QES0X500"
26343,"NRO_PARTE",1686844,"20QES0LA00"
26343,"NRO_PARTE",1686845,"20QES0L900"
26343,"NRO_PARTE",1686846,"20Q8S2DF00"
26343,"NRO_PARTE",1686847,"20Q8S2DG00"
26343,"NRO_PARTE",1686848,"81HQ00L5LM"
26343,"NRO_PARTE",1686849,"81HQ00L5LMH"
26343,"NRO_PARTE",1686850,"81HQ00L5LMP"
26343,"NRO_PARTE",1686851,"2PTL352-5856OP3-HD"
26343,"NRO_PARTE",1686852,"2PTL352-51656OP3-FHD"
26343,"NRO_PARTE",1686853,"21EES0D700"
26343,"NRO_PARTE",1686854,"21EES0D100"
26343,"NRO_PARTE",1686855,"21EES0D800-OP"
26343,"NRO_PARTE",1686856,"21EES0D900-OP"
26343,"NRO_PARTE",1686857,"20W1SDNX00"
26343,"NRO_PARTE",1686858,"2PTL352-7161SOH3-2V"
26343,"NRO_PARTE",1686859,"2PTL352-7856SOH3-2V"
26343,"NRO_PARTE",1686860,"5R6J9LS#ABM-AC"
26343,"NRO_PARTE",1686861,"20NFS06C00"
26343,"NRO_PARTE",1686862,"81A6002GLMG"
26343,"NRO_PARTE",1686863,"8RE86LS#ABM"
26343,"NRO_PARTE",1686864,"8RJ02LS#ABM"
26343,"NRO_PARTE",1686865,"20NFS0BG00"
26343,"NRO_PARTE",1686866,"20Q8S0EX00"
26343,"NRO_PARTE",1686867,"6FU32LT#ABM"
26343,"NRO_PARTE",1686868,"20N3S84T00"
26343,"NRO_PARTE",1686869,"20Q8S2DH00"
26343,"NRO_PARTE",1686870,"9PTL34-5812SS3-S-H"
26343,"NRO_PARTE",1686871,"2WW21LT#ABM"
26343,"NRO_PARTE",1686872,"2WW22LT#ABM"
26343,"NRO_PARTE",1686873,"W6B87LT#ABM"
26343,"NRO_PARTE",1686874,"Z2A16LP#ABM"
26343,"NRO_PARTE",1686875,"2SA50LA#ABM"
26343,"NRO_PARTE",1686876,"2SA51LA#ABM"
26343,"NRO_PARTE",1686877,"9PTL54R-71612SS3"
26343,"NRO_PARTE",1686878,"9PTL54R-71612SS5"
26343,"NRO_PARTE",1686879,"20NFS02700"
26343,"NRO_PARTE",1686880,"8GF73LS#ABM"
26343,"NRO_PARTE",1686881,"9PTL35-7161SS3"
26343,"NRO_PARTE",1686882,"9PTL34-7161SOP3-19"
26343,"NRO_PARTE",1686883,"9PTL34-7161SOH5-19"
26343,"NRO_PARTE",1686884,"9PTL35-7812OH5-19"
26343,"NRO_PARTE",1686885,"9PTL35-7812OP3-19"
26343,"NRO_PARTE",1686886,"20NES0F900"
26343,"NRO_PARTE",1686887,"9PTL55-7161SOH3-19"
26343,"NRO_PARTE",1686888,"8GF45LS#ABM"
26343,"NRO_PARTE",1686889,"9PTL55-71612OH3-19"
26343,"NRO_PARTE",1686890,"8GF56LS#ABM"
26343,"NRO_PARTE",1686891,"9PTL55-7161SOP3-19"
26343,"NRO_PARTE",1686892,"9PTL35-581OP5-19-S"
26343,"NRO_PARTE",1686893,"8GE76LS#ABM"
26343,"NRO_PARTE",1686894,"9PTL35-581SS3-S-H"
26343,"NRO_PARTE",1690768,"20TES15C00"
26343,"NRO_PARTE",1690769,"20TES12M00"
26343,"NRO_PARTE",1690770,"1PTL352-5161OP3-FHD"
26343,"NRO_PARTE",1690771,"1PTL352-51625OH3-FHD"
26343,"NRO_PARTE",1690772,"20TES1E500"
26343,"NRO_PARTE",1690773,"1T2P4LA#ABM-OCA"
26343,"NRO_PARTE",1690774,"1S1R2LA#ABM-OC"
26343,"NRO_PARTE",1690775,"1S1R2LA#ABM-OCA"
26343,"NRO_PARTE",1690776,"1S1R2LA#ABM-S"
26343,"NRO_PARTE",1690777,"153B3LT#ABM"
26343,"NRO_PARTE",1690778,"153B4LT#ABM"
26343,"NRO_PARTE",1690779,"153K2LT#ABM"
26343,"NRO_PARTE",1690780,"3C696LA#ABM"
26343,"NRO_PARTE",1690781,"1T2P4LA#ABM-OC"
26343,"NRO_PARTE",1690782,"0PTL351-341SS3-H"
26343,"NRO_PARTE",1690783,"0PTL351-341SS1-H"
26343,"NRO_PARTE",1690784,"0PTL351-341OH1-H"
26343,"NRO_PARTE",1690785,"0PTL351-341OH1"
26343,"NRO_PARTE",1690786,"21ECS0B800-OP"
26343,"NRO_PARTE",1690787,"NBHAA3BVA2N"
26343,"NRO_PARTE",1690788,"7A047LA#ABM-OPA"
26343,"NRO_PARTE",1690789,"CCCC"
26343,"NRO_PARTE",1690790,"7A048LA#ABM-A"
26343,"NRO_PARTE",1690791,"NSL78TXI0VA049"
26343,"NRO_PARTE",1690792,"NSL58TXI0VA04A"
26343,"NRO_PARTE",1690793,"NSL7GTXI0VA04B"
26343,"NRO_PARTE",1690794,"NSH58MXI0VA06I"
26343,"NRO_PARTE",1690795,"NSH78TXI0VA07D"
26343,"NRO_PARTE",1690796,"NSH58TXI0VA07E"
26343,"NRO_PARTE",1690797,"NSH7GTXI0VA07F"
26343,"NRO_PARTE",1690798,"NSL78MXI0VA0E9"
26343,"NRO_PARTE",1690799,"NSL58MXI0VA0EA"
26343,"NRO_PARTE",1690800,"NSL5GMXI0VA0EC"
26343,"NRO_PARTE",1690801,"NSL58TXI0VA0F6"
26343,"NRO_PARTE",1690802,"NSL7GTXI0VA0F7"
26343,"NRO_PARTE",1690803,"NSL5GTXI0VA0F8"
26343,"NRO_PARTE",1690804,"NSH78MXI0VA0HD"
26343,"NRO_PARTE",1690805,"NSH58MXI0VA0HE"
26343,"NRO_PARTE",1690806,"NSH7GMXI0VA0HF"
26343,"NRO_PARTE",1690807,"NSH5GMXI0VA0HG"
26343,"NRO_PARTE",1690808,"NSH78TXI0VA0I9"
26343,"NRO_PARTE",1690809,"NSH58TXI0VA0IA"
26343,"NRO_PARTE",1690810,"NSH7GTXI0VA0IB"
26343,"NRO_PARTE",1690811,"53012KFWO-MOB"
26343,"NRO_PARTE",1690812,"53012KFWO-MOP"
26343,"NRO_PARTE",1690813,"E1504I7132101N"
26343,"NRO_PARTE",1690814,"161F3LA#ABM-OH"
26343,"NRO_PARTE",1690815,"161F6LA#ABM-OH"
26343,"NRO_PARTE",1690816,"161F3LA#ABM"
26343,"NRO_PARTE",1690817,"161F5LA#ABM"
26343,"NRO_PARTE",1690818,"161F6LA#ABM"
26343,"NRO_PARTE",1690819,"21CUS0C100"
26343,"NRO_PARTE",1690820,"21CUS0C000"
26343,"NRO_PARTE",1690821,"21CUS0BX00"
26343,"NRO_PARTE",1690822,"WE15I5E107"
26343,"NRO_PARTE",1690823,"2J6N5LT#ABM-OH"
26343,"NRO_PARTE",1690824,"2F0V6LT#ABM-OH"
26343,"NRO_PARTE",1690825,"NBPYA3BVA36"
26343,"NRO_PARTE",1690826,"NBPTA3BVA3C"
26343,"NRO_PARTE",1690827,"NBP6A3BVA3D"
26343,"NRO_PARTE",1690828,"NBHAV3BVA4J"
26343,"NRO_PARTE",1690829,"745Q7LA#ABM-A"
26343,"NRO_PARTE",1723787,"736Y9LT#ABM-OP"
26343,"NRO_PARTE",1879210,"846V7LT#ABM-OP"
26343,"NRO_PARTE",2139556,"7Z7H2LT#ABM."
26343,"NRO_PARTE",2139585,"7Z7H2LT#ABM-OP"
26343,"NRO_PARTE",1803290,"20VG007RLM"
26343,"NRO_PARTE",1803381,"E14G5I51116201PA"
26343,"NRO_PARTE",1803398,"E14G5I71108101H"
26343,"NRO_PARTE",2794880,"A9BS1LT#ABM"
26343,"NRO_PARTE",4094307,"TH16G8U7H81100"
26343,"NRO_PARTE",1748860,"21E7S3WA00"
26343,"NRO_PARTE",1748867,"21E7S3WC00"
26343,"NRO_PARTE",1747387,"21CUS0PN00"
26343,"NRO_PARTE",1747682,"21E4S2M600"
26343,"NRO_PARTE",1747685,"21E4S0Q500"
26343,"NRO_PARTE",1783853,"CP3NK_000"
26343,"NRO_PARTE",1764735,"90NX05U1-M00Y40-OP"
26343,"NRO_PARTE",1765004,"3PTL352-3812OP3-FHD"
26343,"NRO_PARTE",2599844,"PDA31U-0LV053-D"
26343,"NRO_PARTE",2800543,"K14G2I708101P-2"
26343,"NRO_PARTE",2800547,"K14G2I316201H-2"
26343,"NRO_PARTE",2800688,"K14G2I516101H-2"
26343,"NRO_PARTE",1686895,"9PTL35-581SS4-S-H"
26343,"NRO_PARTE",1686896,"9PTL35-581OH5-19-S-H"
26343,"NRO_PARTE",1686897,"9PTL35-581OP4-19-S-H"
26343,"NRO_PARTE",1686898,"20N8S0V400"
26343,"NRO_PARTE",1686899,"20N8S0X600"
26343,"NRO_PARTE",1686900,"9PTL34-581OH5-19-S-H"
26343,"NRO_PARTE",1686901,"9PTL34-581OP3-19-S-H"
26343,"NRO_PARTE",1686902,"20NES0F800"
26343,"NRO_PARTE",1686903,"20NES0FA00"
26343,"NRO_PARTE",1686904,"9PTL55-7161SSS5"
26343,"NRO_PARTE",1686905,"9PTL55-71612OP5-19"
26343,"NRO_PARTE",1686906,"9PTL35-7812OH4-19"
26343,"NRO_PARTE",1686907,"20NFS08S00G"
26343,"NRO_PARTE",1686908,"9PTL35-7812SS4"
26343,"NRO_PARTE",1686909,"81AX01AJLM"
26343,"NRO_PARTE",1686910,"9PTL35-7161OP4-19"
26343,"NRO_PARTE",1686911,"9PTL35-7161OP5-19"
26343,"NRO_PARTE",1686912,"9PTL34-7161SOH3-19"
26343,"NRO_PARTE",1686913,"9PTL55-7161OP3-19"
26343,"NRO_PARTE",1686914,"9PTL55-7161OP5-19"
26343,"NRO_PARTE",1686915,"9PTL35-7161OH3-19"
26343,"NRO_PARTE",1686916,"20NFS02700G"
26343,"NRO_PARTE",1686917,"9PTL35-7161OH5-19"
26343,"NRO_PARTE",1686918,"9PTL35-7161OP3-19"
26343,"NRO_PARTE",1686919,"9PTL35-7812OH3-19"
26343,"NRO_PARTE",1686920,"9PTL34-581OP3-19-S"
26343,"NRO_PARTE",1686921,"9PTL34-581OP5-19-S"
26343,"NRO_PARTE",1686922,"20MVS0TP00"
26343,"NRO_PARTE",1686923,"9PTL35-581OP3-19-S"
26343,"NRO_PARTE",1686924,"20Q6S22H00"
26343,"NRO_PARTE",1686925,"9PTL35-581SS5-S-H"
26343,"NRO_PARTE",1686926,"9PTL55-71612OP4-19"
26343,"NRO_PARTE",1686927,"20N8S0X700"
26343,"NRO_PARTE",1686928,"8GF57LS#ABM"
26343,"NRO_PARTE",1686929,"9PTL34-781SS4"
26343,"NRO_PARTE",1686930,"9PTL34-781SS5"
26343,"NRO_PARTE",1686931,"161F4LA#ABM-OP"
26343,"NRO_PARTE",1686932,"1A4W8LT#ABM-OP"
26343,"NRO_PARTE",1686933,"21EES0ED00-OP"
26343,"NRO_PARTE",1686934,"21E4S0J500"
26343,"NRO_PARTE",1686935,"5A919LA#ABM-OHG4"
26343,"NRO_PARTE",1686936,"20U1S08100"
26343,"NRO_PARTE",1686937,"20U1S08200"
26343,"NRO_PARTE",1686938,"20U1S08300"
26343,"NRO_PARTE",1686939,"21BWS0NK00"
26343,"NRO_PARTE",1686940,"Z7Y44LA#ABM"
26343,"NRO_PARTE",1686941,"1BZ35LT#ABM"
26343,"NRO_PARTE",1686942,"Z1Y77LT#ABM"
26343,"NRO_PARTE",1686943,"V8M23LT#ABM"
26343,"NRO_PARTE",1686944,"1BZ18LT#ABM"
26343,"NRO_PARTE",1686945,"1BZ20LA#ABM"
26343,"NRO_PARTE",1686946,"1GE73LA#ABM"
26343,"NRO_PARTE",1686947,"1GE74LA#ABM"
26343,"NRO_PARTE",1686948,"1BZ58LT#ABM"
26343,"NRO_PARTE",1686949,"1BZ57LT#ABM"
26343,"NRO_PARTE",1686950,"NBADVPS5076BK"
26343,"NRO_PARTE",1686951,"1PTL542-5812SS3-HD"
26343,"NRO_PARTE",1686952,"1PTL542-5812OH3-HD"
26343,"NRO_PARTE",1686953,"1PTL542-5161OH3-HD"
26343,"NRO_PARTE",1686954,"1PTL542-51625SS3-HD"
26343,"NRO_PARTE",1686955,"NBLP03BVA0C"
26343,"NRO_PARTE",1690830,"21EES04T00"
26343,"NRO_PARTE",1690831,"21EES03A00"
26343,"NRO_PARTE",1690832,"21EES04U00"
26343,"NRO_PARTE",1690833,"20X4S3B700"
26343,"NRO_PARTE",1690834,"20U4S6GG00"
26343,"NRO_PARTE",1690835,"20U4S6H900"
26343,"NRO_PARTE",1690836,"21E4S0R700"
26343,"NRO_PARTE",1690837,"21E4S0R700-OH"
26343,"NRO_PARTE",1690838,"21E4S0RB00"
26343,"NRO_PARTE",1690839,"90NX0551-M00M30"
26343,"NRO_PARTE",1690840,"90NX0551-M00M20"
26343,"NRO_PARTE",1690841,"90NX0571-M00T50"
26343,"NRO_PARTE",1690842,"20TES16400"
26343,"NRO_PARTE",1690843,"20TES3K300"
26343,"NRO_PARTE",1690844,"E1504I7116101N"
26343,"NRO_PARTE",1690845,"5U0P2LT#ABM"
26343,"NRO_PARTE",1690846,"21CSS0N500"
26343,"NRO_PARTE",1690847,"0PTL341-5825SS3-FHD"
26343,"NRO_PARTE",1690848,"0PTL341-5825OH3-FHD"
26343,"NRO_PARTE",1690849,"0PTL341-5825OH1-FHD"
26343,"NRO_PARTE",1690850,"0PTL341-5812SS3-FHD"
26343,"NRO_PARTE",1690851,"0PTL341-5812SS1-FHD"
26343,"NRO_PARTE",1690852,"0PTL341-5812OH3-FHD"
26343,"NRO_PARTE",1690853,"1A4W8LT#ABM"
26343,"NRO_PARTE",1690854,"161F4LA#ABM"
26343,"NRO_PARTE",1690855,"6K705LT#ABM-OH"
26343,"NRO_PARTE",1690856,"WE15I5E107B"
26343,"NRO_PARTE",1690857,"WE14I5E107B"
26343,"NRO_PARTE",1690858,"WE14I5E106"
26343,"NRO_PARTE",1690859,"WE14I5E105"
26343,"NRO_PARTE",1690860,"NB0UV3BVA4N"
26343,"NRO_PARTE",1690861,"NBLU03BVA4L"
26343,"NRO_PARTE",1690862,"NB0KA3BVA19"
26343,"NRO_PARTE",1690863,"NB05A3BVA1A"
26343,"NRO_PARTE",1690864,"NBPHA3BVA3S"
26343,"NRO_PARTE",1690865,"NB0MA3BVA1B"
26343,"NRO_PARTE",1690866,"NBPWA3BVA3Y"
26343,"NRO_PARTE",1690867,"NBL903BVA07"
26343,"NRO_PARTE",1690868,"NBLN03BVA0A"
26343,"NRO_PARTE",1690869,"NBLNA3BVA4A"
26343,"NRO_PARTE",1690870,"NBPRA3BVA39"
26343,"NRO_PARTE",1690871,"NBLGA3BVA4E"
26343,"NRO_PARTE",1690872,"NBLK03BVA0G"
26343,"NRO_PARTE",1690873,"NBPJA3BVA3J"
26343,"NRO_PARTE",1690874,"21E7S0GS00-OH"
26343,"NRO_PARTE",1690875,"21E7S0GT00"
26343,"NRO_PARTE",1690876,"21E7S0GM00"
26343,"NRO_PARTE",1690877,"21E7S0GP00"
26343,"NRO_PARTE",1690878,"72Z76LA#ABM-OHA"
26343,"NRO_PARTE",1690879,"21E7S0GR00"
26343,"NRO_PARTE",1690880,"21E7S0GM00-OH"
26343,"NRO_PARTE",1690881,"21EES0EA00-OP"
26343,"NRO_PARTE",1690882,"745R0LA#ABM-A"
26343,"NRO_PARTE",1690883,"74V00LA#ABM-A"
26343,"NRO_PARTE",1690884,"74V00LA#ABM-OHA"
26343,"NRO_PARTE",1690885,"74V00LA#ABM-OPA"
26343,"NRO_PARTE",1690886,"74V01LA#ABM"
26343,"NRO_PARTE",1690887,"NBHFV3BVA1W"
26343,"NRO_PARTE",1690888,"563N6LA#ABM-OH"
26343,"NRO_PARTE",1690889,"2PTL352-7161OP3-FHD-C"
26343,"NRO_PARTE",1690890,"20TBS0X200"
26343,"NRO_PARTE",1690891,"1PTL542-7812SS3-T-H"
26343,"NRO_PARTE",1723921,"6C5Y6LT#ABM"
26343,"NRO_PARTE",1724041,"3PTL352-7161SSS3-D"
26343,"NRO_PARTE",3753010,"B9PB5LA#ABM-OH4A"
26343,"NRO_PARTE",2047399,"K14G2I3108101H"
26343,"NRO_PARTE",2628740,"78MPP4V377"
26343,"NRO_PARTE",2628759,"7GMPP4V378"
26343,"NRO_PARTE",2142877,"V14G4I51116201HA"
26343,"NRO_PARTE",2142915,"V14G4I51116201PA"
26343,"NRO_PARTE",2795100,"V15G4I3908001H-2"
26343,"NRO_PARTE",4094740,"TH14G8U5U161100"
26343,"NRO_PARTE",4229309,"CH0N6LT#ABM-OH4"
26343,"NRO_PARTE",1786952,"LA20I1GB623"
26343,"NRO_PARTE",1748324,"21ECS1E900"
26343,"NRO_PARTE",1748678,"21AJS1M70X-OH"
26343,"NRO_PARTE",1748680,"21AJS1M70X-OP"
26343,"NRO_PARTE",1747290,"21E7S3VB00"
26343,"NRO_PARTE",1747291,"21E7S3V900"
26343,"NRO_PARTE",1747292,"21E7S3VA00"
26343,"NRO_PARTE",1747294,"21E7S3V700"
26343,"NRO_PARTE",1747295,"21E7S3V600"
26343,"NRO_PARTE",1783831,"CP3NK_001"
26343,"NRO_PARTE",1783884,"CP3NK_002"
26343,"NRO_PARTE",1764852,"3PTL352-3812OP1-HD"
26343,"NRO_PARTE",1764995,"90NX05U1-M00Y70-OH"
26343,"NRO_PARTE",1765032,"90NX05U1-M00Y50-OH"
26343,"NRO_PARTE",1779284,"V14G3I50081#01PA"
26343,"NRO_PARTE",1779341,"V14G3I5016101#HA"
26343,"NRO_PARTE",2788353,"A27NWLA#ABM-OH"
26343,"NRO_PARTE",1686956,"618S6LT#ABM-OPM"
26343,"NRO_PARTE",1686957,"618S7LT#ABM-OHM"
26343,"NRO_PARTE",1686958,"E1504I7108201P"
26343,"NRO_PARTE",1686959,"21CSS10700"
26343,"NRO_PARTE",1686960,"21CSS10400-OH"
26343,"NRO_PARTE",1686961,"21CSS17500"
26343,"NRO_PARTE",1686962,"E1504I7116201P"
26343,"NRO_PARTE",1686963,"0PTL351-5825SS3-S"
26343,"NRO_PARTE",1686964,"6H7M2LA#ABM-OH"
26343,"NRO_PARTE",1686965,"6H7M2LA#ABM-OP"
26343,"NRO_PARTE",1686966,"692J7LA#ABM-OP"
26343,"NRO_PARTE",1686967,"NB0AA3BVA1H"
26343,"NRO_PARTE",1686968,"21CSS0D800."
26343,"NRO_PARTE",1686969,"4C7R7LA#ABM"
26343,"NRO_PARTE",1686970,"1PTL542-51625OH3-HD"
26343,"NRO_PARTE",1686971,"1PTL542-51625OP3-HD"
26343,"NRO_PARTE",1686972,"1PTL552-71612OP3-HD"
26343,"NRO_PARTE",1686973,"20T1S8JN00"
26343,"NRO_PARTE",1686974,"1PTL552-71612SS3-HD"
26343,"NRO_PARTE",1686975,"E1504I7116101H"
26343,"NRO_PARTE",1686976,"E1504I7132201N"
26343,"NRO_PARTE",1686977,"21E7S0GQ00 -OP"
26343,"NRO_PARTE",1686978,"21CSS10800"
26343,"NRO_PARTE",1686979,"21CSS10500"
26343,"NRO_PARTE",1686980,"21CSS10500-OH"
26343,"NRO_PARTE",1686981,"21CSS10900"
26343,"NRO_PARTE",1686982,"90NX0571-M00F50"
26343,"NRO_PARTE",1686983,"5R6K0LS#ABM-OH"
26343,"NRO_PARTE",1686984,"618R9LT#ABM-OP"
26343,"NRO_PARTE",1686985,"21E7S0GQ00."
26343,"NRO_PARTE",1686986,"21E7S0AY00-OP"
26343,"NRO_PARTE",1686987,"2PTL352-7812SOH3-2V"
26343,"NRO_PARTE",1686988,"20TES6XU00"
26343,"NRO_PARTE",1686989,"1PTL742-71612SS3-FHD"
26343,"NRO_PARTE",1686990,"20TBS05600"
26343,"NRO_PARTE",1686991,"20X6S0NQ00"
26343,"NRO_PARTE",1686992,"20X6S0NR00"
26343,"NRO_PARTE",1686993,"20X6S0PH00"
26343,"NRO_PARTE",1686994,"20X6S0P800"
26343,"NRO_PARTE",1686995,"20WNS31500"
26343,"NRO_PARTE",1686996,"1PTL351-581OP1"
26343,"NRO_PARTE",1686997,"618S6LT#ABM-M"
26343,"NRO_PARTE",1686998,"618S6LT#ABM-OHM"
26343,"NRO_PARTE",1686999,"20WNS7CL00"
26343,"NRO_PARTE",1687000,"21CSS10400"
26343,"NRO_PARTE",1687001,"WT15I5E107"
26343,"NRO_PARTE",1687002,"90NX0551-M00CU0-OH"
26343,"NRO_PARTE",1687003,"90NX04J1-M008J0"
26343,"NRO_PARTE",1687004,"LPECWVHRBKAIR"
26343,"NRO_PARTE",1687005,"5R6K1LS#ABM"
26343,"NRO_PARTE",1687006,"90NX0441-M032N0-OH"
26343,"NRO_PARTE",1687007,"90NX0441-M032P0-OH"
26343,"NRO_PARTE",1687008,"L1"
26343,"NRO_PARTE",1687009,"692J7LA#ABM"
26343,"NRO_PARTE",1687010,"692J7LA#ABM-OH"
26343,"NRO_PARTE",1687011,"5A919LA#ABM-G4"
26343,"NRO_PARTE",1687012,"20TBS3UX00"
26343,"NRO_PARTE",1687013,"20W1S55E00"
26343,"NRO_PARTE",1687014,"20W1S55900"
26343,"NRO_PARTE",1687015,"1PTL542-581OP3-HD"
26343,"NRO_PARTE",1687016,"NBADVCN4048B-S1"
26343,"NRO_PARTE",1687017,"NBADVNV7649-HDD"
26343,"NRO_PARTE",1690892,"1PTL542-7812SS3-T-H-SD"
26343,"NRO_PARTE",1690893,"20TES3K900"
26343,"NRO_PARTE",1690894,"20TES12Q00"
26343,"NRO_PARTE",1690895,"21CSS0N600"
26343,"NRO_PARTE",1690896,"153J5LA#ABM-OH"
26343,"NRO_PARTE",1690897,"153J8LT#ABM-OH"
26343,"NRO_PARTE",1690898,"0PTL341-3412SS3-HD"
26343,"NRO_PARTE",1690899,"0PTL341-3412OH3-HD"
26343,"NRO_PARTE",1690900,"0PTL341-581OH3-FHD"
26343,"NRO_PARTE",1690901,"6K705LT#ABM-OP"
26343,"NRO_PARTE",1690902,"21CSS10H00"
26343,"NRO_PARTE",1690903,"2PTLV340-581HSS1-HD-WH"
26343,"NRO_PARTE",1690904,"2PTLV340-581HSS3-HD"
26343,"NRO_PARTE",1690905,"WE14I5E103B"
26343,"NRO_PARTE",1690906,"72Z76LA#ABM-OPA"
26343,"NRO_PARTE",1690907,"21E7S0GM00-OP"
26343,"NRO_PARTE",1690908,"745R0LA#ABM-OPA"
26343,"NRO_PARTE",1690909,"74V01LA#ABM-OH"
26343,"NRO_PARTE",1690910,"1M9X7LT#ABM-OP"
26343,"NRO_PARTE",1690911,"1N0D4LT#ABM"
26343,"NRO_PARTE",1690912,"4N7K2LS#ABM"
26343,"NRO_PARTE",1690913,"20TBS36R00"
26343,"NRO_PARTE",1690914,"20TES1BE00"
26343,"NRO_PARTE",1690915,"20TES1BQ00"
26343,"NRO_PARTE",1690916,"NS5L58MIPVA033"
26343,"NRO_PARTE",1690917,"NS5L5GMIPVA034"
26343,"NRO_PARTE",1690918,"NS5L58TIPVA036"
26343,"NRO_PARTE",1690919,"NS5L58MIPVA030"
26343,"NRO_PARTE",1690920,"5U0P1LT#ABM-OP"
26343,"NRO_PARTE",1690921,"6Q4H9LT#ABM-OP"
26343,"NRO_PARTE",1690922,"21CUS0BQ00"
26343,"NRO_PARTE",1690923,"21CUS0BN00"
26343,"NRO_PARTE",1690924,"21CSS10G00"
26343,"NRO_PARTE",1690925,"2PTLV340-541HSS1-HD-U"
26343,"NRO_PARTE",1690926,"WE14I5E106B"
26343,"NRO_PARTE",1690927,"21E7S0GS00-OP"
26343,"NRO_PARTE",1690928,"745R0LA#ABM-OHA"
26343,"NRO_PARTE",1690929,"745R1LA#ABM-A"
26343,"NRO_PARTE",1690930,"745R1LA#ABM-OHA"
26343,"NRO_PARTE",1690931,"745R1LA#ABM-OPA"
26343,"NRO_PARTE",1690932,"74V01LA#ABM-OP"
26343,"NRO_PARTE",1690933,"74V02LA#ABM"
26343,"NRO_PARTE",1690934,"NB06A3BVA11"
26343,"NRO_PARTE",1690935,"NB03A3BVA16"
26343,"NRO_PARTE",1690936,"NBHXA3BVA1Y"
26343,"NRO_PARTE",1690937,"S26391-K503-V100#102"
26343,"NRO_PARTE",1690938,"2Y348LT-OP"
26343,"NRO_PARTE",1690939,"L15 1"
26343,"NRO_PARTE",1690940,"PML20U-0N8021-N-OH"
26343,"NRO_PARTE",1690941,"1Q8F7LS#ABM-SO"
26343,"NRO_PARTE",1690942,"6Q4H9LT#ABM-OH"
26343,"NRO_PARTE",1690943,"21CUS0BP00"
26343,"NRO_PARTE",1690944,"21CUS0BH00"
26343,"NRO_PARTE",1690945,"21CUS0BJ00"
26343,"NRO_PARTE",1690946,"21E7S0GL00-OH"
26343,"NRO_PARTE",1690947,"21E7S0GQ00-OH"
26343,"NRO_PARTE",1690948,"72Z76LA#ABM-A"
26343,"NRO_PARTE",1690949,"74V02LA#ABM-OH"
26343,"NRO_PARTE",1690950,"745Q7LA#ABM-OHA"
26343,"NRO_PARTE",1690951,"NB07A3BVA13"
26343,"NRO_PARTE",1690952,"NBHKA3BVA2F"
26343,"NRO_PARTE",1690953,"55F78LS#ABM-OP"
26343,"NRO_PARTE",2629511,"21JQS1MU00."
26343,"NRO_PARTE",2629552,"78MH04V527"
26343,"NRO_PARTE",2630048,"4PTL355-3812SSS3"
26343,"NRO_PARTE",2139601,"7Z7H4LT#ABM"
26343,"NRO_PARTE",1803833,"V14G3R5008101PA"
26343,"NRO_PARTE",2795124,"T16G6I72161012"
26343,"NRO_PARTE",2795160,"T16G6I7216101-OP2"
26343,"NRO_PARTE",2795170,"V15G4I3908001H-OH2"
26343,"NRO_PARTE",4094817,"TH14G8U7H81100"
26343,"NRO_PARTE",4229120,"21SH009QLD-OH"
26343,"NRO_PARTE",4229255,"TH14G8U7H162100H#"
26343,"NRO_PARTE",2589484,"4PTL344-51612SSS3-FHD"
26343,"NRO_PARTE",1749227,"21ECS1EF00"
26343,"NRO_PARTE",1747386,"21CUS0PQ00"
26343,"NRO_PARTE",1783997,"CP3IN_100"
26343,"NRO_PARTE",1764836,"3PTL352-3812SS1-HD"
26343,"NRO_PARTE",1764922,"3PTL352-3812SS1-FHD"
26343,"NRO_PARTE",1764924,"3PTL352-3812OP1-FHD"
26343,"NRO_PARTE",1779652,"V15G3I3908001"
26343,"NRO_PARTE",1779653,"V15G3I3908001#A"
26343,"NRO_PARTE",2599853,"PDA31U-0LV053-D-OH"
26343,"NRO_PARTE",2800546,"K14G2I316201-2"
26343,"NRO_PARTE",1687018,"618S0LT#ABM-OH"
26343,"NRO_PARTE",1687019,"618S7LT#ABM-M"
26343,"NRO_PARTE",1687020,"NBADPS7085BKDR"
26343,"NRO_PARTE",1687021,"NBADPS7085BKPDO"
26343,"NRO_PARTE",1687022,"NBADPS7085BK-PO"
26343,"NRO_PARTE",1687023,"LPECWVGEMI8GB"
26343,"NRO_PARTE",1687024,"LPECWVCOREBOOKX"
26343,"NRO_PARTE",1687025,"LPECWVCOREBOOKPRO"
26343,"NRO_PARTE",1687026,"5R6K0LS#ABM"
26343,"NRO_PARTE",1687027,"5R6K4LS#ABM-OP"
26343,"NRO_PARTE",1687028,"90NX0551-M00M30-OH"
26343,"NRO_PARTE",1687029,"90NX0551-M00M10-OH"
26343,"NRO_PARTE",1687030,"21E4S0RF00"
26343,"NRO_PARTE",1687031,"4C7R7LA#ABM-OH"
26343,"NRO_PARTE",1687032,"1PTL552-5825OP3-FHD-T-2V"
26343,"NRO_PARTE",1687033,"1PTL552-50812SS3-FHD-T-2V"
26343,"NRO_PARTE",1687034,"21CSS0D600-OP"
26343,"NRO_PARTE",1687035,"445X1LS#ABM-OP"
26343,"NRO_PARTE",1687036,"20TES12300-OH"
26343,"NRO_PARTE",1687037,"20TES12500-OH"
26343,"NRO_PARTE",1687038,"20TBS3UW00"
26343,"NRO_PARTE",1687039,"NB0UA3BVA1I"
26343,"NRO_PARTE",1687040,"NBH5A3BVA2G"
26343,"NRO_PARTE",1687041,"7B9Q2LS#ABM"
26343,"NRO_PARTE",1687042,"20XLS1ES00"
26343,"NRO_PARTE",1687043,"20XLS1EY00"
26343,"NRO_PARTE",1687044,"1PTL342-5812OH3-HD"
26343,"NRO_PARTE",1687045,"1PTL342-3812OH3-HD"
26343,"NRO_PARTE",1687046,"1PTL342-581OH3-HD"
26343,"NRO_PARTE",1687047,"NBP9A3BVA3A"
26343,"NRO_PARTE",1687048,"NBADPS5077BK2PD"
26343,"NRO_PARTE",1687049,"21CSS0YM00"
26343,"NRO_PARTE",1687050,"90NX0441-M032J0-OH"
26343,"NRO_PARTE",1687051,"90NX0441-M032H0-OH"
26343,"NRO_PARTE",1687052,"90NX0441-M032M0-OH"
26343,"NRO_PARTE",1687053,"90NX0551-M00M20-OH"
26343,"NRO_PARTE",1687054,"90NX0571-M00T50-OH"
26343,"NRO_PARTE",1687055,"1PTL552-5825SS3-FHD-T-2V"
26343,"NRO_PARTE",1687056,"1PTL552-5812SS3-FHD-T-2V"
26343,"NRO_PARTE",1687057,"2PTL352-7812SSS3-FHD-2V-2"
26343,"NRO_PARTE",1687058,"2PTL352-7812SOP3-FHD-2V-2"
26343,"NRO_PARTE",1687059,"20W1S55A00"
26343,"NRO_PARTE",1687060,"20W1S55D00"
26343,"NRO_PARTE",1687061,"20W1S55G00"
26343,"NRO_PARTE",1687062,"20W1S55K00"
26343,"NRO_PARTE",1687063,"20TBS1RL00-OH"
26343,"NRO_PARTE",1687064,"26N53LT"
26343,"NRO_PARTE",1687065,"20TBS1DQ00"
26343,"NRO_PARTE",1687066,"20T1S8MH00"
26343,"NRO_PARTE",1687067,"1PTL342-581OH3-FHD"
26343,"NRO_PARTE",1687068,"1PTL342-5825OP3-HD"
26343,"NRO_PARTE",1687069,"21CSS0HY00"
26343,"NRO_PARTE",1687070,"21E4S0RD00"
26343,"NRO_PARTE",1687071,"21E4S0RD00-OP"
26343,"NRO_PARTE",1687072,"53012KFW"
26343,"NRO_PARTE",1687073,"618R9LT#ABM"
26343,"NRO_PARTE",1687074,"6H7M2LA#ABM"
26343,"NRO_PARTE",1687075,"2PTL543-51656SSS3-FHD"
26343,"NRO_PARTE",1687076,"2PTL543-51656SOH3-FHD"
26343,"NRO_PARTE",1687077,"2PTL543-51656SOP3-FHD"
26343,"NRO_PARTE",1687078,"445W9LS#ABM-OH"
26343,"NRO_PARTE",1690954,"L15-2"
26343,"NRO_PARTE",1690955,"FICHA I5 L14"
26343,"NRO_PARTE",1690956,"20T1S9JG00"
26343,"NRO_PARTE",1690957,"1PTL752-71612SS3-FHD-VP"
26343,"NRO_PARTE",1690958,"20U2SAK300"
26343,"NRO_PARTE",1690959,"21E4S0R700-OP"
26343,"NRO_PARTE",1690960,"21E4S0R900"
26343,"NRO_PARTE",1690961,"NS5L5GMIPVA031"
26343,"NRO_PARTE",1690962,"NS5L5WMIPVA032"
26343,"NRO_PARTE",1690963,"NS5L5WMIPVA035"
26343,"NRO_PARTE",1690964,"NS5L5GTIPVA037"
26343,"NRO_PARTE",1690965,"3C697LA#ABM"
26343,"NRO_PARTE",1690966,"151D7LT#ABM"
26343,"NRO_PARTE",1690967,"151F4LT#ABM"
26343,"NRO_PARTE",1690968,"153B6LT#ABM"
26343,"NRO_PARTE",1690969,"153J3LA#ABM"
26343,"NRO_PARTE",1690970,"153J5LA#ABM"
26343,"NRO_PARTE",1690971,"153J8LT#ABM"
26343,"NRO_PARTE",1690972,"153K0LT#ABM"
26343,"NRO_PARTE",1690973,"3E743LA#ABM"
26343,"NRO_PARTE",1690974,"NOBELB-WAH9C"
26343,"NRO_PARTE",1690975,"2PTLV340-R5856SSS1-HD"
26343,"NRO_PARTE",1690976,"21E7S0GL00-OP"
26343,"NRO_PARTE",1690977,"21E7S07800-OH"
26343,"NRO_PARTE",1690978,"21E7S0GQ00-OP"
26343,"NRO_PARTE",1690979,"21E7S0GN00"
26343,"NRO_PARTE",1690980,"745R2LA#ABM-OHA"
26343,"NRO_PARTE",1690981,"745R2LA#ABM-OPA"
26343,"NRO_PARTE",1690982,"21EES0EE00"
26343,"NRO_PARTE",1690983,"21EES0EB00"
26343,"NRO_PARTE",1690984,"NBHQA3BVA2B"
26343,"NRO_PARTE",1690985,"55F82LS#ABM-OH"
26343,"NRO_PARTE",1690986,"21EES03H00"
26343,"NRO_PARTE",1690987,"2PTL352-7161OH3-FHD-C"
26343,"NRO_PARTE",1690988,"20TES4ER00"
26343,"NRO_PARTE",1690989,"20TES6NG00"
26343,"NRO_PARTE",1690990,"20TES6NE00"
26343,"NRO_PARTE",1690991,"NBADPS7085BKPS"
26343,"NRO_PARTE",1690992,"NBADPS7085BKPSO"
26343,"NRO_PARTE",1690993,"NBADPS7085BKS"
26343,"NRO_PARTE",1690994,"NBADPS7085BPDRO"
26343,"NRO_PARTE",1690995,"NBADPS7085BKTR"
26343,"NRO_PARTE",1690996,"NBADPS7085BKPTR"
26343,"NRO_PARTE",1690997,"NBADPS7085BPTRO"
26343,"NRO_PARTE",1690998,"155R0LS#ABM-OH"
26343,"NRO_PARTE",1690999,"0PTL341-341SS3-HD"
26343,"NRO_PARTE",1691000,"198L0LA#ABM-OH"
26343,"NRO_PARTE",1691001,"8ZN67LT#ABM-OH"
26343,"NRO_PARTE",1691002,"155R9LT#ABM-OH"
26343,"NRO_PARTE",1691003,"21CUS0BM00"
26343,"NRO_PARTE",1691004,"21CUS0BK00"
26343,"NRO_PARTE",1691005,"20X4S27B00"
26343,"NRO_PARTE",1691006,"WE14I5E107"
26343,"NRO_PARTE",1691007,"WE14I5E103"
26343,"NRO_PARTE",1691008,"WT14I5E102B"
26343,"NRO_PARTE",1691009,"WE14I5E101"
26343,"NRO_PARTE",1691010,"74V02LA#ABM-OP"
26343,"NRO_PARTE",1691011,"745Q7LA#ABM-OPA"
26343,"NRO_PARTE",1691012,"90NX0211-M005C0"
26343,"NRO_PARTE",1691013,"21EES0EE00-OH"
26343,"NRO_PARTE",1691014,"NB0SA3BVA0Z"
26343,"NRO_PARTE",1691015,"NB0JA3BVA17"
26343,"NRO_PARTE",1723839,"6K707LT#ABM"
26343,"NRO_PARTE",1723886,"6K707LT#ABM-OH"
26343,"NRO_PARTE",1730208,"21E4S0KH00"
26343,"NRO_PARTE",1730228,"21E4S25800"
26343,"NRO_PARTE",1730247,"21E4S25E00"
26343,"NRO_PARTE",1730248,"21E4S0KK00"
26343,"NRO_PARTE",1730275,"21E4S24X00"
26343,"NRO_PARTE",1730276,"21E4S0LE00"
26343,"NRO_PARTE",1730277,"21E4S0JU00"
26343,"NRO_PARTE",1730147,"21E4S24Y00"
26343,"NRO_PARTE",1730278,"21E4S25D00"
26343,"NRO_PARTE",2629549,"4PTL355-5812SOH3-AN"
26343,"NRO_PARTE",1879932,"8G9S7LS#ABM"
26343,"NRO_PARTE",3979510,"5PTDPP14-7U161SOH3-BW7"
26343,"NRO_PARTE",3979514,"5PTDPP16-7U161SSS3-BW7"
26343,"NRO_PARTE",1803426,"E14G5I71108101HH"
26343,"NRO_PARTE",1803891,"V14G3R5016101#A"
26343,"NRO_PARTE",1803911,"V14G3R5016101#HH"
26343,"NRO_PARTE",2795217,"V15G4I3908001A-OP2"
26343,"NRO_PARTE",2795240,"83A100GKLM*"
26343,"NRO_PARTE",2795260,"V15G4I3908011-2"
26343,"NRO_PARTE",4094772,"TH14G8U5U161100-OH"
26343,"NRO_PARTE",4094834,"TH14G8U7H81100-OH"
26343,"NRO_PARTE",4094842,"E14G7U5U162100"
26343,"NRO_PARTE",4094850,"E14G7U5U162100H"
26343,"NRO_PARTE",2553794,"PSY19U-0GT03Q"
26343,"NRO_PARTE",1749229,"21ECS1EE00"
26343,"NRO_PARTE",1748201,"21CUS0PS00"
26343,"NRO_PARTE",1784009,"CP3IN_101"
26343,"NRO_PARTE",1764761,"90NX05U1-M00Y40-OH"
26343,"NRO_PARTE",1765016,"90NX05U1-M00Y50-OP"
26343,"NRO_PARTE",1779183,"V14G3I5008001#PA"
26343,"NRO_PARTE",1779376,"V14G3I7808101H"
26343,"NRO_PARTE",2800630,"K14G2I516201P-2"
26343,"NRO_PARTE",2800664,"K14G2I508201H-2"
26343,"NRO_PARTE",1687079,"20X6S0NP00"
26343,"NRO_PARTE",1687080,"20X6S0P700"
26343,"NRO_PARTE",1687081,"20X6S0PL00"
26343,"NRO_PARTE",1687082,"20X6S0PK00"
26343,"NRO_PARTE",1687083,"20TES12300"
26343,"NRO_PARTE",1687084,"20X6S0PN00"
26343,"NRO_PARTE",1687085,"7B9Q2LS#ABM-OP"
26343,"NRO_PARTE",1687086,"7B9Q2LS#ABM-D"
26343,"NRO_PARTE",1687087,"7B9Q2LS#ABM-OHD"
26343,"NRO_PARTE",1687088,"1PTL342-581OH3-FHD-S"
26343,"NRO_PARTE",1687089,"20TBS1DC00"
26343,"NRO_PARTE",1687090,"1PTL542-71612SS4-NS"
26343,"NRO_PARTE",1687091,"XXX"
26343,"NRO_PARTE",1687092,"20TES6NJ00"
26343,"NRO_PARTE",1687093,"21CSS0J100"
26343,"NRO_PARTE",1687094,"21CSS0HX00"
26343,"NRO_PARTE",1687095,"2PTL342-5812SOP3-N1-4"
26343,"NRO_PARTE",1687096,"5R6K3LS#ABM-OH"
26343,"NRO_PARTE",1687097,"5R6K0LS#ABM-OP"
26343,"NRO_PARTE",1687098,"21E4S0RD00-OH"
26343,"NRO_PARTE",1687099,"90NX0441-M033L0"
26343,"NRO_PARTE",1687100,"21E4S0RA00"
26343,"NRO_PARTE",1687101,"21E4S0RB00-OP"
26343,"NRO_PARTE",1687102,"53012KFW-MOB"
26343,"NRO_PARTE",1687103,"20X6S0PA00"
26343,"NRO_PARTE",1687104,"20TES12500"
26343,"NRO_PARTE",1687105,"20X6S0P600"
26343,"NRO_PARTE",1687106,"20X6S0PB00"
26343,"NRO_PARTE",1687107,"20TBS05C00"
26343,"NRO_PARTE",1687108,"1PTL352-5812SS3-FHD-H"
26343,"NRO_PARTE",1687109,"1PTL352-5812OP3-FHD-H"
26343,"NRO_PARTE",1687110,"1PTL352-5812SS3-FHD-H-LO"
26343,"NRO_PARTE",1687111,"1PTL352-5812OH3-FHD-H-LO"
26343,"NRO_PARTE",1687112,"1PTL352-5812OP3-FHD-H-LO"
26343,"NRO_PARTE",1687113,"7B9Q2LS#ABM-OH"
26343,"NRO_PARTE",1687114,"2PTL352-5812SS3-FHD-A-"
26343,"NRO_PARTE",1687115,"2PTL352-5812OP3-FHD-A-"
26343,"NRO_PARTE",1687116,"20TBS1DG00"
26343,"NRO_PARTE",1687117,"20TBS1DN00"
26343,"NRO_PARTE",1687118,"20TBS1DK00"
26343,"NRO_PARTE",1687119,"20TBS1DR00"
26343,"NRO_PARTE",1687120,"WT15I3D107B"
26343,"NRO_PARTE",1687121,"NBADPS5077B2PDO"
26343,"NRO_PARTE",1687122,"21E4S0RE00"
26343,"NRO_PARTE",1687123,"21CSS10400-OP"
26343,"NRO_PARTE",1687124,"5A919LA#ABM-OPG4"
26343,"NRO_PARTE",1687125,"2Q6E0LT#ABM-OHWH"
26343,"NRO_PARTE",1687126,"2Q6E3LT#ABM-OHWA"
26343,"NRO_PARTE",1687127,"2Q6E3LT#ABM-OPDWA"
26343,"NRO_PARTE",1687128,"20X8S0L600"
26343,"NRO_PARTE",1687129,"3Y2J3LS-OP"
26343,"NRO_PARTE",1687130,"20X6S0WR00"
26343,"NRO_PARTE",1687131,"21CSS0D700."
26343,"NRO_PARTE",1687132,"1PTL342-3812SS3-S"
26343,"NRO_PARTE",1687133,"1PTL342-3812OP3-S"
26343,"NRO_PARTE",1687134,"5R6K3LS#ABM-OP"
26343,"NRO_PARTE",1687135,"20X6S0XF00"
26343,"NRO_PARTE",1687136,"20X6S0WY00"
26343,"NRO_PARTE",1687137,"428R0LS#ABM-OPM"
26343,"NRO_PARTE",1687138,"20X6S0WV00"
26343,"NRO_PARTE",1687139,"20X6S0XL00"
26343,"NRO_PARTE",1687140,"428R0LS-OP"
26343,"NRO_PARTE",1691016,"NBH4A3BVA2E"
26343,"NRO_PARTE",1691017,"NBH3V3BVA1T"
26343,"NRO_PARTE",1691018,"NBH1V3BVA1V"
26343,"NRO_PARTE",1691019,"618S0LT#ABM-OP"
26343,"NRO_PARTE",1691020,"2PTL553-7161SOP3-FHD"
26343,"NRO_PARTE",1691021,"90NX0441-M035Z0"
26343,"NRO_PARTE",1691022,"2PTL543-7161SOH3-FHD"
26343,"NRO_PARTE",1691023,"90NX0441-M035X0"
26343,"NRO_PARTE",1691024,"2PTL352-7161SSS3-FHD"
26343,"NRO_PARTE",1691025,"2PTL352-7161SOP3-FHD"
26343,"NRO_PARTE",1691026,"90NX0441-M035Y0-OH"
26343,"NRO_PARTE",1691027,"20TES3KA00"
26343,"NRO_PARTE",1691028,"20TES15B00"
26343,"NRO_PARTE",1691029,"21CSS0NC00"
26343,"NRO_PARTE",1691030,"0PTL341-341SS3-FHD"
26343,"NRO_PARTE",1691031,"0PTL341-341OH3-FHD"
26343,"NRO_PARTE",1691032,"0PTL341-3425OH3-FHD"
26343,"NRO_PARTE",1691033,"0PTL341-381OH3-FHD"
26343,"NRO_PARTE",1691034,"0PTL341-3812SS3-FHD"
26343,"NRO_PARTE",1691035,"0PTL341-3812OH3-FHD"
26343,"NRO_PARTE",1691036,"0PTL341-581SS3-HD"
26343,"NRO_PARTE",1691037,"0PTL341-581OH3-HD"
26343,"NRO_PARTE",1691038,"0PTL341-5825SS1-FHD"
26343,"NRO_PARTE",1691039,"0PTL341-5812OH1-FHD"
26343,"NRO_PARTE",1691040,"21CUS0BL00"
26343,"NRO_PARTE",1691041,"WE14I5E105B"
26343,"NRO_PARTE",1691042,"WE14I5E101B"
26343,"NRO_PARTE",1691043,"21E7S0GQ00"
26343,"NRO_PARTE",1691044,"745R2LA#ABM-A"
26343,"NRO_PARTE",1691045,"NB0VA3BVA1K"
26343,"NRO_PARTE",1691046,"NBH6V3BVA1R"
26343,"NRO_PARTE",1691047,"NB0QA3BVA15"
26343,"NRO_PARTE",1691048,"NBHJV3BVA1U"
26343,"NRO_PARTE",1691049,"NB0RV3BVA0K"
26343,"NRO_PARTE",1691050,"NB06V3BVA0L"
26343,"NRO_PARTE",1691051,"55F81LS#ABM-OH"
26343,"NRO_PARTE",1691052,"1PTL552-71612S2OH3-FHD"
26343,"NRO_PARTE",1691053,"1PTL552-71612S2OP3-FHD"
26343,"NRO_PARTE",1691054,"68T09LT#ABM"
26343,"NRO_PARTE",1691055,"82H0001DLM"
26343,"NRO_PARTE",1691056,"20TES3K200"
26343,"NRO_PARTE",1691057,"1PTL752-7161SSS3-FHD-VP"
26343,"NRO_PARTE",1691058,"26N53LT#ABM-A"
26343,"NRO_PARTE",1691059,"WE15I7E114"
26343,"NRO_PARTE",1691060,"WE15I7E107B"
26343,"NRO_PARTE",1691061,"90NX0441-M00DB0"
26343,"NRO_PARTE",1691062,"NBHBA3BVA2P"
26343,"NRO_PARTE",1691063,"55F81LS#ABM-OPM"
26343,"NRO_PARTE",1691064,"55F82LS#ABM"
26343,"NRO_PARTE",1691065,"20TBS36Q00"
26343,"NRO_PARTE",1691066,"20U2SAK500"
26343,"NRO_PARTE",1691067,"1PTL752-71612SS3-FHD-2"
26343,"NRO_PARTE",1691068,"4N7K4LS#ABM"
26343,"NRO_PARTE",1691069,"35Y95LT#ABM-OP"
26343,"NRO_PARTE",1691070,"579Z0LT#ABM"
26343,"NRO_PARTE",1691071,"3D2Q2LT-OP"
26343,"NRO_PARTE",1691072,"1PTL542-51612SS4-NSO"
26343,"NRO_PARTE",1691073,"1PTL542-71612SS4-NSO"
26343,"NRO_PARTE",1691074,"20TBS47W00"
26343,"NRO_PARTE",1691075,"20TBS45Q00"
26343,"NRO_PARTE",1691076,"0PTL341-3825OP3-FHD"
26343,"NRO_PARTE",2630220,"4PTL355-7161SSS3"
26343,"NRO_PARTE",1723908,"6K707LT#ABM-OP"
26343,"NRO_PARTE",1723705,"736Y9LT#ABM-OH"
26343,"NRO_PARTE",1730549,"20XLS3LA00"
26343,"NRO_PARTE",3979498,"5PTDP14-7U321SSS3-AB"
26343,"NRO_PARTE",1804144,"V14G3I5008001#H"
26343,"NRO_PARTE",1804145,"V14G3I5008001#HH"
26343,"NRO_PARTE",2795202,"V14G4R3081001"
26343,"NRO_PARTE",2795224,"V14G4R3081001-OH"
26343,"NRO_PARTE",2795248,"V14G4R3081001-OP"
26343,"NRO_PARTE",2795288,"V14G4R3081002"
26343,"NRO_PARTE",2795311,"V15G4I3908011H-OH2"
26343,"NRO_PARTE",2795314,"V14G4R3081002-OH"
26343,"NRO_PARTE",4094855,"E14G7U5U162100H-OH"
26343,"NRO_PARTE",4094880,"E16G3C5H82100-OH"
26343,"NRO_PARTE",4094898,"E16G3C5H161100-OH"
26343,"NRO_PARTE",4094947,"E16G3U5U162100"
26343,"NRO_PARTE",2589530,"4PTL344-51612SSS3-FHD-AC"
26343,"NRO_PARTE",1748734,"3PTL352-7161SOP3-D-F"
26343,"NRO_PARTE",1779285,"V14G3I50081#01A5"
26343,"NRO_PARTE",1779286,"V14G3I50081#01HA5"
26343,"NRO_PARTE",1779377,"V14G3I7808101P"
26343,"NRO_PARTE",2599868,"WE15I7T165-M"
26343,"NRO_PARTE",2800534,"K14G2I316101-2"
26343,"NRO_PARTE",2800535,"K14G2I316101H-2"
26343,"NRO_PARTE",2800954,"V14G4R31082001"
26343,"NRO_PARTE",2800965,"V14G4R31082001-OH"
26343,"NRO_PARTE",1687141,"2Q6E3LT#ABM-OPWA"
26343,"NRO_PARTE",1687142,"445X1LS#ABM-OH"
26343,"NRO_PARTE",1687143,"20X6S0NH00"
26343,"NRO_PARTE",1687144,"20TBS05600-OH"
26343,"NRO_PARTE",1687145,"20X6S0NJ00"
26343,"NRO_PARTE",1687146,"20TES12200"
26343,"NRO_PARTE",1687147,"20TES12200-OH"
26343,"NRO_PARTE",1687148,"53012YGJ-12-MOB"
26343,"NRO_PARTE",1687149,"8YQ82LT#ABM-OH"
26343,"NRO_PARTE",1687150,"53012AAPN"
26343,"NRO_PARTE",1687151,"6C5X6LT#ABM-OH"
26343,"NRO_PARTE",1687152,"674A1LT#ABM"
26343,"NRO_PARTE",1687153,"20X4S5BR00"
26343,"NRO_PARTE",1687154,"20X6S0P300"
26343,"NRO_PARTE",1687155,"0PTL54R-7161SSS3"
26343,"NRO_PARTE",1687156,"674A1LT#ABM-OP"
26343,"NRO_PARTE",1687157,"55F79LS#ABM-G5"
26343,"NRO_PARTE",1687158,"55F79LS#ABM-OHG5"
26343,"NRO_PARTE",1687159,"3Y2J3LS"
26343,"NRO_PARTE",1687160,"20X6S0WN00"
26343,"NRO_PARTE",1687161,"20TBS05D00"
26343,"NRO_PARTE",1687162,"2J6N5LT-OP"
26343,"NRO_PARTE",1687163,"20YDS0BE00"
26343,"NRO_PARTE",1687164,"20T3SCCL00-OH"
26343,"NRO_PARTE",1687165,"20TBS1RL00"
26343,"NRO_PARTE",1687166,"445W9LS#ABM"
26343,"NRO_PARTE",1687167,"445X1LS#ABM"
26343,"NRO_PARTE",1687168,"4C7R1LA#ABM"
26343,"NRO_PARTE",1687169,"4C7R1LA#ABM-OH"
26343,"NRO_PARTE",1687170,"1PTL352-7856SOH3"
26343,"NRO_PARTE",1687171,"2Q6E3LT#ABM-WA"
26343,"NRO_PARTE",1687172,"2Q6E0LT#ABM-WH"
26343,"NRO_PARTE",1687173,"2Q6E0LT#ABM-OPWH"
26343,"NRO_PARTE",1687174,"2Q6E3LT#ABM-DWA"
26343,"NRO_PARTE",1687175,"2Q6E3LT#ABM-OHDWA"
26343,"NRO_PARTE",1687176,"2T2D4LT#ABM"
26343,"NRO_PARTE",1687177,"20TBS05C00-OH"
26343,"NRO_PARTE",1687178,"20TBS05200"
26343,"NRO_PARTE",1687179,"20X6S0NL00"
26343,"NRO_PARTE",1687180,"0PTL54R-7161SOH3"
26343,"NRO_PARTE",1687181,"0PTL54R-7161SOP3"
26343,"NRO_PARTE",1687182,"53012AAPN-MOB"
26343,"NRO_PARTE",1687183,"20YHS0DH00"
26343,"NRO_PARTE",1687184,"2J6N5LT-OH"
26343,"NRO_PARTE",1687185,"2Q6E0LT#ABM-OHW"
26343,"NRO_PARTE",1687186,"2Q6E0LT#ABM-OPW"
26343,"NRO_PARTE",1687187,"20TBS05200-OH"
26343,"NRO_PARTE",1687188,"53012YGJ MOP"
26343,"NRO_PARTE",1687189,"53012YGJ-MOP"
26343,"NRO_PARTE",1687190,"NBHCA3BVA2R"
26343,"NRO_PARTE",1687191,"21EES03C00"
26343,"NRO_PARTE",1687192,"21EES04V00"
26343,"NRO_PARTE",1687193,"20X2S3NG00"
26343,"NRO_PARTE",1687194,"20YHS09200"
26343,"NRO_PARTE",1687195,"428R0LS#ABM"
26343,"NRO_PARTE",1687196,"428R0LS#ABM-OH"
26343,"NRO_PARTE",1687197,"20X6S0PQ00"
26343,"NRO_PARTE",1687198,"43L81LS#ABM-OH"
26343,"NRO_PARTE",1687199,"20YDS0AU00"
26343,"NRO_PARTE",1687200,"20YDS0AV00"
26343,"NRO_PARTE",1687201,"1PTL342-581OP3-A-4"
26343,"NRO_PARTE",1687202,"20YHS09F00"
26343,"NRO_PARTE",1691077,"0PTL341-31625OP3-FHD"
26343,"NRO_PARTE",1691078,"0PTL341-31612SS3-FHD"
26343,"NRO_PARTE",1691079,"0PTL341-5825OP3-FHD"
26343,"NRO_PARTE",1691080,"0PTL341-5812OP3-FHD"
26343,"NRO_PARTE",1691081,"0PTL341-5161SS3-FHD"
26343,"NRO_PARTE",1691082,"0PTL341-5161OH3-FHD"
26343,"NRO_PARTE",1691083,"0PTL341-5161OP3-FHD"
26343,"NRO_PARTE",1691084,"21E7S0GS00"
26343,"NRO_PARTE",1691085,"55F82LS#ABM-OP"
26343,"NRO_PARTE",1691086,"55F81LS#ABM-M"
26343,"NRO_PARTE",1691087,"4N7K3LS#ABM"
26343,"NRO_PARTE",1691088,"20U2SAK600"
26343,"NRO_PARTE",1691089,"1PTL752-71612OP3-FHD-2"
26343,"NRO_PARTE",1691090,"1PTL752-71612SS3-FHD-VP-2"
26343,"NRO_PARTE",1691091,"21EES0DM00-OH"
26343,"NRO_PARTE",1691092,"21E7S0UK00"
26343,"NRO_PARTE",1691093,"5A919LA#ABM"
26343,"NRO_PARTE",1691094,"5A919LA#ABM-OP"
26343,"NRO_PARTE",1691095,"3D2Q2LT#ABM-M"
26343,"NRO_PARTE",1691096,"0PTL341-71612OP3-FHD"
26343,"NRO_PARTE",1691097,"90NX0441-M00E80"
26343,"NRO_PARTE",1691098,"55F80LS#ABM-OP"
26343,"NRO_PARTE",1691099,"55F81LS#ABM-OP"
26343,"NRO_PARTE",1691100,"21E7S0UF00"
26343,"NRO_PARTE",1691101,"NL5L7WVI2VA09E"
26343,"NRO_PARTE",1691102,"21E7S0VA00"
26343,"NRO_PARTE",1691103,"21E7S0VC00"
26343,"NRO_PARTE",1691104,"20TBS68400"
26343,"NRO_PARTE",1691105,"20TBS68000"
26343,"NRO_PARTE",1691106,"20TBS68200"
26343,"NRO_PARTE",1691107,"0PTL341-3161OH3-FHD"
26343,"NRO_PARTE",1691108,"0PTL341-781SS3-FHD"
26343,"NRO_PARTE",1691109,"0PTL341-781OP3-FHD"
26343,"NRO_PARTE",1691110,"0PTL341-7161OP3-FHD"
26343,"NRO_PARTE",1691111,"0PTL341-71612OH3-FHD"
26343,"NRO_PARTE",1691112,"21CSS17500-OH"
26343,"NRO_PARTE",1691113,"55F81LS#ABM-OHM"
26343,"NRO_PARTE",1691114,"21E7S0VB00"
26343,"NRO_PARTE",1691115,"21ECS0AX00-PRO"
26343,"NRO_PARTE",1691116,"21E7S0VF00"
26343,"NRO_PARTE",1691117,"21E7S0VF00-OP"
26343,"NRO_PARTE",1691118,"21EES0DQ00"
26343,"NRO_PARTE",1691119,"21E7S0VE00"
26343,"NRO_PARTE",1691120,"20TES12200-OP"
26343,"NRO_PARTE",1691121,"20TES2Q900-OP"
26343,"NRO_PARTE",1691122,"20TES4H300"
26343,"NRO_PARTE",1691123,"2P5M4LT#ABM"
26343,"NRO_PARTE",1691124,"674A3LT#ABM-OHA"
26343,"NRO_PARTE",1691125,"20TES3K000"
26343,"NRO_PARTE",1691126,"3D2Q2LT#ABM-OHM"
26343,"NRO_PARTE",1691127,"3D2Q2LT#ABM-OPM"
26343,"NRO_PARTE",1691128,"20TES15200"
26343,"NRO_PARTE",1691129,"0PTL341-51625OH3-FHD"
26343,"NRO_PARTE",1691130,"0PTL341-7825OP3-FHD"
26343,"NRO_PARTE",1691131,"21CSS0D600."
26343,"NRO_PARTE",1691132,"20X8S0UX00"
26343,"NRO_PARTE",1691133,"35Y95LT#ABM"
26343,"NRO_PARTE",1691134,"20X4S6QE00"
26343,"NRO_PARTE",1691135,"1PTL752-71612OP3-FHD-VP-2"
26343,"NRO_PARTE",1691136,"NL5L7G2I2VA092"
26343,"NRO_PARTE",1691137,"NL5L5WVI2VA09D"
26343,"NRO_PARTE",1723658,"7C6F3LA#ABM"
26343,"NRO_PARTE",1723699,"736Y9LT#ABM"
26343,"NRO_PARTE",1730246,"21E4S25C00"
26343,"NRO_PARTE",1730223,"21E4S25B00"
26343,"NRO_PARTE",1730224,"21E4S0KR00"
26343,"NRO_PARTE",1730226,"21E4S25300"
26343,"NRO_PARTE",1730249,"21E4S25000"
26343,"NRO_PARTE",1730321,"PML20U-139011-OH"
26343,"NRO_PARTE",1730322,"PML20U-139011-OP"
26343,"NRO_PARTE",3966781,"PQU10U-0KU018--OH"
26343,"NRO_PARTE",3966825,"PDA58U-05500L-OH"
26343,"NRO_PARTE",3780256,"PSY29U-4ML00L-E-OH"
26343,"NRO_PARTE",3780334,"PSY29U-09K00L-E -OH"
26343,"NRO_PARTE",2551966,"LPECWVCBOOKXW11"
26343,"NRO_PARTE",2552676,"9Q6Q6LA#ABM-OP"
26343,"NRO_PARTE",1722174,"7C6F0LA#ABM"
26343,"NRO_PARTE",1722180,"7C6J6LA#ABM"
26343,"NRO_PARTE",3731129,"V15G5C734161100H-OH"
26343,"NRO_PARTE",2625734,"58MPH4V308"
26343,"NRO_PARTE",2625999,"5GMPH4V315"
26343,"NRO_PARTE",2626020,"7WTHP4V418"
26343,"NRO_PARTE",2626024,"78MPH4V317"
26343,"NRO_PARTE",2626041,"5WTPL4V421"
26343,"NRO_PARTE",2626056,"7WTPH4V328"
26343,"NRO_PARTE",2626058,"78TPH4V329"
26343,"NRO_PARTE",2626064,"78THH4V335"
26343,"NRO_PARTE",2626067,"58MHH4V338"
26343,"NRO_PARTE",2626068,"5GMHH4V339"
26343,"NRO_PARTE",2626069,"7WMHH4V340"
26343,"NRO_PARTE",2626362,"5WMHH4V343"
26343,"NRO_PARTE",2626391,"78MHH4V347"
26343,"NRO_PARTE",3778906,"PSY29U-4ML00L-E"
26343,"NRO_PARTE",1927065,"V14G4I5016101PA"
26343,"NRO_PARTE",2778430,"90NX06X1-M03C30-OH"
26343,"NRO_PARTE",2778453,"PNL11U-07C008"
26343,"NRO_PARTE",1773544,"3PTL342-3456OH3-HD"
26343,"NRO_PARTE",1836636,"E14G5R31108101HH"
26343,"NRO_PARTE",1836860,"21JQS07J00-OP"
26343,"NRO_PARTE",1836866,"21JQS07H00"
26343,"NRO_PARTE",1687203,"20YDS0AA00"
26343,"NRO_PARTE",1687204,"20YDS0AX00"
26343,"NRO_PARTE",1687205,"1PTL552-50825SS3-FHD-T-2V"
26343,"NRO_PARTE",1687206,"1PTL552-50825OP3-FHD-T-2V"
26343,"NRO_PARTE",1687207,"21CSS0D400-OH"
26343,"NRO_PARTE",1687208,"2PTL352-51612SS3-FHD"
26343,"NRO_PARTE",1687209,"20YDS0G900"
26343,"NRO_PARTE",1687210,"2E4U2LT"
26343,"NRO_PARTE",1687211,"43L81LS#ABM-OP"
26343,"NRO_PARTE",1687212,"20YDS0B600"
26343,"NRO_PARTE",1687213,"1PTL342-3812OH3-S"
26343,"NRO_PARTE",1687214,"20YDS0B400"
26343,"NRO_PARTE",1687215,"20YDS0BC00"
26343,"NRO_PARTE",1687216,"445W9LS#ABM-OP"
26343,"NRO_PARTE",1687217,"53012YGJ-MOB"
26343,"NRO_PARTE",1687218,"20U8S2BG00"
26343,"NRO_PARTE",1687219,"20U8S2BC00"
26343,"NRO_PARTE",1687220,"20U8S2BB00"
26343,"NRO_PARTE",1687221,"20T1S8MF00"
26343,"NRO_PARTE",1687222,"21CSS17100"
26343,"NRO_PARTE",1687223,"20YHS08D00"
26343,"NRO_PARTE",1687224,"20YHS08M00"
26343,"NRO_PARTE",1687225,"20YHS08G00"
26343,"NRO_PARTE",1687226,"20YHS08R00"
26343,"NRO_PARTE",1687227,"20YHS08A00"
26343,"NRO_PARTE",1687228,"20X8S0CJ00"
26343,"NRO_PARTE",1687229,"20YHS08X00"
26343,"NRO_PARTE",1687230,"20YHS09400"
26343,"NRO_PARTE",1687231,"20YHS09B00"
26343,"NRO_PARTE",1687232,"20YHS08U00"
26343,"NRO_PARTE",1687233,"1PTL342-581OP3-S-4"
26343,"NRO_PARTE",1687234,"20YHS09G00"
26343,"NRO_PARTE",1687235,"20TBS3TJ00"
26343,"NRO_PARTE",1687236,"20YHS09A00"
26343,"NRO_PARTE",1687237,"20X4S4BX00"
26343,"NRO_PARTE",1687238,"20U8S2BJ00"
26343,"NRO_PARTE",1687239,"20U2S7L200-OH"
26343,"NRO_PARTE",1687240,"1PTL342-581OP3-FHD-S"
26343,"NRO_PARTE",1687241,"20X4S4BT00"
26343,"NRO_PARTE",1687242,"20X4S4BR00"
26343,"NRO_PARTE",1687243,"20X4S4C200"
26343,"NRO_PARTE",1687244,"20YHS09E00"
26343,"NRO_PARTE",1687245,"428R0LS#ABM-OP"
26343,"NRO_PARTE",1687246,"20X4S4DV00"
26343,"NRO_PARTE",1687247,"20X4S4BQ00"
26343,"NRO_PARTE",1687248,"20YDS0BF00"
26343,"NRO_PARTE",1687249,"20YHS09C00"
26343,"NRO_PARTE",1687250,"20YHS08W00"
26343,"NRO_PARTE",1687251,"20YDS0BG00"
26343,"NRO_PARTE",1687252,"1PTL342-581OP3-4"
26343,"NRO_PARTE",1687253,"NBHXV3BVA1O"
26343,"NRO_PARTE",1687254,"20U8S2BH00"
26343,"NRO_PARTE",1687255,"20T1S8MG00"
26343,"NRO_PARTE",1687256,"6C5X5LT#ABM PROCESADOR"
26343,"NRO_PARTE",1687257,"6C5X5LT#ABM"
26343,"NRO_PARTE",1687258,"21CSS0D400"
26343,"NRO_PARTE",1687259,"21CSS0D400-OP"
26343,"NRO_PARTE",1687260,"20YDS0AM00"
26343,"NRO_PARTE",1687261,"20X8S0AK00"
26343,"NRO_PARTE",1687262,"20YDS0AF00"
26343,"NRO_PARTE",1687263,"20YDS0B000"
26343,"NRO_PARTE",1687264,"20YDS0B100"
26343,"NRO_PARTE",1691138,"21ECS0AY00-PRO"
26343,"NRO_PARTE",1691139,"21E7S0VE00-OP"
26343,"NRO_PARTE",1691140,"21EES0DP00-OH"
26343,"NRO_PARTE",1691141,"21EES0DR00-OP"
26343,"NRO_PARTE",1691142,"THINKPAD E15 GEN4 (INTEL)"
26343,"NRO_PARTE",1691143,"21E7S0VA00-OP"
26343,"NRO_PARTE",1691144,"407M3LT#ABM"
26343,"NRO_PARTE",1691145,"0PTL341-51612OP3-FHD"
26343,"NRO_PARTE",1691146,"21EES0DL00-OP"
26343,"NRO_PARTE",1691147,"21E7S0VD00"
26343,"NRO_PARTE",1691148,"21E7S0VE00-OH"
26343,"NRO_PARTE",1691149,"90NX0441-M00DB0."
26343,"NRO_PARTE",1691150,"90NX0441-M00DB0-OH."
26343,"NRO_PARTE",1691151,"14Z90N-V.AR58B4"
26343,"NRO_PARTE",1691152,"35Y55LT#ABM"
26343,"NRO_PARTE",1691153,"20X8S0UP00"
26343,"NRO_PARTE",1691154,"20X8S0UF00"
26343,"NRO_PARTE",1691155,"20X8S0UC00"
26343,"NRO_PARTE",1691156,"579Z0LT#ABM-OP"
26343,"NRO_PARTE",1691157,"21E7S0VA00-OH"
26343,"NRO_PARTE",1691158,"90NX0441-M08820."
26343,"NRO_PARTE",1691159,"20TBS3J900"
26343,"NRO_PARTE",1691160,"20TBS3JB00"
26343,"NRO_PARTE",1691161,"20TBS1CR00"
26343,"NRO_PARTE",1691162,"20TBS14W00"
26343,"NRO_PARTE",1691163,"9PTL34-3825OS3-19-S"
26343,"NRO_PARTE",1691164,"9PTL34-5825SS3-S"
26343,"NRO_PARTE",1691165,"20NES0R500"
26343,"NRO_PARTE",1691166,"8ZN22LS"
26343,"NRO_PARTE",1691167,"8ZR73LS#ABM"
26343,"NRO_PARTE",1691168,"8VC39LS#ABM"
26343,"NRO_PARTE",1691169,"8VC39LS"
26343,"NRO_PARTE",1691170,"8ZR65LS"
26343,"NRO_PARTE",1691171,"8ZR65LS#ABM"
26343,"NRO_PARTE",1691172,"8ZR75LS"
26343,"NRO_PARTE",1691173,"8ZR68LS"
26343,"NRO_PARTE",1691174,"8ZR67LS#ABM"
26343,"NRO_PARTE",1691175,"8ZR69LS"
26343,"NRO_PARTE",1691176,"8ZR55LS#ABM"
26343,"NRO_PARTE",1691177,"20NES0PS00"
26343,"NRO_PARTE",1691178,"8YL65LS#ABM"
26343,"NRO_PARTE",1691179,"8YL67LS#ABM"
26343,"NRO_PARTE",1691180,"8ZR76LS#ABM"
26343,"NRO_PARTE",1691181,"8ZN15LS#ABM"
26343,"NRO_PARTE",1691182,"20NES0NY00"
26343,"NRO_PARTE",1691183,"8YL68LS#ABM"
26343,"NRO_PARTE",1691184,"8ZR75LS#ABM"
26343,"NRO_PARTE",1691185,"8ZR67LS"
26343,"NRO_PARTE",1691186,"8ZR69LS#ABM"
26343,"NRO_PARTE",1691187,"20NES0RE00"
26343,"NRO_PARTE",1691188,"20NES0QW00"
26343,"NRO_PARTE",1691189,"20NES0RD00"
26343,"NRO_PARTE",1691190,"20N5S2H000"
26343,"NRO_PARTE",1691191,"5MZ17LA#ABM"
26343,"NRO_PARTE",1691192,"4XM98LT#ABM"
26343,"NRO_PARTE",1691193,"4XM99LT#ABM"
26343,"NRO_PARTE",1691194,"4LA47LA#ABM"
26343,"NRO_PARTE",1691195,"4XN19LA#ABM"
26343,"NRO_PARTE",1691196,"20N9S25H00"
26343,"NRO_PARTE",1691197,"20N9S05V00"
26343,"NRO_PARTE",1691198,"20NFS08P00"
26343,"NRO_PARTE",1691199,"20NES0QX00"
26343,"NRO_PARTE",1691200,"20NES0QV00"
26343,"NRO_PARTE",3760000,"83G80011PD"
26343,"NRO_PARTE",1723594,"7C6F2LA#ABM-OP"
26343,"NRO_PARTE",2772707,"E16G2R3116101OH"
26343,"NRO_PARTE",3755350,"T16G8C533162100H-OH"
26343,"NRO_PARTE",1730372,"21EES1F400"
26343,"NRO_PARTE",1730377,"21EES1F500"
26343,"NRO_PARTE",1730389,"21EES1F200"
26343,"NRO_PARTE",1730402,"21EES1F600"
26343,"NRO_PARTE",3966795,"90NX07B1-M00640-OH-LT"
26343,"NRO_PARTE",3966897,"PDA58U-05600L-OH"
26343,"NRO_PARTE",3731159,"A2VA7LS#ABM-OH4AS"
26343,"NRO_PARTE",3778814,"PSY19U-0FG035-DY"
26343,"NRO_PARTE",2796991,"E14G5I31108101-OP2"
26343,"NRO_PARTE",2796994,"E14G5I51108101-2"
26343,"NRO_PARTE",3131526,"4PTL545-71612SOH3-VP-C"
26343,"NRO_PARTE",2778533,"A2CJ6LA#ABM"
26343,"NRO_PARTE",1773734,"3PTL342-3456OH3-FHD"
26343,"NRO_PARTE",1836718,"E14G5I31108001HH"
26343,"NRO_PARTE",1836842,"21JLS04B00-OH"
26343,"NRO_PARTE",1836843,"21JLS04B00-OP"
26343,"NRO_PARTE",1836850,"21JLS04C00"
26343,"NRO_PARTE",1836875,"21JQS07G00-OH"
26343,"NRO_PARTE",1836876,"21JQS07G00-OP"
26343,"NRO_PARTE",1687265,"20YDS0B800"
26343,"NRO_PARTE",1687266,"20YDS0BA00"
26343,"NRO_PARTE",1687267,"20X4S4C700"
26343,"NRO_PARTE",1687268,"20TES3PB00"
26343,"NRO_PARTE",1687269,"402T2LS#ABM-OH"
26343,"NRO_PARTE",1687270,"20YHS09300"
26343,"NRO_PARTE",1687271,"402T2LS#ABM-OP"
26343,"NRO_PARTE",1687272,"20YHS08Y00"
26343,"NRO_PARTE",1687273,"43L81LS#ABM"
26343,"NRO_PARTE",1687274,"20X4S4DW00"
26343,"NRO_PARTE",1687275,"20X6S0PP00"
26343,"NRO_PARTE",1687276,"20X8S0AG00"
26343,"NRO_PARTE",1687277,"NBPGAVA3R"
26343,"NRO_PARTE",1687278,"NBPWAVA3Y"
26343,"NRO_PARTE",1687279,"NBLPAVA4C"
26343,"NRO_PARTE",1687280,"20U8S2BF00"
26343,"NRO_PARTE",1687281,"20U2S91U00-OH"
26343,"NRO_PARTE",1687282,"1PTL552-5825OP3-HD"
26343,"NRO_PARTE",1687283,"21ECS01M00"
26343,"NRO_PARTE",1687284,"21ECS01Q00"
26343,"NRO_PARTE",1687285,"20YDS0AB00"
26343,"NRO_PARTE",1687286,"20YDS0AK00"
26343,"NRO_PARTE",1687287,"20X8S0AH00"
26343,"NRO_PARTE",1687288,"20YDS0AN00"
26343,"NRO_PARTE",1687289,"20YDS0A900"
26343,"NRO_PARTE",1687290,"20YDS0AL00"
26343,"NRO_PARTE",1687291,"20X8S0AM00"
26343,"NRO_PARTE",1687292,"20YHS09500"
26343,"NRO_PARTE",1687293,"20YHS09800"
26343,"NRO_PARTE",1687294,"20YHS09D00"
26343,"NRO_PARTE",1687295,"20X4S4BU00"
26343,"NRO_PARTE",1687296,"20X4S4BN00"
26343,"NRO_PARTE",1687297,"20YHS09600"
26343,"NRO_PARTE",1687298,"20X2S3NH00"
26343,"NRO_PARTE",1687299,"20X4S4BF00"
26343,"NRO_PARTE",1687300,"20YHS09700"
26343,"NRO_PARTE",1687301,"20X8S0CK00"
26343,"NRO_PARTE",1687302,"20YHS09900"
26343,"NRO_PARTE",1687303,"20YHS08V00"
26343,"NRO_PARTE",1687304,"NBHWAVA46"
26343,"NRO_PARTE",1687305,"90NX0SX1-M055701"
26343,"NRO_PARTE",1687306,"1PTL552-7825OP3-HD"
26343,"NRO_PARTE",1687307,"1PTL552-7812OP3-HD"
26343,"NRO_PARTE",1687308,"1PTL552-5812OP3-HD"
26343,"NRO_PARTE",1687309,"21ECS01V00"
26343,"NRO_PARTE",1687310,"20X8S0AL00"
26343,"NRO_PARTE",1687311,"20X8S0AP00"
26343,"NRO_PARTE",1687312,"20YDS07K00"
26343,"NRO_PARTE",1687313,"20X2S3LN00"
26343,"NRO_PARTE",1687314,"37G45LT#ABM"
26343,"NRO_PARTE",1687315,"1A4W7LT#ABM-OH"
26343,"NRO_PARTE",1687316,"NBHBAVA2P"
26343,"NRO_PARTE",1687317,"NBP3VVA2Z"
26343,"NRO_PARTE",1687318,"NBP3AVA3I"
26343,"NRO_PARTE",1687319,"NBP5AVA3M"
26343,"NRO_PARTE",1687320,"1PTL552-781OH3-VP"
26343,"NRO_PARTE",1687321,"1PTL552-781OP3-VP"
26343,"NRO_PARTE",1687322,"1PTL351-581OH1"
26343,"NRO_PARTE",1687323,"2Q6E3LT#ABM-W"
26343,"NRO_PARTE",1687324,"1PTL552-581OH3-HD"
26343,"NRO_PARTE",1687325,"1PTL552-5825SS3-HD"
26343,"NRO_PARTE",1687326,"1PTL552-5825OH3-HD"
26343,"NRO_PARTE",1687327,"6C5X5LT#ABM-OH"
26343,"NRO_PARTE",1691201,"8ZR70LS"
26343,"NRO_PARTE",1691202,"20NCS2GE00"
26343,"NRO_PARTE",1691203,"20NES0RB00"
26343,"NRO_PARTE",1691204,"FZ-55A0601VM"
26343,"NRO_PARTE",1691205,"8ZN14LS"
26343,"NRO_PARTE",1691206,"8ZN21LS#ABM"
26343,"NRO_PARTE",1691207,"9PTL34-3825OS3-S-H"
26343,"NRO_PARTE",1691208,"4NQ81LA#ABM"
26343,"NRO_PARTE",1691209,"1ZR97LA#ABM"
26343,"NRO_PARTE",1691210,"4LA05LA#ABM"
26343,"NRO_PARTE",1691211,"4LA09LA#ABM"
26343,"NRO_PARTE",1691212,"4XM54LA#ABM"
26343,"NRO_PARTE",1691213,"4XM70LT#ABM"
26343,"NRO_PARTE",1691214,"2WW49LA#ABM"
26343,"NRO_PARTE",1691215,"82H0001FLM"
26343,"NRO_PARTE",1691216,"1PTL752-71612OP3-FHD-VP"
26343,"NRO_PARTE",1691217,"NL5H78TI2VA0LW"
26343,"NRO_PARTE",1691218,"21EES0DN00-PRO"
26343,"NRO_PARTE",1691219,"21E7S0VF00-OH"
26343,"NRO_PARTE",1691220,"90NX0421-M10570-OH."
26343,"NRO_PARTE",1691221,"90NX0441-M00E80-OH."
26343,"NRO_PARTE",1691222,"NS5H58MIPVA03L"
26343,"NRO_PARTE",1691223,"NS5H7XMIPVA028"
26343,"NRO_PARTE",1691224,"NS5H5WTIPVA03Q"
26343,"NRO_PARTE",1691225,"NS5L78MIPVA03R"
26343,"NRO_PARTE",1691226,"NS5L78TIUVA01L"
26343,"NRO_PARTE",1691227,"NS5L7XMIPVA03U"
26343,"NRO_PARTE",1691228,"NS5L78MIPVA03V"
26343,"NRO_PARTE",1691229,"NS5L7GMIPVA01Q"
26343,"NRO_PARTE",1691230,"NS5L7GMIPVA03W"
26343,"NRO_PARTE",1691231,"2N5U1LT#ABM-OP"
26343,"NRO_PARTE",1691232,"3E743LA#ABM-OH"
26343,"NRO_PARTE",1691233,"1U3T1LA_ABM-A"
26343,"NRO_PARTE",1691234,"1S1Q7LA#ABM-OHA"
26343,"NRO_PARTE",1691235,"1F3S7LT#ABM"
26343,"NRO_PARTE",1691236,"198L0LA#ABM-OP"
26343,"NRO_PARTE",1691237,"8YT08LT#ABM-OP"
26343,"NRO_PARTE",1691238,"155R0LS#ABM-OP"
26343,"NRO_PARTE",1691239,"155R9LT#ABM-OP"
26343,"NRO_PARTE",1691240,"1A2X6LA#ABM-OH"
26343,"NRO_PARTE",1691241,"198L1LA#ABM-OH"
26343,"NRO_PARTE",1691242,"158K4LT#ABM-OH"
26343,"NRO_PARTE",1691243,"0PTL341-341OH3-HD"
26343,"NRO_PARTE",1691244,"0PTL341-3425SS3-HD"
26343,"NRO_PARTE",1691245,"0PTL341-3425SS3-FHD"
26343,"NRO_PARTE",1691246,"0PTL34-71612OH3"
26343,"NRO_PARTE",1691247,"NB0FV3BVA0Q"
26343,"NRO_PARTE",1691248,"NB0CA3BVA1L"
26343,"NRO_PARTE",1691249,"NB08A3BVA0W"
26343,"NRO_PARTE",1691250,"NB09A3BVA0Y"
26343,"NRO_PARTE",1691251,"0PTL351-5825OH3-S"
26343,"NRO_PARTE",1691252,"0PTL351-5825OH3-S-4-FHD"
26343,"NRO_PARTE",1691253,"0PTL351-5825SS3-S-4"
26343,"NRO_PARTE",1691254,"0PTL351-5825OP3-S-4"
26343,"NRO_PARTE",1691255,"0PTL351-5825OP3-S-4-FHD"
26343,"NRO_PARTE",1691256,"WE15I7E114B"
26343,"NRO_PARTE",1691257,"20T8S0AL00"
26343,"NRO_PARTE",1691258,"20T7S1X400"
26343,"NRO_PARTE",1691259,"20T9S1DU00"
26343,"NRO_PARTE",1691260,"NS5H5WMIPVA03K"
26343,"NRO_PARTE",1691261,"NS5H5GMIPVA03M"
26343,"NRO_PARTE",2035493,"LPSVG12JN1005"
26343,"NRO_PARTE",2034327,"V15G4I5016101PS"
26343,"NRO_PARTE",1723562,"7C6F2LA#ABM"
26343,"NRO_PARTE",1723584,"7C6F2LA#ABM-OH"
26343,"NRO_PARTE",2652321,"A2QU5LS#ABM-OPAM"
26343,"NRO_PARTE",1730146,"21E4S0L900"
26343,"NRO_PARTE",4069639,"E16G3U7H162100-OH"
26343,"NRO_PARTE",4069661,"E16G3U7H162100H"
26343,"NRO_PARTE",2465900,"V14G4R316101-OH"
26343,"NRO_PARTE",2509913,"90NX06X1-M01950"
26343,"NRO_PARTE",2797104,"E14G5I71116101-OP2"
26343,"NRO_PARTE",2797124,"V15G4I5181010H"
26343,"NRO_PARTE",2797693,"V14G4R51081003"
26343,"NRO_PARTE",2797708,"E16G1I31108001-OP2"
26343,"NRO_PARTE",3131548,"4PTL545-7161SSS3-VP-C"
26343,"NRO_PARTE",3131556,"4PTL545-7161SOH3-VP-C"
26343,"NRO_PARTE",2778552,"L05AN5X03"
26343,"NRO_PARTE",2778571,"A2CJ6LA#ABM-OH"
26343,"NRO_PARTE",2778583,"L05AN5X09"
26343,"NRO_PARTE",2778588,"L07AN5X16"
26343,"NRO_PARTE",2778602,"L05AN5X0E"
26343,"NRO_PARTE",1687328,"20X2S3M200"
26343,"NRO_PARTE",1687329,"1A4W7LT#ABM"
26343,"NRO_PARTE",1687330,"20U2S9XV00"
26343,"NRO_PARTE",1687331,"20X2S14E00"
26343,"NRO_PARTE",1687332,"20X2S14G00"
26343,"NRO_PARTE",1687333,"20T1S8JP00"
26343,"NRO_PARTE",1687334,"1PTL552-5812OH3-HD"
26343,"NRO_PARTE",1687335,"1PTL552-5161SS3-HD"
26343,"NRO_PARTE",1687336,"1PTL552-5161OH3-HD"
26343,"NRO_PARTE",1687337,"1PTL552-51625SS3-HD"
26343,"NRO_PARTE",1687338,"1PTL552-51625OP3-HD"
26343,"NRO_PARTE",1687339,"NBHZA3BVA21"
26343,"NRO_PARTE",1687340,"20YHS06C00"
26343,"NRO_PARTE",1687341,"20YDS07J00"
26343,"NRO_PARTE",1687342,"20YHS06F00"
26343,"NRO_PARTE",1687343,"20X2S3L500"
26343,"NRO_PARTE",1687344,"20X2S3LW00"
26343,"NRO_PARTE",1687345,"20X6S0KS00"
26343,"NRO_PARTE",1687346,"20X2S3L900"
26343,"NRO_PARTE",1687347,"NBP6VVA2X"
26343,"NRO_PARTE",1687348,"NBPTAVA3C"
26343,"NRO_PARTE",1687349,"NBPQAVA3H"
26343,"NRO_PARTE",1687350,"NBPKAVA3L"
26343,"NRO_PARTE",1687351,"NBPMAVA3N"
26343,"NRO_PARTE",1687352,"NBP2AVA3Q"
26343,"NRO_PARTE",1687353,"NBLGAVA4E"
26343,"NRO_PARTE",1687354,"NBP1VVA31"
26343,"NRO_PARTE",1687355,"NBPRAVA39"
26343,"NRO_PARTE",1687356,"NBP7AVA3F"
26343,"NRO_PARTE",1687357,"NBHMAVA44"
26343,"NRO_PARTE",1687358,"NB0JAVA17"
26343,"NRO_PARTE",1687359,"NBP6V3BVA2X"
26343,"NRO_PARTE",1687360,"1PTL552-781OP3-HD"
26343,"NRO_PARTE",1687361,"1PTL552-7825OH3-HD"
26343,"NRO_PARTE",1687362,"1PTL552-7812SS3-HD"
26343,"NRO_PARTE",1687363,"1PTL552-7161SS3-HD"
26343,"NRO_PARTE",1687364,"1PTL552-7161OP3-HD"
26343,"NRO_PARTE",1687365,"1PTL552-7825SS3-HD"
26343,"NRO_PARTE",1687366,"1PTL552-7812OH3-HD"
26343,"NRO_PARTE",1687367,"1PTL552-71612OH3-HD"
26343,"NRO_PARTE",1687368,"20TBS4CC00"
26343,"NRO_PARTE",1687369,"NBHSA3BVA25"
26343,"NRO_PARTE",1687370,"53013DBN-MOB"
26343,"NRO_PARTE",1687371,"21ECS01S00"
26343,"NRO_PARTE",1687372,"6N1A3LS#ABM"
26343,"NRO_PARTE",1687373,"20TBS18V00"
26343,"NRO_PARTE",1687374,"LPEJPVEZX3418"
26343,"NRO_PARTE",1687375,"2PTL342-31656OP3-HD"
26343,"NRO_PARTE",1687376,"0PTL351-5825OH3-HD"
26343,"NRO_PARTE",1687377,"0PTL351-5825OP3-HD"
26343,"NRO_PARTE",1687378,"3T724LS#ABM"
26343,"NRO_PARTE",1687379,"20U1S20500"
26343,"NRO_PARTE",1687380,"20U1S20600"
26343,"NRO_PARTE",1687381,"20U2S9XW00"
26343,"NRO_PARTE",1687382,"20X2S14D00"
26343,"NRO_PARTE",1687383,"20X2S14F00"
26343,"NRO_PARTE",1687384,"1PTL542-7812OP3-FHD"
26343,"NRO_PARTE",1687385,"9CD70LT#ABM-1"
26343,"NRO_PARTE",1687386,"0PTL35-781OH3"
26343,"NRO_PARTE",1687387,"0PTL35-7812OP3"
26343,"NRO_PARTE",1687388,"0PTL35-7161SS3"
26343,"NRO_PARTE",1687389,"0PTL35-7161OH3"
26343,"NRO_PARTE",1691262,"NS5L7WMIUVA01J"
26343,"NRO_PARTE",1691263,"NS5H5WMIPVA03N"
26343,"NRO_PARTE",1691264,"NS5L7GMIPVA01U"
26343,"NRO_PARTE",1691265,"NS5L7XMIPVA03Y"
26343,"NRO_PARTE",1691266,"NS5L7WMIPVA01V"
26343,"NRO_PARTE",1691267,"1PTL542-50825OP3-FHD-T-4"
26343,"NRO_PARTE",1691268,"20RBS7UD00"
26343,"NRO_PARTE",1691269,"20TBS10U00"
26343,"NRO_PARTE",1691270,"153K2LT#ABM-OH"
26343,"NRO_PARTE",1691271,"153B4LT#ABM-OH"
26343,"NRO_PARTE",1691272,"1F3S7LT#ABM-OH"
26343,"NRO_PARTE",1691273,"1F4Z2LT#ABM"
26343,"NRO_PARTE",1691274,"1F4N5LT#ABM"
26343,"NRO_PARTE",1691275,"1F4N6LT#ABM"
26343,"NRO_PARTE",1691276,"3J043LT#ABM"
26343,"NRO_PARTE",1691277,"0PTL351-381SS3-HD"
26343,"NRO_PARTE",1691278,"17G29LS#ABM"
26343,"NRO_PARTE",1691279,"0PTL351-381SS3-FHD"
26343,"NRO_PARTE",1691280,"8ZD86LA#ABM"
26343,"NRO_PARTE",1691281,"9CE17LT#ABM"
26343,"NRO_PARTE",1691282,"1A2X6LA#ABM"
26343,"NRO_PARTE",1691283,"19C61LA#ABM"
26343,"NRO_PARTE",1691284,"198L1LA#ABM"
26343,"NRO_PARTE",1691285,"0PTL341-3425OH3-HD"
26343,"NRO_PARTE",1691286,"0PTL341-3412SS3-FHD"
26343,"NRO_PARTE",1691287,"0PTL341-3412OH3-FHD"
26343,"NRO_PARTE",1691288,"0PTL341-381SS3-HD"
26343,"NRO_PARTE",1691289,"0PTL341-381SS3-FHD"
26343,"NRO_PARTE",1691290,"0PTL341-381OH3-HD"
26343,"NRO_PARTE",1691291,"0PTL341-3825SS3-HD"
26343,"NRO_PARTE",1691292,"0PTL341-3825SS3-FHD"
26343,"NRO_PARTE",1691293,"0PTL341-3812SS3-HD"
26343,"NRO_PARTE",1691294,"0PTL341-3812OH3-HD"
26343,"NRO_PARTE",1691295,"0PTL35-781SS3"
26343,"NRO_PARTE",1691296,"21CSS15600"
26343,"NRO_PARTE",1691297,"NBHRV3BVA1Q"
26343,"NRO_PARTE",1691298,"NB0NA3BVA12"
26343,"NRO_PARTE",1691299,"NBHNV3BVA1S"
26343,"NRO_PARTE",1691300,"NB0PA3BVA14"
26343,"NRO_PARTE",1691301,"1PTL542-5825OP3-S"
26343,"NRO_PARTE",1691302,"1PTL542-5825OH3-S-FHD"
26343,"NRO_PARTE",1691303,"1PTL542-5825OP3-S-FHD"
26343,"NRO_PARTE",1691304,"1PTL552-5825SS3-S"
26343,"NRO_PARTE",1691305,"1PTL552-5825OH3-S"
26343,"NRO_PARTE",1691306,"1PTL552-5825OP3-S"
26343,"NRO_PARTE",1691307,"1PTL552-5825SS3-S-FHD"
26343,"NRO_PARTE",1691308,"1PTL552-5825OH3-S-FHD"
26343,"NRO_PARTE",1691309,"NBADVPS6051GRD"
26343,"NRO_PARTE",1691310,"20TES6NH00"
26343,"NRO_PARTE",1691311,"20TES6NF00"
26343,"NRO_PARTE",1691312,"NS5L58MIPVA23I"
26343,"NRO_PARTE",1691313,"NS5H5GTIPVA03P"
26343,"NRO_PARTE",1691314,"NS5H7XMIPVA024"
26343,"NRO_PARTE",1691315,"NS5H78MIPVA025"
26343,"NRO_PARTE",1691316,"1PTL55-7161SSS3"
26343,"NRO_PARTE",1691317,"LENOVO K14 12"
26343,"NRO_PARTE",1691318,"2N6G5LT#ABM-OH"
26343,"NRO_PARTE",1691319,"2F0V5LT#ABM-OP"
26343,"NRO_PARTE",1691320,"2F0V5LT#ABM"
26343,"NRO_PARTE",1691321,"153B3LT#ABM-OH"
26343,"NRO_PARTE",1691322,"0PTL351-341SS3-FHD"
26343,"NRO_PARTE",2652310,"A2QU5LS#ABM-OPM"
26343,"NRO_PARTE",3755434,"T16G8C73481100H-OH"
26343,"NRO_PARTE",3755479,"T16G8C73482100H"
26343,"NRO_PARTE",1730206,"21E4S25500"
26343,"NRO_PARTE",1730207,"21E4S0LF00"
26343,"NRO_PARTE",1730209,"21E4S25100"
26343,"NRO_PARTE",1730222,"21E4S25400"
26343,"NRO_PARTE",1730274,"21E4S25700"
26343,"NRO_PARTE",4069422,"E16G3C7H162100-OH"
26343,"NRO_PARTE",4069706,"TH14G8U5U162100"
26343,"NRO_PARTE",3966866,"PDA58U-05600L"
26343,"NRO_PARTE",3731288,"T16G3U721162100DC2"
26343,"NRO_PARTE",3731309,"4PTL355-7812SSS3-2V"
26343,"NRO_PARTE",3731311,"T16G3U721162100DC2-OH"
26343,"NRO_PARTE",3731326,"4PTL355-7812SOH3-2V"
26343,"NRO_PARTE",3731345,"T16G3U721162100D2-OH"
26343,"NRO_PARTE",2796987,"E14G5I31108101-OH2"
26343,"NRO_PARTE",2796998,"E14G5I51108101-OH2"
26343,"NRO_PARTE",2797029,"E14G5I51116201-OP2"
26343,"NRO_PARTE",2797034,"E14G5I71108101-2"
26343,"NRO_PARTE",2797110,"E14G5I71116201-2"
26343,"NRO_PARTE",2797734,"E16G1I31108101-2"
26343,"NRO_PARTE",1926941,"V14G3#I3908011H"
26343,"NRO_PARTE",2778625,"90NX06X1-M03C30-OP"
26343,"NRO_PARTE",2778630,"L07AN5X17"
26343,"NRO_PARTE",2778660,"L07AN5X18"
26343,"NRO_PARTE",2778675,"PNL11U-079008"
26343,"NRO_PARTE",1747399,"21ECS1DR00"
26343,"NRO_PARTE",1747401,"21ECS1DT00"
26343,"NRO_PARTE",1747403,"21ECS1DS00"
26343,"NRO_PARTE",1747405,"21ECS1DW00"
26343,"NRO_PARTE",1747412,"21EES1QB00"
26343,"NRO_PARTE",1747416,"21EES06H00"
26343,"NRO_PARTE",2777427,"PML30U-0G3018-E"
26343,"NRO_PARTE",1687390,"0PTL34-581SS3"
26343,"NRO_PARTE",1687391,"0PTL34-5161OH3"
26343,"NRO_PARTE",1687392,"0PTL34-5161OP3"
26343,"NRO_PARTE",1687393,"0PTL34-51612SS3"
26343,"NRO_PARTE",1687394,"0PTL34-51612OH3"
26343,"NRO_PARTE",1687395,"0PTL34-51612OP3"
26343,"NRO_PARTE",1687396,"0PTL34-781OH3"
26343,"NRO_PARTE",1687397,"1PTL352-581OH1-FHD"
26343,"NRO_PARTE",1687398,"53011YVGO-MOB-8"
26343,"NRO_PARTE",1687399,"20NCS01800A"
26343,"NRO_PARTE",1687400,"20NCS2GB00A"
26343,"NRO_PARTE",1687401,"20N5S1GS00A"
26343,"NRO_PARTE",1687402,"21CUS00L00"
26343,"NRO_PARTE",1687403,"1PTL552-58SSSS3-FHD"
26343,"NRO_PARTE",1687404,"1PTL552-58SSOH3-FHD"
26343,"NRO_PARTE",1687405,"1PTL552-58SSOP3-FHD"
26343,"NRO_PARTE",1687406,"1PTL552-5161OP3-HD"
26343,"NRO_PARTE",1687407,"1PTL552-51625OH3-HD"
26343,"NRO_PARTE",1687408,"1PTL552-51612SS3-HD"
26343,"NRO_PARTE",1687409,"1PTL552-51612OH3-HD"
26343,"NRO_PARTE",1687410,"1PTL552-51612OP3-HD"
26343,"NRO_PARTE",1687411,"1PTL552-781SS3-HD"
26343,"NRO_PARTE",1687412,"1PTL552-781OH3-HD"
26343,"NRO_PARTE",1687413,"618U3LT#ABM-OPM"
26343,"NRO_PARTE",1687414,"5301YYQ"
26343,"NRO_PARTE",1687415,"53011YYQ-MOB"
26343,"NRO_PARTE",1687416,"8YQ82LT"
26343,"NRO_PARTE",1687417,"20X6S0XX00"
26343,"NRO_PARTE",1687418,"43G17LT#ABM-OP"
26343,"NRO_PARTE",1687419,"1PTL342-7161SOH3-FHD"
26343,"NRO_PARTE",1687420,"1PTL342-7161SOP3-FHD"
26343,"NRO_PARTE",1687421,"1PTL352-7161SSS3-FHD"
26343,"NRO_PARTE",1687422,"1PTL352-7161SOH3-FHD"
26343,"NRO_PARTE",1687423,"1PTL352-7161SOP3-FHD"
26343,"NRO_PARTE",1687424,"LPNKI581TB_WPOFP"
26343,"NRO_PARTE",1687425,"21CSS0WK00"
26343,"NRO_PARTE",1687426,"55F78LS#ABM-OHA"
26343,"NRO_PARTE",1687427,"21E4S11A00"
26343,"NRO_PARTE",1687428,"21E4S11500"
26343,"NRO_PARTE",1687429,"20U8S2S100-OP"
26343,"NRO_PARTE",1687430,"21E4S11500-OH"
26343,"NRO_PARTE",1687431,"2J6N5LT"
26343,"NRO_PARTE",1687432,"NBP1AVA3O"
26343,"NRO_PARTE",1687433,"NBLXAVA48"
26343,"NRO_PARTE",1687434,"NB0BVVA4K"
26343,"NRO_PARTE",1687435,"21CUS00G00"
26343,"NRO_PARTE",1687436,"21CUS00P00"
26343,"NRO_PARTE",1687437,"1PTL542-5825OH3-FHD"
26343,"NRO_PARTE",1687438,"1PTL542-51625OH3-FHD"
26343,"NRO_PARTE",1687439,"1PTL542-781OH3-FHD"
26343,"NRO_PARTE",1687440,"1PTL552-581SS3-HD"
26343,"NRO_PARTE",1687441,"1PTL552-581OP3-HD"
26343,"NRO_PARTE",1687442,"2PTL342-716S1SS3-FHD-A1-"
26343,"NRO_PARTE",1687443,"0PTL34-7812OH3"
26343,"NRO_PARTE",1687444,"0PTL34-7812OP3"
26343,"NRO_PARTE",1687445,"0PTL34-7161OH3"
26343,"NRO_PARTE",1687446,"0PTL34-71612SS3"
26343,"NRO_PARTE",1687447,"0PTL34-71612OP3"
26343,"NRO_PARTE",1687448,"0PTL35-5812OH3"
26343,"NRO_PARTE",1687449,"0PTL35-5161OH3"
26343,"NRO_PARTE",1687450,"0PTL35-51612OH3"
26343,"NRO_PARTE",1691323,"0PTL351-341OH3-HD"
26343,"NRO_PARTE",1691324,"0PTL351-3425SS3-FHD"
26343,"NRO_PARTE",1691325,"0PTL351-381OH3-FHD"
26343,"NRO_PARTE",1691326,"1F4Z4LT#ABM"
26343,"NRO_PARTE",1691327,"1F4V7LT#ABM"
26343,"NRO_PARTE",1691328,"12D28LS#ABM-OP"
26343,"NRO_PARTE",1691329,"9JZ96LS#ABM-OP"
26343,"NRO_PARTE",1691330,"198L1LA#ABM-OP"
26343,"NRO_PARTE",1691331,"8ZD83LA#ABM-OP"
26343,"NRO_PARTE",1691332,"158K4LT#ABM-OP"
26343,"NRO_PARTE",1691333,"19C61LA#ABM-OH"
26343,"NRO_PARTE",1691334,"8YT08LT#ABM-OH"
26343,"NRO_PARTE",1691335,"8ZD83LA#ABM-OH"
26343,"NRO_PARTE",1691336,"21CSS15700"
26343,"NRO_PARTE",1691337,"NBADPS6051GR1-P"
26343,"NRO_PARTE",1691338,"NBADVPS6051GRY1"
26343,"NRO_PARTE",1691339,"NS5H58MIPVA23P"
26343,"NRO_PARTE",1691340,"NHH7WM86T2VAZI"
26343,"NRO_PARTE",1691341,"NHH7GT86T2VAZJ"
26343,"NRO_PARTE",1691342,"NS5H58TIPVA03O"
26343,"NRO_PARTE",1691343,"NS5L7GMIPVA03S"
26343,"NRO_PARTE",1691344,"NS5L7WMIPVA03X"
26343,"NRO_PARTE",1691345,"NS5L7XMIPVA01W"
26343,"NRO_PARTE",1691346,"NS5L7WTIPVA01Z"
26343,"NRO_PARTE",1691347,"NS5H78MIPVA021"
26343,"NRO_PARTE",1691348,"NS5L5WMIPVA00O"
26343,"NRO_PARTE",1691349,"NS5L78TIPVA03Z"
26343,"NRO_PARTE",1691350,"1Q3T8LS#ABM-A"
26343,"NRO_PARTE",1691351,"1Q3T8LS#ABM-OHA"
26343,"NRO_PARTE",1691352,"151D7LT#ABM-OH"
26343,"NRO_PARTE",1691353,"82N9S06D00"
26343,"NRO_PARTE",1691354,"21CSS15600-OH"
26343,"NRO_PARTE",1691355,"21CSS15600-OP"
26343,"NRO_PARTE",1691356,"21CSS17600"
26343,"NRO_PARTE",1691357,"NBL7A3BVA4B"
26343,"NRO_PARTE",1691358,"NS5L7XMIUVA01G"
26343,"NRO_PARTE",1691359,"NS5L7WTIUVA01N"
26343,"NRO_PARTE",1691360,"NS5L78MIPVA01P"
26343,"NRO_PARTE",1691361,"NS5L7WMIPVA01R"
26343,"NRO_PARTE",1691362,"NS5L7XMIPVA01S"
26343,"NRO_PARTE",1691363,"NS5H7GMIPVA026"
26343,"NRO_PARTE",1691364,"LENOVO K14 20"
26343,"NRO_PARTE",1691365,"LENOVO K1481"
26343,"NRO_PARTE",1691366,"21CSS0A500"
26343,"NRO_PARTE",1691367,"21CSS0AH00"
26343,"NRO_PARTE",1691368,"21CSS0AG00"
26343,"NRO_PARTE",1691369,"21CSS0AJ00"
26343,"NRO_PARTE",1691370,"1S1Q7LA#ABM-A"
26343,"NRO_PARTE",1691371,"3C697LA#ABM-OH"
26343,"NRO_PARTE",1691372,"151F4LT#ABM-OH"
26343,"NRO_PARTE",1691373,"153B6LT#ABM-OH"
26343,"NRO_PARTE",1691374,"153J3LA#ABM-OH"
26343,"NRO_PARTE",1691375,"9DJ28LT#ABM"
26343,"NRO_PARTE",1691376,"9JZ96LS#ABM"
26343,"NRO_PARTE",1691377,"12D28LS#ABM"
26343,"NRO_PARTE",1691378,"1A2X3LA#ABM"
26343,"NRO_PARTE",1691379,"2X034LT#ABM"
26343,"NRO_PARTE",1691380,"2Y345LT#ABM"
26343,"NRO_PARTE",1691381,"1F4Z7LT#ABM"
26343,"NRO_PARTE",1691382,"2B264LA#ABM"
26343,"NRO_PARTE",1691383,"0PTL351-341SS3-HD"
26343,"NRO_PARTE",1691384,"0PTL351-3425OH3-FHD"
26343,"NRO_PARTE",3760138,"83G80014PD"
26343,"NRO_PARTE",1723381,"7C6E7LA#ABM"
26343,"NRO_PARTE",3755394,"T16G8C73481100H"
26343,"NRO_PARTE",3755525,"T16G8C73482100H-OH"
26343,"NRO_PARTE",3755552,"T16G8C734322100H"
26343,"NRO_PARTE",1729205,"20X2SC0200-OP"
26343,"NRO_PARTE",4069533,"E16G3C7H162100H-OH"
26343,"NRO_PARTE",4069748,"TH14G8U5U162100H-OH"
26343,"NRO_PARTE",4069777,"TH14G8U7H161100-OH"
26343,"NRO_PARTE",1728779,"21EES1E000"
26343,"NRO_PARTE",1728792,"21EES1DY00"
26343,"NRO_PARTE",3780635,"T14G7U51616101-OH*"
26343,"NRO_PARTE",2797017,"E14G5I51108201-OP2"
26343,"NRO_PARTE",2797149,"V15G4I5181010H-OH"
26343,"NRO_PARTE",3131515,"4PTL545-71612SSS3-VP-C"
26343,"NRO_PARTE",2778496,"L05AN5X01"
26343,"NRO_PARTE",2778510,"90NX06X1-M03C30"
26343,"NRO_PARTE",2778540,"L05AN5X02"
26343,"NRO_PARTE",2778556,"PNL11U-07C008-OH"
26343,"NRO_PARTE",3728365,"E16G6U51816201H-OH"
26343,"NRO_PARTE",3764062,"4PTLPR14-7U161SSS3-VP-B"
26343,"NRO_PARTE",3764080,"4PTLPR14-7U161SOH3-VP-B"
26343,"NRO_PARTE",2777395,"PML30U-0G3018-E-OP"
26343,"NRO_PARTE",1687451,"0PTL35-5161OP3"
26343,"NRO_PARTE",1687452,"53012YGJ-12 -MOP"
26343,"NRO_PARTE",1687453,"1PTL352-C81SS1-FHD-U"
26343,"NRO_PARTE",1687454,"1PTL352-381OH1-FHD"
26343,"NRO_PARTE",1687455,"1PTL352-C81SS3-FHD-U"
26343,"NRO_PARTE",1687456,"1PTL352-C81SS1-FHD"
26343,"NRO_PARTE",1687457,"1PTL352-C81OH1-FHD"
26343,"NRO_PARTE",1687458,"1PTL352-381SS3-FHD-U"
26343,"NRO_PARTE",1687459,"20X6S0XV00"
26343,"NRO_PARTE",1687460,"21E7S1HU00"
26343,"NRO_PARTE",1687461,"21E4S11900"
26343,"NRO_PARTE",1687462,"21E7S1J200-OH"
26343,"NRO_PARTE",1687463,"21E7S1HQ00"
26343,"NRO_PARTE",1687464,"21E7S1HV00-OH"
26343,"NRO_PARTE",1687465,"21E4S11900-OH"
26343,"NRO_PARTE",1687466,"21E7S1J100-OP"
26343,"NRO_PARTE",1687467,"21E4S11800"
26343,"NRO_PARTE",1687468,"21E7S1J000"
26343,"NRO_PARTE",1687469,"21E4S11300"
26343,"NRO_PARTE",1687470,"21E7S1J000-OP"
26343,"NRO_PARTE",1687471,"21E7S1J000-OH"
26343,"NRO_PARTE",1687472,"21E7S1HK00"
26343,"NRO_PARTE",1687473,"21E4S11300-OP"
26343,"NRO_PARTE",1687474,"21E4S11300-OH"
26343,"NRO_PARTE",1687475,"21E4S11400"
26343,"NRO_PARTE",1687476,"6C5X9LT#ABM-OP"
26343,"NRO_PARTE",1687477,"6C5X9LT#ABM-M"
26343,"NRO_PARTE",1687478,"21E4S11600-OP"
26343,"NRO_PARTE",1687479,"2Q6E0LT#ABM-W"
26343,"NRO_PARTE",1687480,"20X8S0L100"
26343,"NRO_PARTE",1687481,"20YDS0G600"
26343,"NRO_PARTE",1687482,"0PTL351-5812SS1-FHD"
26343,"NRO_PARTE",1687483,"0PTL351-5812OH3-FHD"
26343,"NRO_PARTE",1687484,"0PTL351-781SS3-FHD-V"
26343,"NRO_PARTE",1687485,"0PTL351-781OH3-FHD-V"
26343,"NRO_PARTE",1687486,"0PTL351-781OP3-FHD-V"
26343,"NRO_PARTE",1687487,"0PTL341-31612OH3-FHD"
26343,"NRO_PARTE",1687488,"0PTL341-31612OP3-FHD"
26343,"NRO_PARTE",1687489,"0PTL341-581OP3-FHD"
26343,"NRO_PARTE",1687490,"21CSS0DQ00"
26343,"NRO_PARTE",1687491,"21CUS00F00"
26343,"NRO_PARTE",1687492,"21CSS0DN00"
26343,"NRO_PARTE",1687493,"2PTL342-31612OP3-HD"
26343,"NRO_PARTE",1687494,"2PTL342-3856OP3-FHD"
26343,"NRO_PARTE",1687495,"1PTL352-381SS1-FHD"
26343,"NRO_PARTE",1687496,"20X4S5BT00"
26343,"NRO_PARTE",1687497,"20X6S0XY00"
26343,"NRO_PARTE",1687498,"674A5LT#ABM"
26343,"NRO_PARTE",1687499,"21CSS0WJ00"
26343,"NRO_PARTE",1687500,"674A5LT#ABM-OH"
26343,"NRO_PARTE",1687501,"21CSS0WF00"
26343,"NRO_PARTE",1687502,"21E4S11600"
26343,"NRO_PARTE",1687503,"21E7S1HF00-OH"
26343,"NRO_PARTE",1687504,"21CUS0G700-OP"
26343,"NRO_PARTE",1687505,"21C4S41G00-OP"
26343,"NRO_PARTE",1687506,"21E4S11V00"
26343,"NRO_PARTE",1687507,"21ECS0JU00-OP"
26343,"NRO_PARTE",1687508,"21E4S11V00-OH"
26343,"NRO_PARTE",1687509,"21E4S11U00"
26343,"NRO_PARTE",1687510,"21ECS0JW00-OP"
26343,"NRO_PARTE",1687511,"21E4S11W00"
26343,"NRO_PARTE",1691385,"0PTL351-3412SS3-HD"
26343,"NRO_PARTE",1691386,"0PTL351-3412OH3-HD"
26343,"NRO_PARTE",1691387,"0PTL351-3412OH3-FHD"
26343,"NRO_PARTE",1691388,"3J352LT#ABM"
26343,"NRO_PARTE",1691389,"8YT08LT#ABM"
26343,"NRO_PARTE",1691390,"8ZN67LT#ABM"
26343,"NRO_PARTE",1691391,"155R0LS#ABM"
26343,"NRO_PARTE",1691392,"155R9LT#ABM"
26343,"NRO_PARTE",1691393,"8ZN67LT#ABM-OP"
26343,"NRO_PARTE",1691394,"674A3LT#ABM-A"
26343,"NRO_PARTE",1691395,"674A3LT#ABM-OPA"
26343,"NRO_PARTE",1691396,"14Z90P-G.AJ62B4 GOB-OFFICE"
26343,"NRO_PARTE",1691397,"2P5M3LT#ABM-W"
26343,"NRO_PARTE",1691398,"NBPZA3BVA37"
26343,"NRO_PARTE",1691399,"21CSS0J000"
26343,"NRO_PARTE",1691400,"WT15I5D107B"
26343,"NRO_PARTE",1691401,"0PTL741-7161SSS3-FHD-VP"
26343,"NRO_PARTE",1691402,"NS5L7GTIUVA01M"
26343,"NRO_PARTE",1691403,"NS5L7WMIPVA03T"
26343,"NRO_PARTE",1691404,"NS5L7XTIUVA01O"
26343,"NRO_PARTE",1691405,"NS5L78MIPVA01T"
26343,"NRO_PARTE",1691406,"NS5L5GMIPVA00N"
26343,"NRO_PARTE",1691407,"NS5H7GMIPVA022"
26343,"NRO_PARTE",1691408,"NS5H7WMIPVA023"
26343,"NRO_PARTE",1691409,"1PTL35-5812SS3"
26343,"NRO_PARTE",1691410,"LENOVO K14 7"
26343,"NRO_PARTE",1691411,"LENOVO K14 3"
26343,"NRO_PARTE",1691412,"LENOVO K14 14"
26343,"NRO_PARTE",1691413,"LENOVO K14 112"
26343,"NRO_PARTE",1691414,"21CSS0A000"
26343,"NRO_PARTE",1691415,"21CSS0A700"
26343,"NRO_PARTE",1691416,"21CSS09X00"
26343,"NRO_PARTE",1691417,"21CSS09V00"
26343,"NRO_PARTE",1691418,"21CSS0AK00"
26343,"NRO_PARTE",1691419,"0PTL351-341OH3-FHD"
26343,"NRO_PARTE",1691420,"0PTL351-3425SS3-HD"
26343,"NRO_PARTE",1691421,"0PTL351-3425OH3-HD"
26343,"NRO_PARTE",1691422,"0PTL351-3412SS3-FHD"
26343,"NRO_PARTE",1691423,"198L0LA#ABM"
26343,"NRO_PARTE",1691424,"8ZD83LA#ABM"
26343,"NRO_PARTE",1691425,"158K4LT#ABM"
26343,"NRO_PARTE",1691426,"19C61LA#ABM-OP"
26343,"NRO_PARTE",1691427,"674A1LT#ABM-OPA"
26343,"NRO_PARTE",1691428,"674A5LT#ABM-A"
26343,"NRO_PARTE",1691429,"674A5LT#ABM-OHA"
26343,"NRO_PARTE",1691430,"674A5LT#ABM-OPA"
26343,"NRO_PARTE",1691431,"20X2SAHG00"
26343,"NRO_PARTE",1691432,"0PTL34-5812SS3"
26343,"NRO_PARTE",1691433,"WE15I7E114P"
26343,"NRO_PARTE",1691434,"674A0LT#ABM"
26343,"NRO_PARTE",1691435,"6C5Y0LT#ABM"
26343,"NRO_PARTE",1691436,"0PTL741-7161SOH3-FHD-VP"
26343,"NRO_PARTE",1691437,"NS5L7GTIPVA040"
26343,"NRO_PARTE",1691438,"NS5L58MIPVA00P"
26343,"NRO_PARTE",1691439,"NS5H7GMIPVA044"
26343,"NRO_PARTE",1691440,"1PTL34-71612SS3"
26343,"NRO_PARTE",1691441,"LENOVO K14 4"
26343,"NRO_PARTE",1691442,"LENOVO K14 21"
26343,"NRO_PARTE",1691443,"21CSS0A600"
26343,"NRO_PARTE",1691444,"21CSS0AA00"
26343,"NRO_PARTE",1691445,"21CSS0AF00"
26343,"NRO_PARTE",1691446,"8ZN68LT#ABM"
26343,"NRO_PARTE",1723276,"7C6J8LA#ABM"
26343,"NRO_PARTE",1723406,"7C6E8LA#ABM"
26343,"NRO_PARTE",1723417,"7C6F1LA#ABM"
26343,"NRO_PARTE",3755572,"T16G8C734322100H-OH"
26343,"NRO_PARTE",1730290,"PYS44U-03100U"
26343,"NRO_PARTE",1730706,"21EES1FE00"
26343,"NRO_PARTE",1730748,"21EES1FD00"
26343,"NRO_PARTE",4069828,"TH14G8U7H162100-OH"
26343,"NRO_PARTE",1728423,"21E7S1NF00"
26343,"NRO_PARTE",1728460,"21E7S1NG00"
26343,"NRO_PARTE",1722061,"6Q4H5LT#ABM-OH-PRUEBA"
26343,"NRO_PARTE",3731468,"5PTL545-7U161SSS3-VP-A"
26343,"NRO_PARTE",3731513,"5PTL545-7U161SOH3-VP-A"
26343,"NRO_PARTE",3779148,"4PTL745-7U321SSS30-VP"
26343,"NRO_PARTE",2797004,"E14G5I51108101-OP2"
26343,"NRO_PARTE",2797013,"E14G5I51108201-OH2"
26343,"NRO_PARTE",2797082,"E14G5I71116101-OH2"
26343,"NRO_PARTE",1902425,"V15#G4#R3908101A"
26343,"NRO_PARTE",2778560,"L05AN5X07"
26343,"NRO_PARTE",2778572,"L05AN5X08"
26343,"NRO_PARTE",2778594,"L05AN5X0D"
26343,"NRO_PARTE",2778617,"L05AN5X0F"
26343,"NRO_PARTE",2778640,"L05AN5X16"
26343,"NRO_PARTE",2778668,"L05AN5X17"
26343,"NRO_PARTE",2778696,"L05AN5X18"
26343,"NRO_PARTE",3728206,"E16G6U51816101H-OH"
26343,"NRO_PARTE",1773520,"3PTL342-3456OP1-FHD"
26343,"NRO_PARTE",2777557,"PNL11U-05K008-OP"
26343,"NRO_PARTE",1687512,"21C4S41K00"
26343,"NRO_PARTE",1687513,"21C4S41M00-OP"
26343,"NRO_PARTE",1687514,"21C4S41M00-OH"
26343,"NRO_PARTE",1687515,"2PTL552-71612S2OH3-FHD-"
26343,"NRO_PARTE",1687516,"NB06VVA0L"
26343,"NRO_PARTE",1687517,"NB0ZAVA0V"
26343,"NRO_PARTE",1687518,"NB0RAVA0X"
26343,"NRO_PARTE",1687519,"NB06AVA11"
26343,"NRO_PARTE",1687520,"NB0PAVA14"
26343,"NRO_PARTE",1687521,"NB0GAVA1F"
26343,"NRO_PARTE",1687522,"NB0HAVA1G"
26343,"NRO_PARTE",1687523,"NB0CAVA1L"
26343,"NRO_PARTE",1687524,"NBHDAVA1X"
26343,"NRO_PARTE",1687525,"21CUS00B00"
26343,"NRO_PARTE",1687526,"2PTL342-31612OP3-FHD"
26343,"NRO_PARTE",1687527,"618U3LT#ABM-OHM"
26343,"NRO_PARTE",1687528,"8YQ82LT-OH"
26343,"NRO_PARTE",1687529,"428R0LS#ABM-OPMD"
26343,"NRO_PARTE",1687530,"20X4S5BU00"
26343,"NRO_PARTE",1687531,"20X4S5BV00"
26343,"NRO_PARTE",1687532,"20X6S0Y100"
26343,"NRO_PARTE",1687533,"20X6S0Y200"
26343,"NRO_PARTE",1687534,"20X6S0XK00"
26343,"NRO_PARTE",1687535,"20X6S0XW00"
26343,"NRO_PARTE",1687536,"20X6S0XQ00"
26343,"NRO_PARTE",1687537,"20X6S0Y000"
26343,"NRO_PARTE",1687538,"20X6S0XN00"
26343,"NRO_PARTE",1687539,"20U8S2S100"
26343,"NRO_PARTE",1687540,"21E4S11700"
26343,"NRO_PARTE",1687541,"21E7S1HS00-OH"
26343,"NRO_PARTE",1687542,"21E4S11900-OP"
26343,"NRO_PARTE",1687543,"21E7S1HV00"
26343,"NRO_PARTE",1687544,"6C5X9LT#ABM"
26343,"NRO_PARTE",1687545,"21E4S11L00-OH"
26343,"NRO_PARTE",1687546,"NBLX0VA02"
26343,"NRO_PARTE",1687547,"NBLN0VA0A"
26343,"NRO_PARTE",1687548,"NBHEAVA1Z"
26343,"NRO_PARTE",1687549,"NBHZAVA21"
26343,"NRO_PARTE",1687550,"2PTL342-3812OP3-FHD"
26343,"NRO_PARTE",1687551,"21CSS0DP00"
26343,"NRO_PARTE",1687552,"3Y2J3LS-OH"
26343,"NRO_PARTE",1687553,"20X6S0X500"
26343,"NRO_PARTE",1687554,"20X6S0WK00"
26343,"NRO_PARTE",1687555,"20X4S5BS00"
26343,"NRO_PARTE",1687556,"20X6S0WS00"
26343,"NRO_PARTE",1687557,"20X6S0X400"
26343,"NRO_PARTE",1687558,"428R0LS#ABM-OHMD"
26343,"NRO_PARTE",1687559,"20X6S0X300"
26343,"NRO_PARTE",1687560,"428R0LS#ABM-D"
26343,"NRO_PARTE",1687561,"20X6S0Y300"
26343,"NRO_PARTE",1687562,"2PTL553-5812SOH3-FHD"
26343,"NRO_PARTE",1687563,"2PTL553-5812SOP3-FHD"
26343,"NRO_PARTE",1687564,"0PTL35-7812OH3"
26343,"NRO_PARTE",1687565,"0PTL35-71612OH3"
26343,"NRO_PARTE",1687566,"NB0KAVA19"
26343,"NRO_PARTE",1687567,"NB0WAVA1M"
26343,"NRO_PARTE",1687568,"NBHFVVA1W"
26343,"NRO_PARTE",1687569,"NBH1VVA1V"
26343,"NRO_PARTE",1687570,"NBHSAVA25"
26343,"NRO_PARTE",1687571,"1PTL552-50825OH3-FHD-T-2V"
26343,"NRO_PARTE",1687572,"1PTL552-50812OP3-FHD-T-2V"
26343,"NRO_PARTE",1687573,"NB0XA3BVA0S"
26343,"NRO_PARTE",1691447,"150S9LS#ABM"
26343,"NRO_PARTE",1691448,"0PTL351-381OH3-HD"
26343,"NRO_PARTE",1691449,"1B8V1LS#ABM"
26343,"NRO_PARTE",1691450,"2B262LA#ABM"
26343,"NRO_PARTE",1691451,"82DQ0012LM"
26343,"NRO_PARTE",1691452,"0PTL741-71612SS3-T"
26343,"NRO_PARTE",1691453,"82DQ0011LM"
26343,"NRO_PARTE",1691454,"82C4010QLM"
26343,"NRO_PARTE",1691455,"1A2X3LA#ABM-OP"
26343,"NRO_PARTE",1691456,"1A2X6LA#ABM-OP"
26343,"NRO_PARTE",1691457,"674A5LT#ABM-OHM"
26343,"NRO_PARTE",1691458,"674A5LT#ABM-OPM"
26343,"NRO_PARTE",1691459,"21E7S0GS00 -OP"
26343,"NRO_PARTE",1691460,"21E7S0AY00"
26343,"NRO_PARTE",1691461,"563N6LA#ABM-OP"
26343,"NRO_PARTE",1691462,"NS5H78MIPVA03Q"
26343,"NRO_PARTE",1691463,"NS5L5WTIHVA00L"
26343,"NRO_PARTE",1691464,"NS5L78TIPVA01X"
26343,"NRO_PARTE",1691465,"NS5L5GMIPVA00Q"
26343,"NRO_PARTE",1691466,"NS5H7WMIPVA045"
26343,"NRO_PARTE",1691467,"NS5H78MIPVA047"
26343,"NRO_PARTE",1691468,"NHH7GQ86TIVAAG"
26343,"NRO_PARTE",1691469,"NHL78T86TIVA82"
26343,"NRO_PARTE",1691470,"LENOVO K14 9"
26343,"NRO_PARTE",1691471,"LENOVO K14  145"
26343,"NRO_PARTE",1691472,"LENOVO K14 161"
26343,"NRO_PARTE",1691473,"21CSS0A400"
26343,"NRO_PARTE",1691474,"21CSS0A100"
26343,"NRO_PARTE",1691475,"21CSS0AL00"
26343,"NRO_PARTE",1691476,"0PTL741-71612OP3-T"
26343,"NRO_PARTE",1691477,"82C4010SLM"
26343,"NRO_PARTE",1691478,"0PTL351-341SS1-U"
26343,"NRO_PARTE",1691479,"0PTL351-341OH1-U"
26343,"NRO_PARTE",1691480,"8ZR73LS#ABM-SO"
26343,"NRO_PARTE",1691481,"82C40145LM"
26343,"NRO_PARTE",1691482,"2F5H4LS#ABM"
26343,"NRO_PARTE",1691483,"2F5H4LS#ABM-OH"
26343,"NRO_PARTE",1691484,"82C40146LM"
26343,"NRO_PARTE",1691485,"17G29LS#ABM-OP"
26343,"NRO_PARTE",1691486,"674A1LT#ABM-OHA"
26343,"NRO_PARTE",1691487,"2K2Q1LT#ABM-W"
26343,"NRO_PARTE",1691488,"2K2Q1LT#ABM-OHW"
26343,"NRO_PARTE",1691489,"2K2Q1LT#ABM-OPW"
26343,"NRO_PARTE",1691490,"2P5L8LT#ABM-OHW"
26343,"NRO_PARTE",1691491,"0PTL741-7161SOP3-FHD-VP"
26343,"NRO_PARTE",1691492,"90NX0441-M03CR0-OH"
26343,"NRO_PARTE",1691493,"90NX0441-M03CS0"
26343,"NRO_PARTE",1691494,"2Q6D0LS#ABM"
26343,"NRO_PARTE",1691495,"2Q6D0LS#ABM-OH"
26343,"NRO_PARTE",1691496,"1M9X7LT#ABM-OH"
26343,"NRO_PARTE",1691497,"1N0D4LT#ABM-OH"
26343,"NRO_PARTE",1691498,"1N0E1LT#ABM-OH"
26343,"NRO_PARTE",1691499,"1N0E1LT#ABM-OP"
26343,"NRO_PARTE",1691500,"NBH9A3BVA24"
26343,"NRO_PARTE",1691501,"0PTL541-7825SS3-LTE"
26343,"NRO_PARTE",1691502,"2J6N5LT#ABM"
26343,"NRO_PARTE",1691503,"16Z90P-G.AH85B4-GOB OFFICE"
26343,"NRO_PARTE",1691504,"21E7S1HS00-OP"
26343,"NRO_PARTE",1691505,"21E7S1HX00"
26343,"NRO_PARTE",1691506,"21E7S1J200"
26343,"NRO_PARTE",1691507,"21E7S1J200-OP"
26343,"NRO_PARTE",3760030,"83G80012PD"
26343,"NRO_PARTE",3760082,"83G80013PD"
26343,"NRO_PARTE",3760201,"83L4000BPD"
26343,"NRO_PARTE",1729201,"20X2SC0200"
26343,"NRO_PARTE",4069680,"E16G3U7H162100H-OH"
26343,"NRO_PARTE",4069715,"TH14G8U5U162100-OH"
26343,"NRO_PARTE",1728421,"21E7S1PK00"
26343,"NRO_PARTE",1728622,"21EES1D300"
26343,"NRO_PARTE",1728645,"21EES1D700"
26343,"NRO_PARTE",4051764,"L14G6U721162100"
26343,"NRO_PARTE",4051777,"L14G6U721162100-OH"
26343,"NRO_PARTE",1722118,"7C6E6LA#ABM-OH"
26343,"NRO_PARTE",1722120,"7C6E6LA#ABM-OP"
26343,"NRO_PARTE",3731141,"4PTL355-7161SSS3-B-N"
26343,"NRO_PARTE",3731183,"V15G5C734162100H"
26343,"NRO_PARTE",3779187,"4PTL745-7U321SSS31-VP"
26343,"NRO_PARTE",2797826,"V14G4R51081003-OH"
26343,"NRO_PARTE",2778603,"PNL11U-07C008-OP"
26343,"NRO_PARTE",2778606,"A2CJ6LA#ABM-OP"
26343,"NRO_PARTE",2778715,"L07AN5X1D"
26343,"NRO_PARTE",2778724,"L05AN5X1C"
26343,"NRO_PARTE",2778751,"L07AN5X22"
26343,"NRO_PARTE",2778758,"L05AN5X1E"
26343,"NRO_PARTE",2778761,"PNL11U-079008-OH"
26343,"NRO_PARTE",3728420,"E16G6U71916101H"
26343,"NRO_PARTE",2777564,"PNL11U-05K008-OH"
26343,"NRO_PARTE",2777572,"PNL11U-05K008"
26343,"NRO_PARTE",1687574,"21E4S0R800- OH"
26343,"NRO_PARTE",1687575,"53011YYQ-MOP"
26343,"NRO_PARTE",1687576,"20X4S5BW00"
26343,"NRO_PARTE",1687577,"20X6S0XJ00"
26343,"NRO_PARTE",1687578,"8YQ82LT-OP"
26343,"NRO_PARTE",1687579,"20X6S0XG00"
26343,"NRO_PARTE",1687580,"20X6S0XP00"
26343,"NRO_PARTE",1687581,"20X6S0XU00"
26343,"NRO_PARTE",1687582,"2T2D4LT#ABM-OH"
26343,"NRO_PARTE",1687583,"2T2D4LT#ABM-OP"
26343,"NRO_PARTE",1687584,"20X4S2B400"
26343,"NRO_PARTE",1687585,"428R0LS#ABM-M"
26343,"NRO_PARTE",1687586,"20X4S5AT00"
26343,"NRO_PARTE",1687587,"20X2S4J700"
26343,"NRO_PARTE",1687588,"20X6S0WP00"
26343,"NRO_PARTE",1687589,"428R0LS#ABM-MD"
26343,"NRO_PARTE",1687590,"20X6S0WX00"
26343,"NRO_PARTE",1687591,"20X6S0WJ00"
26343,"NRO_PARTE",1687592,"20X2S4J600"
26343,"NRO_PARTE",1687593,"21CSS0WL00"
26343,"NRO_PARTE",1687594,"674A5LT#ABM-OP"
26343,"NRO_PARTE",1687595,"0PTL35-7161OP3"
26343,"NRO_PARTE",1687596,"NBLD0VA01"
26343,"NRO_PARTE",1687597,"NB0UAVA1I"
26343,"NRO_PARTE",1687598,"NBHDVVA1N"
26343,"NRO_PARTE",1687599,"NBHXVVA1O"
26343,"NRO_PARTE",1687600,"NBHRVVA1Q"
26343,"NRO_PARTE",1687601,"NBH6VVA1R"
26343,"NRO_PARTE",1687602,"NBHNVVA1S"
26343,"NRO_PARTE",1687603,"NBH3VVA1T"
26343,"NRO_PARTE",1687604,"NBHJVVA1U"
26343,"NRO_PARTE",1687605,"NBHXAVA1Y"
26343,"NRO_PARTE",1687606,"1PTL552-50812OH3-FHD-T-2V"
26343,"NRO_PARTE",1687607,"428R0LS#ABM-OHD"
26343,"NRO_PARTE",1687608,"428R0LS#ABM-OPD"
26343,"NRO_PARTE",1687609,"428R0LS"
26343,"NRO_PARTE",1687610,"20X2S4JD00"
26343,"NRO_PARTE",1687611,"20W1CTO1WW"
26343,"NRO_PARTE",1687612,"20X6S0XH00"
26343,"NRO_PARTE",1687613,"428R0LS-OH"
26343,"NRO_PARTE",1687614,"6C5Y1LT#ABM"
26343,"NRO_PARTE",1687615,"2PTL553-7812SSS3-FHD"
26343,"NRO_PARTE",1687616,"6K6X5LT#ABM"
26343,"NRO_PARTE",1687617,"55F82LS#ABM-A"
26343,"NRO_PARTE",1687618,"20X2S3LQ00"
26343,"NRO_PARTE",1687619,"20X2S3LX00"
26343,"NRO_PARTE",1687620,"37G45LT#ABM-OH"
26343,"NRO_PARTE",1687621,"20X4S4BJ00"
26343,"NRO_PARTE",1687622,"20X6S0L100"
26343,"NRO_PARTE",1687623,"3Y2J3LS#ABM-OH"
26343,"NRO_PARTE",1687624,"NBHYAVA20"
26343,"NRO_PARTE",1687625,"NBHRAVA23"
26343,"NRO_PARTE",1687626,"NBH9AVA24"
26343,"NRO_PARTE",1687627,"NBLU0VA4L"
26343,"NRO_PARTE",1687628,"NB0RVVA0K"
26343,"NRO_PARTE",1687629,"NB0EAVA0T"
26343,"NRO_PARTE",1687630,"NB0YAVA0U"
26343,"NRO_PARTE",1687631,"NB05AVA1A"
26343,"NRO_PARTE",1687632,"82LM00BRLM"
26343,"NRO_PARTE",1687633,"20W1SCCN00"
26343,"NRO_PARTE",1687634,"20TES62A00"
26343,"NRO_PARTE",1687635,"20TES62E00"
26343,"NRO_PARTE",1687636,"21BWS2GD00"
26343,"NRO_PARTE",1691508,"21E7S1J100"
26343,"NRO_PARTE",1691509,"21E7S1J100-OH"
26343,"NRO_PARTE",1691510,"21E7S1HT00"
26343,"NRO_PARTE",1691511,"21E7S1HM00"
26343,"NRO_PARTE",1691512,"21E7S1HK00-OP"
26343,"NRO_PARTE",1691513,"21E7S1HK00-OH"
26343,"NRO_PARTE",1691514,"6C5X9LT#ABM-OH"
26343,"NRO_PARTE",1691515,"90NX0441-M03CT0"
26343,"NRO_PARTE",1691516,"20TBS16N00"
26343,"NRO_PARTE",1691517,"F4J01LA#ABM"
26343,"NRO_PARTE",1691518,"F4J08LA#ABM"
26343,"NRO_PARTE",1691519,"F4J09LA#ABM"
26343,"NRO_PARTE",1691520,"F4L93AW#ABM"
26343,"NRO_PARTE",1691521,"F7N05LA#ABM"
26343,"NRO_PARTE",1691522,"F7N07LA#ABM"
26343,"NRO_PARTE",1691523,"F7U94LA#ABM"
26343,"NRO_PARTE",1691524,"F7U99LT#ABM"
26343,"NRO_PARTE",1691525,"F7V23LT#ABM"
26343,"NRO_PARTE",1691526,"F7W27LT#ABM"
26343,"NRO_PARTE",1691527,"F7W65LT#ABM"
26343,"NRO_PARTE",1691528,"G1Q41LA#ABM"
26343,"NRO_PARTE",1691529,"G1Q42LA#ABM"
26343,"NRO_PARTE",1691530,"G1Q42LT#ABM"
26343,"NRO_PARTE",1691531,"G1Q69LA#ABM"
26343,"NRO_PARTE",1691532,"G1R01LT#ABM"
26343,"NRO_PARTE",1691533,"G1R02LT#ABM"
26343,"NRO_PARTE",1691534,"G1R04LT#ABM"
26343,"NRO_PARTE",1691535,"G1R05LT#ABM"
26343,"NRO_PARTE",1691536,"G1R09LT#ABM"
26343,"NRO_PARTE",1691537,"G1R10LT#ABM"
26343,"NRO_PARTE",1691538,"G4T83LT#ABM"
26343,"NRO_PARTE",1691539,"G4T84LT#ABM"
26343,"NRO_PARTE",1691540,"J2L45LT#ABM"
26343,"NRO_PARTE",1691541,"J2L47LT#ABM"
26343,"NRO_PARTE",1691542,"J2L50LT#ABM"
26343,"NRO_PARTE",1691543,"J2L51LT#ABM"
26343,"NRO_PARTE",1691544,"J2L73LA#ABM"
26343,"NRO_PARTE",1691545,"J2L77LA#ABM"
26343,"NRO_PARTE",1691546,"NBPPA3BVA3G"
26343,"NRO_PARTE",1691547,"20DCA05H00"
26343,"NRO_PARTE",1691548,"20DCA05J00"
26343,"NRO_PARTE",1691549,"20DCA05K00"
26343,"NRO_PARTE",1691550,"20DE"
26343,"NRO_PARTE",1691551,"20DEA01S00"
26343,"NRO_PARTE",1691552,"20DEA01T00"
26343,"NRO_PARTE",1691553,"20DF0042LM"
26343,"NRO_PARTE",1691554,"20DFA03000"
26343,"NRO_PARTE",1691555,"20DFA03100"
26343,"NRO_PARTE",1691556,"20DFA03200"
26343,"NRO_PARTE",1691557,"20DFA03300"
26343,"NRO_PARTE",1691558,"20DFA03400"
26343,"NRO_PARTE",1691559,"20DFA03500"
26343,"NRO_PARTE",1691560,"20DFA03600"
26343,"NRO_PARTE",1691561,"20DFA03700"
26343,"NRO_PARTE",1691562,"0PTL741-5825OP3-FHD"
26343,"NRO_PARTE",1691563,"0PTL741-51625OP3-FHD"
26343,"NRO_PARTE",1691564,"0PTL741-7812OH3-FHD"
26343,"NRO_PARTE",1691565,"NOTEBOOK LATITUDE 7410"
26343,"NRO_PARTE",1691566,"3D2Q2LT#ABM-OP"
26343,"NRO_PARTE",1691567,"26N49LT#ABM-OPA"
26343,"NRO_PARTE",1691568,"2F0V5LT-OH"
26343,"NRO_PARTE",1691569,"20X2SAHP00"
26343,"NRO_PARTE",1728880,"20W1SG5X00-OP"
26343,"NRO_PARTE",1728936,"20W1SG8200-OH"
26343,"NRO_PARTE",1729083,"20WNS8HY00-OH"
26343,"NRO_PARTE",1729080,"20WNS8HY00"
26343,"NRO_PARTE",1729204,"20X2SC0200-OH"
26343,"NRO_PARTE",4069725,"TH14G8U5U162100H"
26343,"NRO_PARTE",4069857,"TH14G8U7H162100H"
26343,"NRO_PARTE",1728676,"21EES1D600"
26343,"NRO_PARTE",3731177,"4PTL355-7161SOH3-B-N"
26343,"NRO_PARTE",2778770,"L07AN5X23"
26343,"NRO_PARTE",2778775,"L05AN5X22"
26343,"NRO_PARTE",2778806,"PNL11U-079008-OP"
26343,"NRO_PARTE",2778808,"A24Z2LT#ABM-OH"
26343,"NRO_PARTE",2778814,"L07AN5X2C"
26343,"NRO_PARTE",2778832,"L07AN5X2D"
26343,"NRO_PARTE",2778848,"L07AN5X31"
26343,"NRO_PARTE",2778851,"L07AN5X37"
26343,"NRO_PARTE",3728280,"E16G6U51816201H"
26343,"NRO_PARTE",3764108,"4PTLPR14-7U161SSS4-VP-B"
26343,"NRO_PARTE",3138490,"T14G7U51616101"
26343,"NRO_PARTE",1687637,"21BWS2GG00"
26343,"NRO_PARTE",1687638,"21ECS0KX00-OH"
26343,"NRO_PARTE",1687639,"21EES0N000"
26343,"NRO_PARTE",1687640,"21E7S1LB00"
26343,"NRO_PARTE",1687641,"20T1S8A100"
26343,"NRO_PARTE",1687642,"82HW001WLM"
26343,"NRO_PARTE",1687643,"20TBS3KS00"
26343,"NRO_PARTE",1687644,"NBLE0VA03"
26343,"NRO_PARTE",1687645,"NBLY0VA04"
26343,"NRO_PARTE",1687646,"NBL40VA0F"
26343,"NRO_PARTE",1687647,"NBLK0VA0G"
26343,"NRO_PARTE",1687648,"NBLA0VA4F"
26343,"NRO_PARTE",1687649,"NBLB0VA4G"
26343,"NRO_PARTE",1687650,"NBLC0VA4H"
26343,"NRO_PARTE",1687651,"8YQ79LT#ABM-OH"
26343,"NRO_PARTE",1687652,"NBLV0VA4M"
26343,"NRO_PARTE",1687653,"1PTV34-C425SS1"
26343,"NRO_PARTE",1687654,"1PTV34-5825OH1"
26343,"NRO_PARTE",1687655,"1PTV34-C425OP1"
26343,"NRO_PARTE",1687656,"1PTV34-C425SS3"
26343,"NRO_PARTE",1687657,"1PTV34-C425OH1"
26343,"NRO_PARTE",1687658,"1PTV34-C425OH3"
26343,"NRO_PARTE",1687659,"1PTV34-C425OP3"
26343,"NRO_PARTE",1687660,"NBHEA3BVA1Z"
26343,"NRO_PARTE",1687661,"20TES62B00"
26343,"NRO_PARTE",1687662,"20X6S21100"
26343,"NRO_PARTE",1687663,"0PTL341-781SS3-I"
26343,"NRO_PARTE",1687664,"20RW00G5LM"
26343,"NRO_PARTE",1687665,"0PTL351-7161SSS3-I"
26343,"NRO_PARTE",1687666,"21BWS2G900-OP"
26343,"NRO_PARTE",1687667,"20W1SB3F00"
26343,"NRO_PARTE",1687668,"20W1SD2200"
26343,"NRO_PARTE",1687669,"20W1SD2200-OH"
26343,"NRO_PARTE",1687670,"21AJS66B00"
26343,"NRO_PARTE",1687671,"7B9Q2LS#ABM-OPM"
26343,"NRO_PARTE",1687672,"3T724LS#ABM-OP"
26343,"NRO_PARTE",1687673,"82HW001WLM-OH"
26343,"NRO_PARTE",1687674,"20YDS07E00"
26343,"NRO_PARTE",1687675,"20X2S3LP00"
26343,"NRO_PARTE",1687676,"20YDS07D00"
26343,"NRO_PARTE",1687677,"20YDS07G00"
26343,"NRO_PARTE",1687678,"20YDS07H00"
26343,"NRO_PARTE",1687679,"NB0DVVA0H"
26343,"NRO_PARTE",1687680,"NB08VVA0J"
26343,"NRO_PARTE",1687681,"NB03VVA0N"
26343,"NRO_PARTE",1687682,"NB0JVVA0O"
26343,"NRO_PARTE",1687683,"NB0FVVA0Q"
26343,"NRO_PARTE",1687684,"NB0SAVA0Z"
26343,"NRO_PARTE",1687685,"NB0TAVA10"
26343,"NRO_PARTE",1687686,"NB0NAVA12"
26343,"NRO_PARTE",1687687,"NB07AVA13"
26343,"NRO_PARTE",1687688,"NB03AVA16"
26343,"NRO_PARTE",1687689,"NB04AVA18"
26343,"NRO_PARTE",1687690,"NB0MAVA1B"
26343,"NRO_PARTE",1687691,"NB01AVA1C"
26343,"NRO_PARTE",1687692,"20TES62800"
26343,"NRO_PARTE",1687693,"20TES62500"
26343,"NRO_PARTE",1687694,"20TES62400"
26343,"NRO_PARTE",1687695,"0PTL351-7161SOH3-I"
26343,"NRO_PARTE",1687696,"20T8S01K00"
26343,"NRO_PARTE",1687697,"0PTL351-781SS3-FHD-V-M"
26343,"NRO_PARTE",1687698,"0PTL351-581SS3-FHD"
26343,"NRO_PARTE",1687699,"20S0S0ET00"
26343,"NRO_PARTE",1691570,"90NX0441-M03CR0"
26343,"NRO_PARTE",1691571,"90NX0441-M03CT0-OH"
26343,"NRO_PARTE",1691572,"90NX0441-M03CU0-OH"
26343,"NRO_PARTE",1691573,"20TBS18U00"
26343,"NRO_PARTE",1691574,"20TBS19200"
26343,"NRO_PARTE",1691575,"20TBS1AT00"
26343,"NRO_PARTE",1691576,"0PTL741-5812SS3-FHD"
26343,"NRO_PARTE",1691577,"0PTL741-51625SS3-FHD"
26343,"NRO_PARTE",1691578,"1PTL34-7812SS3"
26343,"NRO_PARTE",1691579,"2F0V5LT"
26343,"NRO_PARTE",1691580,"20X2SAHN00"
26343,"NRO_PARTE",1691581,"20X2SAHS00"
26343,"NRO_PARTE",1691582,"90NX0441-M03CS0-OH"
26343,"NRO_PARTE",1691583,"90NX0551-M00UE0"
26343,"NRO_PARTE",1691584,"90NX0551-M00UE0-OH"
26343,"NRO_PARTE",1691585,"90NX0411-M01E80-OH"
26343,"NRO_PARTE",1691586,"3E3S9LS#ABM-OP"
26343,"NRO_PARTE",1691587,"0PTL741-5161SOH3-FHD"
26343,"NRO_PARTE",1691588,"0PTL541-5825SS3-FHD"
26343,"NRO_PARTE",1691589,"6MF23LT_ABM-OH"
26343,"NRO_PARTE",1691590,"6MF23LT_ABM-OP"
26343,"NRO_PARTE",1691591,"0PTL34-5161SS3"
26343,"NRO_PARTE",1691592,"0PTL34-781SS3"
26343,"NRO_PARTE",1691593,"0PTL34-781OP3"
26343,"NRO_PARTE",1691594,"0PTL34-7812SS3"
26343,"NRO_PARTE",1691595,"0PTL34-7161SS3"
26343,"NRO_PARTE",1691596,"0PTL34-7161OP3"
26343,"NRO_PARTE",1691597,"6M4L6LT#ABM-OH"
26343,"NRO_PARTE",1691598,"6P162LT#ABM"
26343,"NRO_PARTE",1691599,"6P162LT#ABM-OH"
26343,"NRO_PARTE",1691600,"0PTL741-5812OP3-FHD"
26343,"NRO_PARTE",1691601,"20TBS42S00"
26343,"NRO_PARTE",1691602,"20X2SAHK00"
26343,"NRO_PARTE",1691603,"618S6LT#ABM-OPMD"
26343,"NRO_PARTE",1691604,"NBHHA3BVA2M"
26343,"NRO_PARTE",1691605,"NBLPA3BVA4C"
26343,"NRO_PARTE",1691606,"90NX0551-M00UC0-OH"
26343,"NRO_PARTE",1691607,"90NX0551-M00UD0"
26343,"NRO_PARTE",1691608,"90NX0551-M00UD0-OH"
26343,"NRO_PARTE",1691609,"6M4L6LT#ABM-OP"
26343,"NRO_PARTE",1691610,"6P162LT#ABM-OP"
26343,"NRO_PARTE",1691611,"6P163LT#ABM"
26343,"NRO_PARTE",1691612,"90NX0421-M05BJ0-OH"
26343,"NRO_PARTE",1691613,"26N53LT#ABM-M"
26343,"NRO_PARTE",1691614,"20TBS16J00"
26343,"NRO_PARTE",1691615,"3D2Q2LT-OH"
26343,"NRO_PARTE",1691616,"20RDS0TT00"
26343,"NRO_PARTE",1691617,"81NC000KLM"
26343,"NRO_PARTE",1691618,"21Y13LA#ABM-OH"
26343,"NRO_PARTE",1691619,"21Y04LA#ABM"
26343,"NRO_PARTE",1691620,"1F4N8LT#ABM-OH"
26343,"NRO_PARTE",1691621,"20RW00DXLM"
26343,"NRO_PARTE",1691622,"0PTL341-3812OH3-H"
26343,"NRO_PARTE",1691623,"0PTL341-3812SS3-C"
26343,"NRO_PARTE",1691624,"20U2S2EK00"
26343,"NRO_PARTE",1691625,"0PTL341-31612OH3-C-H"
26343,"NRO_PARTE",1691626,"0PTL341-31612OH3-H"
26343,"NRO_PARTE",1691627,"21Y09LA#ABM-A"
26343,"NRO_PARTE",1691628,"2PTL553-71612SOH3-FHD-2V"
26343,"NRO_PARTE",1691629,"2PTL553-71612SOH3-FHD-V-2V"
26343,"NRO_PARTE",1691630,"2PTL553-71612SSS3-FHD-2V"
51113,"SISTEMA_DE_MANEJO_RAEE",3716368,"SIST. MANEJO RAEE: COLECTIVO"
51113,"SISTEMA_DE_MANEJO_RAEE",3716369,"SIST. MANEJO RAEE: INDIVIDUAL"
26344,"CERTIFICACION",1693066,"TCO"
26344,"CERTIFICACION",1693067,"WEEE"
26344,"CERTIFICACION",1693068,"TÜV Rheinland Flicker Free"
26344,"CERTIFICACION",1693069,"TÜV Rheinland Color Accuracy and Quick Stability"
26344,"CERTIFICACION",1693070,"REACH"
26344,"CERTIFICACION",1693071,"CB"
26344,"CERTIFICACION",1693072,"BQB"
26344,"CERTIFICACION",1693073,"ErP"
26344,"CERTIFICACION",1693074,"Eyesafe display"
26344,"CERTIFICACION",1693075,"BSMI-TAIWAN MARK"
26344,"CERTIFICACION",1693076,"MIL-STD 810H"
26344,"CERTIFICACION",1693077,"CCC - CHINA"
26344,"CERTIFICACION",1693078,"IP52"
26344,"CERTIFICACION",1693079,"ISV"
26344,"CERTIFICACION",1693080,"SKYPE FOR BUSINESS"
26344,"CERTIFICACION",1693081,"cCSAus"
26344,"CERTIFICACION",1693082,"CE O UE"
26344,"CERTIFICACION",1693083,"ENERGY STAR"
26344,"CERTIFICACION",1693084,"EPEAT"
26344,"CERTIFICACION",1693085,"FCC - EE. UU."
26344,"CERTIFICACION",1693086,"ISO 9001"
26344,"CERTIFICACION",1693087,"RoHS"
26344,"CERTIFICACION",1693088,"TUV/S S-Mark (Japan)"
26344,"CERTIFICACION",1693089,"UL"
26344,"CERTIFICACION",1693090,"IP65"
26344,"CERTIFICACION",1693091,"IP55"
26344,"CERTIFICACION",1693092,"MIL-STD-461F"
26344,"CERTIFICACION",1693093,"MIL-STD 810G"
26344,"CERTIFICACION",1693094,"ISO 14001"
26344,"CERTIFICACION",1693095,"EPA 5.0"
26344,"CERTIFICACION",1693096,"VCCI-JAPAN"
26344,"CERTIFICACION",1693097,"MIL-STD-461H"
26344,"CERTIFICACION",3850645,"IP53"
26429,"COMPONENTES",1693098,"CD CON SOFTWARE"
26429,"COMPONENTES",1693099,"CABLE DE PODER"
26429,"COMPONENTES",1693100,"MANUAL"
26429,"COMPONENTES",1693101,"ADAPTADOR AC SMART DE 90 WATT"
26429,"COMPONENTES",1693102,"ADAPTADOR AC DE 45W NPFC"
26429,"COMPONENTES",1693103,"ADAPTADOR AC SMART DE 45 WATT"
26429,"COMPONENTES",1693104,"ADAPTADOR AC SMART DE 65 WATT"
26429,"COMPONENTES",1693105,"ADAPTADOR AC DE 150 WATT"
26429,"COMPONENTES",1693106,"ADAPTADOR USB-C A HDMI"
26429,"COMPONENTES",1693107,"ADAPTADOR AC USB - TIPO C"
26429,"COMPONENTES",1693108,"ADAPTADOR AC EXTERNO DE 120 WATT"
26429,"COMPONENTES",1693109,"ADAPTADOR AC EXTERNO DE 135 WATT"
26429,"COMPONENTES",1693110,"ADAPTADOR AC DE 65W 3 PIN"
26429,"COMPONENTES",1693111,"ADAPTADOR USB 3.0 TIPO C - JACK RJ45"
26429,"COMPONENTES",1693112,"ADAPTADOR AC EXTERNO DE 230 WATT"
26429,"COMPONENTES",1693113,"ADAPTADOR AC EXTERNO DE 180 WATT"
26429,"COMPONENTES",1693114,"ADAPTADOR AC DE 36 WATT"
26429,"COMPONENTES",1693115,"ADAPTADOR AC DE 24 WATT"
26429,"COMPONENTES",1693116,"ADAPTADOR HDMI A VGA"
26429,"COMPONENTES",1693117,"Adaptador AC /DC DE 57 WATT"
26429,"COMPONENTES",1693118,"ADAPTADOR MICROHDMI A JACK RJ45"
26429,"COMPONENTES",3927355,"ADAPTADOR INTELIGENTE EXTERNO AC DE 100W"
