ID_Caracteristica,Nombre_Caracteristica,ID_Valor,Nombre_Valor
26345,"PROCESADOR",2034094,"PROCESADOR: INTEL CORE I9-13980HX"
26345,"PROCESADOR",1693119,"PROCESADOR: INTEL CORE I7-12800H "
26345,"PROCESADOR",1693121,"PROCESADOR: INTEL CORE I7-11800H "
26345,"PROCESADOR",1693124,"PROCESADOR: INTEL CORE I7-12950HX"
26345,"PROCESADOR",1693125,"PROCESADOR: INTEL CORE I7-12850HX"
26345,"PROCESADOR",1693126,"PROCESADOR: INTEL CORE I9-10980H "
26345,"PROCESADOR",1693127,"PROCESADOR: INTEL XEON W-10855M "
26345,"PROCESADOR",1693128,"PROCESADOR: INTEL CORE I9-10980HK "
26345,"PROCESADOR",1693131,"PROCESADOR: INTEL CORE I7-11850H "
26345,"PROCESADOR",1693132,"PROCESADOR: INTEL CORE I9-11950H "
26345,"PROCESADOR",1693133,"PROCESADOR: INTEL CORE I7-10850H "
26345,"PROCESADOR",1693134,"PROCESADOR: INTEL CORE I9-12900HK "
26345,"PROCESADOR",1693135,"PROCESADOR: INTEL CORE I7-1165G7 "
26345,"PROCESADOR",1693136,"PROCESADOR: INTEL CORE I9-12900HX"
26345,"PROCESADOR",1693138,"PROCESADOR: INTEL CORE I7-10750H "
26345,"PROCESADOR",1693139,"PROCESADOR: INTEL CORE I7-10610U "
26345,"PROCESADOR",1693141,"PROCESADOR: AMD Ryzen 7 PRO 6850U"
26345,"PROCESADOR",1693142,"PROCESADOR: AMD Ryzen 7 PRO 6850H"
26345,"PROCESADOR",1693143,"PROCESADOR: INTEL CORE I9-10885H "
26345,"PROCESADOR",1693145,"PROCESADOR: INTEL CORE I7-1260P "
26345,"PROCESADOR",1693147,"PROCESADOR: INTEL CORE I7-12800H"
26345,"PROCESADOR",1693148,"PROCESADOR: INTEL CORE I9-12900H"
26345,"PROCESADOR",1693149,"PROCESADOR: INTEL XEON W-11855M"
26345,"PROCESADOR",1693151,"PROCESADOR: AMD RYZEN THREADRIPPER PRO 5995WX"
26345,"PROCESADOR",1693152,"PROCESADOR: AMD RYZEN THREADRIPPER PRO 5975WX"
26345,"PROCESADOR",1693153,"PROCESADOR: AMD RYZEN THREADRIPPER PRO 5965WX"
26345,"PROCESADOR",1693154,"PROCESADOR: INTEL CORE I7-1185G7 "
26345,"PROCESADOR",1693155,"PROCESADOR: INTEL XEON W-11955M "
26345,"PROCESADOR",1693156,"PROCESADOR: INTEL CORE I9-11900H "
26345,"PROCESADOR",1693157,"PROCESADOR: INTEL CORE I7-12700H "
26345,"PROCESADOR",1693158,"PROCESADOR: INTEL CORE I7-12800HX "
26345,"PROCESADOR",1693159,"PROCESADOR: INTEL CORE I9-9750H "
26345,"PROCESADOR",1693160,"PROCESADOR: INTEL XEON E-2186M "
26345,"PROCESADOR",1693161,"PROCESADOR: INTEL CORE I7-8650U "
26345,"PROCESADOR",1693162,"PROCESADOR: INTEL CORE I7-8550U "
26345,"PROCESADOR",1693164,"PROCESADOR: INTEL CORE I7-8750H "
26345,"PROCESADOR",1693165,"PROCESADOR: INTEL CORE I7-8850H "
26345,"PROCESADOR",1693170,"PROCESADOR: INTEL XEON E-2176M "
26345,"PROCESADOR",1693171,"PROCESADOR: INTEL XEON E3-1535M V6 "
26345,"PROCESADOR",1693172,"PROCESADOR: INTEL XEON E3-1505M V6 "
26345,"PROCESADOR",1693173,"PROCESADOR: INTEL CORE I7-7820HQ "
26345,"PROCESADOR",1693174,"PROCESADOR: INTEL CORE I7-7700HQ "
26345,"PROCESADOR",1693176,"PROCESADOR: INTEL CORE I7-6500U "
26345,"PROCESADOR",1693177,"PROCESADOR: INTEL CORE I7-7600U "
26345,"PROCESADOR",1693178,"PROCESADOR: INTEL CORE I7-7500U "
26345,"PROCESADOR",1693180,"PROCESADOR: INTEL CORE M5-6Y57 VPRO "
26345,"PROCESADOR",1693182,"PROCESADOR: INTEL CORE I7-4710MQ "
26345,"PROCESADOR",1693183,"PROCESADOR: INTEL CORE I7-4810MQ "
26345,"PROCESADOR",1693184,"PROCESADOR: INTEL CORE I7-4910MQ "
26345,"PROCESADOR",1693185,"PROCESADOR: INTEL CORE I7-4940MX "
26345,"PROCESADOR",1693186,"PROCESADOR: INTEL CORE I7-5500U "
26345,"PROCESADOR",1693187,"PROCESADOR: INTEL CORE I7-5600U "
26345,"PROCESADOR",1693188,"PROCESADOR: INTEL CORE I7-6600U "
26345,"PROCESADOR",1693189,"PROCESADOR: INTEL CORE I7-6700HQ "
26345,"PROCESADOR",1693190,"PROCESADOR: INTEL CORE I7-6820HQ "
26345,"PROCESADOR",1693191,"PROCESADOR: INTEL XEON E3-1505M V5 "
26345,"PROCESADOR",1693192,"PROCESADOR: INTEL XEON E3-1535M V5 "
26345,"PROCESADOR",1693193,"PROCESADOR: INTEL CORE I7-9850H "
26345,"PROCESADOR",1693195,"PROCESADOR: INTEL XEON E-2286M "
26345,"PROCESADOR",1693198,"PROCESADOR: INTEL CORE I7-9750H "
26345,"PROCESADOR",1693199,"PROCESADOR: INTEL XEON E-2276M "
26345,"PROCESADOR",1693200,"PROCESADOR: INTEL CORE I9-9880H "
26345,"PROCESADOR",1693201,"PROCESADOR: INTEL CORE I9-8950HK "
26345,"PROCESADOR",1693202,"PROCESADOR: INTEL CORE I7-10510U "
26345,"PROCESADOR",1693204,"PROCESADOR: INTEL CORE I7-8665U "
26345,"PROCESADOR",1693206,"PROCESADOR: INTEL CORE I7-8565U "
26345,"PROCESADOR",1693207,"PROCESADOR: INTEL CORE I9-9980HK "
26345,"PROCESADOR",1693208,"PROCESADOR: INTEL XEON W-10885M "
26345,"PROCESADOR",1729928,"PROCESADOR: INTEL CORE I7-1255U "
26345,"PROCESADOR",1925091,"PROCESADOR: AMD Ryzen 7 PRO 7840HS"
26345,"PROCESADOR",1925093,"PROCESADOR: AMD Ryzen 9 PRO 7940HS"
26345,"PROCESADOR",1925114,"PROCESADOR: INTEL CORE I9-13900HX"
26345,"PROCESADOR",1925122,"PROCESADOR: INTEL CORE I7-1360P"
26345,"PROCESADOR",1925130,"PROCESADOR: INTEL CORE I7-1365U"
26345,"PROCESADOR",1925132,"PROCESADOR: INTEL CORE I7-13700H"
26345,"PROCESADOR",1925126,"PROCESADOR: INTEL CORE I7-1355U"
26345,"PROCESADOR",1925135,"PROCESADOR: INTEL CORE I9-13900H"
26345,"PROCESADOR",1925138,"PROCESADOR: INTEL CORE I7-13850HX"
26345,"PROCESADOR",1925117,"PROCESADOR: INTEL CORE I7-13700HX"
26345,"PROCESADOR",1838474,"PROCESADOR: INTEL CORE I7-13800H"
26345,"PROCESADOR",2746978,"PROCESADOR: AMD Ryzen 7 PRO 8840HS"
26345,"PROCESADOR",2746979,"PROCESADOR: AMD Ryzen 9 PRO 8945HS"
26345,"PROCESADOR",2746981,"PROCESADOR: AMD Ryzen 7 8845HS"
26345,"PROCESADOR",2553602,"PROCESADOR: INTEL CORE I9-13900K"
26345,"PROCESADOR",2747129,"PROCESADOR: INTEL CORE ULTRA 7 165H"
26345,"PROCESADOR",4053886,"PROCESADOR: INTEL CORE ULTRA 9 275HX"
26345,"PROCESADOR",2131756,"PROCESADOR: INTEL CORE I9-13950HX"
26345,"PROCESADOR",2745930,"PROCESADOR: INTEL CORE ULTRA 9 185H"
26345,"PROCESADOR",3970896,"PROCESADOR: INTEL CORE ULTRA 7 255H"
26345,"PROCESADOR",3970912,"PROCESADOR: AMD RYZEN AI MAX PRO 385"
26345,"PROCESADOR",1729926,"PROCESADOR: INTEL CORE I9-12950HX "
26345,"PROCESADOR",3970897,"PROCESADOR: INTEL CORE ULTRA 9 285H"
26345,"PROCESADOR",3970913,"PROCESADOR: AMD RYZEN AI MAX+ PRO 395"
26345,"PROCESADOR",4130173,"PROCESADOR: INTEL® CORE™ ULTRA 7 PROCESSOR 265H"
26345,"PROCESADOR",3970910,"PROCESADOR: AMD RYZEN AI MAX PRO 380"
26345,"PROCESADOR",2746975,"PROCESADOR: INTEL CORE ULTRA 7 155U"
26345,"PROCESADOR",2746980,"PROCESADOR: AMD Ryzen 9 8945HS"
26345,"PROCESADOR",2746982,"PROCESADOR: INTEL CORE I7-14700HX"
26345,"PROCESADOR",1969554,"PROCESADOR: AMD Ryzen 7 7840HS"
26345,"PROCESADOR",1969556,"PROCESADOR: AMD Ryzen 9 7940HS"
26345,"PROCESADOR",2027769,"PROCESADOR: INTEL CORE I7-1370P"
26345,"PROCESADOR",2749894,"PROCESADOR: INTEL CORE ULTRA 7 165U"
26345,"PROCESADOR",2888913,"PROCESADOR: INTEL CORE ULTRA 5 135H"
26345,"PROCESADOR",2888915,"PROCESADOR: INTEL CORE ULTRA 5 125H"
26345,"PROCESADOR",2564509,"PROCESADOR: INTEL CORE I9-14900HX"
26345,"PROCESADOR",2745929,"PROCESADOR: INTEL CORE ULTRA 7 155H"
26345,"PROCESADOR",1742150,"PROCESADOR: INTEL CORE I7-1265U"
26345,"PROCESADOR",3333083,"PROCESADOR: AMD Ryzen 7 PRO 8845HS"
26346,"RAM",2034106,"RAM: 32 GB DDR5 5600 350 MHz"
26346,"RAM",1693209,"RAM: 32 GB DDR5 4800 300 MHZ"
26346,"RAM",1693210,"RAM: 16 GB DDR5 4800 300 MHZ"
26346,"RAM",1693211,"RAM: 64 GB DDR4 2666 333 MHz"
26346,"RAM",1693212,"RAM: 16 GB DDR4 3200 400 MHz"
26346,"RAM",1693213,"RAM: 32 GB DDR4 3200 400 MHz"
26346,"RAM",1693214,"RAM: 8 GB DDR4 3200 400 MHz"
26346,"RAM",1693215,"RAM: 64 GB DDR4 3200 400 MHz"
26346,"RAM",1693216,"RAM: 32 GB DDR4 2933 366 MHz"
26346,"RAM",1693217,"RAM: 8 GB DDR4 2933 366 MHz"
26346,"RAM",1693218,"RAM: 64 GB DDR4 2933 366 MHz"
26346,"RAM",1693219,"RAM: 16 GB DDR4 2933 366 MHz"
26346,"RAM",1693220,"RAM: 16 GB LPDDR5-6400 800 MHz"
26346,"RAM",1693221,"RAM: 32 GB LPDDR5-6400 800  MHz"
26346,"RAM",1693222,"RAM: 8 GB DDR4 2133 266 MHz"
26346,"RAM",1693223,"RAM: 32 GB DDR4 2400 300 MHz"
26346,"RAM",1693224,"RAM: 12 GB DDR4  2400 300 MHz."
26346,"RAM",1693225,"RAM: 16 GB DDR4 2400 300 MHz"
26346,"RAM",1693226,"RAM: 8 GB DDR4 2400 300 MHz"
26346,"RAM",1693227,"RAM: 16 GB DDR4 2666 333 MHz"
26346,"RAM",1693228,"RAM: 32 GB DDR4 2666 333 MHz"
26346,"RAM",1693229,"RAM: 8 GB DDR4 2666 333 MHz"
26346,"RAM",1693230,"RAM: 8 GB DDR4 2666 233 MHz"
26346,"RAM",1693231,"RAM: 16 GB DDR3L 1600 200 MHz"
26346,"RAM",1693232,"RAM: 16 GB DDR4 2133 266 MHz"
26346,"RAM",1693233,"RAM: 32 GB DDR3L 1600 200 MHz"
26346,"RAM",1693234,"RAM: 32 GB DDR4 2133 266 MHz"
26346,"RAM",1693235,"RAM: 8 GB DDR3 1600 200 MHz"
26346,"RAM",1693236,"RAM: 8 GB DDR3L 1600 200 MHz"
26346,"RAM",1938001,"RAM: 16 GB DDR5 4800  2400 MHz"
26346,"RAM",2144569,"RAM: 16 GB DDR5 5200 2600 MHZ "
26346,"RAM",2564522,"RAM: 16 GB DDR5 4800 600 MHz"
26346,"RAM",2564523,"RAM: 64 GB DDR5 4800 600 MHz"
26346,"RAM",2564525,"RAM: 8 GB DDR5 4800 600 MHz"
26346,"RAM",2642765,"RAM: 16 GB LPDDR5X 7500 MHz"
26346,"RAM",2611038,"RAM: 32 GB LPDDR5 6000 3000 MHz"
26346,"RAM",1728238,"RAM: 64 GB DDR5 4800 300 MHZ"
26346,"RAM",1728239,"RAM: 8 GB DDR5 4800 300 MHz"
26346,"RAM",2561485,"RAM: 32 GB DDR5 4800 2400 MHz"
26346,"RAM",2747072,"RAM: 8 GB LPDDR5X 7500 MHz"
26346,"RAM",2747073,"RAM: 32 GB LPDDR5X 7500 MHz"
26346,"RAM",2747074,"RAM: 64 GB LPDDR5X 7500 MHz"
26346,"RAM",3970856,"RAM: 32 GB LPDDR5X 8533 4266 MHz"
26346,"RAM",3970858,"RAM: 64 GB LPDDR5X 8533 4266 MHz"
26346,"RAM",3970859,"RAM: 128 GB LPDDR5X 8533 4266 MHz"
26346,"RAM",3970857,"RAM: 16 GB LPDDR5X 8533 4266 MHz"
26346,"RAM",2553636,"RAM: 128 GB DDR5 3600 MHz"
26346,"RAM",2553639,"RAM: 64 GB DDR5 4400 MHz"
26346,"RAM",2553641,"RAM: 64 GB DDR5 5200 MHz"
26346,"RAM",1831524,"RAM:16 GB DDR5 5200 2600 MHz"
26346,"RAM",1831531,"RAM: 64 GB DDR5 5600 2800 MHz"
26346,"RAM",1831532,"RAM: 32 GB DDR5 5200 2600 MHz"
26346,"RAM",1831525,"RAM: 16 GB DDR5 5600 2800 MHz"
26346,"RAM",1831530,"RAM: 32 GB DDR5 5600 2800 MHz"
26346,"RAM",2813993,"RAM: 16 GB DDR5 4800 MHz"
26346,"RAM",2139846,"RAM: 64 GB DDR5 4800 2400 MHz"
26346,"RAM",2564521,"RAM: 32 GB DDR5 4800 600 MHz"
26346,"RAM",2611054,"RAM: 64 GB DDR5 5200 2600 MHz"
26346,"RAM",3333115,"RAM: 32 GB LPDDR5 7467 MHz"
26346,"RAM",2813997,"RAM: 24 GB DDR5 4800 MHz"
26346,"RAM",2813998,"RAM: 48 GB DDR5 4800 MHz"
26346,"RAM",2625880,"RAM: 16 GB LPDDR5 6400 3200 MHz"
26347,"ALMACENAMIENTO",2641974,"ALMACENAMIENTO: 3 X 1 TB M.2 SSD NVMe"
26347,"ALMACENAMIENTO",1693237,"ALMACENAMIENTO: 1 TB SSD/2 TB SSD"
26347,"ALMACENAMIENTO",1693238,"ALMACENAMIENTO: 512 GB SSD/2 TB HDD 5400 RPM"
26347,"ALMACENAMIENTO",1693239,"ALMACENAMIENTO: 2 TB SSD"
26347,"ALMACENAMIENTO",1693240,"ALMACENAMIENTO: 256 GB SSD/2 TB SSD"
26347,"ALMACENAMIENTO",1693241,"ALMACENAMIENTO: 2 X 2 TB SSD"
26347,"ALMACENAMIENTO",1693242,"ALMACENAMIENTO: 512 GB SSD/2 TB SSD"
26347,"ALMACENAMIENTO",1693243,"ALMACENAMIENTO: 360 GB SSD/1 TB HDD 7200 RPM"
26347,"ALMACENAMIENTO",1693244,"ALMACENAMIENTO: 1 TB SSHD 5400 RPM/ 8 GB NAND"
26347,"ALMACENAMIENTO",1693245,"ALMACENAMIENTO: 360 GB SSD"
26347,"ALMACENAMIENTO",1693246,"ALMACENAMIENTO: 256 GB SSD/1 TB HDD 5400 RPM"
26347,"ALMACENAMIENTO",1693247,"ALMACENAMIENTO: 512 GB SSD/1 TB SSD"
26347,"ALMACENAMIENTO",1693248,"ALMACENAMIENTO: 1 TB HDD 5400 RPM"
26347,"ALMACENAMIENTO",1693249,"ALMACENAMIENTO: 1 TB HDD 7200 RPM"
26347,"ALMACENAMIENTO",1693250,"ALMACENAMIENTO: 1 TB SSD"
26347,"ALMACENAMIENTO",1693251,"ALMACENAMIENTO: 2 X 512 GB SSD"
26347,"ALMACENAMIENTO",1693252,"ALMACENAMIENTO: 256 GB SSD"
26347,"ALMACENAMIENTO",1693253,"ALMACENAMIENTO: 256 GB SSD/1 TB HDD 7200 RPM"
26347,"ALMACENAMIENTO",1693254,"ALMACENAMIENTO: 256 GB SSD/2 X 512 GB SSD"
26347,"ALMACENAMIENTO",1693255,"ALMACENAMIENTO: 500 GB HDD 7200 RPM"
26347,"ALMACENAMIENTO",1693256,"ALMACENAMIENTO: 512 GB SSD"
26347,"ALMACENAMIENTO",1693257,"ALMACENAMIENTO: 2 X 1 TB SSD"
26347,"ALMACENAMIENTO",1693258,"ALMACENAMIENTO: 1 TB SSD/1 TB HDD 5400 RPM"
26347,"ALMACENAMIENTO",1693259,"ALMACENAMIENTO: 512 GB SSD/1 TB 5400 RPM"
26347,"ALMACENAMIENTO",1693260,"ALMACENAMIENTO: 512 GB SSD/1 TB HDD 7200 RPM"
26347,"ALMACENAMIENTO",1693261,"ALMACENAMIENTO: 256 GB SSD/1 TB SSD"
26347,"ALMACENAMIENTO",2635881,"ALMACENAMIENTO: 1 TB SSD/4 TB SSD"
26347,"ALMACENAMIENTO",1838469,"ALMACENAMIENTO: 1 TB M.2 SSD NVMe"
26347,"ALMACENAMIENTO",4067237,"ALMACENAMIENTO: 3 X 4 TB M.2 SSD NVMe"
26347,"ALMACENAMIENTO",4067234,"ALMACENAMIENTO: 3 X 2 TB M.2 SSD NVMe"
26347,"ALMACENAMIENTO",4067235,"ALMACENAMIENTO: 2 X 4 TB M.2 SSD NVMe"
26348,"PANTALLA",1693262,"PANTALLA: LCD CON RETROILUMINACION LED 15.6"" 1920X1200 PIXELES"
26348,"PANTALLA",1693263,"PANTALLA: LCD CON RETROILUMINACION LED 14.0"" 3840X2160 PIXELES"
26348,"PANTALLA",1693264,"PANTALLA: LCD CON RETROILUMINACION LED TACTIL 15.6"" 3840X2400 PIXELES"
26348,"PANTALLA",1693265,"PANTALLA: LCD CON RETROILUMINACION LED 16"" 1920X1200 PIXELES"
26348,"PANTALLA",1693266,"PANTALLA: LCD CON RETROILUMINACION LED 15.6"" 1366X768 PIXELES"
26348,"PANTALLA",1693267,"PANTALLA: LCD CON RETROILUMINACION LED 17.0"" 3840X2400 PIXELES"
26348,"PANTALLA",1693268,"PANTALLA: LCD CON RETROILUMINACION LED 15.6"" 3840X2400 PIXELES"
26348,"PANTALLA",1693269,"PANTALLA: LCD CON RETROILUMINACION LED TACTIL 17.0"" 3840X2400 PIXELES"
26348,"PANTALLA",1693270,"PANTALLA: LCD CON RETROILUMINACION LED 16"" 2560 X1600 PIXELES"
26348,"PANTALLA",1693271,"PANTALLA: LCD CON RETROILUMINACION LED 14"" 1920X1200 PIXELES"
26348,"PANTALLA",1693272,"PANTALLA: LCD CON RETROILUMINACION LED TACTIL 15.6"" 3840X2160 PIXELES"
26348,"PANTALLA",1693273,"PANTALLA: LCD CON RETROILUMINACION LED 15.6"" 1920X1080 PIXELES"
26348,"PANTALLA",1693274,"PANTALLA: LCD CON RETROILUMINACION LED 17.3"" 1920X1080 PIXELES"
26348,"PANTALLA",1693275,"PANTALLA: LCD CON RETROILUMINACION LED 17.3"" 3840X2160 PIXELES"
26348,"PANTALLA",1693276,"PANTALLA: LCD CON RETROILUMINACION LED 14.0"" 1920X1080 PIXELES"
26348,"PANTALLA",1693277,"PANTALLA: LCD CON RETROILUMINACION LED TACTIL 15.6"" 1920X1080 PIXELES"
26348,"PANTALLA",1693278,"PANTALLA: LCD CON RETROILUMINACION LED TACTIL 14.0"" 3840X2160 PIXELES"
26348,"PANTALLA",1693279,"PANTALLA: LCD CON RETROILUMINACION LED 15.6"" 3840X2160 PIXELES"
26348,"PANTALLA",1693280,"PANTALLA: LCD CON RETROILUMINACION LED 17.3"" 1600X900 PIXELES"
26348,"PANTALLA",1693281,"PANTALLA: LCD CON RETROILUMINACION LED TACTIL 14.0"" 1920X1080 PIXELES"
26348,"PANTALLA",3137219,"PANTALLA: LCD CON RETROILUMINACION LED 14.5"" 1920X1200 PIXELES"
26348,"PANTALLA",2561488,"PANTALLA: LCD CON RETROILUMINACION LED 17.3"" 2560X1440 PIXELES"
26348,"PANTALLA",1780245,"PANTALLA: LCD CON RETROILUMINACION LED TACTIL 16.0"" 3840X2400 PIXELES"
26348,"PANTALLA",3970848,"PANTALLA: LCD CON RETROILUMINACION LED TACTIL 14.0"" 1920X1200 PIXELES"
26348,"PANTALLA",3970877,"PANTALLA: LCD CON RETROILUMINACION LED TACTIL 14.0"" 2880X1800 PIXELES"
26348,"PANTALLA",3970840,"PANTALLA: LCD CON RETROILUMINACION LED TACTIL 16.0"" 1920X1200 PIXELES"
26348,"PANTALLA",1745592,"PANTALLA: LCD CON RETROILUMINACION LED 16.0"" 3840X2400 PIXELES"
26348,"PANTALLA",1925558,"PANTALLA: LCD CON RETROILUMINACION LED DE 15.6"" 2560X1440 PIXELES"
26349,"CONECTIVIDAD_LAN",1693282,"LAN: NO"
26349,"CONECTIVIDAD_LAN",1693283,"LAN: SI"
26350,"CONECTIVIDAD_WLAN",1693284,"WLAN: SI"
26351,"CONECTIVIDAD_BLUETOOTH",1693285,"BLUETOOTH: SI"
26352,"VIDEO_VGA",1693287,"VGA: NO"
26353,"VIDEO_HDMI",1693288,"HDMI: NO"
26353,"VIDEO_HDMI",1693289,"HDMI: SI"
26354,"SISTEMA_OPERATIVO",1693290,"SIST. OPER: WINDOWS 10 HOME 64 BITS ESPAÑOL"
26354,"SISTEMA_OPERATIVO",1693291,"SIST. OPER: WINDOWS 11 HOME 64 BITS ESPAÑOL"
26354,"SISTEMA_OPERATIVO",1693292,"SIST. OPER: UBUNTU 20.10 GROOVY GORILLA 64 BITS ESPAÑOL"
26354,"SISTEMA_OPERATIVO",1693293,"SIST. OPER: UBUNTU 22.04 JAMMY JELLYFISH 64 BITS ESPAÑOL"
26354,"SISTEMA_OPERATIVO",1693294,"SIST. OPER: UBUNTU 21.04 IMPISH INDRI 64 BITS ESPAÑOL"
26354,"SISTEMA_OPERATIVO",1693295,"SIST OPER: WINDOWS 11 PRO 64 BITS ESPAÑOL DOWNGRADE TO WINDOWS 10 PRO 64 BITS ESPAÑOL"
26354,"SISTEMA_OPERATIVO",1693296,"SIST. OPER: WINDOWS 10 HOME SL 64 BITS ESPAÑOL"
26354,"SISTEMA_OPERATIVO",1693297,"SIST. OPER: WINDOWS 11 PRO 64 BITS ESPAÑOL"
26354,"SISTEMA_OPERATIVO",1693298,"SIST. OPER: WINDOWS 10 PRO 64 BITS ESPAÑOL"
26354,"SISTEMA_OPERATIVO",1693299,"SIST. OPER: WINDOWS 7 PROFESSIONAL 64 BITS ESPAÑOL"
26354,"SISTEMA_OPERATIVO",1693300,"SIST. OPER: FREEDOS 2.0"
26354,"SISTEMA_OPERATIVO",1693301,"SIST. OPER: NO"
26354,"SISTEMA_OPERATIVO",1693302,"SIST. OPER: UBUNTU LINUX"
26354,"SISTEMA_OPERATIVO",1925549,"SIST OPER: WINDOWS 11 PRO 64 DE BITS HIGH END EN ESPAÑOL DOWNGRADE TO WINDOWS 10 PRO 64 BITS EN ESPAÑOL"
26354,"SISTEMA_OPERATIVO",1925431,"SIST. OPER: WINDOWS 11 PRO DE 64 BITS HIGH END EN ESPAÑOL"
26354,"SISTEMA_OPERATIVO",1885678,"SIST. OPER: UBUNTU 23.10 MANTIC MINOTAUR 64 BITS ESPAÑOL"
26354,"SISTEMA_OPERATIVO",1885679,"SIST. OPER: UBUNTU 23.04 LUNAR LOBSTER 64 BITS ESPAÑOL"
26354,"SISTEMA_OPERATIVO",1885680,"SIST. OPER: UBUNTU 22.10 KINETIC KUDU 64 BITS ESPAÑOL"
26354,"SISTEMA_OPERATIVO",3325837,"SIST. OPER: UBUNTU 24.10 ORACULAR ORIOLE 64 BITS ESPAÑOL"
26355,"BATERIA",1693303,"BATERIA: LI-ION 10 CELDAS"
26355,"BATERIA",1693304,"BATERIA: LI-PO 4 CELDAS"
26355,"BATERIA",1693305,"BATERIA: LI-PO 8 CELDAS"
26355,"BATERIA",1693306,"BATERIA: LI-PO 3 CELDAS"
26355,"BATERIA",1693307,"BATERIA: LI-PO 9 CELDAS"
26355,"BATERIA",1693308,"BATERIA: LI-ION 9 CELDAS"
26355,"BATERIA",1693309,"BATERIA: LI-ION 3 CELDAS"
26355,"BATERIA",1693310,"BATERIA: LI-ION 4 CELDAS"
26355,"BATERIA",1693311,"BATERIA: LI-ION 6 CELDAS"
26355,"BATERIA",1693312,"BATERIA: LI-ION 8 CELDAS"
26355,"BATERIA",1693313,"BATERIA: LI-PO 6 CELDAS"
26356,"PESO",1693314,"PESO: 3.67 Kg"
26356,"PESO",1693315,"PESO: 2.07 Kg"
26356,"PESO",1693316,"PESO: 1.79 Kg"
26356,"PESO",1693317,"PESO: 2.72 kg"
26356,"PESO",1693318,"PESO: 2.68 kg"
26356,"PESO",1693319,"PESO: 2.70 kg"
26356,"PESO",1693320,"PESO: 2.71 kg"
26356,"PESO",1693321,"PESO: 2.73 kg"
26356,"PESO",1693322,"PESO: 1.47 kg"
26356,"PESO",1693323,"PESO: 3.61 kg"
26356,"PESO",1693324,"PESO: 2.88 kg"
26356,"PESO",1693325,"PESO: 2.75 kg"
26356,"PESO",1693326,"PESO: 2.69 kg"
26356,"PESO",1693327,"PESO: 2.63 kg"
26356,"PESO",1693328,"PESO: 2.65 kg"
26356,"PESO",1693329,"PESO: 2.11 kg"
26356,"PESO",1693330,"PESO: 1.80 kg"
26356,"PESO",1693331,"PESO: 1.34 kg"
26356,"PESO",1693332,"PESO: 2.165 kg"
26356,"PESO",1693333,"PESO: 3.01 Kg"
26356,"PESO",1693334,"PESO: 2.66 kg"
26356,"PESO",1693335,"PESO: 1.81 Kg"
26356,"PESO",1693336,"PESO: 2.87 kg"
26356,"PESO",1693337,"PESO: 1.75 kg"
26356,"PESO",1693338,"PESO: 2.28 kg"
26356,"PESO",1693339,"PESO: 2.29 kg"
26356,"PESO",1693340,"PESO: 2.30 kg"
26356,"PESO",1693341,"PESO: 2.31 kg"
26356,"PESO",1693342,"PESO: 2.34 kg"
26356,"PESO",1693343,"PESO: 2.36 kg"
26356,"PESO",1693344,"PESO: 2.37 kg"
26356,"PESO",1693345,"PESO: 2.39 kg"
26356,"PESO",1693346,"PESO: 2.41 kg"
26356,"PESO",1693347,"PESO: 2.42 kg"
26356,"PESO",1693348,"PESO: 2.23 kg"
26356,"PESO",1693349,"PESO: 2.26 kg"
26356,"PESO",1693350,"PESO: 2.44 kg"
26356,"PESO",1693351,"PESO: 2.46 kg"
26356,"PESO",1693352,"PESO: 2.52 kg"
26356,"PESO",1693353,"PESO: 2.53 kg"
26356,"PESO",1693354,"PESO: 2.55 kg"
26356,"PESO",1693355,"PESO: 2.56 kg"
26356,"PESO",1693356,"PESO: 2.57 kg"
26356,"PESO",1693357,"PESO: 2.61 kg"
26356,"PESO",1693358,"PESO: 2.24 kg"
26356,"PESO",1693359,"PESO: 2.32 kg"
26356,"PESO",1693360,"PESO: 2.40 kg"
26356,"PESO",1693361,"PESO: 2.47 kg"
26356,"PESO",1693362,"PESO: 2.51 kg"
26356,"PESO",1693363,"PESO: 2.62 kg"
26356,"PESO",1693364,"PESO: 2.33 kg"
26356,"PESO",1693365,"PESO: 2.48 kg"
26356,"PESO",1693366,"PESO: 2.58 kg"
26356,"PESO",1693367,"PESO: 2.25 kg"
26356,"PESO",1693368,"PESO: 2.38 kg"
26356,"PESO",1693369,"PESO: 2.43 kg"
26356,"PESO",1693370,"PESO: 2.49 kg"
26356,"PESO",1693371,"PESO: 2.54 kg"
26356,"PESO",1693372,"PESO: 2.64 kg"
26356,"PESO",1693373,"PESO: 2.74 kg"
26356,"PESO",1693374,"PESO: 1.84 Kg"
26356,"PESO",1693375,"PESO: 2.35 kg"
26356,"PESO",1693376,"PESO: 1.35 kg"
26356,"PESO",1693377,"PESO: 2.95 kg"
26356,"PESO",1693378,"PESO: 1.24 kg"
26356,"PESO",1693379,"PESO: 1.71 kg"
26356,"PESO",1693380,"PESO: 1.89 kg"
26356,"PESO",1693381,"PESO: 1.90 kg"
26356,"PESO",1693382,"PESO: 1.91 kg"
26356,"PESO",1693383,"PESO: 2.00 kg"
26356,"PESO",1693384,"PESO: 2.10 kg"
26356,"PESO",1693385,"PESO: 2.27 kg"
26356,"PESO",1693386,"PESO: 2.67 kg"
26356,"PESO",1693387,"PESO: 2.93 kg"
26356,"PESO",1693388,"PESO: 3.00 kg"
26356,"PESO",1693389,"PESO: 3.46 kg"
26356,"PESO",1693390,"PESO: 2.59 kg"
26356,"PESO",1693391,"PESO: 3.14 kg"
26356,"PESO",1693392,"PESO: 2.09 kg"
26356,"PESO",1693393,"PESO: 2.60 kg"
26356,"PESO",1693394,"PESO: 3.45 Kg"
26356,"PESO",1693395,"PESO: 1.64 kg"
26356,"PESO",1693396,"PESO: 2.50 kg"
26356,"PESO",1693397,"PESO: 2.22 kg"
26356,"PESO",1693398,"PESO: 2.16 kg"
26356,"PESO",1693399,"PESO: 3.20 kg"
26356,"PESO",1693400,"PESO: 1.77 kg"
26356,"PESO",1693401,"PESO: 1.48 kg"
26356,"PESO",1693402,"PESO: 1.70 kg"
26356,"PESO",1693403,"PESO: 2.45 kg"
26356,"PESO",1693404,"PESO: 2.14 kg"
26356,"PESO",1693405,"PESO: 2.90 kg"
26356,"PESO",1693406,"PESO: 3.40 Kg"
26356,"PESO",1693407,"PESO: 3.17 kg"
26356,"PESO",1693408,"PESO: 2.03 kg"
26356,"PESO",1693409,"PESO: 1.97 kg"
26356,"PESO",1693410,"PESO: 1.41 kg"
26356,"PESO",1693411,"PESO: 1.67 kg"
26356,"PESO",1693412,"PESO: 2.76 kg"
26356,"PESO",3398325,"PESO: 1.61 kg"
26356,"PESO",1925062,"PESO: 1.40 kg"
26356,"PESO",1925072,"PESO: 1.45 kg"
26356,"PESO",1925067,"PESO: 1.76 kg"
26356,"PESO",1925079,"PESO: 1.96 kg"
26356,"PESO",1728241,"PESO: 1.44 kg"
26356,"PESO",2746983,"PESO: 2.12 kg"
26356,"PESO",2746984,"PESO: 2.04 kg"
26356,"PESO",2534468,"PESO: 2.20 Kg"
26356,"PESO",1729947,"PESO: 1.78 Kg"
26356,"PESO",3970841,"PESO: 1.43 kg"
26356,"PESO",3970842,"PESO: 1.56 KG"
26356,"PESO",3970844,"PESO: 1.72 KG"
26356,"PESO",3970843,"PESO: 1.74 KG"
26356,"PESO",2530163,"PESO: 2.21 kg"
26356,"PESO",2769441,"PESO: 1.42 kg"
26356,"PESO",1725806,"PESO: 1.59 kg"
26356,"PESO",3129335,"PESO: 1.82 Kg"
26356,"PESO",2553760,"PESO: 1.73 kg"
26356,"PESO",3378900,"PESO: 1.93 kg"
26357,"UNIDAD_OPTICA",1693413,"UNIDAD OPTICA: NO"
26358,"CAMARA_WEB",1693415,"CAMARA WEB: SI"
26358,"CAMARA_WEB",1693416,"CAMARA WEB: NO"
26359,"SUITE_OFIMATICA",1693417,"SUITE OFIMATICA: LIBREOFFICE 7.1"
26359,"SUITE_OFIMATICA",1693418,"SUITE OFIMATICA: LIBREOFFICE 7.0"
26359,"SUITE_OFIMATICA",1693419,"SUITE OFIMATICA PRE-INSTALADA: MICROSOFT OFFICE HOME & BUSINESS 2021"
26359,"SUITE_OFIMATICA",1693420,"SUITE OFIMATICA PRE-INSTALADA: MICROSOFT OFFICE PROFESSIONAL 2021"
26359,"SUITE_OFIMATICA",1693421,"SUITE OFIMATICA PRE-INSTALADA: MICROSOFT OFFICE PROFESSIONAL 2016"
26359,"SUITE_OFIMATICA",1693422,"SUITE OFIMATICA: NO"
26359,"SUITE_OFIMATICA",1693423,"SUITE OFIMATICA PRE-INSTALADA: MICROSOFT OFFICE HOME & BUSINESS 2019"
26359,"SUITE_OFIMATICA",1693424,"SUITE OFIMATICA PRE-INSTALADA: MICROSOFT OFFICE PROFESSIONAL 2019"
26359,"SUITE_OFIMATICA",1693425,"SUITE OFIMATICA: LIBREOFFICE 6.0"
26359,"SUITE_OFIMATICA",1693426,"SUITE OFIMATICA PRE-INSTALADA: MICROSOFT OFFICE HOME & BUSINESS 2016"
26359,"SUITE_OFIMATICA",2906896,"SUITE OFIMATICA PRE-INSTALADA: MICROSOFT OFFICE HOME & BUSINESS 2024"
26359,"SUITE_OFIMATICA",3325838,"SUITE OFIMATICA: LIBREOFFICE 24.8"
26360,"GARANTIA_DE_FABRICA",1693427,"G. F: 24 MESES ON-SITE"
26360,"GARANTIA_DE_FABRICA",1693428,"G. F: 36 MESES CARRY-IN"
26360,"GARANTIA_DE_FABRICA",1693429,"G. F: 36 MESES ON-SITE"
26360,"GARANTIA_DE_FABRICA",1693430,"G. F: 12 MESES CARRY-IN"
26360,"GARANTIA_DE_FABRICA",1693431,"G. F: 12 MESES ON-SITE"
26360,"GARANTIA_DE_FABRICA",1693432,"G. F: 48 MESES ON-SITE"
26360,"GARANTIA_DE_FABRICA",1693433,"G. F: 60 MESES ON-SITE"
26361,"UNIDAD",1693434,"UNIDAD"
26362,"MARCA",4022964,"OSB"
26362,"MARCA",4040437,"ANAX"
26362,"MARCA",4040693,"ECONORACKS"
26362,"MARCA",1693435,"Q T-GLICH"
26362,"MARCA",1693436,"NEW KRAL"
26362,"MARCA",1693437,"HAO TECH"
26362,"MARCA",1693438,"RHINOBOX"
26362,"MARCA",1693439,"SILVER VOLT"
26362,"MARCA",1693440,"GIGABYTE"
26362,"MARCA",1693441,"DYNABOOK"
26362,"MARCA",1693442,"VASTEC"
26362,"MARCA",1693443,"HUAWEI"
26362,"MARCA",1693444,"M4X"
26362,"MARCA",1693445,"MAXTIC"
26362,"MARCA",1693446,"HP"
26362,"MARCA",1693447,"LENOVO"
26362,"MARCA",1693448,"ADVANCE"
26362,"MARCA",1693449,"MSI"
26362,"MARCA",1693450,"PANASONIC"
26362,"MARCA",1693451,"HIPPOBOX"
26362,"MARCA",1693452,"FUJITSU"
26362,"MARCA",1693453,"DELL"
26362,"MARCA",1693454,"KENYA"
26362,"MARCA",1693455,"HANDEEL"
26362,"MARCA",1693456,"INSOMED"
26362,"MARCA",4275357,"T ITED"
26362,"MARCA",3916492,"MEGA CHAMBI"
26362,"MARCA",4104521,"(H)TOOLS"
26362,"MARCA",2149554,"PERBOX"
26362,"MARCA",4104522,"BUGUI(H)"
26362,"MARCA",1729988,"QUAMTU"
26362,"MARCA",1730137,"HAITECH"
26362,"MARCA",2501128,"QOSOFT"
26362,"MARCA",1937440,"ARTEC"
26362,"MARCA",4136781,"SURCO"
26362,"MARCA",3755291,"H HANERT"
26362,"MARCA",4103492,"EBSAN"
26362,"MARCA",1754458,"SIKER"
26362,"MARCA",1835926,"ALLWIYA"
26362,"MARCA",1714666,"MADI-TEK"
26362,"MARCA",2611067,"WORLDLIFE"
26362,"MARCA",2022942,"JFA TECHNOLOGY"
26362,"MARCA",2023558,"ASUS"
26362,"MARCA",4220365,"ROTEXOR"
26363,"MODELO",1727215,"HP ZBOOK FIREFLY 16 G9"
26363,"MODELO",3333864,"PRECISION MOBILE WORKSTATION 5690"
26363,"MODELO",1727150,"HP ZBOOK FURY 16 G9"
26363,"MODELO",1836414,"HP ZBOOK FIREFLY 14” G10 MOBILE"
26363,"MODELO",4232320,"GIGAN-ULTRA9"
26363,"MODELO",2489559,"PRECISION MOBILE WORKSTATION 7680"
26363,"MODELO",4231631,"MADLI713"
26363,"MODELO",1837722,"THINKPAD P16S GEN 1 (INTEL)"
26363,"MODELO",4019147,"MADLI912"
26363,"MODELO",2797871,"THINKPAD P14S GEN 4 (INTEL)"
26363,"MODELO",1837531,"HP ZBOOK POWER 15.6” G9 MOBILE WORKSTATION PC"
26363,"MODELO",1724643,"PRECISION 5570"
26363,"MODELO",1888506,"HP ZBOOK POWER G10 MOBILE WORKSTATION PC"
26363,"MODELO",3923653,"HP ZBOOK 8 G1I 16 MOBILE WORKSTATION"
26363,"MODELO",1777955,"ASUS EXPERT BOOK"
26363,"MODELO",1693457,"THINKPAD P15S GEN 2"
26363,"MODELO",1693458,"THINKPAD P15 GEN 2 20YRS81J00"
26363,"MODELO",1693459,"AORUS 17 XE4"
26363,"MODELO",1693460,"HP ZBOOK FIREFLY 14 G8"
26363,"MODELO",1693461,"THINKPAD P15 GEN 2"
26363,"MODELO",1693462,"HP ZBOOK CREATE G7"
26363,"MODELO",1693463,"HP ZBOOK FURY 15.6 G8"
26363,"MODELO",1693464,"AERO 15 OLED"
26363,"MODELO",1693465,"AORUS 17G"
26363,"MODELO",1693466,"THINKPAD P15V GEN 3 (INTEL) 21D9S1F800"
26363,"MODELO",1693467,"PRECISION 5560"
26363,"MODELO",1693468,"HP ZBOOK 17 G7"
26363,"MODELO",1693469,"HP ZBOOK FURY 17 G7"
26363,"MODELO",1693470,"THINKPAD P15V GEN2"
26363,"MODELO",1693471,"THINKPAD P1 GEN 3"
26363,"MODELO",1693472,"THINKPAD P15S-INTEL"
26363,"MODELO",1693473,"THINKPAD P14S-INTEL"
26363,"MODELO",1693474,"THINKPAD P15-INTEL"
26363,"MODELO",1693475,"G5 MD"
26363,"MODELO",1693476,"THINKPAD P16S GEN1"
26363,"MODELO",1693477,"THINKPAD P16S GEN 1"
26363,"MODELO",1693478,"G5 GD"
26363,"MODELO",1693479,"THINKPAD P17 GEN2"
26363,"MODELO",1693480,"PRECISION 7760"
26363,"MODELO",1693481,"HP ZBOOK POWER 15.6 G8"
26363,"MODELO",1693482,"THINKPAD P15 GEN2"
26363,"MODELO",1693483,"HP ZBOOK FIREFLY 15 G8 4G LTE"
26363,"MODELO",1693484,"LIFEBOOK U7510"
26363,"MODELO",1693485,"PRECISION 7750"
26363,"MODELO",1693486,"PD50NN"
26363,"MODELO",1693487,"HP ZBOOK FURY 17.3 G8"
26363,"MODELO",1693488,"PRECISION 5550"
26363,"MODELO",1693489,"2L3E4LA#ABM"
26363,"MODELO",1693490,"HP ZBOOK STUDIO G8"
26363,"MODELO",1693491,"LATITUDE 5521"
26363,"MODELO",1693492,"HP ZBOOK FURY 15 G8"
26363,"MODELO",1693493,"PRECISION 3560"
26363,"MODELO",1693494,"THINKPAD P14S GEN2"
26363,"MODELO",1693495,"HP ZBOOK FIREFLY 15 G7"
26363,"MODELO",1693496,"HP ZBOOK STUDIO G7 MOBILE WORKSTATION"
26363,"MODELO",1693497,"AORUS 15P"
26363,"MODELO",1693498,"HP ZBOOK POWER G7"
26363,"MODELO",1693499,"HP ZBOOK 15V G5 MOBILE WORKSTATION"
26363,"MODELO",1693500,"PD50PNN"
26363,"MODELO",1693501,"THINKPAD P15V GEN3(AMD)"
26363,"MODELO",1693502,"THINKPAD P15V"
26363,"MODELO",1693503,"PRECISION 3561"
26363,"MODELO",1693504,"HP ZBOOK FURY 15 G7"
26363,"MODELO",1693505,"THINKPAD P15V GEN 2"
26363,"MODELO",1693506,"HP ZBOOK FURY 17 G8"
26363,"MODELO",1693507,"THINKPAD P16 GEN 1"
26363,"MODELO",2802033,"THINKPAD P14S GEN 4 (INTEL)"
26363,"MODELO",1693508,"THINKPAD P15V GEN 3 (INTEL)"
26363,"MODELO",1693509,"PRECISION WORKSTATION 3571"
26363,"MODELO",1693510,"3D0B3LA#ABM-OP"
26363,"MODELO",1693511,"HP ZBOOK POWER G8"
26363,"MODELO",1693512,"HP ZBOOK FIREFLY 15 G8"
26363,"MODELO",1693513,"PRECISION 3551"
26363,"MODELO",1693514,"THINKPAD P17"
26363,"MODELO",1693515,"THINKPAD P15V"
26363,"MODELO",1693516,"THINKPAD P15"
26363,"MODELO",1693517,"THINKPAD P1 GEN 5"
26363,"MODELO",1693518,"THINKPAD P15S"
26363,"MODELO",1693519,"HP ZBOOK 15U G4"
26363,"MODELO",1693520,"HP ZBOOK 14 G2"
26363,"MODELO",1693521,"HP ZBOOK 15 G4"
26363,"MODELO",1693522,"HP ZBOOK 15 G3"
26363,"MODELO",1693523,"HP ZBOOK 15U G3"
26363,"MODELO",1693524,"P51"
26363,"MODELO",1693525,"20HJS12L00"
26363,"MODELO",1693526,"THINKPAD P51"
26363,"MODELO",1693527,"ZBOOK 15 G3"
26363,"MODELO",1693528,"THINKPAD P50"
26363,"MODELO",1693529,"THINKPAD W550S"
26363,"MODELO",1693530,"ZBOOK 14 G2"
26363,"MODELO",1693531,"ZBOOK 15 G2"
26363,"MODELO",1693532,"ZBOOK 15U G2"
26363,"MODELO",1693533,"ZBOOK 15U G3"
26363,"MODELO",1693534,"ZBOOK 17 G2"
26363,"MODELO",1693535,"ZBOOK 17 G2 MOBILE"
26363,"MODELO",1693536,"ZBOOK 17 G3"
26363,"MODELO",1693537,"ZBOOK STUDIO G3"
26363,"MODELO",1693538,"THINKPAD P71"
26363,"MODELO",1693539,"HP ZBOOK 17 G5"
26363,"MODELO",1693540,"HP ZBOOK 15U G5"
26363,"MODELO",1693541,"THINKPAD P1"
26363,"MODELO",1693542,"HP ZBOOK X2 G4"
26363,"MODELO",1693543,"HP ZBOOK 14U G5"
26363,"MODELO",1693544,"HP ZBOOK 15 G5"
26363,"MODELO",1693545,"THINKPAD P52"
26363,"MODELO",1693546,"CELSIUS H980"
26363,"MODELO",1693547,"PRECISION WORKSTATION 3530"
26363,"MODELO",1693548,"THINKPAD P72"
26363,"MODELO",1693549,"HP ZBOOK 15V G5"
26363,"MODELO",1693550,"HP ZBOOK STUDIO X360 G5"
26363,"MODELO",1693551,"HP ZBOOK STUDIO G5"
26363,"MODELO",1693552,"NH57HP"
26363,"MODELO",1693553,"PRECISION MOBILE WORKSTATION 3571"
26363,"MODELO",1693554,"THINKPAD P14S GEN 3 (INTEL)"
26363,"MODELO",1693555,"HP ZBOOK 14U G6"
26363,"MODELO",1693556,"PRECISION 7740"
26363,"MODELO",1693557,"THINKPAD P52"
26363,"MODELO",1693558,"THINKPAD P52"
26363,"MODELO",1693559,"WS759TL-CI7325121RT48"
26363,"MODELO",1693560,"WS659TK-CI7165121RT36"
26363,"MODELO",1693561,"WE75-9TJ"
26363,"MODELO",1693562,"WS65-9TK"
26363,"MODELO",1693563,"WS65-9TL"
26363,"MODELO",1693564,"WS75-9TL"
26363,"MODELO",1693565,"WS75-9TK"
26363,"MODELO",1693566,"WE75-9TK"
26363,"MODELO",1693567,"HP ZBOOK FIREFLY 14G7"
26363,"MODELO",1693568,"HP ZBOOK FIREFLY 14 G7"
26363,"MODELO",2030563,"87S78LA#ABM-M"
26363,"MODELO",2773316,"G5 MF5"
26363,"MODELO",1693569,"WS65 9TK"
26363,"MODELO",1693570,"WS65 9TL"
26363,"MODELO",1693571,"WE75 9TJ"
26363,"MODELO",1693572,"WS75 9TL"
26363,"MODELO",1693573,"WS75 9TK"
26363,"MODELO",1693574,"PRECISION 3541"
26363,"MODELO",1693575,"THINKPAD P53"
26363,"MODELO",1693576,"THINKPAD P73"
26363,"MODELO",1693577,"HP ZBOOK 17 G6"
26363,"MODELO",1693578,"THINKPAD P52"
26363,"MODELO",1693579,"THINKPAD P52"
26363,"MODELO",1693580,"PRECISION 7730"
26363,"MODELO",1693581,"9PTL35-X3212SS5-V-L"
26363,"MODELO",1693582,"PRECISION 3530"
26363,"MODELO",1693583,"HP ZBOOK 15 G6"
26363,"MODELO",1693584,"9PTL75-X1612OP3-19"
26363,"MODELO",1693585,"PRECISION 7530"
26363,"MODELO",1693586,"PRECISION 7540"
26363,"MODELO",1693587,"FUJITSU WORKSTATION CELSIUS H980"
26363,"MODELO",1693588,"THINKPAD P52S"
26363,"MODELO",1693589,"HP ZBOOK 17 G4 MOBILE WS"
26363,"MODELO",1693590,"CELSIUS H970"
26363,"MODELO",1693591,"PE62 7RD"
26363,"MODELO",1693592,"PRECISION 5520"
26363,"MODELO",1693593,"HP ZBOOK 17 G4"
26363,"MODELO",1693594,"GS73VR-7RF STEALTH PRO"
26363,"MODELO",1693595,"DOMINATOR PRO GT72VR 7RE"
26363,"MODELO",1693596,"HP ZBOOK 14U G4"
26363,"MODELO",1693597,"HP ZBOOK STUDIO G4"
26363,"MODELO",1693598,"GT72VR-7RE DOMINATOR PRO"
26363,"MODELO",1693599,"THINKPAD P14S"
26363,"MODELO",1693600,"THINKPAD  P15S"
26363,"MODELO",1693601,"NOTEBOOK PRECISION 3551"
26363,"MODELO",2749500,"HP ZBOOK FIREFLY 16” G11 MOBILE WORKSTATION  PC"
26363,"MODELO",2749644,"HP ZBOOK FIREFLY 14” G11 MOBILE WORKSTATION  PC"
26363,"MODELO",3134986,"THINKPAD P16S GEN 3 (INTEL)"
26363,"MODELO",1887131,"HP ZBOOK FURY G10 MOBILE WORKSTATION PC"
26363,"MODELO",3135069,"THINKPAD P16V GEN 2 (INTEL)"
26363,"MODELO",3137083,"HP ZBOOK FIREFLY 14” G11 A MOBILE WORKSTATION PC"
26363,"MODELO",1887009,"HP ZBOOK FIREFLY 14” G10 A MOBILE WORKSTATION PC"
26363,"MODELO",2030571,"87S78LA#ABM-OHM"
26363,"MODELO",3135638,"THINKPAD P14S GEN 5 (INTEL)"
26363,"MODELO",3135639,"THINKPAD P14S GEN 5 (INTEL)"
26363,"MODELO",3135641,"THINKPAD P14S GEN 5 (INTEL)"
26363,"MODELO",3135643,"THINKPAD P14S GEN 5 (INTEL)"
26363,"MODELO",1732975,"PRECISION MOBILE WORKSTATION 5570"
26363,"MODELO",2558678,"B3604CVA"
26363,"MODELO",2556330,"AORUS 17X AZF"
26363,"MODELO",3922989,"HP ZBOOK ULTRA 14” G1A MOBILE WORKSTATION PC"
26363,"MODELO",2553734,"AORUS 17 BKF"
26363,"MODELO",1925482,"PRECISION MOBILE WORKSTATION 3580"
26363,"MODELO",2555509,"AORUS 17H BXF"
26363,"MODELO",2626716,"PE60SNE"
26363,"MODELO",1728287,"HP ZBOOK STUDIO G9"
26363,"MODELO",2027839,"THINKPAD P16 GEN 2"
26363,"MODELO",2627064,"AORUS 17X AZG"
26363,"MODELO",2627069,"AORUS 17X AXG"
26363,"MODELO",2747344,"PRECISION MOBILE WORKSTATION 3590"
26363,"MODELO",1727067,"6Q0N5LA#ABM-OH"
26363,"MODELO",1726912,"HP ZBOOK FIREFLY 14 G9"
26363,"MODELO",2021749,"AERO 5 KE4"
26363,"MODELO",1886545,"HP ZBOOK FIREFLY 16” G10 MOBILE WORKSTATION PC"
26363,"MODELO",2600153,"AORUS 17 BSF"
26363,"MODELO",2030586,"6U7K2LA#ABM-D"
26363,"MODELO",2745974,"HP ZBOOK FURY 16 INCH G11 MOBILE WORKSTATION PC"
26363,"MODELO",1736529,"PRECISION MOBILE WORKSTATION 3570"
26363,"MODELO",4053983,"X560WNR-S"
26363,"MODELO",2033411,"HP ZBOOK FIREFLY 16” G9 MOBILE WORKSTATION PC 6U7K2LA#ABM-D"
26363,"MODELO",2033417,"HP ZBOOK FIREFLY 16” G9 MOBILE WORKSTATION PC 6U7K2LA#ABM-OHD"
26363,"MODELO",2030584,"87S78LA#ABM-OPM"
26363,"MODELO",3715364,"THINKPAD P1 GEN 7"
26363,"MODELO",2749037,"AERO 16 BSF"
26363,"MODELO",2627159,"AORUS 15 BSF"
26363,"MODELO",1730408,"PRECISION MOBILE WORKSTATION 7770"
26363,"MODELO",3398650,"THINKPAD P16S GEN 2 (INTEL)"
26363,"MODELO",4119069,"MADL ULTRA7"
26363,"MODELO",2139405,"HP ZBOOK FURY G9 MOBILE WORKSTATION PC"
26363,"MODELO",1902773,"HP ZBOOK POWER G10 A MOBILE WORKSTATION PC"
26363,"MODELO",2033686,"HP ZBOOK FIREFLY 16” G9 MOBILE WORKSTATION PC 6U7K2LA#ABM-OPD"
26363,"MODELO",2552664,"HP ZBOOK STUDIO G10 MOBILE WORKSTATION PC"
26363,"MODELO",2940542,"THINKPAD P16V GEN 2 (INTEL)"
26363,"MODELO",2940497,"THINKPAD P16V GEN 2 (INTEL)"
26363,"MODELO",2940444,"THINKPAD P16V GEN 2 (INTEL)"
26363,"MODELO",2940472,"THINKPAD P16V GEN 2 (INTEL)"
26363,"MODELO",2940405,"THINKPAD P16S GEN 3 (INTEL)"
26363,"MODELO",2627769,"THINKPAD P16V GEN1 AMD"
26363,"MODELO",3923090,"HP ZBOOK STUDIO 16 INCH G11 MOBILE WORKSTATION PC"
26363,"MODELO",3923158,"HP ZBOOK 8 G1I 14 MOBILE WORKSTATION"
26363,"MODELO",2034729,"PRECISION MOBILE WORKSTATION 5680"
26363,"MODELO",2644128,"THINKPAD P16 GEN 2"
26363,"MODELO",2029287,"PRECISION MOBILE WORKSTATION 7780"
26363,"MODELO",3314189,"P16G2I9283221012V"
26363,"MODELO",3134958,"THINKPAD P16S GEN 3 (INTEL)"
26363,"MODELO",1838764,"PRECISION MOBILE WORKSTATION 3581"
26363,"MODELO",2802921,"THINKPAD P16 GEN 2"
26363,"MODELO",2802992,"THINKPAD P16S GEN 2 (INTEL)"
26363,"MODELO",3135000,"THINKPAD P16V GEN 2 (INTEL)"
26363,"MODELO",3135016,"THINKPAD P16V GEN 2 (INTEL)"
26363,"MODELO",4122315,"THINKPAD P14S GEN 6 (INTEL)"
26363,"MODELO",2895871,"THINKPAD P16S GEN 3 (INTEL)"
26363,"MODELO",3134974,"THINKPAD P16V GEN 2 (INTEL)"
26363,"MODELO",2032108,"HP ZBOOK POWER G10 MOBILE WORKSTATION PC 87S78LA#ABM-M"
26363,"MODELO",2032111,"HP ZBOOK POWER G10 MOBILE WORKSTATION PC 87S78LA#ABM-OHM"
26363,"MODELO",2032114,"HP ZBOOK POWER G10 MOBILE WORKSTATION PC 87S78LA#ABM-OPM"
26363,"MODELO",2745136,"HP ZBOOK POWER 16 INCH G11 MOBILE WORKSTATION PC"
26363,"MODELO",2745020,"HP ZBOOK FIREFLY 16” G11 MOBILE WORKSTATION PC"
26363,"MODELO",2745217,"HP ZBOOK POWER 16 INCH G11 A MOBILE WORKSTATION PC"
26363,"MODELO",4114673,"HP ZBOOK X G1I 16 INCH MOBILE WORKSTATION PC"
26363,"MODELO",1746072,"HP ZBOOK FURY 16 G9."
26363,"MODELO",4122398,"THINKPAD P16S GEN 4 (INTEL)"
26363,"MODELO",4122530,"THINKPAD P16V GEN 3 (INTEL)"
26363,"MODELO",2940321,"THINKPAD P16S GEN 3 (INTEL)"
26363,"MODELO",2940357,"THINKPAD P16S GEN 3 (INTEL)"
26363,"MODELO",1975712,"THINKPAD P16V GEN 1 (INTEL)"
26363,"MODELO",2746903,"PRECISION MOBILE WORKSTATION 3591"
26363,"MODELO",1726063,"3PTLW7770-7161SS3-4V-VP"
26363,"MODELO",1725366,"3PTLW5570-9161SS3-8V-VP"
26363,"MODELO",1721529,"PRECISION 7770"
26363,"MODELO",1887704,"HP ZBOOK FIREFLY 14” G10 MOBILE WORKSTATION PC"
26363,"MODELO",2749968,"HP ZBOOK FIREFLY 14” G11 A MOBILE WORKSTATION  PC"
26363,"MODELO",2129648,"HP ZBOOK FIREFLY 16” G9 MOBILE WORKSTATION PC"
26363,"MODELO",3137618,"HP ZBOOK FIREFLY 14” G11 MOBILE WORKSTATION PC"
26363,"MODELO",3719069,"CREATORPRO M16 HX C14VIG"
26363,"MODELO",4043172,"DELL PRO MAX 16"
26363,"MODELO",2509963,"THINKPAD P16 GEN 2 21FBS76700"
26363,"MODELO",1726883,"HP ZBOOK POWER G9"
26363,"MODELO",1724157,"PRECISION 3570"
26363,"MODELO",2589551,"THINKPAD P16S GEN 2 (INTEL)"
26363,"MODELO",2508234,"B3604CVF"
26363,"MODELO",3149906,"AORUS 17 BSG"
26363,"MODELO",2629793,"NL57AU"
26363,"MODELO",2626025,"AORUS 15 BKF"
26364,"NRO_PARTE",2895872,"P16SG31716210"
26364,"NRO_PARTE",3312074,"P16G2I72764131016V"
26364,"NRO_PARTE",1955750,"PD07GT40WVA001"
26364,"NRO_PARTE",2626039,"BKF-751PE52WX4608"
26364,"NRO_PARTE",2747531,"A49RXLA#ABM-OH"
26364,"NRO_PARTE",3333840,"P8G2PMB021"
26364,"NRO_PARTE",3333851,"P862HMB022"
26364,"NRO_PARTE",1727287,"6Y3E6LA#ABM-OH"
26364,"NRO_PARTE",1721927,"PDP9XM40WVA05S"
26364,"NRO_PARTE",2747656,"4PTLW3590-7H321SOP3-4V"
26364,"NRO_PARTE",2747886,"A49RYLA#ABM-OH"
26364,"NRO_PARTE",2626019,"BKF-751PE50WX4608"
26364,"NRO_PARTE",2626052,"BKF-753PE52WX4608"
26364,"NRO_PARTE",2626875,"9GMHL4V023"
26364,"NRO_PARTE",3333865,"4PTLW5690-9321SSS3-12V"
26364,"NRO_PARTE",3333871,"P86TPMB023"
26364,"NRO_PARTE",1727037,"6U7K0LA#ABM-OP"
26364,"NRO_PARTE",2893235,"B04U8LS#ABM"
26364,"NRO_PARTE",2893243,"B04U8LS#ABM-OH"
26364,"NRO_PARTE",1727259,"6U7K3LA#ABM-OH"
26364,"NRO_PARTE",1727265,"3PTLW7770-9161SS3-16V"
26364,"NRO_PARTE",2747903,"A49RYLA#ABM-OP"
26364,"NRO_PARTE",2747977,"A49S0LA#ABM-OP"
26364,"NRO_PARTE",3136573,"AV2K3LS#ABM-OH4"
26364,"NRO_PARTE",2747863,"A49RYLA#ABM"
26364,"NRO_PARTE",2747953,"A49S0LA#ABM"
26364,"NRO_PARTE",2747964,"A49S0LA#ABM-OH"
26364,"NRO_PARTE",4116600,"C3DY7LS#ABM"
26364,"NRO_PARTE",1836413,"860Z5LA#ABM"
26364,"NRO_PARTE",2775345,"4PTLW3591-7H321SSS3-8V"
26364,"NRO_PARTE",4232321,"MDL2605N3H7J9"
26364,"NRO_PARTE",4232340,"MDL2605F5K0WG"
26364,"NRO_PARTE",2489577,"3PTLW7680-7161OH3-6V"
26364,"NRO_PARTE",4019159,"MDL2506J9B1P5"
26364,"NRO_PARTE",2775348,"4PTLW3591-7H321SOH3-8V"
26364,"NRO_PARTE",1998533,"21FDS16M00"
26364,"NRO_PARTE",1998800,"21FDS16L00-OH"
26364,"NRO_PARTE",4231633,"MDL2605D3D3VZ"
26364,"NRO_PARTE",1837110,"21D9S4YV00-OP"
26364,"NRO_PARTE",1837116,"21D9S50P00"
26364,"NRO_PARTE",2138498,"872W7LA#ABM."
26364,"NRO_PARTE",2138504,"872W7LA#ABM-OP."
26364,"NRO_PARTE",2555503,"BXF-71PE10WX4812"
26364,"NRO_PARTE",2489560,"3PTLW7680-7161SS3-6V"
26364,"NRO_PARTE",1998706,"21FDS16N00"
26364,"NRO_PARTE",2629760,"96MPL4V051"
26364,"NRO_PARTE",2629989,"962HH4V066"
26364,"NRO_PARTE",2630233,"9WTHH4V076"
26364,"NRO_PARTE",1837117,"21D9S50P00-OH"
26364,"NRO_PARTE",1837133,"21D7S92H00-OP"
26364,"NRO_PARTE",1837135,"21D7S93N00"
26364,"NRO_PARTE",1837136,"21D7S93N00-OH"
26364,"NRO_PARTE",1837137,"21D7S93N00-OP"
26364,"NRO_PARTE",1749076,"21DDS6CK00"
26364,"NRO_PARTE",1749078,"21DDS6CK00-OP"
26364,"NRO_PARTE",1749080,"3PTP77-916S14SS3"
26364,"NRO_PARTE",2555651,"BXF-76PE12WX4812"
26364,"NRO_PARTE",1773273,"21D7S75800"
26364,"NRO_PARTE",2489586,"3PTLW7680-7161OP3-6V"
26364,"NRO_PARTE",2629998,"5WTHL4V475"
26364,"NRO_PARTE",2630127,"5GTPH4V327"
26364,"NRO_PARTE",2630212,"96MH04V201"
26364,"NRO_PARTE",4232359,"MDL2605O4P5XU"
26364,"NRO_PARTE",1998806,"21FDS16L00-OP"
26364,"NRO_PARTE",2630332,"96MHH4V084"
26364,"NRO_PARTE",1837724,"21BU001LLM"
26364,"NRO_PARTE",4231851,"P16SG4U9285H324012V"
26364,"NRO_PARTE",1725378,"3PTLW5570-9161OH3-8V-VP"
26364,"NRO_PARTE",2565297,"9Z925LS#ABM-OH"
26364,"NRO_PARTE",2797858,"21HG000YLM"
26364,"NRO_PARTE",2024752,"PDP7GM40WV901P"
26364,"NRO_PARTE",1724943,"3PTLW5570-716125OP3-4V-VP"
26364,"NRO_PARTE",1725113,"3PTLW5570-7161SS3-8V-VP-T"
26364,"NRO_PARTE",1837530,"8N1F7LS#ABM-A"
26364,"NRO_PARTE",1837694,"8N1F7LS#ABM-OHA"
26364,"NRO_PARTE",2516543,"21FBS75S00-OP"
26364,"NRO_PARTE",2024747,"PDP7G140WV901H"
26364,"NRO_PARTE",1725065,"3PTLW5570-7161OH3-8V-VP"
26364,"NRO_PARTE",2516512,"21FBS76200-OP"
26364,"NRO_PARTE",1724878,"3PTLW5570-7321OP3-4V-VP"
26364,"NRO_PARTE",1725025,"3PTLW5570-7161SS3-8V-VP"
26364,"NRO_PARTE",2516525,"21FBS75S00"
26364,"NRO_PARTE",2516533,"21FBS75S00-OH"
26364,"NRO_PARTE",2528343,"21FBS76600"
26364,"NRO_PARTE",2645337,"4PTLW3581-9321S8OP3-FHD"
26364,"NRO_PARTE",2645418,"4PTLW5680-9321OP3-6V-W"
26364,"NRO_PARTE",2509046,"90NX0741-M002F0-OP"
26364,"NRO_PARTE",2905970,"4PTLW3591-9H3211SSS3-8V"
26364,"NRO_PARTE",3923654,"BN4E6LT#ABM"
26364,"NRO_PARTE",3923662,"BN4E7LT#ABM"
26364,"NRO_PARTE",3923665,"BN4E7LT#ABM-OH4"
26364,"NRO_PARTE",3105883,"4PTLW7680-9641SSS3-16V-B"
26364,"NRO_PARTE",3105914,"4PTLW7680-9641SOP3-16V-B"
26364,"NRO_PARTE",3105926,"4PTLW5680-9321OH3-6V-W-C"
26364,"NRO_PARTE",3105935,"4PTLW3591-9H3211SSS3-8V-B"
26364,"NRO_PARTE",3307430,"P16VG2U719162106V-OH"
26364,"NRO_PARTE",4067492,"A31NFLT#ABM-"
26364,"NRO_PARTE",1801372,"6Q0N1LA#ABM-M"
26364,"NRO_PARTE",2623948,"4PTLW7680-764521OH3-12V-AR"
26364,"NRO_PARTE",2552364,"977F5LT#ABM"
26364,"NRO_PARTE",2906011,"4PTLW3591-9H3211SOH3-8V"
26364,"NRO_PARTE",3923588,"BN4D3LT#ABM-OH4"
26364,"NRO_PARTE",3923668,"BN4D4LT#ABM"
26364,"NRO_PARTE",1925502,"3PTLW3580-7161S4OH3-FHD"
26364,"NRO_PARTE",1925556,"3PTLW3580-7321S4SS3-FHD"
26364,"NRO_PARTE",1925570,"3PTLW3580-7321S4OP3-FHD"
26364,"NRO_PARTE",1925587,"3PTLW3581-7161S4SS3-FHD"
26364,"NRO_PARTE",1902379,"6Q0N4LA#ABM."
26364,"NRO_PARTE",2632374,"9WTHP4V145"
26364,"NRO_PARTE",3105997,"4PTLW3591-9H641SOH3-8V-B"
26364,"NRO_PARTE",3106009,"4PTLW3591-9H641SOP3-8V-B"
26364,"NRO_PARTE",4067511,"A31NFLT#ABM-OH4-"
26364,"NRO_PARTE",1888346,"889X1LA#ABM-OP"
26364,"NRO_PARTE",1888480,"860X8LA#ABM-OP"
26364,"NRO_PARTE",2552383,"977F5LT#ABM-OH"
26364,"NRO_PARTE",3923605,"BN4E6LT#ABM-OH4"
26364,"NRO_PARTE",3923672,"BN4D4LT#ABM-OH4"
26364,"NRO_PARTE",3105952,"4PTLW3591-9H3211SOP3-8V-B"
26364,"NRO_PARTE",1888527,"87S79LA#ABM-OP"
26364,"NRO_PARTE",1801417,"6Q0N1LA#ABM-OPM"
26364,"NRO_PARTE",2552401,"977F5LT#ABM-OP"
26364,"NRO_PARTE",2552419,"977F9LT#ABM"
26364,"NRO_PARTE",2552433,"977F9LT#ABM-OH"
26364,"NRO_PARTE",2552442,"977F9LT#ABM-OP"
26364,"NRO_PARTE",1902862,"8D052LA#ABM"
26364,"NRO_PARTE",3105945,"4PTLW3591-9H3211SOH3-8V-B"
26364,"NRO_PARTE",1888649,"872X0LA#ABM-OH"
26364,"NRO_PARTE",1888691,"8R8B7LS#ABM"
26364,"NRO_PARTE",2552683,"977G1LT#ABM-OH"
26364,"NRO_PARTE",2906044,"4PTLW3591-9H3211SOP3-8V"
26364,"NRO_PARTE",1888516,"87S79LA#ABM-OH"
26364,"NRO_PARTE",3722534,"B91M8LS#ABM-OH4"
26364,"NRO_PARTE",2552756,"91Q39LA#ABM-OP"
26364,"NRO_PARTE",1888415,"860Y8LA#ABM-OP"
26364,"NRO_PARTE",1888773,"8R8B7LS#ABM-OH"
26364,"NRO_PARTE",3722486,"B91M8LS#ABM"
26364,"NRO_PARTE",1801401,"6Q0N1LA#ABM-OHM"
26364,"NRO_PARTE",2552479,"A06DDLS#ABM-W"
26364,"NRO_PARTE",3155124,"P14SG5U719161100"
26364,"NRO_PARTE",2802047,"21HG000YLM-OP"
26364,"NRO_PARTE",2552538,"A06DGLS#ABM-OPW"
26364,"NRO_PARTE",1955731,"PD09GT40WVA902"
26364,"NRO_PARTE",1955733,"PD09WT40WVA920"
26364,"NRO_PARTE",1955752,"PD09GT40WVA002"
26364,"NRO_PARTE",2772783,"7W2M8VA065"
26364,"NRO_PARTE",2772824,"7S2M8VA073"
26364,"NRO_PARTE",2772832,"7STE8VA076"
26364,"NRO_PARTE",2772833,"7WMP8VA077"
26364,"NRO_PARTE",2772834,"7WME8VA078"
26364,"NRO_PARTE",2772835,"7G2E8VA079"
26364,"NRO_PARTE",2772836,"7GME8VA080"
26364,"NRO_PARTE",2772853,"7STH8VA097"
26364,"NRO_PARTE",2772861,"7SMB8VA105"
26364,"NRO_PARTE",1728268,"6Q0N2LA#ABM-OP"
26364,"NRO_PARTE",3954423,"90NX0741-M002F0_LT"
26364,"NRO_PARTE",1728259,"6Q0N2LA#ABM"
26364,"NRO_PARTE",1728264,"6Q0N2LA#ABM-OH"
26364,"NRO_PARTE",2034763,"3PTLW5680-9322OH3-12V-W"
26364,"NRO_PARTE",1729793,"6X2L4LA#ABM-OH"
26364,"NRO_PARTE",1729827,"6X2L4LA#ABM-OP"
26364,"NRO_PARTE",2029308,"3PTLW7780-7321OP3-12V"
26364,"NRO_PARTE",1729724,"6X2K6LA#ABM-OH"
26364,"NRO_PARTE",1729626,"6X2K4LA#ABM-OH"
26364,"NRO_PARTE",1729867,"6X2M5LA#ABM-OP"
26364,"NRO_PARTE",1744013,"6L0M0LA#ABM."
26364,"NRO_PARTE",1744018,"6L0M0LA#ABM-OH."
26364,"NRO_PARTE",1744023,"6L0M0LA#ABM-OP."
26364,"NRO_PARTE",2029288,"3PTLW7780-7321SS3-12V"
26364,"NRO_PARTE",2773309,"MF5-551PE50HX4506"
26364,"NRO_PARTE",2773370,"MF5-551PE50WX4506"
26364,"NRO_PARTE",1955749,"PD09XT40WVA93Y"
26364,"NRO_PARTE",2034784,"3PTLW5680-9322OP3-12V-W"
26364,"NRO_PARTE",2749069,"BKF-751PE52HX4608"
26364,"NRO_PARTE",2749079,"BKF-751PE50HX4608"
26364,"NRO_PARTE",3137858,"A42CLLT#ABM-OH4"
26364,"NRO_PARTE",2623725,"4PTLW3580-764521S4OH3-FHD"
26364,"NRO_PARTE",2626119,"BKF-756PE52WX4608"
26364,"NRO_PARTE",3839150,"P16SG319322104*"
26364,"NRO_PARTE",1693602,"6L0H2LA#ABM-OH"
26364,"NRO_PARTE",1693603,"6L0H2LA#ABM-OP"
26364,"NRO_PARTE",1693604,"45Z73LS#ABM-OH"
26364,"NRO_PARTE",1693605,"8DT90LA"
26364,"NRO_PARTE",1693606,"4V0F3LA#ABM-OP"
26364,"NRO_PARTE",1693607,"4V0F3LA#ABM-OH"
26364,"NRO_PARTE",1693608,"6L0M5LA#ABM"
26364,"NRO_PARTE",1693609,"6L0M5LA#ABM-OH"
26364,"NRO_PARTE",1693610,"6L0M5LA#ABM-OP"
26364,"NRO_PARTE",1693611,"PD07G140WVA003"
26364,"NRO_PARTE",1693612,"6L0M6LA#ABM-OP"
26364,"NRO_PARTE",1693613,"2L3E8LA#ABM"
26364,"NRO_PARTE",1693614,"3C9C2LA#ABM-OP"
26364,"NRO_PARTE",1693615,"3C9C2LA#ABM-OH"
26364,"NRO_PARTE",1693616,"PD09G140WVA004"
26364,"NRO_PARTE",1693617,"PD07W140WVA021"
26364,"NRO_PARTE",1693618,"PD09W140WVA022"
26364,"NRO_PARTE",1693619,"3C9C4LA#ABM-OP"
26364,"NRO_PARTE",1693620,"3C9C5LA#ABM-OH"
26364,"NRO_PARTE",1693621,"6L0N9LA#ABM-OH"
26364,"NRO_PARTE",1693622,"6L0N9LA#ABM-OP"
26364,"NRO_PARTE",1693623,"6L0N9LA#ABM"
26364,"NRO_PARTE",1693624,"6L0P0LA#ABM"
26364,"NRO_PARTE",1693625,"6L0P0LA#ABM-OH"
26364,"NRO_PARTE",1693626,"6L0P0LA#ABM-OP"
26364,"NRO_PARTE",1693627,"513R5LS#ABM-OP"
26364,"NRO_PARTE",1693628,"XE4-71PE510SP"
26364,"NRO_PARTE",1693629,"513R5LS#ABM-OH"
26364,"NRO_PARTE",2138510,"873A4LA#ABM-OH."
26364,"NRO_PARTE",2632426,"9G2H04V188"
26364,"NRO_PARTE",2632427,"962H04V189"
26364,"NRO_PARTE",2632428,"9WMH04V190"
26364,"NRO_PARTE",3137640,"A11SJLT#ABM-OH4"
26364,"NRO_PARTE",3137846,"A49RYLA#ABM-OH4"
26364,"NRO_PARTE",3137847,"A11SHLT#ABM-OH4"
26364,"NRO_PARTE",3137870,"A49S0LA#ABM-OH4"
26364,"NRO_PARTE",3137882,"A42CTLT#ABM-OH4"
26364,"NRO_PARTE",2623731,"4PTLW3580-764521S4SS3-FHD-AC"
26364,"NRO_PARTE",2623735,"4PTLW3580-764521S4OP3-FHD-AC"
26364,"NRO_PARTE",2626105,"BKF-756PE50WX4608"
26364,"NRO_PARTE",1998700,"21FDS16M00-OH"
26364,"NRO_PARTE",1998721,"21FDS16N00-OP"
26364,"NRO_PARTE",1998728,"21FDS16L00"
26364,"NRO_PARTE",1886577,"860X4LA#ABM-OH"
26364,"NRO_PARTE",2627074,"9G2PL4V035"
26364,"NRO_PARTE",1693630,"XE4-71PE512SP"
26364,"NRO_PARTE",1693631,"NHP78T86T0VA55"
26364,"NRO_PARTE",1693632,"NHP7GM86T0VA56"
26364,"NRO_PARTE",1693633,"NHP7GM86T0VA5E"
26364,"NRO_PARTE",1693634,"NHP7GM86T0VA5H"
26364,"NRO_PARTE",1693635,"NHP78T86T0VA5M"
26364,"NRO_PARTE",1693636,"NHP78T86T0VA62"
26364,"NRO_PARTE",1693637,"NHL7GQ86T0VA02"
26364,"NRO_PARTE",1693638,"NHL7GM86T0VA07"
26364,"NRO_PARTE",1693639,"NHL78T86T0VA0F"
26364,"NRO_PARTE",1693640,"NHH7GT86T0VA9M"
26364,"NRO_PARTE",1693641,"NHH7GM86T0VA9O"
26364,"NRO_PARTE",1693642,"NHL7GQ86T0VA0O"
26364,"NRO_PARTE",1693643,"NHP7GM86T0VA53"
26364,"NRO_PARTE",1693644,"NHP7GQ86T0VA59"
26364,"NRO_PARTE",1693645,"NHP78T86T0VA5G"
26364,"NRO_PARTE",1693646,"NHP7GQ86T0VA5K"
26364,"NRO_PARTE",1693647,"NHP7GT86T0VA5N"
26364,"NRO_PARTE",1693648,"NHP78T86T0VA5X"
26364,"NRO_PARTE",1693649,"NHH7GQ86T0VA98"
26364,"NRO_PARTE",1693650,"NHH7GT86T0VA9B"
26364,"NRO_PARTE",1693651,"2L3E4LA#ABM-OH"
26364,"NRO_PARTE",1693652,"2L3E1LA#ABM-OP"
26364,"NRO_PARTE",1693653,"1PTP356-932124SS3-V"
26364,"NRO_PARTE",1693654,"1T2P0LA#ABM"
26364,"NRO_PARTE",1693655,"MD-53PE123S1"
26364,"NRO_PARTE",1693656,"MD-51PE123SD"
26364,"NRO_PARTE",1693657,"MD-51PE123O1"
26364,"NRO_PARTE",1693658,"0PTL555-916124OP3"
26364,"NRO_PARTE",1693659,"MD-53PE123SD"
26364,"NRO_PARTE",1693660,"2L3E5LA#ABM-OP"
26364,"NRO_PARTE",1693661,"2L3E7LA#ABM-OP"
26364,"NRO_PARTE",1693662,"6L0H2LA#ABM"
26364,"NRO_PARTE",1693663,"6L0M6LA#ABM"
26364,"NRO_PARTE",1693664,"6L0M6LA#ABM-OH"
26364,"NRO_PARTE",1693665,"20SUS3L300"
26364,"NRO_PARTE",1693666,"4...."
26364,"NRO_PARTE",1693667,"5.."
26364,"NRO_PARTE",1693668,"16"
26364,"NRO_PARTE",1693669,"17"
26364,"NRO_PARTE",1693670,"20SUS3L400"
26364,"NRO_PARTE",1693671,"18"
26364,"NRO_PARTE",1693672,"19"
26364,"NRO_PARTE",1693673,"4U9J6LA#ABM-OH"
26364,"NRO_PARTE",1693674,"1.."
26364,"NRO_PARTE",1693675,"3..."
26364,"NRO_PARTE",1693676,"15"
26364,"NRO_PARTE",1693677,"9"
26364,"NRO_PARTE",1693678,"10"
26364,"NRO_PARTE",1693679,"12"
26364,"NRO_PARTE",1693680,"14"
26364,"NRO_PARTE",1693681,"4U9J6LA#ABM-OP"
26364,"NRO_PARTE",1693682,"21AAS0SF00"
26364,"NRO_PARTE",1693683,"21AAS0SU00"
26364,"NRO_PARTE",1693684,"21AAS0SE00"
26364,"NRO_PARTE",1693685,"21AAS0S900"
26364,"NRO_PARTE",1693686,"21AAS0ST00"
26364,"NRO_PARTE",1693687,"621AAS0SG00"
26364,"NRO_PARTE",1693688,"13"
26364,"NRO_PARTE",1693689,"20"
26364,"NRO_PARTE",1693690,"4U9J6LA#ABM"
26364,"NRO_PARTE",1693691,"21AAS0SG00"
26364,"NRO_PARTE",1693692,"21AAS0SL00"
26364,"NRO_PARTE",2552666,"977G1LT#ABM"
26364,"NRO_PARTE",2623722,"4PTLW3580-764521S4SS3-FHD"
26364,"NRO_PARTE",2623749,"4PTLW3580-764521S4OP3-FHD-AR"
26364,"NRO_PARTE",1693693,"21AAS0SJ00"
26364,"NRO_PARTE",1693694,"21AAS0SA00"
26364,"NRO_PARTE",1693695,"21AAS0SS00"
26364,"NRO_PARTE",1693696,"2L3E6LA#ABM-OP"
26364,"NRO_PARTE",1693697,"21AAS0SR00"
26364,"NRO_PARTE",1693698,"21AAS0SH00"
26364,"NRO_PARTE",1693699,"2L3E9LA#ABM"
26364,"NRO_PARTE",1693700,"2L3E7LA#ABM"
26364,"NRO_PARTE",1693701,"2B5F2LA#ABM"
26364,"NRO_PARTE",1693702,"2B5F2LA#ABM-OP"
26364,"NRO_PARTE",1693703,"2L3E9LA#ABM-OP"
26364,"NRO_PARTE",1693704,"2B5E8LA#ABM-OH"
26364,"NRO_PARTE",1693705,"2B5E8LA#ABM-OP"
26364,"NRO_PARTE",1693706,"20SQS2BE00"
26364,"NRO_PARTE",1693707,"NHH78T86T0VA9A"
26364,"NRO_PARTE",1693708,"20YRS29A00-OH"
26364,"NRO_PARTE",1693709,"20YRS57700-OH"
26364,"NRO_PARTE",1693710,"NHH7GQ86T0VA2T"
26364,"NRO_PARTE",1693711,"2L3E7LA#ABM-OH"
26364,"NRO_PARTE",1693712,"2L3B4LA#ABM-OP"
26364,"NRO_PARTE",1693713,"4V0F6LA#ABM-OH"
26364,"NRO_PARTE",1693714,"NHH7GM86T0VAAW"
26364,"NRO_PARTE",1693715,"NHH7GM86T0VAAO"
26364,"NRO_PARTE",1693716,"4V0F6LA#ABM-OP"
26364,"NRO_PARTE",1693717,"20QSS3CU00"
26364,"NRO_PARTE",1693718,"20QSS3RY00"
26364,"NRO_PARTE",1693719,"NHP7GT86T0VAB5"
26364,"NRO_PARTE",1693720,"20YRS29A00"
26364,"NRO_PARTE",1693721,"NHP78T86T0VAB9"
26364,"NRO_PARTE",1693722,"20SQS18D00"
26364,"NRO_PARTE",1693723,"2L3D2LA#ABM-OP"
26364,"NRO_PARTE",1693724,"NHP78T86T0VAB4"
26364,"NRO_PARTE",1693725,"2B5S3LA#ABM-OP"
26364,"NRO_PARTE",1693726,"2L3D7LA#ABM-OH"
26364,"NRO_PARTE",1693727,"20SQS18B00"
26364,"NRO_PARTE",1693728,"30R91LS#ABM"
26364,"NRO_PARTE",1693729,"2L3D3LA#ABM-OP"
26364,"NRO_PARTE",1693730,"2L3E2LA#ABM-OP"
26364,"NRO_PARTE",1693731,"NHH78T86T0VAAN"
26364,"NRO_PARTE",1693732,"NHH7GM86T0VAAZ"
26364,"NRO_PARTE",1693733,"2L3D6LA#ABM-OH"
26364,"NRO_PARTE",1693734,"2B5Y5LA#ABM-OH"
26364,"NRO_PARTE",1693735,"NHP7GM86T0VA4S"
26364,"NRO_PARTE",1693736,"NHH78T86T0VAAY"
26364,"NRO_PARTE",1693737,"NHP7GQ86T0VABD"
26364,"NRO_PARTE",1693738,"2L3B9LA#ABM-OP"
26364,"NRO_PARTE",1693739,"2L3D2LA#ABM-OH"
26364,"NRO_PARTE",1693740,"2L3D3LA#ABM"
26364,"NRO_PARTE",1693741,"2L3B6LA#ABM-OP"
26364,"NRO_PARTE",1693742,"2B5S3LA#ABM"
26364,"NRO_PARTE",1693743,"2L3B6LA#ABM"
26364,"NRO_PARTE",1693744,"2L3B6LA#ABM-OH"
26364,"NRO_PARTE",1693745,"2L3E2LA#ABM-OH"
26364,"NRO_PARTE",1693746,"2L3D3LA#ABM-OH"
26364,"NRO_PARTE",1693747,"2L3D8LA#ABM"
26364,"NRO_PARTE",1693748,"2L3D8LA#ABM-OH"
26364,"NRO_PARTE",1693749,"2L3D8LA#ABM-OP"
26364,"NRO_PARTE",1693750,"2B5S3LA#ABM-OH"
26364,"NRO_PARTE",1693751,"2B5Y5LA#ABM"
26364,"NRO_PARTE",1693752,"NHL7WM86T0VA03"
26364,"NRO_PARTE",1693753,"NHP7GM86T0VAB7"
26364,"NRO_PARTE",1693754,"2L3E3LA#ABM-OP"
26364,"NRO_PARTE",2138512,"873A4LA#ABM-OP."
26364,"NRO_PARTE",2749501,"A11SGLT#ABM"
26364,"NRO_PARTE",2749512,"A11SHLT#ABM"
26364,"NRO_PARTE",2623728,"4PTLW3580-764521S4OP3-FHD"
26364,"NRO_PARTE",2623732,"4PTLW3580-764521S4OH3-FHD-AC"
26364,"NRO_PARTE",2623739,"4PTLW3580-764521S4SS3-FHD-AR"
26364,"NRO_PARTE",1693755,"2L3B5LA#ABM"
26364,"NRO_PARTE",1693756,"2L3D2LA#ABM"
26364,"NRO_PARTE",1693757,"307B7LS#ABM"
26364,"NRO_PARTE",1693758,"307B7LS#ABM-OP"
26364,"NRO_PARTE",1693759,"20TJS3PA00-OH"
26364,"NRO_PARTE",1693760,"6L0M0LA#ABM-OP"
26364,"NRO_PARTE",1693761,"6L0L8LA#ABM-OP"
26364,"NRO_PARTE",1693762,"6L0M3LA#ABM"
26364,"NRO_PARTE",1693763,"6L0M3LA#ABM-OP"
26364,"NRO_PARTE",1693764,"XD-71PE624S2"
26364,"NRO_PARTE",1693765,"XK-71PE624S2"
26364,"NRO_PARTE",1693766,"XK-73PE624S2"
26364,"NRO_PARTE",1693767,"XK-73PE624SP"
26364,"NRO_PARTE",1693768,"KD-71PE325S2"
26364,"NRO_PARTE",1693769,"KD-71PE325SP"
26364,"NRO_PARTE",1693770,"KD-73PE325SP"
26364,"NRO_PARTE",1693771,"21DDS2WS00"
26364,"NRO_PARTE",1693772,"NHH7GM86T0VA9A"
26364,"NRO_PARTE",1693773,"NHH7GM86TIVA9L"
26364,"NRO_PARTE",1693774,"NHH7GT86T0VA9U"
26364,"NRO_PARTE",1693775,"NHH7GT86T2VA9J"
26364,"NRO_PARTE",1693776,"NHL7GM86T0VA94"
26364,"NRO_PARTE",1693777,"NHH7XT86TIVA94"
26364,"NRO_PARTE",1693778,"20TRS0PR00"
26364,"NRO_PARTE",1693779,"6L0H6LA#ABM"
26364,"NRO_PARTE",1693780,"6L0H6LA#ABM-OP"
26364,"NRO_PARTE",1693781,"XD-73PE624S2"
26364,"NRO_PARTE",1693782,"XD-73PE624SP"
26364,"NRO_PARTE",1693783,"XD-76PE624S2"
26364,"NRO_PARTE",1693784,"XK-76PE624SP"
26364,"NRO_PARTE",1693785,"KD-73PE325S2"
26364,"NRO_PARTE",1693786,"KD-76PE325SP"
26364,"NRO_PARTE",1693787,"20YRS1TF00"
26364,"NRO_PARTE",1693788,"NHL7GM86T0VA9M"
26364,"NRO_PARTE",1693789,"NHL7XT86TIVA96"
26364,"NRO_PARTE",1693790,"NHL7WM86T2VA9R"
26364,"NRO_PARTE",1693791,"20TRS0PS00"
26364,"NRO_PARTE",1693792,"XK-76PE624S2"
26364,"NRO_PARTE",1693793,"NHL78Q86T0VA01"
26364,"NRO_PARTE",1693794,"NHH7GM86T0VA9D"
26364,"NRO_PARTE",1693795,"NHL7WM86T0VA90"
26364,"NRO_PARTE",1693796,"NHL7WM86T0VA9M"
26364,"NRO_PARTE",1693797,"NHL7WM86T0VA9B"
26364,"NRO_PARTE",1693798,"1PTP55-7161S4OP3"
26364,"NRO_PARTE",1693799,"20TRS0PR00-OH"
26364,"NRO_PARTE",1693800,"20TRS0PS00-OH"
26364,"NRO_PARTE",1693801,"XD-71PE624SP"
26364,"NRO_PARTE",1693802,"XD-76PE624SP"
26364,"NRO_PARTE",1693803,"XK-71PE624SP"
26364,"NRO_PARTE",1693804,"NHH78T86T0VA4J"
26364,"NRO_PARTE",1693805,"KD-76PE325S2"
26364,"NRO_PARTE",1693806,"21D9S1FB00-OP"
26364,"NRO_PARTE",1693807,"21D9S1FB00"
26364,"NRO_PARTE",1693808,"20TJS3PA00"
26364,"NRO_PARTE",1693809,"6L0M0LA#ABM"
26364,"NRO_PARTE",1693810,"6L0M0LA#ABM-OH"
26364,"NRO_PARTE",1693811,"NHP7GM86T0VACI"
26364,"NRO_PARTE",1693812,"NHP7GT86T0VACO"
26364,"NRO_PARTE",1693813,"NHP7GM86T0VACQ"
26364,"NRO_PARTE",1693814,"NHH7WT86T0VA3W"
26364,"NRO_PARTE",1693815,"NHH7WM86T0VA4D"
26364,"NRO_PARTE",1693816,"NHP7WM86T0VA4O"
26364,"NRO_PARTE",2749525,"A11SHLT#ABM-OP"
26364,"NRO_PARTE",2626826,"9GMHL4V014"
26364,"NRO_PARTE",2626891,"96MHL4V024"
26364,"NRO_PARTE",2556336,"AZF-93PE12WX4916"
26364,"NRO_PARTE",1693817,"NHP7WT86T0VA4T"
26364,"NRO_PARTE",1693818,"NHP7WM86T0VA5O"
26364,"NRO_PARTE",1693819,"NHP7WT86T0VA5Q"
26364,"NRO_PARTE",1693820,"NHP7WQ86T0VA5T"
26364,"NRO_PARTE",1693821,"NHL78Q86TUVA1V"
26364,"NRO_PARTE",1693822,"NHP78Q86T0VACK"
26364,"NRO_PARTE",1693823,"NHP7WM86T0VACE"
26364,"NRO_PARTE",1693824,"1PTP55-7161S4OH3"
26364,"NRO_PARTE",1693825,"6PP57LP#ABM"
26364,"NRO_PARTE",1693826,"6PP57LP#ABM-OH"
26364,"NRO_PARTE",1693827,"2L3D4LA#ABM-OH"
26364,"NRO_PARTE",1693828,"30R91LS#ABM-OH"
26364,"NRO_PARTE",1693829,"2L3D6LA#ABM-OP"
26364,"NRO_PARTE",1693830,"XE4-73PE512SP"
26364,"NRO_PARTE",1693831,"MD-51PE123S1"
26364,"NRO_PARTE",1693832,"NHH7GQ86T0VAAR"
26364,"NRO_PARTE",1693833,"NHH78T86T0VAAT"
26364,"NRO_PARTE",1693834,"NHP7WM86T0VA5Z"
26364,"NRO_PARTE",1693835,"NHP7WT86T0VA61"
26364,"NRO_PARTE",1693836,"NHP7WQ86T0VA64"
26364,"NRO_PARTE",1693837,"NHP7WM86T0VA67"
26364,"NRO_PARTE",1693838,"NHP7WM86T0VABS"
26364,"NRO_PARTE",1693839,"NHP7GT86T0VABR"
26364,"NRO_PARTE",1693840,"NHH7WM86T0VA3G"
26364,"NRO_PARTE",1693841,"NHP7GM86T0VAC7"
26364,"NRO_PARTE",1693842,"NHP7GT86T0VACD"
26364,"NRO_PARTE",1693843,"NHP7GM86T0VACF"
26364,"NRO_PARTE",1693844,"NHL7GQ86T0VA6S"
26364,"NRO_PARTE",1693845,"NHP78T86T0VACS"
26364,"NRO_PARTE",1693846,"NHL78T86T0VA7W"
26364,"NRO_PARTE",1693847,"NHL78T86T0VA7R"
26364,"NRO_PARTE",1693848,"2L3E2LA#ABM"
26364,"NRO_PARTE",1693849,"2L3B8LA#ABM-OP"
26364,"NRO_PARTE",1693850,"2F2T5LA#ABM-OP"
26364,"NRO_PARTE",1693851,"2K9G0LA#ABM-OP"
26364,"NRO_PARTE",1693852,"2L3E3LA#ABM"
26364,"NRO_PARTE",1693853,"XE4-73PE510SP"
26364,"NRO_PARTE",1693854,"MD-53PE123O1"
26364,"NRO_PARTE",1693855,"MD-51PE123OD"
26364,"NRO_PARTE",1693856,"NHP7WT86T0VA54"
26364,"NRO_PARTE",1693857,"NHH7WT86T0VA3A"
26364,"NRO_PARTE",1693858,"NHL7GT86T0VA6K"
26364,"NRO_PARTE",1693859,"NHH78Q86T0VA3E"
26364,"NRO_PARTE",1693860,"NHH7WT86T0VA3L"
26364,"NRO_PARTE",1693861,"NHP7GQ86T0VACL"
26364,"NRO_PARTE",1693862,"NHL7GM86T0VA70"
26364,"NRO_PARTE",1693863,"NHP78Q86T0VA4X"
26364,"NRO_PARTE",1693864,"NHP7WQ86T0VA57"
26364,"NRO_PARTE",1693865,"NHP78Q86T0VA58"
26364,"NRO_PARTE",1693866,"NHP7WM86T0VA5D"
26364,"NRO_PARTE",1693867,"NHP7WT86T0VA5F"
26364,"NRO_PARTE",1693868,"NHP7WQ86T0VA5I"
26364,"NRO_PARTE",1693869,"NHP78Q86T0VA5J"
26364,"NRO_PARTE",1693870,"2L3D6LA#ABM"
26364,"NRO_PARTE",1693871,"2K9G0LA#ABM-OH"
26364,"NRO_PARTE",1693872,"2F2T7LA#ABM"
26364,"NRO_PARTE",1693873,"2F2T7LA#ABM-OH"
26364,"NRO_PARTE",1693874,"XE4-73LA514SH"
26364,"NRO_PARTE",1693875,"MD-53PE123OD"
26364,"NRO_PARTE",1693876,"NHL7WM86T0VA0S"
26364,"NRO_PARTE",1693877,"NHP7WM86T0VA5L"
26364,"NRO_PARTE",2749518,"A11SHLT#ABM-OH"
26364,"NRO_PARTE",2623747,"4PTLW3580-764521S4OH3-FHD-AR"
26364,"NRO_PARTE",1693878,"NHP7WM86T0VACM"
26364,"NRO_PARTE",1693879,"NHP7WT86T0VACG"
26364,"NRO_PARTE",1693880,"NHL7WQ86T0VA18"
26364,"NRO_PARTE",1693881,"NHL78Q86T0VA1K"
26364,"NRO_PARTE",1693882,"NHP78T86T0VAC6"
26364,"NRO_PARTE",1693883,"NHL7WM86TUVA20"
26364,"NRO_PARTE",1693884,"NHP78T86T0VACH"
26364,"NRO_PARTE",1693885,"NHL78T86T0VA6U"
26364,"NRO_PARTE",1693886,"NHL7GT86T0VA6V"
26364,"NRO_PARTE",1693887,"NHL7GM86T0VA6X"
26364,"NRO_PARTE",1693888,"NHL78T86T0VA6Z"
26364,"NRO_PARTE",1693889,"NHH7WM86T0VA3R"
26364,"NRO_PARTE",1693890,"NHL7GQ86T0VA73"
26364,"NRO_PARTE",1693891,"NHL78T86T0VA75"
26364,"NRO_PARTE",1693892,"1PTP55-5161S4SS3-VP"
26364,"NRO_PARTE",1693893,"1PTP55-5161S4OH3-VP"
26364,"NRO_PARTE",1693894,"1PTP55-5161S4OP3-VP"
26364,"NRO_PARTE",1693895,"2L3E3LA#ABM-OH"
26364,"NRO_PARTE",1693896,"2B5T0LA#ABM-OH"
26364,"NRO_PARTE",1693897,"2B5T2LA#ABM-OH"
26364,"NRO_PARTE",1693898,"2K9G0LA#ABM"
26364,"NRO_PARTE",1693899,"NHL7WT86T0VA0U"
26364,"NRO_PARTE",1693900,"NHL7GT86T0VA76"
26364,"NRO_PARTE",1693901,"NHL7GM86T0VA78"
26364,"NRO_PARTE",1693902,"NHH7WQ86T0VA3Z"
26364,"NRO_PARTE",1693903,"NHL7GM86T0VA88"
26364,"NRO_PARTE",1693904,"NHL78T86T0VA7A"
26364,"NRO_PARTE",1693905,"NH57HP"
26364,"NRO_PARTE",1693906,"NHL7GM86T0VA85"
26364,"NRO_PARTE",1693907,"NHL78T86T0VA7G"
26364,"NRO_PARTE",1693908,"NHL7GT86T0VA83"
26364,"NRO_PARTE",1693909,"NHL7GT86T0VA7H"
26364,"NRO_PARTE",1693910,"NHH7WM86T0VA45"
26364,"NRO_PARTE",1693911,"NHL7GQ86T0VA80"
26364,"NRO_PARTE",1693912,"NHL7GQ86T0VA7P"
26364,"NRO_PARTE",1693913,"NHL7GM86T0VA7U"
26364,"NRO_PARTE",1693914,"NHL7GM86T0VA6M"
26364,"NRO_PARTE",1693915,"NHP7GQ86T0VACA"
26364,"NRO_PARTE",1693916,"NHH78Q86T0VA40"
26364,"NRO_PARTE",1693917,"NHL78T86T0VA87"
26364,"NRO_PARTE",1693918,"NHL7GQ86T0VA7E"
26364,"NRO_PARTE",1693919,"NHH7WT86T0VA47"
26364,"NRO_PARTE",1693920,"NHL78T86T0VA7L"
26364,"NRO_PARTE",1693921,"NHL7GT86T0VA7S"
26364,"NRO_PARTE",1693922,"NHH78Q86T0VA4B"
26364,"NRO_PARTE",1693923,"513R5LS#ABM"
26364,"NRO_PARTE",1693924,"NHP7WQ86T0VACU"
26364,"NRO_PARTE",1693925,"2L3B9LA#ABM-OH"
26364,"NRO_PARTE",1693926,"2L3D4LA#ABM-OP"
26364,"NRO_PARTE",1693927,"2L3B5LA#ABM-OH"
26364,"NRO_PARTE",1693928,"2L3B5LA#ABM-OP"
26364,"NRO_PARTE",1693929,"307B7LS#ABM-OH"
26364,"NRO_PARTE",1693930,"NHP7WM86T0VA52"
26364,"NRO_PARTE",1693931,"NHL7WQ86T0VA1J"
26364,"NRO_PARTE",1693932,"XE4-76PE510SP"
26364,"NRO_PARTE",1693933,"NHP7WM86T0VACB"
26364,"NRO_PARTE",1693934,"NHL7GT86T0VA1O"
26364,"NRO_PARTE",1693935,"NHP78T86T0VABQ"
26364,"NRO_PARTE",1693936,"NHH7WT86T0VA2Z"
26364,"NRO_PARTE",1693937,"NHL7GM86T0VA1Q"
26364,"NRO_PARTE",1693938,"NHL7GM86T0VA1T"
26364,"NRO_PARTE",2528402,"21FBS76600-OP"
26364,"NRO_PARTE",2749503,"A11SGLT#ABM-OH"
26364,"NRO_PARTE",2749504,"A11SGLT#ABM-OP"
26364,"NRO_PARTE",2629830,"5W2PH4V319"
26364,"NRO_PARTE",2629867,"582HL4V470"
26364,"NRO_PARTE",2629902,"7W2PH4V322"
26364,"NRO_PARTE",3839417,"P16SG319322104W*-OH"
26364,"NRO_PARTE",1693939,"NHH7WM86T0VA35"
26364,"NRO_PARTE",1693940,"XE4-76PE512SP"
26364,"NRO_PARTE",1693941,"NHL7GQ86T0VA6H"
26364,"NRO_PARTE",1693942,"NHH7WM86T0VA38"
26364,"NRO_PARTE",1693943,"NHL78T86T0VA6J"
26364,"NRO_PARTE",1693944,"NHH7WQ86T0VA3D"
26364,"NRO_PARTE",1693945,"NHL78T86T0VA6O"
26364,"NRO_PARTE",1693946,"NHP7GM86T0VABT"
26364,"NRO_PARTE",1693947,"NHL7GM86T0VA6P"
26364,"NRO_PARTE",1693948,"NHP78T86T0VABV"
26364,"NRO_PARTE",1693949,"NHP7GQ86T0VABZ"
26364,"NRO_PARTE",1693950,"NHP7GM86T0VAC4"
26364,"NRO_PARTE",1693951,"NHH7GT86T0VAA8"
26364,"NRO_PARTE",1693952,"NHH7GM86T0VAAD"
26364,"NRO_PARTE",1693953,"NHL7WM86T0VA0P"
26364,"NRO_PARTE",1693954,"NHL7WM86T0VA1P"
26364,"NRO_PARTE",1693955,"NHL7WQ86T0VA1U"
26364,"NRO_PARTE",1693956,"NHH7WM86T0VA2X"
26364,"NRO_PARTE",1693957,"NHH7WQ86T0VA32"
26364,"NRO_PARTE",1693958,"2F2T7LA#ABM-OP"
26364,"NRO_PARTE",1693959,"2S4X5LA#ABM-OH"
26364,"NRO_PARTE",1693960,"2S4Y2LA#ABM-OH"
26364,"NRO_PARTE",1693961,"2B5S7LA#ABM"
26364,"NRO_PARTE",1693962,"1PTP55-7161S4SS3"
26364,"NRO_PARTE",1693963,"2J7B0LA#ABM-OH"
26364,"NRO_PARTE",1693964,"2S4Y6LA#ABM"
26364,"NRO_PARTE",1693965,"2L3D4LA#ABM"
26364,"NRO_PARTE",1693966,"2S4Y6LA#ABM-OH"
26364,"NRO_PARTE",1693967,"NHH7GM86T0VA46"
26364,"NRO_PARTE",1693968,"NHH78T86T0VA48"
26364,"NRO_PARTE",1693969,"NHH7GT86T0VA4F"
26364,"NRO_PARTE",1693970,"2B5S7LA#ABM-OP"
26364,"NRO_PARTE",1693971,"2S4Y8LA#ABM"
26364,"NRO_PARTE",1693972,"2L3B7LA#ABM"
26364,"NRO_PARTE",1693973,"2L3B7LA#ABM-OP"
26364,"NRO_PARTE",1693974,"NHH7GM86T0VA4H"
26364,"NRO_PARTE",1693975,"NHP7GM86T0VA4V"
26364,"NRO_PARTE",1693976,"NHL7WT86T0VA15"
26364,"NRO_PARTE",1693977,"21DDS2WD00"
26364,"NRO_PARTE",1693978,"21DDS2WG00"
26364,"NRO_PARTE",1693979,"21DDS2WJ00"
26364,"NRO_PARTE",1693980,"2J7B0LA#ABM-OP"
26364,"NRO_PARTE",1693981,"NHL7WQ86T0VA0X"
26364,"NRO_PARTE",1693982,"NHL78Q86T0VA0Y"
26364,"NRO_PARTE",1693983,"NHL7WM86T0VA0H"
26364,"NRO_PARTE",1693984,"NHL7WT86T0VA0J"
26364,"NRO_PARTE",1693985,"NHL78Q86T0VA0N"
26364,"NRO_PARTE",1693986,"2.."
26364,"NRO_PARTE",1693987,"5"
26364,"NRO_PARTE",1693988,"NHL78T86T0VA0K"
26364,"NRO_PARTE",1693989,"NHL7GT86T0VA12"
26364,"NRO_PARTE",1693990,"NHL7GM86T0VA14"
26364,"NRO_PARTE",1693991,"NHH78T86T0VAA1"
26364,"NRO_PARTE",1693992,"NHH78T86T0VAA7"
26364,"NRO_PARTE",1693993,"NHL78T86T0VA0Q"
26364,"NRO_PARTE",1693994,"NHL7GM86T0VA17"
26364,"NRO_PARTE",1693995,"NHL7GQ86T0VA1A"
26364,"NRO_PARTE",1693996,"NHH7GM86T0VAA2"
26364,"NRO_PARTE",1693997,"NHL78Q86T0VA0C"
26364,"NRO_PARTE",1693998,"NHL7WM86T0VA0E"
26364,"NRO_PARTE",1693999,"NHP7WQ86T0VABM"
26364,"NRO_PARTE",1694000,"1PTP55-516124SS3-VP"
26364,"NRO_PARTE",2629943,"782HL4V473"
26364,"NRO_PARTE",2773781,"MF5-551PE51HX4506"
26364,"NRO_PARTE",2773785,"MF5-551PE51WX4506"
26364,"NRO_PARTE",2773792,"MF5-551PE51XX4506"
26364,"NRO_PARTE",2773839,"MF5-553PE51XX4506"
26364,"NRO_PARTE",1694001,"1PTP55-516124OH3-VP"
26364,"NRO_PARTE",1694002,"1PTP55-7161S4OH3-"
26364,"NRO_PARTE",1694003,"1PTP55-7161S4OP3-"
26364,"NRO_PARTE",1694004,"1PTP55-7161S4SS3-"
26364,"NRO_PARTE",1694005,"NHL7WM86T0VA10"
26364,"NRO_PARTE",1694006,"NHL78Q86T0VA19"
26364,"NRO_PARTE",1694007,"NHL7WM86T0VA13"
26364,"NRO_PARTE",1694008,"NHL7WM86T0VA1B"
26364,"NRO_PARTE",1694009,"NHL7WM86T0VA1E"
26364,"NRO_PARTE",1694010,"NHL7WT86T0VA1G"
26364,"NRO_PARTE",1694011,"3C9C2LA#ABM"
26364,"NRO_PARTE",1694012,"NHL78Q86T0VA6R"
26364,"NRO_PARTE",1694013,"1PTP55-516124OP3-VP"
26364,"NRO_PARTE",1694014,"2"
26364,"NRO_PARTE",1694015,"NHL7WM86T0VA1M"
26364,"NRO_PARTE",1694016,"NHL7WT86T0VA1R"
26364,"NRO_PARTE",1694017,"NHH78Q86T0VA2S"
26364,"NRO_PARTE",1694018,"NHH7WM86T0VA2U"
26364,"NRO_PARTE",1694019,"NHL7GT86T0VA0G"
26364,"NRO_PARTE",1694020,"NHH7GQ86T0VA9U"
26364,"NRO_PARTE",1694021,"NHL7GM86T0VA0T"
26364,"NRO_PARTE",1694022,"NHL7GM86T0VA0W"
26364,"NRO_PARTE",1694023,"NHL78T86T0VA11"
26364,"NRO_PARTE",1694024,"NHL78T86T0VA09"
26364,"NRO_PARTE",1694025,"NHL7GQ86T0VA0D"
26364,"NRO_PARTE",1694026,"NHH78T86T0VA9L"
26364,"NRO_PARTE",1694027,"NHP78T86T0VABF"
26364,"NRO_PARTE",1694028,"NHP78T86T0VABK"
26364,"NRO_PARTE",1694029,"NHP7GM86T0VABL"
26364,"NRO_PARTE",1694030,"NHP7GQ86T0VABO"
26364,"NRO_PARTE",1694031,"NHP78Q86T0VAC9"
26364,"NRO_PARTE",1694032,"NHP7WT86T0VAC5"
26364,"NRO_PARTE",1694033,"NHP7WM86T0VAC0"
26364,"NRO_PARTE",1694034,"NHL7GQ86TUVA1W"
26364,"NRO_PARTE",1694035,"NHL7WM86TUVA1X"
26364,"NRO_PARTE",1694036,"NHP7WQ86T0VABX"
26364,"NRO_PARTE",1694037,"NHL7GT86TUVA1Z"
26364,"NRO_PARTE",1694038,"NHP78Q86T0VABN"
26364,"NRO_PARTE",1694039,"NHL7WM86T0VA6I"
26364,"NRO_PARTE",1694040,"YD-73PE24482"
26364,"NRO_PARTE",1694041,"YD-76PE24482"
26364,"NRO_PARTE",1694042,"YD-76PE2448P"
26364,"NRO_PARTE",1694043,"NHH7GT86T0VAAU"
26364,"NRO_PARTE",1694044,"NHP7GQ86T0VAB2"
26364,"NRO_PARTE",1694045,"NHP7WM86T0VA6A"
26364,"NRO_PARTE",1694046,"NHL7WM86T0VA6W"
26364,"NRO_PARTE",1694047,"3"
26364,"NRO_PARTE",1694048,"NHL7GT86T0VA1D"
26364,"NRO_PARTE",1694049,"NHL7GM86T0VA1F"
26364,"NRO_PARTE",1694050,"NHL78T86T0VA1H"
26364,"NRO_PARTE",1694051,"NHL7GM86T0VA1I"
26364,"NRO_PARTE",1694052,"NHL7GQ86T0VA1L"
26364,"NRO_PARTE",1694053,"NHL78T86T0VA1N"
26364,"NRO_PARTE",1694054,"NHH78T86T0VA9W"
26364,"NRO_PARTE",1694055,"NHH7GT86T0VA9X"
26364,"NRO_PARTE",1694056,"NHH7GM86T0VA9Z"
26364,"NRO_PARTE",1694057,"NHH7GQ86T0VAA5"
26364,"NRO_PARTE",1694058,"NHH7GM86T0VAAA"
26364,"NRO_PARTE",1694059,"NHH78T86T0VAAC"
26364,"NRO_PARTE",1694060,"NHH7GQ86T0VAAG"
26364,"NRO_PARTE",1694061,"NHH78T86T0VAAI"
26364,"NRO_PARTE",2528441,"21FBS76000-OP"
26364,"NRO_PARTE",1887008,"889X0LA#ABM"
26364,"NRO_PARTE",1887015,"889X0LA#ABM-OH"
26364,"NRO_PARTE",1887042,"889Y4LA#ABM-OH"
26364,"NRO_PARTE",2630250,"96MH04V204"
26364,"NRO_PARTE",2630318,"9GMHH4V083"
26364,"NRO_PARTE",1694062,"NHH7GT86T0VAAJ"
26364,"NRO_PARTE",1694063,"NHH7GM86T0VAAL"
26364,"NRO_PARTE",1694064,"NHP7GM86T0VABA"
26364,"NRO_PARTE",1694065,"NHP7GT86T0VABG"
26364,"NRO_PARTE",1694066,"NHP7GM86T0VABI"
26364,"NRO_PARTE",1694067,"NHP7WM86T0VA5A"
26364,"NRO_PARTE",1694068,"NHP7WT86T0VACR"
26364,"NRO_PARTE",1694069,"NHP7WM86T0VACP"
26364,"NRO_PARTE",1694070,"NHP7WT86T0VA6C"
26364,"NRO_PARTE",1694071,"NHP7WQ86T0VA6F"
26364,"NRO_PARTE",1694072,"NHP7WM86T0VABP"
26364,"NRO_PARTE",1694073,"4"
26364,"NRO_PARTE",1694074,"KD-71PE223S2"
26364,"NRO_PARTE",1694075,"NHH78T86T0VA2V"
26364,"NRO_PARTE",1694076,"NHH7GM86T0VA31"
26364,"NRO_PARTE",1694077,"NHH78T86T0VA3B"
26364,"NRO_PARTE",1694078,"NHH7GQ86T0VA3F"
26364,"NRO_PARTE",1694079,"NHH78T86T0VA3S"
26364,"NRO_PARTE",1694080,"NHH7GM86T0VA3Y"
26364,"NRO_PARTE",1694081,"NHH78T86T0VA43"
26364,"NRO_PARTE",1694082,"NHH7GT86T0VA44"
26364,"NRO_PARTE",1694083,"NHP7WT86T0VABJ"
26364,"NRO_PARTE",1694084,"NHL7WM86T0VA6L"
26364,"NRO_PARTE",1694085,"NHL7WT86T0VA6N"
26364,"NRO_PARTE",1694086,"NHL7WQ86T0VA6Q"
26364,"NRO_PARTE",1694087,"NHP7WQ86T0VACJ"
26364,"NRO_PARTE",1694088,"NHP78Q86T0VA65"
26364,"NRO_PARTE",1694089,"NHP7WQ86T0VAC8"
26364,"NRO_PARTE",1694090,"NHP7WM86T0VAC3"
26364,"NRO_PARTE",1694091,"NHL78Q86T0VA6G"
26364,"NRO_PARTE",1694092,"YD-73PE2448P"
26364,"NRO_PARTE",1694093,"YD-71PE2248P"
26364,"NRO_PARTE",1694094,"KD-73PE223SP"
26364,"NRO_PARTE",1694095,"NHH7GQ86T0VA4C"
26364,"NRO_PARTE",1694096,"NHH78T86T0VA4E"
26364,"NRO_PARTE",1694097,"NHH7GM86T0VA39"
26364,"NRO_PARTE",1694098,"NHH78T86T0VA3H"
26364,"NRO_PARTE",1694099,"NHH7GT86T0VA3T"
26364,"NRO_PARTE",1694100,"NHH78T86T0VA3X"
26364,"NRO_PARTE",1694101,"NHH7GQ86T0VA41"
26364,"NRO_PARTE",1694102,"NHP78Q86T0VABY"
26364,"NRO_PARTE",1694103,"NHL78T86TUVA1Y"
26364,"NRO_PARTE",1694104,"NHP7WT86T0VABU"
26364,"NRO_PARTE",1694105,"NHL78T86T0VA1S"
26364,"NRO_PARTE",1694106,"NHH78Q86T0VA33"
26364,"NRO_PARTE",1694107,"NHP7GM86T0VABW"
26364,"NRO_PARTE",1694108,"NHH7WM86T0VA3J"
26364,"NRO_PARTE",1694109,"NHP78T86T0VAC1"
26364,"NRO_PARTE",1694110,"NHP7GT86T0VAC2"
26364,"NRO_PARTE",1694111,"NHP78T86T0VACC"
26364,"NRO_PARTE",1694112,"NHH7WQ86T0VA3O"
26364,"NRO_PARTE",1694113,"NHP78T86T0VACN"
26364,"NRO_PARTE",1694114,"NHH78Q86T0VA3P"
26364,"NRO_PARTE",1694115,"NHH7WM86T0VA3U"
26364,"NRO_PARTE",1694116,"NHP7GM86T0VACT"
26364,"NRO_PARTE",1694117,"NHL7GM86T0VA7B"
26364,"NRO_PARTE",1694118,""
26364,"NRO_PARTE",1694119,"NHH7WM86T0VA42"
26364,"NRO_PARTE",1694120,"NHL78T86T0VA82"
26364,"NRO_PARTE",1694121,"NHL7GM86T0VA7J"
26364,"NRO_PARTE",1694122,"NHL7GM86T0VA7X"
26364,"NRO_PARTE",1694123,"NHL7GM86T0VA7M"
26364,"NRO_PARTE",4229358,"C2NN1LT#ABM"
26364,"NRO_PARTE",4229538,"21RR0006LM"
26364,"NRO_PARTE",4229541,"21RR0006LM-OH"
26364,"NRO_PARTE",1887022,"889X0LA#ABM-OP"
26364,"NRO_PARTE",3135012,"P16VG219322106-OH"
26364,"NRO_PARTE",3137093,"B3NW8LS#ABM-OH4"
26364,"NRO_PARTE",2629862,"9WTHH4V061"
26364,"NRO_PARTE",2629891,"5G2HL4V471"
26364,"NRO_PARTE",2629917,"7W2HL4V472"
26364,"NRO_PARTE",2629938,"9W2HH4V064"
26364,"NRO_PARTE",2629961,"9G2HH4V065"
26364,"NRO_PARTE",2630056,"9W2HH4V067"
26364,"NRO_PARTE",2630268,"9GTH04V206"
26364,"NRO_PARTE",2630287,"96MHH4V081"
26364,"NRO_PARTE",1694124,"NHH7WQ86T0VA4A"
26364,"NRO_PARTE",1694125,"KD-71PE223SP"
26364,"NRO_PARTE",1694126,"21BUS19S00"
26364,"NRO_PARTE",1694127,"21D9S1F300"
26364,"NRO_PARTE",1694128,"21D9S1F300-OP"
26364,"NRO_PARTE",1694129,"21D9S1F300-OH"
26364,"NRO_PARTE",1694130,"21D9S1FA00"
26364,"NRO_PARTE",1694131,"21D9S1F800-OP"
26364,"NRO_PARTE",1694132,"21D9S1F800-OH"
26364,"NRO_PARTE",1694133,"21D9S1F500"
26364,"NRO_PARTE",1694134,"2F0Y6LS#ABM-OH"
26364,"NRO_PARTE",1694135,"TESTER"
26364,"NRO_PARTE",1694136,"20S4S02S00"
26364,"NRO_PARTE",1694137,"20T4S03H00"
26364,"NRO_PARTE",1694138,"20T4S03G00"
26364,"NRO_PARTE",1694139,"20TJS01000"
26364,"NRO_PARTE",1694140,"2F0Y6LS#ABM"
26364,"NRO_PARTE",1694141,"NHP7WM86T0VA4Z"
26364,"NRO_PARTE",1694142,"NHH7WQ86T0VA4L"
26364,"NRO_PARTE",1694143,"20S4S02U00"
26364,"NRO_PARTE",1694144,"20S4S02T00"
26364,"NRO_PARTE",1694145,"20STS01600"
26364,"NRO_PARTE",1694146,"20STS01700"
26364,"NRO_PARTE",1694147,"1PTP356-716S14OP3-V"
26364,"NRO_PARTE",1694148,"NHP7WM86T0VA4R"
26364,"NRO_PARTE",1694149,"21DDS2WQ00"
26364,"NRO_PARTE",1694150,"21DDS2WN00"
26364,"NRO_PARTE",1694151,"21DDS2WE00"
26364,"NRO_PARTE",1694152,"21DDS2WH00"
26364,"NRO_PARTE",1694153,"21DDS2WK00"
26364,"NRO_PARTE",1694154,"21DDS2WT00"
26364,"NRO_PARTE",1694155,"21DDS2WU00"
26364,"NRO_PARTE",1694156,"21DDS2WR00"
26364,"NRO_PARTE",1694157,"21BUS19Q00"
26364,"NRO_PARTE",1694158,"21BUS19M00"
26364,"NRO_PARTE",1694159,"20YRS29A00-OP"
26364,"NRO_PARTE",1694160,"20YRS57700"
26364,"NRO_PARTE",1694161,"20YRS57700-OP"
26364,"NRO_PARTE",1694162,"21BUS19R00"
26364,"NRO_PARTE",1694163,"21BUS19N00"
26364,"NRO_PARTE",1694164,"MD-51LA123SD"
26364,"NRO_PARTE",1694165,"YD-73LA224SH"
26364,"NRO_PARTE",1694166,"KD-72LA623SP"
26364,"NRO_PARTE",1694167,"KD-72LA325SH"
26364,"NRO_PARTE",1694168,"1PTP356-732S24OP3"
26364,"NRO_PARTE",1694169,"57A11LA#ABM"
26364,"NRO_PARTE",1694170,"NHP7WQ86T0VA4W"
26364,"NRO_PARTE",1694171,"GD-53PE123S1"
26364,"NRO_PARTE",1694172,"GD-51PE123SD"
26364,"NRO_PARTE",1694173,"GD-51PE123S1"
26364,"NRO_PARTE",1694174,"GD-51LA123SH"
26364,"NRO_PARTE",1694175,"2L3D7LA#ABM-OP"
26364,"NRO_PARTE",1694176,"GD-53PE123SD"
26364,"NRO_PARTE",1694177,"G5 MD-51LA123SH"
26364,"NRO_PARTE",1694178,"MD-51LA123SH"
26364,"NRO_PARTE",1694179,"YD-73LA244SH"
26364,"NRO_PARTE",1694180,"NHH7WT86T0VA4I"
26364,"NRO_PARTE",1694181,"21BUS19P00"
26364,"NRO_PARTE",1694182,"68Q35LS#ABM-OH"
26364,"NRO_PARTE",1694183,"GD-51LA123SD"
26364,"NRO_PARTE",1694184,"NHP78Q86T0VA4M"
26364,"NRO_PARTE",1694185,"21DDS2WF00"
26364,"NRO_PARTE",1887054,"889Y4LA#ABM-OP"
26364,"NRO_PARTE",1887161,"872W7LA#ABM-OP"
26364,"NRO_PARTE",1887189,"872W8LA#ABM"
26364,"NRO_PARTE",2630245,"9GTHH4V077"
26364,"NRO_PARTE",2630255,"96THH4V078"
26364,"NRO_PARTE",3137098,"B29VNLS#ABM"
26364,"NRO_PARTE",3137107,"B29VNLS#ABM-OH4"
26364,"NRO_PARTE",3137119,"B29VPLS#ABM"
26364,"NRO_PARTE",3137126,"B29VPLS#ABM-OH4"
26364,"NRO_PARTE",1694186,"0PTL355-7161S4SS3-VP"
26364,"NRO_PARTE",1694187,"0PTL355-7321S4SS3-VP"
26364,"NRO_PARTE",1694188,"65L07LA#ABM-OP"
26364,"NRO_PARTE",1694189,"NHP7WM86T0VA5W"
26364,"NRO_PARTE",1694190,"20YRS81D00"
26364,"NRO_PARTE",1694191,"20YRS81C00"
26364,"NRO_PARTE",1694192,"20YRS81G00"
26364,"NRO_PARTE",1694193,"20YRS81L00"
26364,"NRO_PARTE",1694194,"65L06LA#ABM"
26364,"NRO_PARTE",1694195,"NHP78Q86T0VA5U"
26364,"NRO_PARTE",1694196,"20YRS81J00"
26364,"NRO_PARTE",1694197,"33333333"
26364,"NRO_PARTE",1694198,"44444444444"
26364,"NRO_PARTE",1694199,"66666666666666666"
26364,"NRO_PARTE",1694200,"65L06LA#ABM-OH"
26364,"NRO_PARTE",1694201,"1PTP77-764S116OH3"
26364,"NRO_PARTE",1694202,"1PTP77-764S116OP3"
26364,"NRO_PARTE",1694203,"1PTP77-764S116SS3"
26364,"NRO_PARTE",1694204,"65L06LA#ABM-OP"
26364,"NRO_PARTE",1694205,"65L08LA#ABM"
26364,"NRO_PARTE",1694206,"65L15LA#ABM-OH"
26364,"NRO_PARTE",1694207,"20YRS81F00"
26364,"NRO_PARTE",1694208,"20YRS81A00"
26364,"NRO_PARTE",1694209,"20YRS81B00"
26364,"NRO_PARTE",1694210,"20YRS81H00"
26364,"NRO_PARTE",1694211,"20YRS81K00"
26364,"NRO_PARTE",1694212,"20YRS81E00"
26364,"NRO_PARTE",1694213,"20YRS81M00"
26364,"NRO_PARTE",1694214,"111111111111"
26364,"NRO_PARTE",1694215,"222222222"
26364,"NRO_PARTE",1694216,"55555555"
26364,"NRO_PARTE",1694217,"68Q35LS#ABM"
26364,"NRO_PARTE",1694218,"S26391-K503-V100#109"
26364,"NRO_PARTE",1694219,"68Q35LS#ABM-OP"
26364,"NRO_PARTE",1694220,"68Q37LS#ABM-OP"
26364,"NRO_PARTE",1694221,"68Q37LS#ABM-OH"
26364,"NRO_PARTE",1694222,"68Q37LS#ABM"
26364,"NRO_PARTE",1694223,"0PTL775-716S1S6SS3"
26364,"NRO_PARTE",1694224,"YD-73PE624S2"
26364,"NRO_PARTE",1694225,"YD-73PE624SP"
26364,"NRO_PARTE",1694226,"YD-76PE624SP"
26364,"NRO_PARTE",1694227,"YD-71PE22482"
26364,"NRO_PARTE",1694228,"KD-73PE223S2"
26364,"NRO_PARTE",1694229,"YD-71PE624SP"
26364,"NRO_PARTE",1694230,"YD-76PE624S2"
26364,"NRO_PARTE",1694231,"4U9J5LA"
26364,"NRO_PARTE",1694232,"57A11LA#ABM-OH"
26364,"NRO_PARTE",1694233,"57A11LA#ABM-OP"
26364,"NRO_PARTE",1694234,"21BUS19U00"
26364,"NRO_PARTE",1694235,"YD-71PE624S2"
26364,"NRO_PARTE",1694236,"6L0M7LA#ABM"
26364,"NRO_PARTE",1694237,"6L0M7LA#ABM-OH"
26364,"NRO_PARTE",1694238,"21BUS19T00"
26364,"NRO_PARTE",1694239,"NHP7GT86T0VA9N"
26364,"NRO_PARTE",1694240,"2..."
26364,"NRO_PARTE",1694241,"6"
26364,"NRO_PARTE",1694242,"7"
26364,"NRO_PARTE",1694243,"NHL7WM86T0VA6T"
26364,"NRO_PARTE",1694244,"8"
26364,"NRO_PARTE",1694245,"11"
26364,"NRO_PARTE",1694246,"NHH78T86T0VA9F"
26364,"NRO_PARTE",1694247,"NHL7GM86T0VA0L"
26364,"NRO_PARTE",1887029,"889Y4LA#ABM"
26364,"NRO_PARTE",1887144,"872W7LA#ABM-OH"
26364,"NRO_PARTE",1887245,"872W8LA#ABM-OP"
26364,"NRO_PARTE",2030570,"87S78LA#ABM-OHM"
26364,"NRO_PARTE",2630253,"7WTHH4V334"
26364,"NRO_PARTE",2630275,"9GMHH4V080"
26364,"NRO_PARTE",2630293,"9WTH04V208"
26364,"NRO_PARTE",2630325,"96TH04V210"
26364,"NRO_PARTE",3137138,"B3NW7LS#ABM"
26364,"NRO_PARTE",3137148,"B3NW7LS#ABM-OH4"
26364,"NRO_PARTE",3137170,"8D046LA#ABM."
26364,"NRO_PARTE",2629877,"5G2PH4V321"
26364,"NRO_PARTE",2630078,"9G2HH4V068"
26364,"NRO_PARTE",2630112,"9WTH04V196"
26364,"NRO_PARTE",2630129,"78THL4V479"
26364,"NRO_PARTE",2630176,"9WMH04V199"
26364,"NRO_PARTE",2630188,"9WMHH4V073"
26364,"NRO_PARTE",2630191,"7GTPH4V330"
26364,"NRO_PARTE",2552778,"91Q38LA#ABM"
26364,"NRO_PARTE",1694248,"NHH78T86T0VA9Q"
26364,"NRO_PARTE",1694249,"NHH7GM86T0VA9R"
26364,"NRO_PARTE",1694250,"NHL7GT86T0VA0R"
26364,"NRO_PARTE",1694251,"NHL78T86T0VA0V"
26364,"NRO_PARTE",1694252,"NHL7GQ86T0VA0Z"
26364,"NRO_PARTE",1694253,"NHL78T86T0VA16"
26364,"NRO_PARTE",1694254,"NHL78T86T0VA1C"
26364,"NRO_PARTE",1694255,"NHH7GM86T0VA49"
26364,"NRO_PARTE",1694256,"NHP78T86T0VA50"
26364,"NRO_PARTE",1694257,"2B5F0LA#ABM"
26364,"NRO_PARTE",1694258,"0PTL555-916124OH3"
26364,"NRO_PARTE",1694259,"1P6L2LA#ABM-OP"
26364,"NRO_PARTE",1694260,"0PTL555-916124SS3"
26364,"NRO_PARTE",1694261,"2B5F0LA#ABM-OH"
26364,"NRO_PARTE",1694262,"2L3E1LA#ABM-OH"
26364,"NRO_PARTE",1694263,"NHP7GT86T0VA51"
26364,"NRO_PARTE",1694264,"NHP7GT86T0VA5C"
26364,"NRO_PARTE",1694265,"NHP7GM86T0VA5P"
26364,"NRO_PARTE",1694266,"NHP78T86T0VA5R"
26364,"NRO_PARTE",1694267,"NHP7GQ86T0VA5V"
26364,"NRO_PARTE",1694268,"NHP7GT86T0VA5Y"
26364,"NRO_PARTE",1694269,"NHP7GM86T0VA60"
26364,"NRO_PARTE",1694270,"NHP78T86T0VA68"
26364,"NRO_PARTE",1694271,"2L3E8LA#ABM-OH"
26364,"NRO_PARTE",1694272,"2L3E1LA#ABM"
26364,"NRO_PARTE",1694273,"2L3E8LA#ABM-OP"
26364,"NRO_PARTE",1694274,"2L3E4LA#ABM"
26364,"NRO_PARTE",1694275,"2L3E4LA#ABM-OP"
26364,"NRO_PARTE",1694276,"NHL7GT86T2VA9S"
26364,"NRO_PARTE",1694277,"2PTL552-5812SOH3"
26364,"NRO_PARTE",1694278,"2PTL552-5812SOH3-"
26364,"NRO_PARTE",1694279,"2PTL552-5812SOP3-"
26364,"NRO_PARTE",1694280,"NHP78T86T0VA6D"
26364,"NRO_PARTE",1694281,"NHP7GM86T0VA6E"
26364,"NRO_PARTE",1694282,"NHL7WM86T0VA06"
26364,"NRO_PARTE",1694283,"NHP78T86T0VA4U"
26364,"NRO_PARTE",1694284,"NHP78T86T0VA5B"
26364,"NRO_PARTE",1694285,"NHP7GM86T0VA5S"
26364,"NRO_PARTE",1694286,"NHP7GM86T0VA63"
26364,"NRO_PARTE",1694287,"NHP7GQ86T0VA66"
26364,"NRO_PARTE",1694288,"NHP7GT86T0VA69"
26364,"NRO_PARTE",1694289,"NHP7GM86T0VA6B"
26364,"NRO_PARTE",1694290,"NHL78T86T0VA04"
26364,"NRO_PARTE",1694291,"NHL7GT86T0VA05"
26364,"NRO_PARTE",1694292,"NHL7GM86T0VA0A"
26364,"NRO_PARTE",1694293,"NHH7GM86T0VA9G"
26364,"NRO_PARTE",1694294,"NHL7GM86T0VA0I"
26364,"NRO_PARTE",1694295,"NHH7GQ86T0VA9J"
26364,"NRO_PARTE",1694296,"2L3B4LA#ABM-OH"
26364,"NRO_PARTE",1694297,"1"
26364,"NRO_PARTE",1694298,"2PTL552-5812SSS3"
26364,"NRO_PARTE",1694299,"2PTL552-5812SSS3-"
26364,"NRO_PARTE",1694300,"4U9J5LA#ABM"
26364,"NRO_PARTE",1694301,"4U9J5LA#ABM-OH"
26364,"NRO_PARTE",1694302,"NHH7GT86T0VA3I"
26364,"NRO_PARTE",1694303,"NHH7GM86T0VA3K"
26364,"NRO_PARTE",1694304,"NHH78T86T0VA3M"
26364,"NRO_PARTE",1694305,"NHH7GM86T0VA3N"
26364,"NRO_PARTE",1694306,"NHH7GQ86T0VA3Q"
26364,"NRO_PARTE",1694307,"NHH7GM86T0VA3V"
26364,"NRO_PARTE",1694308,"NHL7WT86T0VA08"
26364,"NRO_PARTE",1887130,"872W7LA#ABM"
26364,"NRO_PARTE",1887308,"872W9LA#ABM-OP"
26364,"NRO_PARTE",3137085,"B3NW8LS#ABM"
26364,"NRO_PARTE",3137175,"8D046LA#ABM-OH4"
26364,"NRO_PARTE",3137181,"8D052LA#ABM."
26364,"NRO_PARTE",3137182,"8D052LA#ABM-OH4"
26364,"NRO_PARTE",3137183,"977G2LT#ABM."
26364,"NRO_PARTE",3137190,"A41TMLT#ABM-OH4"
26364,"NRO_PARTE",3137191,"A41TPLT#ABM."
26364,"NRO_PARTE",3137195,"A41TPLT#ABM-OH4"
26364,"NRO_PARTE",3137213,"87S86LA#ABM-OH4"
26364,"NRO_PARTE",1694309,"NHH7GM86T0VA4K"
26364,"NRO_PARTE",1694310,"NHL7WQ86T0VA0B"
26364,"NRO_PARTE",1694311,"NHP7GQ86T0VA4N"
26364,"NRO_PARTE",1694312,"NHP78T86T0VA4P"
26364,"NRO_PARTE",1694313,"NHP7GT86T0VA4Q"
26364,"NRO_PARTE",1694314,"4J1Q7LA#ABM"
26364,"NRO_PARTE",1694315,"4J1Q7LA#ABM-OP"
26364,"NRO_PARTE",1694316,"4Y982LA#ABM"
26364,"NRO_PARTE",1694317,"4Y982LA#ABM-OH"
26364,"NRO_PARTE",1694318,"4Y982LA#ABM-OP"
26364,"NRO_PARTE",1694319,"NHP7GQ86T0VA4Y"
26364,"NRO_PARTE",1694320,"1PTP356-7812SS3-VP"
26364,"NRO_PARTE",1694321,"20QSS1T400"
26364,"NRO_PARTE",1694322,"21DDS2WM00"
26364,"NRO_PARTE",1694323,"21DDS2WL00"
26364,"NRO_PARTE",1694324,"20SQS18K00"
26364,"NRO_PARTE",1694325,"20SQS18E00"
26364,"NRO_PARTE",1694326,"20SQS18G00"
26364,"NRO_PARTE",1694327,"20SQS18H00"
26364,"NRO_PARTE",1694328,"20SQS18J00"
26364,"NRO_PARTE",1694329,"1PTP55 -7161S4SS3-"
26364,"NRO_PARTE",1694330,"6L0G7LA#ABM-OH"
26364,"NRO_PARTE",1694331,"6L0G7LA#ABM-OP"
26364,"NRO_PARTE",1694332,"6L0G9LA#ABM-OH"
26364,"NRO_PARTE",1694333,"6L0H0LA#ABM"
26364,"NRO_PARTE",1694334,"6L0H0LA#ABM-OH"
26364,"NRO_PARTE",1694335,"6L0H0LA#ABM-OP"
26364,"NRO_PARTE",1694336,"4444"
26364,"NRO_PARTE",1694337,"777"
26364,"NRO_PARTE",1694338,"666"
26364,"NRO_PARTE",1694339,"20YVS11400"
26364,"NRO_PARTE",1694340,"555520YVS11800 INTEL WM590 CHIPSET PROCESADOR: INTEL CORE I7-11800H 2.30 GHZ RAM: 8 GB DDR4 3200 400 MHZ ALMACENAMIENTO: 512 GB  SSD WINDOWS 10 PROFESIONAL 64 BITS ESPAÑOL  ""	NVIDIA® T1200 4GB GDDR6"" 802.11AX NO SI PANTALLA: LCD CON RETROILUMINACION LED 1"
26364,"NRO_PARTE",1694341,"0PTL355-78124SS3-VP"
26364,"NRO_PARTE",1694342,"20TRS0Q800"
26364,"NRO_PARTE",1694343,"20TRS0QA00"
26364,"NRO_PARTE",1694344,"20TRS0Q900"
26364,"NRO_PARTE",1694345,"YD-73PE244SP"
26364,"NRO_PARTE",1694346,"KD-73PE623SP"
26364,"NRO_PARTE",1694347,"KD-73PE623S2"
26364,"NRO_PARTE",1694348,"KD-71PE623SP"
26364,"NRO_PARTE",1694349,"KD-71PE623S2"
26364,"NRO_PARTE",1694350,"6L0G9LA#ABM-OP"
26364,"NRO_PARTE",1694351,"6L0H3LA#ABM"
26364,"NRO_PARTE",1694352,"6L0L8LA#ABM-OH"
26364,"NRO_PARTE",1694353,"444444"
26364,"NRO_PARTE",1694354,"7777"
26364,"NRO_PARTE",1694355,"111"
26364,"NRO_PARTE",1694356,"1T2N8LA#ABM"
26364,"NRO_PARTE",1694357,"8 GB DDR4 2933 366MHZ"
26364,"NRO_PARTE",1694358,"PRECISION 3551"
26364,"NRO_PARTE",1694359,"20SQS18F00"
26364,"NRO_PARTE",1694360,"YD-76PE244SP"
26364,"NRO_PARTE",1694361,"KD-76PE623SP"
26364,"NRO_PARTE",1694362,"KD-76PE623S2"
26364,"NRO_PARTE",1694363,"4V0F6LA#ABM"
26364,"NRO_PARTE",1694364,"6L0G7LA#ABM"
26364,"NRO_PARTE",1694365,"6L0G9LA#ABM"
26364,"NRO_PARTE",1694366,"6L0H3LA#ABM-OH"
26364,"NRO_PARTE",1694367,"6L0H3LA#ABM-OP"
26364,"NRO_PARTE",1694368,"20YVS11700"
26364,"NRO_PARTE",1694369,"20YVS11800"
26364,"NRO_PARTE",1887325,"873A4LA#ABM"
26364,"NRO_PARTE",1887360,"873A4LA#ABM-OP"
26364,"NRO_PARTE",1887373,"873A5LA#ABM-OP"
26364,"NRO_PARTE",1887394,"8R8K9LA#ABM"
26364,"NRO_PARTE",1887430,"8R8B6LS#ABM"
26364,"NRO_PARTE",1887437,"8R8B6LS#ABM-OH"
26364,"NRO_PARTE",1694370,"2S4X6LA#ABM-OP"
26364,"NRO_PARTE",1694371,"2S4Y2LA#ABM"
26364,"NRO_PARTE",1694372,"2S4Y2LA#ABM-OP"
26364,"NRO_PARTE",1694373,"YD-73PE244S2"
26364,"NRO_PARTE",1694374,"YD-76PE244S2"
26364,"NRO_PARTE",1694375,"NHH7XT86TIVA48"
26364,"NRO_PARTE",1694376,"6L0H6LA#ABM-OH"
26364,"NRO_PARTE",1694377,"6L0L8LA#ABM"
26364,"NRO_PARTE",1694378,"3333"
26364,"NRO_PARTE",1694379,"2B5T2LA#ABM"
26364,"NRO_PARTE",1694380,"2B6B4LA#ABM-OH"
26364,"NRO_PARTE",1694381,"2B6B4LA#ABM-OP"
26364,"NRO_PARTE",1694382,"2H0E9LA#ABM-OP"
26364,"NRO_PARTE",1694383,"NHL7XM86TIVA1M"
26364,"NRO_PARTE",1694384,"NHL7XT86TIVA16"
26364,"NRO_PARTE",1694385,"2B5T0LA#ABM-OP"
26364,"NRO_PARTE",1694386,"2L3B8LA#ABM"
26364,"NRO_PARTE",1694387,"2L3B8LA#ABM-OH"
26364,"NRO_PARTE",1694388,"2B5T2LA#ABM-OP"
26364,"NRO_PARTE",1694389,"2F2T5LA#ABM-OH"
26364,"NRO_PARTE",1694390,"2B6B4LA#ABM"
26364,"NRO_PARTE",1694391,"2L3B9LA#ABM"
26364,"NRO_PARTE",1694392,"2F2T6LA#ABM"
26364,"NRO_PARTE",1694393,"2F2T5LA#ABM"
26364,"NRO_PARTE",1694394,"2F2T6LA#ABM-OH"
26364,"NRO_PARTE",1694395,"2F2T6LA#ABM-OP"
26364,"NRO_PARTE",1694396,"2S4X5LA#ABM"
26364,"NRO_PARTE",1694397,"2S4X6LA#ABM-OH"
26364,"NRO_PARTE",1694398,"2B5S7LA#ABM-OH"
26364,"NRO_PARTE",1694399,"2L3B7LA#ABM-OH"
26364,"NRO_PARTE",1694400,"2S4X3LA#ABM"
26364,"NRO_PARTE",1694401,"2S4X3LA#ABM-OH"
26364,"NRO_PARTE",1694402,"2S4Y6LA#ABM-OP"
26364,"NRO_PARTE",1694403,"1PTP55 - 7161S4SS3-"
26364,"NRO_PARTE",1694404,"0PTL355-716124SS3-VP"
26364,"NRO_PARTE",1694405,"2H0E9LA#ABM"
26364,"NRO_PARTE",1694406,"2S4X3LA#ABM-OP"
26364,"NRO_PARTE",1694407,"2S4X5LA#ABM-OP"
26364,"NRO_PARTE",1694408,"2S4X6LA#ABM"
26364,"NRO_PARTE",1694409,"0PTL355-7641S4SS3-VP"
26364,"NRO_PARTE",1694410,"2S4Y8LA#ABM-OP"
26364,"NRO_PARTE",1694411,"2H0E9LA#ABM-OH"
26364,"NRO_PARTE",1694412,"2B5T0LA#ABM"
26364,"NRO_PARTE",1694413,"6L0M3LA#ABM-OH"
26364,"NRO_PARTE",1694414,"1PTP356-932124OH3-V"
26364,"NRO_PARTE",1694415,"1PTP356-932124OP3-V"
26364,"NRO_PARTE",1694416,"2F2T9LA#ABM"
26364,"NRO_PARTE",1694417,"2F2T9LA#ABM-OH"
26364,"NRO_PARTE",1694418,"2F2T9LA#ABM-OP"
26364,"NRO_PARTE",1694419,"2J7B0LA#ABM"
26364,"NRO_PARTE",1694420,"0PTL775-716S1S6OH3-VP"
26364,"NRO_PARTE",1694421,"0PTL775-716S1S6OP3-VP"
26364,"NRO_PARTE",1694422,"0PTL775-716S1S6SS3-VP"
26364,"NRO_PARTE",1694423,"9PTL35-73212SS5"
26364,"NRO_PARTE",1694424,"9PTL35-73212SS4"
26364,"NRO_PARTE",1694425,"9PTL35-X1612OP3-19-VP"
26364,"NRO_PARTE",1694426,"9PTL35-93212SS4-VP"
26364,"NRO_PARTE",1694427,"9PTL35-X1612SS3-VP"
26364,"NRO_PARTE",1694428,"9PTL35-X1612OP5-19-VP"
26364,"NRO_PARTE",1694429,"9PTL35-X1612OP4-19-VP"
26364,"NRO_PARTE",1694430,"9PTL35-X1612OH4-19-VP"
26364,"NRO_PARTE",1887266,"872W9LA#ABM"
26364,"NRO_PARTE",3135640,"P14SG519161100-OH"
26364,"NRO_PARTE",3135642,"P14SG519162100"
26364,"NRO_PARTE",3135644,"P14SG519162100-OH"
26364,"NRO_PARTE",2745590,"AZG-973PE11HX4916"
26364,"NRO_PARTE",3137184,"977G2LT#ABM-OH4"
26364,"NRO_PARTE",3137278,"87S78LA#ABM-OH4"
26364,"NRO_PARTE",3137338,"87S81LA#ABM-OH4"
26364,"NRO_PARTE",1694431,"9PTL35-X1612OH5-19-VP"
26364,"NRO_PARTE",1694432,"20MAS7LY00"
26364,"NRO_PARTE",1694433,"6LN71LA#ABM"
26364,"NRO_PARTE",1694434,"9PTL74-732S14SS3-K"
26364,"NRO_PARTE",1694435,"20QQS1U600"
26364,"NRO_PARTE",1694436,"20QQS1U500"
26364,"NRO_PARTE",1694437,"20QQS1VT00"
26364,"NRO_PARTE",1694438,"20QQS1U300"
26364,"NRO_PARTE",1694439,"9PTL74-732S14SS3-T"
26364,"NRO_PARTE",1694440,"9PTL35-732S14SS3"
26364,"NRO_PARTE",1694441,"20QQS1U400"
26364,"NRO_PARTE",1694442,"20QSS04P00"
26364,"NRO_PARTE",1694443,"20QQS02800"
26364,"NRO_PARTE",1694444,"20QQS1VU00"
26364,"NRO_PARTE",1694445,"9PTL75-X1612SS3"
26364,"NRO_PARTE",1694446,"9PTL75-X1612SS4"
26364,"NRO_PARTE",1694447,"9PTL75-X1612OH3-19"
26364,"NRO_PARTE",1694448,"9PTL75-91612SS4"
26364,"NRO_PARTE",1694449,"20QQS0HJ00"
26364,"NRO_PARTE",1694450,"20QQS0BT00"
26364,"NRO_PARTE",1694451,"9PTL75-91612SS5"
26364,"NRO_PARTE",1694452,"9PTL75-X1612OP3-19"
26364,"NRO_PARTE",1694453,"9PTL75-71612SS5"
26364,"NRO_PARTE",1694454,"9PTL75-X1612SS4-3"
26364,"NRO_PARTE",1694455,"9PTL75-X1612OH4-19"
26364,"NRO_PARTE",1694456,"9PTL75-X1612OH5-19"
26364,"NRO_PARTE",1694457,"PRECISION 7530"
26364,"NRO_PARTE",1694458,"9PTL75-X1612SS5"
26364,"NRO_PARTE",1694459,"9PTL75-X1612OP4-19"
26364,"NRO_PARTE",1694460,"9PTL75-X1612OP5-19"
26364,"NRO_PARTE",1694461,"9PTL75-X1612SS5-1"
26364,"NRO_PARTE",1694462,"9PTL75-X1612OH3-19-1"
26364,"NRO_PARTE",1694463,"9PTL75-X1612OH3-19-2"
26364,"NRO_PARTE",1694464,"9PTL75-X1612OP5-19-2"
26364,"NRO_PARTE",1694465,"9PTL75-X1612SS3-1"
26364,"NRO_PARTE",1694466,"9PTL75-X1612SS4-1"
26364,"NRO_PARTE",1694467,"1PTL775-716S14OH3-"
26364,"NRO_PARTE",1694468,"1PTP55- 7161S4SS3-"
26364,"NRO_PARTE",1694469,"4V0F4LA#ABM"
26364,"NRO_PARTE",1694470,"21AAS1GT00"
26364,"NRO_PARTE",1694471,"4V0F2LA#ABM-OH"
26364,"NRO_PARTE",1694472,"4V0F2LA#ABM-OP"
26364,"NRO_PARTE",1694473,"4V0F2LA#ABM"
26364,"NRO_PARTE",1694474,"6E7H9LS#ABM"
26364,"NRO_PARTE",1694475,"21AAS1GS00"
26364,"NRO_PARTE",1694476,"6E7H9LS#ABM-OP"
26364,"NRO_PARTE",1694477,"428F5LA#ABM-OH"
26364,"NRO_PARTE",1694478,"1PTP356-7161S4SS3"
26364,"NRO_PARTE",1694479,"1PTP356-78S14SS3"
26364,"NRO_PARTE",1694480,"1PTP356-716S24SS3"
26364,"NRO_PARTE",1694481,"PD09G240WVA006"
26364,"NRO_PARTE",1694482,"21ENS04000"
26364,"NRO_PARTE",1694483,"PDHWT9H8VA9050"
26364,"NRO_PARTE",1694484,"4V0F5LA#ABM"
26364,"NRO_PARTE",1694485,"4V0F5LA#ABM-OP"
26364,"NRO_PARTE",1694486,"428F5LA#ABM"
26364,"NRO_PARTE",1694487,"1PTP356-716S24OP3"
26364,"NRO_PARTE",1694488,"0PTL35-78124SS3-VP"
26364,"NRO_PARTE",1694489,"0PTL35-78124SS3-H-VP"
26364,"NRO_PARTE",1694490,"0PTL35-78124SS3"
26364,"NRO_PARTE",1694491,"21ENS04000-OH"
26364,"NRO_PARTE",1887421,"8R8K9LA#ABM-OP"
26364,"NRO_PARTE",2745646,"AXG-973PE12HX4812"
26364,"NRO_PARTE",3137232,"860Y3LA#ABM-OH4"
26364,"NRO_PARTE",3137256,"87S79LA#ABM-OH4"
26364,"NRO_PARTE",1694492,"PD09X140WVA040"
26364,"NRO_PARTE",1694493,"6E7H9LS#ABM-OH"
26364,"NRO_PARTE",1694494,"4V0F4LA#ABM-OH"
26364,"NRO_PARTE",1694495,"4V0F4LA#ABM-OP"
26364,"NRO_PARTE",1694496,"4V0F5LA#ABM-OH"
26364,"NRO_PARTE",1694497,"2V1S3LS#ABM"
26364,"NRO_PARTE",1694498,"2V1S2LS#ABM"
26364,"NRO_PARTE",1694499,"1PTL775-732S16OH3"
26364,"NRO_PARTE",1694500,"1PTP356-732S24SS3"
26364,"NRO_PARTE",1694501,"1PTL355-71614OP3"
26364,"NRO_PARTE",1694502,"1PTL775-716S14SS3"
26364,"NRO_PARTE",1694503,"1PTL775-764S28OH3"
26364,"NRO_PARTE",1694504,"1PTL775-764S28OP3"
26364,"NRO_PARTE",1694505,"1PTP356-732S24OH3"
26364,"NRO_PARTE",1694506,"1PTL775-716S18OH3-T"
26364,"NRO_PARTE",1694507,"1PTL775-764S28SS3"
26364,"NRO_PARTE",1694508,"0PTL35-7162S1SS3-4"
26364,"NRO_PARTE",1694509,"0PTL35-7162S1OH3-4"
26364,"NRO_PARTE",1694510,"1PTL355-78S14SS3"
26364,"NRO_PARTE",1694511,"1PTL355-78S14OH3"
26364,"NRO_PARTE",1694512,"1PTL355-78S14OP3"
26364,"NRO_PARTE",1694513,"1PTL355-71614SS3"
26364,"NRO_PARTE",1694514,"1PTL355-71614OH3"
26364,"NRO_PARTE",1694515,"1PTL775-732S16OP3"
26364,"NRO_PARTE",1694516,"1PTL775-716S14OH3"
26364,"NRO_PARTE",1694517,"1PTL775-716S14OP3"
26364,"NRO_PARTE",1694518,"1PTL775-716S18SS3-T"
26364,"NRO_PARTE",1694519,"1PTL775-716S18OP3-T"
26364,"NRO_PARTE",1694520,"1PTL775-732S16SS3"
26364,"NRO_PARTE",1694521,"21AAS1H000"
26364,"NRO_PARTE",1694522,"21AAS1H600"
26364,"NRO_PARTE",1694523,"21AAS1GX00"
26364,"NRO_PARTE",1694524,"1PTP356-7161S4OH3"
26364,"NRO_PARTE",1694525,"1PTP356-7161S4OP3"
26364,"NRO_PARTE",1694526,"1PTP356-78S14OP3"
26364,"NRO_PARTE",1694527,"1PTP356-716S24OH3"
26364,"NRO_PARTE",1694528,"21AAS1GW00"
26364,"NRO_PARTE",1694529,"428F5LA#ABM-OP"
26364,"NRO_PARTE",1694530,"1PTP356-78S14OH3"
26364,"NRO_PARTE",1694531,"2F0Y8LS#ABM-OH"
26364,"NRO_PARTE",1694532,"2F0Y8LS#ABM-OP"
26364,"NRO_PARTE",1694533,"2F0Y8LS#ABM"
26364,"NRO_PARTE",1694534,"1PTL775-932S14SS3-VP"
26364,"NRO_PARTE",1694535,"1PTP77-732S216OP3-V"
26364,"NRO_PARTE",1694536,"2F0Y6LS#ABM-OP"
26364,"NRO_PARTE",1694537,"0PTL35-932124SS3."
26364,"NRO_PARTE",1694538,"8DT90LA-OH"
26364,"NRO_PARTE",1694539,"4J288LA#ABM"
26364,"NRO_PARTE",1694540,"20YRS65R00"
26364,"NRO_PARTE",1694541,"4J285LA#ABM-OP"
26364,"NRO_PARTE",1694542,"4J287LA#ABM-OH"
26364,"NRO_PARTE",1694543,"4J287LA#ABM-OP"
26364,"NRO_PARTE",1694544,"4J1Q8LA#ABM"
26364,"NRO_PARTE",1694545,"4Y978LA#ABM"
26364,"NRO_PARTE",1694546,"4J1Q8LA#ABM-OH"
26364,"NRO_PARTE",1694547,"2PTL552-5812SOP3"
26364,"NRO_PARTE",1694548,"4J286LA#ABM"
26364,"NRO_PARTE",1694549,"4J286LA#ABM-OH"
26364,"NRO_PARTE",1694550,"4J286LA#ABM-OP"
26364,"NRO_PARTE",1694551,"4Y978LA#ABM-OH"
26364,"NRO_PARTE",1694552,"4Y980LA#ABM-OP"
26364,"NRO_PARTE",1694553,"4U9J5LA#ABM-OP"
26364,"NRO_PARTE",1694554,"4Y978LA#ABM-OP"
26364,"NRO_PARTE",1694555,"4J285LA#ABM-OH"
26364,"NRO_PARTE",1694556,"4Y980LA#ABM"
26364,"NRO_PARTE",1694557,"4Y980LA#ABM-OH"
26364,"NRO_PARTE",1694558,"4J1Q8LA#ABM-OP"
26364,"NRO_PARTE",1694559,"4J285LA#ABM"
26364,"NRO_PARTE",1694560,"21D9S1F400"
26364,"NRO_PARTE",1694561,"21D9S1F000-OH"
26364,"NRO_PARTE",1694562,"21D7S2M700"
26364,"NRO_PARTE",1694563,"21D7S2M900"
26364,"NRO_PARTE",1694564,"21D7S2MC00"
26364,"NRO_PARTE",1694565,"21D7S2M800-OP"
26364,"NRO_PARTE",1694566,"4Y9J7LA#ABM"
26364,"NRO_PARTE",1694567,"4Y9J9LA#ABM"
26364,"NRO_PARTE",1694568,"4Y9J9LA#ABM-OP"
26364,"NRO_PARTE",1694569,"0PTL35-732124OH3"
26364,"NRO_PARTE",1694570,"21AAS0SQ00"
26364,"NRO_PARTE",1694571,"21AAS0SN00"
26364,"NRO_PARTE",1694572,"21D9S1F100"
26364,"NRO_PARTE",1694573,"21D9S1EX00"
26364,"NRO_PARTE",1694574,"4Y9J7LA#ABM-OH"
26364,"NRO_PARTE",1694575,"4Y9J7LA#ABM-OP"
26364,"NRO_PARTE",1694576,"4Y9J9LA#ABM-OH"
26364,"NRO_PARTE",1694577,"0PTL35-732124OP3"
26364,"NRO_PARTE",1694578,"0PTL35-932124OP3"
26364,"NRO_PARTE",1694579,"NHL7WM86T2VAZR3"
26364,"NRO_PARTE",1694580,"21D7S2M900-OP"
26364,"NRO_PARTE",1694581,"2PTL357-7321SSS3-4V-W"
26364,"NRO_PARTE",1694582,"2PTL357-7321SOH3-4V-W"
26364,"NRO_PARTE",1694583,"2PTL357-7321SOP3-4V-W"
26364,"NRO_PARTE",1694584,"21D7S2M900-OH"
26364,"NRO_PARTE",1694585,"21D7S2M800"
26364,"NRO_PARTE",1694586,"21D9S1F900"
26364,"NRO_PARTE",1694587,"21D9S1F700-OP"
26364,"NRO_PARTE",1694588,"21AAS0SK00"
26364,"NRO_PARTE",1694589,"21AAS0SB00"
26364,"NRO_PARTE",1694590,"21D9S1F700-OH"
26364,"NRO_PARTE",1694591,"21D9S1F700"
26364,"NRO_PARTE",1694592,"8DT90LA-OP"
26364,"NRO_PARTE",1694593,"3D0B5LA#ABM-OH"
26364,"NRO_PARTE",1694594,"21AAS0SM00"
26364,"NRO_PARTE",1694595,"21AAS0SC00"
26364,"NRO_PARTE",1694596,"21D9S1F800"
26364,"NRO_PARTE",1694597,"21D9S1EW00"
26364,"NRO_PARTE",1694598,"21D9S1F600-OP"
26364,"NRO_PARTE",1694599,"21D9S1F000-OP"
26364,"NRO_PARTE",1694600,"21AAS0SP00"
26364,"NRO_PARTE",1694601,"21AAS0SD00"
26364,"NRO_PARTE",1694602,"1111"
26364,"NRO_PARTE",1694603,"2222"
26364,"NRO_PARTE",1694604,"333"
26364,"NRO_PARTE",1694605,"4J288LA#ABM-OP"
26364,"NRO_PARTE",1694606,"21D9S1F400-OP"
26364,"NRO_PARTE",1694607,"5555"
26364,"NRO_PARTE",1694608,"8888"
26364,"NRO_PARTE",1694609,"888"
26364,"NRO_PARTE",1694610,"4J287LA#ABM"
26364,"NRO_PARTE",1694611,"4J1Q7LA#ABM-OH"
26364,"NRO_PARTE",1694612,"4J288LA#ABM-OH"
26364,"NRO_PARTE",1694613,"21D9S1FB00-OH"
26364,"NRO_PARTE",1694614,"21D9S1F400-OH"
26364,"NRO_PARTE",1694615,"21D9S1EY00"
26364,"NRO_PARTE",1694616,"21D9S1F600"
26364,"NRO_PARTE",1694617,"21D9S1F600-OH"
26364,"NRO_PARTE",1694618,"21D9S1FC00"
26364,"NRO_PARTE",1694619,"21D9S1F200"
26364,"NRO_PARTE",1694620,"3D0B3LA#ABM"
26364,"NRO_PARTE",1694621,"3D0B4LA#ABM-OP"
26364,"NRO_PARTE",1694622,"2PTL357-7161SSS3-FHD-4V"
26364,"NRO_PARTE",1694623,"BBBB"
26364,"NRO_PARTE",1694624,"20YVS11A00"
26364,"NRO_PARTE",1694625,"20YVS11900"
26364,"NRO_PARTE",1694626,"20YVS11B00"
26364,"NRO_PARTE",1694627,"20YVS11500"
26364,"NRO_PARTE",1694628,"20YVS11600"
26364,"NRO_PARTE",1694629,"2222222"
26364,"NRO_PARTE",1694630,"20VYS2BS00"
26364,"NRO_PARTE",1694631,"20VYS2BQ00"
26364,"NRO_PARTE",1694632,"20VYS2BT00"
26364,"NRO_PARTE",1694633,"20VYS2BR00"
26364,"NRO_PARTE",1694634,"2PTL357-7161SOH3-FHD-4V"
26364,"NRO_PARTE",1694635,"2PTL357-7161SOP3-FHD-4V"
26364,"NRO_PARTE",1694636,"6L0M7LA#ABM-OP"
26364,"NRO_PARTE",1694637,"65L07LA#ABM"
26364,"NRO_PARTE",1694638,"65L08LA#ABM-OH"
26364,"NRO_PARTE",1694639,"65L08LA#ABM-OP"
26364,"NRO_PARTE",1694640,"65L15LA#ABM"
26364,"NRO_PARTE",1694641,"1T2P1LA#ABM"
26364,"NRO_PARTE",1694642,"1T2V9LA#ABM"
26364,"NRO_PARTE",1694643,"1T2W1LA#ABM"
26364,"NRO_PARTE",1694644,"1T2W3LA#ABM"
26364,"NRO_PARTE",1694645,"8DS93LA#ABM"
26364,"NRO_PARTE",1694646,"8RB51LA#ABM"
26364,"NRO_PARTE",1694647,"8DS97LA#ABM"
26364,"NRO_PARTE",1694648,"WS759TK-CI7165121RT36"
26364,"NRO_PARTE",1694649,"WE759TJ-CI71651210T24"
26364,"NRO_PARTE",1694650,"WS659TL-CI7325121RT48"
26364,"NRO_PARTE",1694651,"WS659TK-CI7165121RT36"
26364,"NRO_PARTE",1694652,"WS759TL-CI7325121RT48"
26364,"NRO_PARTE",1694653,"65L15LA#ABM-OP"
26364,"NRO_PARTE",1694654,"65L07LA#ABM-OH"
26364,"NRO_PARTE",1694655,"2B5F2LA#ABM-OH"
26364,"NRO_PARTE",1694656,"7ZA69LS#ABM"
26364,"NRO_PARTE",1694657,"20QSS00300"
26364,"NRO_PARTE",1694658,"20MAS5QC00"
26364,"NRO_PARTE",1694659,"20MAS2UV00"
26364,"NRO_PARTE",1694660,"20MAS58N00"
26364,"NRO_PARTE",1694661,"20MAS5LM00"
26364,"NRO_PARTE",1694662,"20MAS5N500"
26364,"NRO_PARTE",1694663,"20MAS2UU00"
26364,"NRO_PARTE",1694664,"20MAS5LL00"
26364,"NRO_PARTE",1694665,"20MAS4CE00"
26364,"NRO_PARTE",1694666,"2B5F7LA#ABM-OP"
26364,"NRO_PARTE",1694667,"2L3E9LA#ABM-OH"
26364,"NRO_PARTE",1694668,"2B5F7LA#ABM"
26364,"NRO_PARTE",1694669,"2B5F7LA#ABM-OH"
26364,"NRO_PARTE",1694670,"2B5E8LA#ABM"
26364,"NRO_PARTE",1694671,"1PTL775-932S14OP3-VP"
26364,"NRO_PARTE",1694672,"3C9C7LA#ABM"
26364,"NRO_PARTE",1694673,"20MAS5N000"
26364,"NRO_PARTE",1694674,"20MAS5N300"
26364,"NRO_PARTE",1694675,"20MAS5KG00"
26364,"NRO_PARTE",1694676,"20MAS5LJ00"
26364,"NRO_PARTE",2645331,"4PTLW3581-9321S8SS3-FHD"
26364,"NRO_PARTE",2938975,"B1QC1LS#ABM-OH4"
26364,"NRO_PARTE",2630264,"9WMHH4V079"
26364,"NRO_PARTE",2630313,"9GTH04V209"
26364,"NRO_PARTE",2555472,"BKF-73PE12WX4608"
26364,"NRO_PARTE",2555482,"91Q40LA#ABM"
26364,"NRO_PARTE",3719074,"9S7-15P215-444W6INT"
26364,"NRO_PARTE",1694677,"20MAS57H00"
26364,"NRO_PARTE",1694678,"20MAS57G00"
26364,"NRO_PARTE",1694679,"WS759TK-CI7165121RT360"
26364,"NRO_PARTE",1694680,"S26391-K461-X2186641611WPPS"
26364,"NRO_PARTE",1694681,"WS659TK-CI7165121RT360"
26364,"NRO_PARTE",1694682,"WS659TL-CI7325121RT480"
26364,"NRO_PARTE",1694683,"WE759TJ-CI71651210T240"
26364,"NRO_PARTE",1694684,"WS759TL-CI7325121RT480"
26364,"NRO_PARTE",1694685,"S26391-K461-X2186641611WPOP"
26364,"NRO_PARTE",1694686,"155D6LA#ABM"
26364,"NRO_PARTE",1694687,"1P6M6LA#ABM"
26364,"NRO_PARTE",1694688,"1P6M4LA#ABM"
26364,"NRO_PARTE",1694689,"1P6M8LA#ABM"
26364,"NRO_PARTE",1694690,"1P6M7LA#ABM"
26364,"NRO_PARTE",1694691,"1P6P4LA#ABM"
26364,"NRO_PARTE",1694692,"0PTL74-7162S16OE3"
26364,"NRO_PARTE",1694693,"0PTL74-716S14OP3"
26364,"NRO_PARTE",1694694,"0PTL74-716S16OP3"
26364,"NRO_PARTE",1694695,"0PTL74-716S16SS3"
26364,"NRO_PARTE",1694696,"0PTL74-7162S16OP3"
26364,"NRO_PARTE",1694697,"0PTL74-7162S16OH3"
26364,"NRO_PARTE",1694698,"0PTL74-716S14OE3"
26364,"NRO_PARTE",1694699,"0PTL74-716S14SS3"
26364,"NRO_PARTE",1694700,"0PTL74-716S14OH3"
26364,"NRO_PARTE",1694701,"3S039LS#ABM"
26364,"NRO_PARTE",1694702,"WE759TK-CI7165121RT36"
26364,"NRO_PARTE",1694703,"0PTL74-7162S16SS3"
26364,"NRO_PARTE",1694704,"0PTL74-716S16OE3"
26364,"NRO_PARTE",1694705,"0PTL74-716S16OH3"
26364,"NRO_PARTE",1694706,"9PTL35-7161SS3"
26364,"NRO_PARTE",1694707,"9PTL35-71614SS3"
26364,"NRO_PARTE",1694708,"7XB01LA#ABM"
26364,"NRO_PARTE",1694709,"7XB26LA#ABM"
26364,"NRO_PARTE",1694710,"7XB77LA#ABM"
26364,"NRO_PARTE",1694711,"8DS94LA#ABM"
26364,"NRO_PARTE",1694712,"8DS96LA#ABM"
26364,"NRO_PARTE",1694713,"8DT00LA#ABM"
26364,"NRO_PARTE",1694714,"8DS95LA#ABM"
26364,"NRO_PARTE",1694715,"20MAS4BE00"
26364,"NRO_PARTE",1694716,"9PTL77-73212SS3.1"
26364,"NRO_PARTE",1694717,"20MAS24A00"
26364,"NRO_PARTE",1694718,"4TE83LA#ABM-OH"
26364,"NRO_PARTE",1694719,"4TE83LA#ABM-OE"
26364,"NRO_PARTE",1694720,"20MAS4BD00"
26364,"NRO_PARTE",1694721,"4TE83LA#ABM-OS"
26364,"NRO_PARTE",1694722,"20MAS4BC00"
26364,"NRO_PARTE",1694723,"9PTL35-716124OH3-19-VP"
26364,"NRO_PARTE",1694724,"9PTL35-716124SS3-VP"
26364,"NRO_PARTE",1694725,"9PTL35-716124OP3-19-VP"
26364,"NRO_PARTE",1694726,"9PTL35-71614SS3-VP"
26364,"NRO_PARTE",1694727,"2L3E5LA#ABM"
26364,"NRO_PARTE",1694728,"2L3E6LA#ABM"
26364,"NRO_PARTE",1694729,"2L3B4LA#ABM"
26364,"NRO_PARTE",1694730,"2B5E9LA#ABM-OP"
26364,"NRO_PARTE",1694731,"1P6L2LA#ABM-OH"
26364,"NRO_PARTE",1694732,"1T2P0LA#ABM-OH"
26364,"NRO_PARTE",1694733,"1T2P0LA#ABM-OP"
26364,"NRO_PARTE",1694734,"1PTP356-716S14SS3-V"
26364,"NRO_PARTE",1694735,"9PTL35-X3212OP5-19"
26364,"NRO_PARTE",1694736,"9PTL35-X3212SS4-V-L"
26364,"NRO_PARTE",1694737,"9PTL35-X1656SOH3-19"
26364,"NRO_PARTE",2630260,"78THH4V335"
26364,"NRO_PARTE",2630343,"9WTHH4V085"
26364,"NRO_PARTE",1694738,"9PTL35-X1656SS4"
26364,"NRO_PARTE",1694739,"9PTL35-X1656SS5"
26364,"NRO_PARTE",1694740,"9PTL35-X1656OH4-19"
26364,"NRO_PARTE",1694741,"9PTL35-X1656OH5-19"
26364,"NRO_PARTE",1694742,"9PTL35-X1656OP4-19"
26364,"NRO_PARTE",1694743,"9PTL35-X1656OP5-19"
26364,"NRO_PARTE",1694744,"9PTL35-X1656SOH4-19"
26364,"NRO_PARTE",1694745,"9PTL35-X3212SS4"
26364,"NRO_PARTE",1694746,"9PTL35-X3212OP3-19"
26364,"NRO_PARTE",1694747,"9PTL35-X3212SS5"
26364,"NRO_PARTE",1694748,"9PTL35-X3212OH5-19"
26364,"NRO_PARTE",1694749,"9PTL35-X3212OP4-19"
26364,"NRO_PARTE",1694750,"9PTL35-X3212SS5-V-L"
26364,"NRO_PARTE",1694751,"9PTL35-X3212SS3-V-L"
26364,"NRO_PARTE",1694752,"9PTL35-X3212SS3-L"
26364,"NRO_PARTE",1694753,"9PTL35-X3212SS4-L"
26364,"NRO_PARTE",1694754,"S26391-K461-H980-X32SSDOPWP"
26364,"NRO_PARTE",1694755,"9PTL77-716S1SS3"
26364,"NRO_PARTE",1694756,"6UZ02LA#ABM"
26364,"NRO_PARTE",1694757,"6UY98LA#ABM"
26364,"NRO_PARTE",1694758,"6UZ01LA#ABM"
26364,"NRO_PARTE",1694759,"6UZ02LA#FD"
26364,"NRO_PARTE",1694760,"6UZ01LA#FD"
26364,"NRO_PARTE",1694761,"9PTL35-X3212SS3-U"
26364,"NRO_PARTE",1694762,"9PTL35-X3212SS4-U"
26364,"NRO_PARTE",1694763,"9PTL35-X3212SS5-U"
26364,"NRO_PARTE",1694764,"6UY98LA#FD"
26364,"NRO_PARTE",1694765,"20MAS2E300"
26364,"NRO_PARTE",1694766,"8DX84LA#ABM"
26364,"NRO_PARTE",1694767,"7XB12LA#ABM"
26364,"NRO_PARTE",1694768,"8DT90LA#ABM"
26364,"NRO_PARTE",1694769,"8DT70LA#ABM"
26364,"NRO_PARTE",1694770,"8EM66LA#ABM"
26364,"NRO_PARTE",1694771,"7XB08LA#ABM"
26364,"NRO_PARTE",1694772,"20MAS2E000"
26364,"NRO_PARTE",1694773,"20MAS66M00"
26364,"NRO_PARTE",1694774,"20MAS5EW00"
26364,"NRO_PARTE",1694775,"8DT71LA#ABM"
26364,"NRO_PARTE",1694776,"9FL20LA#ABM"
26364,"NRO_PARTE",1694777,"2V799LS#ABM"
26364,"NRO_PARTE",1694778,"2U715LS#ABM-OE"
26364,"NRO_PARTE",1694779,"1D780LS#ABM"
26364,"NRO_PARTE",1694780,"1D780LS#ABM-OE"
26364,"NRO_PARTE",1694781,"2U712LS#ABM"
26364,"NRO_PARTE",1694782,"2U712LS#ABM-OE"
26364,"NRO_PARTE",1694783,"2U715LS#ABM"
26364,"NRO_PARTE",1694784,"1PTP356-716S14OH3-V"
26364,"NRO_PARTE",1694785,"3C9C6LA#ABM-OP"
26364,"NRO_PARTE",1694786,"20MAS5TR00"
26364,"NRO_PARTE",1694787,"20MAS5C100"
26364,"NRO_PARTE",1694788,"20MAS61D00"
26364,"NRO_PARTE",1694789,"20MAS5TP00"
26364,"NRO_PARTE",1694790,"9PTL35-X1612SS3"
26364,"NRO_PARTE",1694791,"9PTL35-X1612SS4"
26364,"NRO_PARTE",1694792,"9PTL35-X1612SS5"
26364,"NRO_PARTE",1694793,"9PTL35-X1612OH3-19"
26364,"NRO_PARTE",1694794,"9PTL35-X1612OH4-19"
26364,"NRO_PARTE",1694795,"9PTL35-X1612OP3-19"
26364,"NRO_PARTE",1694796,"9PTL35-X1612OP5-19"
26364,"NRO_PARTE",1694797,"9PTL35-73212OH3-19"
26364,"NRO_PARTE",1694798,"9PTL35-X1612OP4-19"
26364,"NRO_PARTE",2652206,"977G2LT#ABM"
26364,"NRO_PARTE",2645405,"4PTLW5680-9321OH3-6V-W"
26364,"NRO_PARTE",1694799,"9PTL35-X1612OH3-14"
26364,"NRO_PARTE",1694800,"9PTL35-X1612OH5-19"
26364,"NRO_PARTE",1694801,"20MAS5BY00"
26364,"NRO_PARTE",1694802,"20MAS5C000"
26364,"NRO_PARTE",1694803,"20MAS5TQ00"
26364,"NRO_PARTE",1694804,"20MAS5TS00"
26364,"NRO_PARTE",1694805,"20QSS0H800"
26364,"NRO_PARTE",1694806,"1P6K9LA#ABM"
26364,"NRO_PARTE",1694807,"1P6L2LA#ABM"
26364,"NRO_PARTE",1694808,"5LE77LA#ABM"
26364,"NRO_PARTE",1694809,"1P6L3LA#ABM"
26364,"NRO_PARTE",1694810,"1P6K8LA#ABM"
26364,"NRO_PARTE",1694811,"1U3J8LS#ABM-OH"
26364,"NRO_PARTE",1694812,"20QSS0KY00"
26364,"NRO_PARTE",1694813,"9PTL35-716124OP3-UM"
26364,"NRO_PARTE",1694814,"9PTL35-716124OH3-UM"
26364,"NRO_PARTE",1694815,"1U3J8LS#ABM"
26364,"NRO_PARTE",1694816,"9PTL35-716124SS3-UM"
26364,"NRO_PARTE",1694817,"1P6L0LA#ABM"
26364,"NRO_PARTE",1694818,"1R2L4LS#ABM"
26364,"NRO_PARTE",1694819,"155F1LA#ABM"
26364,"NRO_PARTE",1694820,"S26391-K461-X2186641611WP"
26364,"NRO_PARTE",1694821,"S26391-K461-X2186641611WPHB"
26364,"NRO_PARTE",1694822,"S26391-K461-X2186641611WPHBPS"
26364,"NRO_PARTE",1694823,"S26391-K461-X2186641611WPOPPS"
26364,"NRO_PARTE",1694824,"155D7LA#ABM"
26364,"NRO_PARTE",1694825,"15A28LA#ABM"
26364,"NRO_PARTE",1694826,"8WC10LA#ABM"
26364,"NRO_PARTE",1694827,"8DS98LA#ABM"
26364,"NRO_PARTE",1694828,"17C91LA#ABM"
26364,"NRO_PARTE",1694829,"17C86LA#ABM"
26364,"NRO_PARTE",1694830,"8DS99LA#ABM"
26364,"NRO_PARTE",1694831,"5LE77LA#ABM-OH"
26364,"NRO_PARTE",1694832,"8DT73LA#ABM"
26364,"NRO_PARTE",1694833,"17C90LA#ABM"
26364,"NRO_PARTE",1694834,"9PTL35-93212OH3-19"
26364,"NRO_PARTE",1694835,"9PTL35-93212OH4-19"
26364,"NRO_PARTE",1694836,"9PTL35-93212OP3-19"
26364,"NRO_PARTE",1694837,"9PTL35-93212OP4-19"
26364,"NRO_PARTE",1694838,"9PTL35-73212OH5-19"
26364,"NRO_PARTE",1694839,"9PTL35-X1612OP3-19-M"
26364,"NRO_PARTE",1694840,"9PTL35-X1612OP5-19-M"
26364,"NRO_PARTE",1694841,"9PTL35-73212OH4-19"
26364,"NRO_PARTE",1694842,"9PTL35-73212OP3-19"
26364,"NRO_PARTE",1694843,"9PTL35-73212OP4-19"
26364,"NRO_PARTE",1694844,"9PTL35-73212OP5-19"
26364,"NRO_PARTE",1694845,"9PTL35-93212SS5-VP"
26364,"NRO_PARTE",1694846,"9PTL35-93212OH5-19-VP"
26364,"NRO_PARTE",1694847,"9PTL35-93212OP3-19-VP"
26364,"NRO_PARTE",1694848,"9PTL35-93212OP4-19-VP"
26364,"NRO_PARTE",1694849,"9PTL35-93212OP5-19-VP"
26364,"NRO_PARTE",1694850,"9PTL35-X1612SS5-VP"
26364,"NRO_PARTE",1694851,"9PTL35-X1612OH3-19-VP"
26364,"NRO_PARTE",1694852,"9PTL35-X1612SS4-VP"
26364,"NRO_PARTE",1694853,"3C9C7LA#ABM-OPM"
26364,"NRO_PARTE",1694854,"9PTL75-X1612OH4-19-1"
26364,"NRO_PARTE",1694855,"9PTL75-X1612SS3-2"
26364,"NRO_PARTE",1694856,"9PTL75-X1612SS4-2"
26364,"NRO_PARTE",1694857,"9PTL75-X1612SS5-2"
26364,"NRO_PARTE",1694858,"9PTL75-X1612OH4-19-2"
26364,"NRO_PARTE",2652286,"977G2LT#ABM-OP"
26364,"NRO_PARTE",2939102,"B1QC2LS#ABM"
26364,"NRO_PARTE",1694859,"9PTL75-X1612OH5-19-2"
26364,"NRO_PARTE",1694860,"9PTL75-X1612OP3-19-2"
26364,"NRO_PARTE",1694861,"9PTL75-X1612OP4-19-2"
26364,"NRO_PARTE",1694862,"9PTL75-71612SS4"
26364,"NRO_PARTE",1694863,"9PTL75-71612SS3"
26364,"NRO_PARTE",1694864,"7ZA51LS#ABM"
26364,"NRO_PARTE",1694865,"7ZA58LS#ABM"
26364,"NRO_PARTE",1694866,"9PTL75-X1612SS3-3"
26364,"NRO_PARTE",1694867,"9PTL75-X1612SS5-3"
26364,"NRO_PARTE",1694868,"9PTL75-91612SS3"
26364,"NRO_PARTE",1694869,"9PTL75-X1612OP5-19-1"
26364,"NRO_PARTE",1694870,"9PTL75-X1612OP3-19-1"
26364,"NRO_PARTE",1694871,"9PTL75-X1612OP4-19-1"
26364,"NRO_PARTE",1694872,"8GW02LS#ABM"
26364,"NRO_PARTE",1694873,"8JF86LS#ABM"
26364,"NRO_PARTE",1694874,"8GW06LS#ABM"
26364,"NRO_PARTE",1694875,"20QSS04Q00"
26364,"NRO_PARTE",1694876,"20MCS1X000"
26364,"NRO_PARTE",1694877,"20MCS1X100"
26364,"NRO_PARTE",1694878,"8ZR62LS#ABM"
26364,"NRO_PARTE",1694879,"9AU77LS#ABM"
26364,"NRO_PARTE",1694880,"8ZR56LS#ABM"
26364,"NRO_PARTE",1694881,"8ZR57LS#ABM"
26364,"NRO_PARTE",1694882,"9PTL35-X1656SS3"
26364,"NRO_PARTE",1694883,"9PTL35-X1656OH3-19"
26364,"NRO_PARTE",1694884,"9PTL35-X1656OP3-19"
26364,"NRO_PARTE",1694885,"9PTL35-X3212SS3"
26364,"NRO_PARTE",1694886,"9PTL35-X3212OH3-19"
26364,"NRO_PARTE",1694887,"9PTL35-X3212OH4-19"
26364,"NRO_PARTE",1694888,"20HJS12P00"
26364,"NRO_PARTE",1694889,"20HJS12N00"
26364,"NRO_PARTE",1694890,"20HJS01V00"
26364,"NRO_PARTE",1694891,"20HJS01W00"
26364,"NRO_PARTE",1694892,"20HJS01Y00"
26364,"NRO_PARTE",1694893,"20HJS01X00"
26364,"NRO_PARTE",1694894,"20HJS12T00"
26364,"NRO_PARTE",1694895,"20HJS12S00"
26364,"NRO_PARTE",1694896,"20HJS02100"
26364,"NRO_PARTE",1694897,"20HJS12G00"
26364,"NRO_PARTE",1694898,"20HJS02000"
26364,"NRO_PARTE",1694899,"20HJS01U00"
26364,"NRO_PARTE",1694900,"20HJS12H00"
26364,"NRO_PARTE",1694901,"20HJS12F00"
26364,"NRO_PARTE",1694902,"20HJA03N00"
26364,"NRO_PARTE",1694903,"W0R49LA#ABM"
26364,"NRO_PARTE",1694904,"1LL56AVCL2#TMP"
26364,"NRO_PARTE",1694905,"1ZQ11LA#ABM"
26364,"NRO_PARTE",1694906,"W0R50LA#ABM"
26364,"NRO_PARTE",1694907,"2EZ67LA#ABM"
26364,"NRO_PARTE",1694908,"V2W81LA#ABM"
26364,"NRO_PARTE",1694909,"1LL56AVCL1#TMP"
26364,"NRO_PARTE",1694910,"Y4E80AVVO2#ABM"
26364,"NRO_PARTE",1694911,"1ZQ12LA#ABM"
26364,"NRO_PARTE",1694912,"W0R48LA#ABM"
26364,"NRO_PARTE",1694913,"2ER17LA#ABM"
26364,"NRO_PARTE",1694914,"2ER18LA#ABM"
26364,"NRO_PARTE",1694915,"1ZQ13LA#ABM"
26364,"NRO_PARTE",1694916,"1ZY63LA#ABM"
26364,"NRO_PARTE",1694917,"1LL56AVCL1"
26364,"NRO_PARTE",1694918,"9S7-17B112-409"
26364,"NRO_PARTE",1694919,"9S7-17A121-822"
26364,"NRO_PARTE",1694920,"2HU17LA#ABM"
26364,"NRO_PARTE",1727153,"6Y3E6LA#ABM"
26364,"NRO_PARTE",1694921,"2EX29LA#ABM"
26364,"NRO_PARTE",1694922,"2XG83LA#ABM"
26364,"NRO_PARTE",1694923,"3C9C5LA#ABM"
26364,"NRO_PARTE",1694924,"2XG93LA#ABM"
26364,"NRO_PARTE",1694925,"2MC82LA#ABM"
26364,"NRO_PARTE",1694926,"2NX98LA#ABM"
26364,"NRO_PARTE",1694927,"2EX27LA#ABM"
26364,"NRO_PARTE",1694928,"2EX28LA#ABM"
26364,"NRO_PARTE",1694929,"2EX31LA#ABM"
26364,"NRO_PARTE",1694930,"2EZ64LA#ABM"
26364,"NRO_PARTE",1694931,"2GP76LA#ABM"
26364,"NRO_PARTE",1694932,"3DD25LA#ABM"
26364,"NRO_PARTE",1694933,"2MC83LA#ABM"
26364,"NRO_PARTE",1694934,"2HU20LA#ABM"
26364,"NRO_PARTE",1694935,"2NX99LA#ABM"
26364,"NRO_PARTE",1694936,"2NY00LA#ABM"
26364,"NRO_PARTE",1694937,"2NY01LA#ABM"
26364,"NRO_PARTE",1694938,"2NY02LA#ABM"
26364,"NRO_PARTE",1694939,"2GT17LA#ABM"
26364,"NRO_PARTE",1694940,"2GT18LA#ABM"
26364,"NRO_PARTE",1694941,"2GT75LA#ABM"
26364,"NRO_PARTE",1694942,"2MC81LA#ABM"
26364,"NRO_PARTE",1694943,"2XG91LA#ABM"
26364,"NRO_PARTE",1694944,"2XG92LA#ABM"
26364,"NRO_PARTE",1694945,"1ZQ14LA#ABM"
26364,"NRO_PARTE",1694946,"2ER90LA#ABM"
26364,"NRO_PARTE",1694947,"7MBP55-7081SS3"
26364,"NRO_PARTE",1694948,"20MAS6LV00"
26364,"NRO_PARTE",1694949,"20MAS4UX00"
26364,"NRO_PARTE",1694950,"20MAS4TT00"
26364,"NRO_PARTE",1694951,"20MAS6LW00"
26364,"NRO_PARTE",1694952,"20MAS6LX00"
26364,"NRO_PARTE",1694953,"20MAS4UY00"
26364,"NRO_PARTE",1694954,"9PTL35-93212SS3"
26364,"NRO_PARTE",1694955,"9PTL35-93212SS4"
26364,"NRO_PARTE",1694956,"9PTL35-93212SS5"
26364,"NRO_PARTE",1694957,"9PTL35-X1612SS3-M"
26364,"NRO_PARTE",1694958,"9PTL35-X1612SS5-M"
26364,"NRO_PARTE",1694959,"9PTL35-X1612OH3-19-M"
26364,"NRO_PARTE",1694960,"9PTL35-X1612OH4-19-M"
26364,"NRO_PARTE",1694961,"9PTL35-X1612OP4-19-M"
26364,"NRO_PARTE",1694962,"9PTL35-93212OH3-19-VP"
26364,"NRO_PARTE",1694963,"9PTL35-93212SS3-VP"
26364,"NRO_PARTE",1694964,"9PTL35-73212SS3"
26364,"NRO_PARTE",1694965,"9PTL35-93212OH5-19"
26364,"NRO_PARTE",1694966,"9PTL35-93212OP5-19"
26364,"NRO_PARTE",1694967,"9PTL35-93212OH4-19-VP"
26364,"NRO_PARTE",1694968,"9PTL35-X1612SS4-M"
26364,"NRO_PARTE",1694969,"9PTL35-X1612OH5-19-M"
26364,"NRO_PARTE",1694970,"20QQS0BS00"
26364,"NRO_PARTE",1694971,"20QQS0BU00"
26364,"NRO_PARTE",1694972,"S26391-K461-H980-X161WP"
26364,"NRO_PARTE",1694973,"S26391-K461-H980-X161WPHB"
26364,"NRO_PARTE",1694974,"S26391-K461-H980-X161WPOP"
26364,"NRO_PARTE",1694975,"S26391-K461-H980-X322WPHB"
26364,"NRO_PARTE",1694976,"S26391-K461-H980-X322WPOP"
26364,"NRO_PARTE",1694977,"20MAS3ER00"
26364,"NRO_PARTE",1694978,"20MAS6LY00"
26364,"NRO_PARTE",1694979,"20MAS4CD00"
26364,"NRO_PARTE",1694980,"20MAS3DJ00"
26364,"NRO_PARTE",1694981,"20MAS3EQ00"
26364,"NRO_PARTE",2939149,"B1QC2LS#ABM-OH4"
26364,"NRO_PARTE",3149845,"BSG-771PE12HX4708"
26364,"NRO_PARTE",1694982,"20MAS5JG00"
26364,"NRO_PARTE",1694983,"S26391-K461-H980-X322WP"
26364,"NRO_PARTE",1694984,"5WF78LA_ABM"
26364,"NRO_PARTE",1694985,"20MES10U00"
26364,"NRO_PARTE",1694986,"20MES10R00"
26364,"NRO_PARTE",1694987,"4AK74LA#ABM"
26364,"NRO_PARTE",1694988,"20MAS3BD00"
26364,"NRO_PARTE",1694989,"S26391-K461-H980-X32SSDOPWP1"
26364,"NRO_PARTE",1694990,"20MAS3D000"
26364,"NRO_PARTE",1694991,"3C9C6LA#ABM-OH"
26364,"NRO_PARTE",1694992,"3C9C6LA#ABM"
26364,"NRO_PARTE",1694993,"2B5Y5LA#ABM-OP"
26364,"NRO_PARTE",1694994,"2L3D7LA#ABM"
26364,"NRO_PARTE",1694995,"2S4Y8LA#ABM-OH"
26364,"NRO_PARTE",1694996,"S26391-K461-H980-X32SSDWP1"
26364,"NRO_PARTE",1694997,"4DC00AW#ABM"
26364,"NRO_PARTE",1694998,"20MAS3CW00"
26364,"NRO_PARTE",1694999,"4WA99LA#ABM"
26364,"NRO_PARTE",1695000,"4VY19LA#ABM"
26364,"NRO_PARTE",1695001,"4VY83LA#ABM"
26364,"NRO_PARTE",1695002,"20MAS3CY00"
26364,"NRO_PARTE",1695003,"20MAS3D100"
26364,"NRO_PARTE",1695004,"20EQA0B600"
26364,"NRO_PARTE",1695005,"20EQA0B700"
26364,"NRO_PARTE",1695006,"20EQA0B800"
26364,"NRO_PARTE",1695007,"20EQA0B900"
26364,"NRO_PARTE",1695008,"20EQA0BA00"
26364,"NRO_PARTE",1695009,"20EQA0BB00"
26364,"NRO_PARTE",1695010,"K4M39LA#ABM"
26364,"NRO_PARTE",1695011,"K9Y01LA#ABM"
26364,"NRO_PARTE",1695012,"K9Y02LA#ABM"
26364,"NRO_PARTE",1695013,"K9Y03LA#ABM"
26364,"NRO_PARTE",1695014,"K9Y04LA#ABM"
26364,"NRO_PARTE",1695015,"K9Y05LA#ABM"
26364,"NRO_PARTE",1695016,"K9Y06LA#ABM"
26364,"NRO_PARTE",1695017,"K9Y18LA#ABM"
26364,"NRO_PARTE",1695018,"K9Y22LA#ABM"
26364,"NRO_PARTE",1695019,"K9Y44LA#ABM"
26364,"NRO_PARTE",1695020,"L9H43LA#ABM"
26364,"NRO_PARTE",1695021,"L9H46LA#ABM"
26364,"NRO_PARTE",1695022,"M5G33LA#ABM"
26364,"NRO_PARTE",1695023,"M5G34LA#ABM"
26364,"NRO_PARTE",1695024,"M5G35LA#ABM"
26364,"NRO_PARTE",1695025,"M5G50LA#ABM"
26364,"NRO_PARTE",1695026,"M5G51LA#ABM"
26364,"NRO_PARTE",1695027,"M5G67LA#ABM"
26364,"NRO_PARTE",1695028,"M5G68LA#ABM"
26364,"NRO_PARTE",1695029,"M5G70LA#ABM"
26364,"NRO_PARTE",1695030,"M5G71LA#ABM"
26364,"NRO_PARTE",1695031,"M5H10LA#ABM"
26364,"NRO_PARTE",1695032,"N2S97LA#ABM"
26364,"NRO_PARTE",1695033,"P5V16LA#ABM"
26364,"NRO_PARTE",1695034,"P7P83LA#ABM"
26364,"NRO_PARTE",1695035,"P7P84LA#ABM"
26364,"NRO_PARTE",1695036,"P7P95LA#ABM"
26364,"NRO_PARTE",1695037,"P7P96LA#ABM"
26364,"NRO_PARTE",1695038,"P7P97LA#ABM"
26364,"NRO_PARTE",1695039,"P7P98LA#ABM"
26364,"NRO_PARTE",1695040,"P7P99LA#ABM"
26364,"NRO_PARTE",1695041,"P7Q05LA#ABM"
26364,"NRO_PARTE",1695042,"P7Q06LA#ABM"
26364,"NRO_PARTE",1695043,"P7Q09LA#ABM"
26364,"NRO_PARTE",3922908,"A31NHLA#ABM-OH4"
26364,"NRO_PARTE",1902962,"8D052LA#ABM-OH"
26364,"NRO_PARTE",1902965,"8D052LA#ABM-OP"
26364,"NRO_PARTE",1695044,"P7Q10LA#ABM"
26364,"NRO_PARTE",1695045,"P7Q11LA#ABM"
26364,"NRO_PARTE",1695046,"P7Q29LA#ABM"
26364,"NRO_PARTE",1695047,"P7Q30LA#ABM"
26364,"NRO_PARTE",1695048,"P7Q31LA#ABM"
26364,"NRO_PARTE",1695049,"P7Q32LA#ABM"
26364,"NRO_PARTE",1695050,"P7Q33LA#ABM"
26364,"NRO_PARTE",1695051,"P7Q34LA#ABM"
26364,"NRO_PARTE",1695052,"P7Q35LA#ABM"
26364,"NRO_PARTE",1695053,"P7Q36LA#ABM"
26364,"NRO_PARTE",1695054,"V1H06LA#ABM"
26364,"NRO_PARTE",1695055,"V1H07LA#ABM"
26364,"NRO_PARTE",1695056,"V1H08LA#ABM"
26364,"NRO_PARTE",1695057,"V1P95LA#ABM"
26364,"NRO_PARTE",1695058,"V2W16LA#ABM"
26364,"NRO_PARTE",1695059,"V2W18LA#ABM"
26364,"NRO_PARTE",1695060,"V2W76LA#ABM"
26364,"NRO_PARTE",1695061,"V2W78LA#ABM"
26364,"NRO_PARTE",1695062,"V2W79LA#ABM"
26364,"NRO_PARTE",1695063,"V2W82LA#ABM"
26364,"NRO_PARTE",1695064,"W0R40LA#ABM"
26364,"NRO_PARTE",1695065,"W0R41LA#ABM"
26364,"NRO_PARTE",1695066,"W0R43LA#ABM"
26364,"NRO_PARTE",1695067,"1XF49LA#ABM"
26364,"NRO_PARTE",1695068,"20HJS12K00"
26364,"NRO_PARTE",1695069,"3C9C4LA#ABM-OH"
26364,"NRO_PARTE",1695070,"20HJS12J00"
26364,"NRO_PARTE",1695071,"20HJS12L00"
26364,"NRO_PARTE",1695072,"20HJS12M00"
26364,"NRO_PARTE",1695073,"20HJS12Q00"
26364,"NRO_PARTE",1695074,"20HJS12R00"
26364,"NRO_PARTE",1695075,"9S7-16J9F1-1086-32"
26364,"NRO_PARTE",1695076,"9S7-16J9F1-1086-16"
26364,"NRO_PARTE",1695077,"9S7-17A121-822-32"
26364,"NRO_PARTE",1695078,"9S7-17A121-822-16"
26364,"NRO_PARTE",1695079,"2GP75LA#ABM"
26364,"NRO_PARTE",1695080,"2GP78LA#ABM"
26364,"NRO_PARTE",1695081,"3ED13LA#ABM"
26364,"NRO_PARTE",1695082,"WSM-77B216G-WPOP"
26364,"NRO_PARTE",1695083,"3VT53LA#ABM"
26364,"NRO_PARTE",1695084,"3VT52LA#ABM"
26364,"NRO_PARTE",1695085,"20LCS2VX00"
26364,"NRO_PARTE",1695086,"20SQS18C00"
26364,"NRO_PARTE",1695087,"2L3E5LA#ABM-OH"
26364,"NRO_PARTE",1695088,"2L3E6LA#ABM-OH"
26364,"NRO_PARTE",1695089,"0PTL555-916124SS3."
26364,"NRO_PARTE",1695090,"2B5F0LA#ABM-OP"
26364,"NRO_PARTE",1695091,"0PTL35-732124SS3"
26364,"NRO_PARTE",1695092,"0PTL35-932124OH3"
26364,"NRO_PARTE",1695093,"0PTL35-932124SS3"
26364,"NRO_PARTE",1695094,"1T2Q5LA#ABM"
26364,"NRO_PARTE",1695095,"6L0G5LA#ABM"
26364,"NRO_PARTE",1695096,"1T2P2LA#ABM"
26364,"NRO_PARTE",1695097,"1Y6H0LA#ABM"
26364,"NRO_PARTE",1695098,"S26391-K503-V100#111"
26364,"NRO_PARTE",1695099,"S26391-K503-V100#112"
26364,"NRO_PARTE",1695100,"2B5E9LA#ABM"
26364,"NRO_PARTE",1695101,"20SUS0WN00"
26364,"NRO_PARTE",1695102,"20SUS0XV00"
26364,"NRO_PARTE",1695103,"20T5S01K00"
26364,"NRO_PARTE",1695104,"20SQS04600"
26364,"NRO_PARTE",1695105,"1T2V8LA#ABM"
26364,"NRO_PARTE",3922867,"A31NHLA#ABM"
26364,"NRO_PARTE",3308163,"P16VG2U721322108V-OH"
26364,"NRO_PARTE",1695106,"1U3J7LA#ABM"
26364,"NRO_PARTE",1695107,"6L0G5LA#ABM-OP"
26364,"NRO_PARTE",1695108,"6L0G6LA#ABM"
26364,"NRO_PARTE",1695109,"6L0G6LA#ABM-OP"
26364,"NRO_PARTE",1695110,"6L0J9LA#ABM"
26364,"NRO_PARTE",1695111,"S26391-K503-V100#108"
26364,"NRO_PARTE",1695112,"6L0G5LA#ABM-OH"
26364,"NRO_PARTE",1695113,"20TRS08900"
26364,"NRO_PARTE",1695114,"S26391-K503-V100#107"
26364,"NRO_PARTE",1695115,"21DDS2WP00"
26364,"NRO_PARTE",1695116,"NHH7XT86TIVA44"
26364,"NRO_PARTE",1695117,"NHH7XM86TIVA49"
26364,"NRO_PARTE",1695118,"21AAS1GV00"
26364,"NRO_PARTE",1695119,"21AAS1H700"
26364,"NRO_PARTE",1695120,"21AAS1H100"
26364,"NRO_PARTE",1695121,"21AAS1GR00"
26364,"NRO_PARTE",1695122,"21AAS1GU00"
26364,"NRO_PARTE",1695123,"21AAS1GY00"
26364,"NRO_PARTE",1695124,"20S5S07C00"
26364,"NRO_PARTE",1695125,"20S5S07F00"
26364,"NRO_PARTE",1695126,"20SQS04400"
26364,"NRO_PARTE",1695127,"20SQS04500"
26364,"NRO_PARTE",1695128,"20SUS0WP00"
26364,"NRO_PARTE",1695129,"20SUS0XW00"
26364,"NRO_PARTE",1695130,"20SUS0XX00"
26364,"NRO_PARTE",1695131,"20T5S01J00"
26364,"NRO_PARTE",1695132,"20TRS08A00"
26364,"NRO_PARTE",1695133,"20TRS08B00"
26364,"NRO_PARTE",1695134,"6L0J9LA#ABM-OP"
26364,"NRO_PARTE",1695135,"6L0K0LA#ABM"
26364,"NRO_PARTE",1695136,"NHH7XM86TIVA4D"
26364,"NRO_PARTE",1695137,"20SUS0XU00"
26364,"NRO_PARTE",1695138,"20TRS08C00"
26364,"NRO_PARTE",1695139,"NHH7GT86T0VA2W"
26364,"NRO_PARTE",1695140,"NHH78T86T0VA36"
26364,"NRO_PARTE",1695141,"NHH7GT86T0VA37"
26364,"NRO_PARTE",1695142,"NHH7GM86T0VA3C"
26364,"NRO_PARTE",1695143,"6L0G6LA#ABM-OH"
26364,"NRO_PARTE",1695144,"6L0J9LA#ABM-OH"
26364,"NRO_PARTE",1695145,"6L0K0LA#ABM-OH"
26364,"NRO_PARTE",1695146,"6L0K0LA#ABM-OP"
26364,"NRO_PARTE",1695147,"21D9S1F100-OP"
26364,"NRO_PARTE",1695148,"21D9S1F100-OH"
26364,"NRO_PARTE",1695149,"21D7S2M800-OH"
26364,"NRO_PARTE",1695150,"21D7S2MB00"
26364,"NRO_PARTE",1695151,"21D7S2M600-OP"
26364,"NRO_PARTE",1695152,"21D7S2M500"
26364,"NRO_PARTE",1695153,"21D7S2MA00-OH"
26364,"NRO_PARTE",1695154,"21ALS1HW00"
26364,"NRO_PARTE",1695155,"21ALS1HV00"
26364,"NRO_PARTE",1695156,"4DC02AW#ABM"
26364,"NRO_PARTE",1695157,"4VY84LA#ABM"
26364,"NRO_PARTE",1695158,"4VY85LA#ABM"
26364,"NRO_PARTE",1695159,"4WB35LA#ABM"
26364,"NRO_PARTE",1695160,"4VZ08LA#ABM"
26364,"NRO_PARTE",1695161,"4WB39LA#ABM"
26364,"NRO_PARTE",1695162,"4VY67LA#ABM"
26364,"NRO_PARTE",1695163,"20MAS2JM00"
26364,"NRO_PARTE",1695164,"20MAS2JN00"
26364,"NRO_PARTE",1695165,"4TE79LA#ABM"
26364,"NRO_PARTE",1695166,"4VZ07LA#ABM"
26364,"NRO_PARTE",1695167,"4DN32AW#ABM"
26364,"NRO_PARTE",3922990,"B93E3LT#ABM-OH4"
26364,"NRO_PARTE",3923000,"B93E4LT#ABM"
26364,"NRO_PARTE",3308167,"P16VG2U927322106V-OH"
26364,"NRO_PARTE",1695168,"3WW47LA#ABM"
26364,"NRO_PARTE",1695169,"4VZ33LA#ABM"
26364,"NRO_PARTE",1695170,"4WB41LA#ABM"
26364,"NRO_PARTE",1695171,"4VZ31LA#ABM"
26364,"NRO_PARTE",1695172,"5JH29LA#ABM"
26364,"NRO_PARTE",1695173,"5JH28LA#ABM"
26364,"NRO_PARTE",1695174,"3WX92LA#ABM"
26364,"NRO_PARTE",1695175,"3WX93LA#ABM"
26364,"NRO_PARTE",1695176,"4AK76LA#ABM"
26364,"NRO_PARTE",1695177,"20MAS2G900"
26364,"NRO_PARTE",1695178,"4VZ17LA#ABM"
26364,"NRO_PARTE",1695179,"4VZ14LA#ABM"
26364,"NRO_PARTE",1695180,"3WW55LA#ABM"
26364,"NRO_PARTE",1695181,"3WW49LA#ABM"
26364,"NRO_PARTE",1695182,"3WX96LA#ABM"
26364,"NRO_PARTE",1695183,"4TE68LA#ABM"
26364,"NRO_PARTE",1695184,"4TE80LA#ABM"
26364,"NRO_PARTE",1695185,"3WX97LA#ABM"
26364,"NRO_PARTE",1695186,"3WX99LA#ABM"
26364,"NRO_PARTE",1695187,"4BL39LA#ABM"
26364,"NRO_PARTE",1695188,"4AK73LA#ABM"
26364,"NRO_PARTE",1695189,"20MES0TX00"
26364,"NRO_PARTE",1695190,"20MES10K00"
26364,"NRO_PARTE",1695191,"20MES10L00"
26364,"NRO_PARTE",1695192,"20MES10W00"
26364,"NRO_PARTE",1695193,"20MES10Q00"
26364,"NRO_PARTE",1695194,"20MES10X00"
26364,"NRO_PARTE",1695195,"21D9S1F000"
26364,"NRO_PARTE",1695196,"21ALS1HY00"
26364,"NRO_PARTE",1695197,"20MES11100"
26364,"NRO_PARTE",1695198,"20MES10S00"
26364,"NRO_PARTE",1695199,"20MES0TW00"
26364,"NRO_PARTE",1695200,"20MES0TY00"
26364,"NRO_PARTE",1695201,"20MES0U000"
26364,"NRO_PARTE",1695202,"20MES10V00"
26364,"NRO_PARTE",1695203,"20MES10T00"
26364,"NRO_PARTE",1695204,"4VZ26LA#ABM"
26364,"NRO_PARTE",1695205,"4TE73LA#ABM"
26364,"NRO_PARTE",1695206,"4TE76LA#ABM"
26364,"NRO_PARTE",1695207,"5JH27LA#ABM"
26364,"NRO_PARTE",1695208,"4TE72LA#ABM"
26364,"NRO_PARTE",1695209,"5RQ97LA#ABM"
26364,"NRO_PARTE",1695210,"5RR20LA#ABM"
26364,"NRO_PARTE",1695211,"5JX73LA#ABM"
26364,"NRO_PARTE",1695212,"4VZ64LA#ABM"
26364,"NRO_PARTE",1695213,"4AK75LA#ABM"
26364,"NRO_PARTE",1695214,"20HLS25D00"
26364,"NRO_PARTE",1695215,"20HLS25F00"
26364,"NRO_PARTE",1695216,"20HLS25C00"
26364,"NRO_PARTE",1695217,"20HLS25E00"
26364,"NRO_PARTE",1695218,"20E1A02500"
26364,"NRO_PARTE",1695219,"20ENA01S00"
26364,"NRO_PARTE",1695220,"20ENA02X00"
26364,"NRO_PARTE",1695221,"3D0B5LA#ABM-OP"
26364,"NRO_PARTE",1695222,"NHH7GM86T0VA2Y"
26364,"NRO_PARTE",1695223,"NHH78T86T0VA30"
26364,"NRO_PARTE",1695224,"NHH7GQ86T0VA34"
26364,"NRO_PARTE",1695225,"2PTL357-7161SSS3-4V-W"
26364,"NRO_PARTE",1695226,"2PTL357-7161SOH3-4V-W"
26364,"NRO_PARTE",1695227,"4VZ13LA#ABM"
26364,"NRO_PARTE",1695228,"4VZ16LA#ABM"
26364,"NRO_PARTE",1695229,"4VZ20LA#ABM"
26364,"NRO_PARTE",1695230,"3C9C4LA#ABM"
26364,"NRO_PARTE",3923073,"B93E4LT#ABM-OH4"
26364,"NRO_PARTE",2893249,"B04U8LS#ABM-OP"
26364,"NRO_PARTE",2556326,"AZF-96PE12WX4916"
26364,"NRO_PARTE",1695231,"3C9C5LA#ABM-OP"
26364,"NRO_PARTE",1695232,"21ALS1J300"
26364,"NRO_PARTE",1695233,"21ALS1J200"
26364,"NRO_PARTE",1695234,"4TE83LA#ABM"
26364,"NRO_PARTE",1695235,"4WZ83LA#ABM"
26364,"NRO_PARTE",1695236,"5JH01LA#ABM"
26364,"NRO_PARTE",1695237,"5JG91LA#ABM"
26364,"NRO_PARTE",1695238,"5JX99LA#ABM"
26364,"NRO_PARTE",1695239,"5JG86LA#ABM"
26364,"NRO_PARTE",1695240,"5JG89LA#ABM"
26364,"NRO_PARTE",1695241,"5JG96LA#ABM"
26364,"NRO_PARTE",1695242,"3WW52LA#ABM"
26364,"NRO_PARTE",1695243,"3WW50LA#ABM"
26364,"NRO_PARTE",1695244,"3WX98LA#ABM"
26364,"NRO_PARTE",1695245,"3WW48LA#ABM"
26364,"NRO_PARTE",1695246,"20MCS00P00"
26364,"NRO_PARTE",1695247,"20MCS00N00"
26364,"NRO_PARTE",1695248,"5LL20LA#ABM"
26364,"NRO_PARTE",1695249,"5LL34LA#ABM"
26364,"NRO_PARTE",1695250,"5WF78LA#ABM"
26364,"NRO_PARTE",1695251,"S26391-K461-H980-X32SSDHBWP"
26364,"NRO_PARTE",1695252,"20MAS3CX00"
26364,"NRO_PARTE",1695253,"4VY25LA#ABM"
26364,"NRO_PARTE",1695254,"20MES10M00"
26364,"NRO_PARTE",1695255,"20MES11000"
26364,"NRO_PARTE",1695256,"20MES10Y00"
26364,"NRO_PARTE",1695257,"S26391-K461-H980-X32SSDWP"
26364,"NRO_PARTE",1695258,"20MES10P00"
26364,"NRO_PARTE",1695259,"20MES10N00"
26364,"NRO_PARTE",1695260,"3C9C7LA#ABM-OH"
26364,"NRO_PARTE",1695261,"3C9C7LA#ABM-OP"
26364,"NRO_PARTE",1695262,"3D0B3LA#ABM-OH"
26364,"NRO_PARTE",1695263,"21D7S2M600"
26364,"NRO_PARTE",1695264,"21D7S2M600-OH"
26364,"NRO_PARTE",1695265,"21ALS1J000"
26364,"NRO_PARTE",1695266,"21ALS1HX00"
26364,"NRO_PARTE",1695267,"2PTL357-7161SOP3-4V-W"
26364,"NRO_PARTE",1695268,"3D0B3LA#ABM-OP"
26364,"NRO_PARTE",1695269,"3D0B4LA#ABM-OH"
26364,"NRO_PARTE",1695270,"3D0B4LA#ABM"
26364,"NRO_PARTE",1695271,"3D0B5LA#ABM"
26364,"NRO_PARTE",1695272,"S26391-K503-V100#110"
26364,"NRO_PARTE",1695273,"21ALS1J100"
26364,"NRO_PARTE",1695274,"21D7S2MA00"
26364,"NRO_PARTE",1695275,"21D7S2MA00-OP"
26364,"NRO_PARTE",1695276,"4V0F3LA#ABM"
26364,"NRO_PARTE",1695277,"NHH7WM86T0VA4G"
26364,"NRO_PARTE",1695278,"3C9C7LA#ABM-M"
26364,"NRO_PARTE",1695279,"3C9C7LA#ABM-OHM"
26364,"NRO_PARTE",1695280,"NHL7WQ86T0VA0M"
26364,"NRO_PARTE",1695281,"20W7S23300"
26364,"NRO_PARTE",1695282,"45Z73LS#ABM-OP"
26364,"NRO_PARTE",1695283,"2B5E9LA#ABM-OH"
26364,"NRO_PARTE",1695284,"0PTL35-7322S1SS3-4"
26364,"NRO_PARTE",1695285,"30Y64LS#ABM"
26364,"NRO_PARTE",1695286,"30Y64LS#ABM-OH"
26364,"NRO_PARTE",1695287,"2U4Z0LS#ABM"
26364,"NRO_PARTE",1695288,"45Z73LS#ABM"
26364,"NRO_PARTE",1695289,"20W7S1J600"
26364,"NRO_PARTE",1695290,"0PTL35-7322S1OP3-4"
26364,"NRO_PARTE",1695291,"0PTL35-7322S1OH3-4"
26364,"NRO_PARTE",1695292,"2PTL357-71612SOH3-FHD-4V"
26364,"NRO_PARTE",3922827,"A59H1LA#ABM-OH4"
26364,"NRO_PARTE",3923077,"B93E5LT#ABM"
26364,"NRO_PARTE",3923085,"B93E5LT#ABM-OH4"
26364,"NRO_PARTE",3923091,"B08VRLT#ABM"
26364,"NRO_PARTE",3923094,"90NX0741-M002F0_OH"
26364,"NRO_PARTE",3923095,"90NX0741-M002F0_"
26364,"NRO_PARTE",1925563,"3PTLW3580-7321S4OH3-FHD"
26364,"NRO_PARTE",1925484,"3PTLW3580-7161S4SS3-FHD"
26364,"NRO_PARTE",3923159,"BN4D9LT#ABM"
26364,"NRO_PARTE",3923163,"BN4D9LT#ABM-OH4"
26364,"NRO_PARTE",3923187,"BN4E4LT#ABM"
26364,"NRO_PARTE",1901240,"87S78LA#ABM-OH"
26364,"NRO_PARTE",2528424,"21FBS75Y00-OH"
26364,"NRO_PARTE",2528428,"21FBS75Y00-OP"
26364,"NRO_PARTE",2630105,"7WTHL4V478"
26364,"NRO_PARTE",2629840,"96MPL4V054"
26364,"NRO_PARTE",2630058,"58THL4V476"
26364,"NRO_PARTE",2630168,"96MHH4V072"
26364,"NRO_PARTE",2630239,"9GMH04V203"
26364,"NRO_PARTE",2630241,"5GTHH4V333"
26364,"NRO_PARTE",2561608,"21FBS75Y00OP"
26364,"NRO_PARTE",2901943,"4PTLW3591-9H641SSS3-8V"
26364,"NRO_PARTE",2901952,"4PTLW3591-9H641SOH3-8V"
26364,"NRO_PARTE",1901313,"87S86LA#ABM"
26364,"NRO_PARTE",2555493,"BKF-76PE10WX4608"
26364,"NRO_PARTE",2555496,"91Q40LA#ABM-OH"
26364,"NRO_PARTE",2555510,"91Q40LA#ABM-OP"
26364,"NRO_PARTE",2555514,"BXF-71PE12WX4812"
26364,"NRO_PARTE",2555518,"BXF-76PE10WX4812"
26364,"NRO_PARTE",2939207,"B1QC4LS#ABM-OH4"
26364,"NRO_PARTE",2939240,"B1QC6LS#ABM"
26364,"NRO_PARTE",2788155,"4PTLW7680-764521SS3-12V-AC-B"
26364,"NRO_PARTE",2626717,"9WTHL4V001"
26364,"NRO_PARTE",2626721,"9GTHL4V002"
26364,"NRO_PARTE",2626747,"962HL4V006"
26364,"NRO_PARTE",2626754,"9W2HL4V007"
26364,"NRO_PARTE",2626765,"9G2HL4V008"
26364,"NRO_PARTE",1724228,"PDH9X140WVA050"
26364,"NRO_PARTE",1724237,"PD07XM40WVA053"
26364,"NRO_PARTE",1724315,"PDP9X140WVA05E"
26364,"NRO_PARTE",1724357,"PDP7X140WVA05J"
26364,"NRO_PARTE",1724439,"PDP9X240WVA05Q"
26364,"NRO_PARTE",1724453,"PDP7XM40WVA05R"
26364,"NRO_PARTE",1724468,"PDP7X140WVA05T"
26364,"NRO_PARTE",1728277,"6Q0N3LA#ABM"
26364,"NRO_PARTE",2939188,"B1QC4LS#ABM"
26364,"NRO_PARTE",2024900,"PD50PNN"
26364,"NRO_PARTE",2024901,"PDP7W140WV903F"
26364,"NRO_PARTE",2788177,"4PTLW7680-764521OH3-12V-AR-B"
26364,"NRO_PARTE",2626736,"9W2HL4V004"
26364,"NRO_PARTE",2626743,"9G2HL4V005"
26364,"NRO_PARTE",2626822,"9WMHL4V013"
26364,"NRO_PARTE",1724644,"3PTLW5570-7161SS3-4V-VP"
26364,"NRO_PARTE",1724160,"PDH7WM40WVA037"
26364,"NRO_PARTE",1728280,"6Q0N3LA#ABM-OH"
26364,"NRO_PARTE",1728295,"7P864LS#ABM"
26364,"NRO_PARTE",1728284,"6X2K2LA#ABM"
26364,"NRO_PARTE",1728171,"6Y3F9LA#ABM-OP"
26364,"NRO_PARTE",2939326,"8R8B6LS#ABM-OH4"
26364,"NRO_PARTE",2024902,"PDH7X140WV9045"
26364,"NRO_PARTE",2626728,"96THL4V003"
26364,"NRO_PARTE",2626851,"96THL4V018"
26364,"NRO_PARTE",2626862,"96MHL4V021"
26364,"NRO_PARTE",1724168,"PDP7W140WVA03F"
26364,"NRO_PARTE",1724173,"PDP9WM40WVA03K"
26364,"NRO_PARTE",1724174,"PDP7W140WVA03L"
26364,"NRO_PARTE",1724177,"PDP9WM40WVA03O"
26364,"NRO_PARTE",1724231,"PDH7X240WVA051"
26364,"NRO_PARTE",1724156,"PD07WM40WVA035"
26364,"NRO_PARTE",1724159,"PD09WM40WVA036"
26364,"NRO_PARTE",1724161,"PDH9WM40WVA038"
26364,"NRO_PARTE",1724162,"PD07W140WVA039"
26364,"NRO_PARTE",1724164,"PDH7W140WVA03B"
26364,"NRO_PARTE",1724165,"PDH9W140WVA03C"
26364,"NRO_PARTE",1724166,"PDP7WM40WVA03D"
26364,"NRO_PARTE",1724205,"PDH7XM40WVA04H"
26364,"NRO_PARTE",1724215,"PD07XM40WVA04R"
26364,"NRO_PARTE",1724216,"PD09XM40WVA04S"
26364,"NRO_PARTE",1724223,"PDH9XM40WVA04Y"
26364,"NRO_PARTE",1724238,"PD09XM40WVA054"
26364,"NRO_PARTE",1724241,"PDH7XM40WVA055"
26364,"NRO_PARTE",1724378,"PDP9XM40WVA05M"
26364,"NRO_PARTE",1728281,"6Q0N3LA#ABM-OP"
26364,"NRO_PARTE",1728184,"6U8D6LA#ABM-OP"
26364,"NRO_PARTE",2034837,"3PTLW5680-7321OH3-6V-Q-S"
26364,"NRO_PARTE",2626976,"96THL4V030"
26364,"NRO_PARTE",1724267,"PDH7X140WVA059"
26364,"NRO_PARTE",1724284,"PDP7XM40WVA05B"
26364,"NRO_PARTE",1724433,"3PTLW3570-7161OH3-4V"
26364,"NRO_PARTE",1728220,"6Q0N1LA#ABM"
26364,"NRO_PARTE",1728044,"6Y3F8LA#ABM-OH"
26364,"NRO_PARTE",1728235,"6Q0N1LA#ABM-OH"
26364,"NRO_PARTE",1728245,"6Q0N1LA#ABM-OP"
26364,"NRO_PARTE",2626855,"9WMHL4V019"
26364,"NRO_PARTE",2626859,"9GMHL4V020"
26364,"NRO_PARTE",2626958,"9WTHL4V028"
26364,"NRO_PARTE",1724140,"PDH7WM40WVA02Z"
26364,"NRO_PARTE",1724171,"PDP9W240WVA03I"
26364,"NRO_PARTE",1724144,"PDH9WM40WVA030"
26364,"NRO_PARTE",1724155,"PDH9W240WVA034"
26364,"NRO_PARTE",1724172,"PDP7WM40WVA03J"
26364,"NRO_PARTE",1724175,"PDP9W140WVA03M"
26364,"NRO_PARTE",1724176,"PDP7WM40WVA03N"
26364,"NRO_PARTE",1724203,"PD07XM40WVA04F"
26364,"NRO_PARTE",1724204,"PD09XM40WVA04G"
26364,"NRO_PARTE",1724206,"PDH9XM40WVA04I"
26364,"NRO_PARTE",1724207,"PD07XM40UVA04J"
26364,"NRO_PARTE",1724217,"PD07X140WVA04T"
26364,"NRO_PARTE",1724219,"PD07X240WVA04V"
26364,"NRO_PARTE",1724261,"PD09X140WVA058"
26364,"NRO_PARTE",1727961,"6U7K6LA#ABM"
26364,"NRO_PARTE",1727993,"6U7K6LA#ABM-OP"
26364,"NRO_PARTE",1728099,"6Y3F9LA#ABM"
26364,"NRO_PARTE",2939287,"B1QC6LS#ABM-OH4"
26364,"NRO_PARTE",2939521,"P16SG319161104"
26364,"NRO_PARTE",2626771,"962HL4V009"
26364,"NRO_PARTE",2626848,"9GTHL4V017"
26364,"NRO_PARTE",2626921,"9GTHL4V026"
26364,"NRO_PARTE",1838496,"20YRS80W00-OH"
26364,"NRO_PARTE",1724371,"PDP7XM40WVA05L"
26364,"NRO_PARTE",1724381,"PDP7X140WVA05N"
26364,"NRO_PARTE",1724432,"PDP7X240WVA05P"
26364,"NRO_PARTE",1728141,"6Y3F9LA#ABM-OH"
26364,"NRO_PARTE",2626867,"9WMHL4V022"
26364,"NRO_PARTE",2626914,"9WTHL4V025"
26364,"NRO_PARTE",1724248,"PDH9XM40WVA056"
26364,"NRO_PARTE",1724275,"PDH9X140WVA05A"
26364,"NRO_PARTE",1724290,"PDP9XM40WVA05C"
26364,"NRO_PARTE",1724303,"PDP7X140WVA05D"
26364,"NRO_PARTE",2632031,"9GTHH4V086"
26364,"NRO_PARTE",2632032,"96TH04V183"
26364,"NRO_PARTE",2632035,"96THH4V087"
26364,"NRO_PARTE",2632044,"9WTHH4V088"
26364,"NRO_PARTE",2632045,"9G2H04V185"
26364,"NRO_PARTE",2632050,"962H04V186"
26364,"NRO_PARTE",2632052,"96THH4V090"
26364,"NRO_PARTE",2632059,"9WMPH4V109"
26364,"NRO_PARTE",2632060,"96MH04V192"
26364,"NRO_PARTE",2632064,"9WMH04V193"
26364,"NRO_PARTE",2632078,"9GMPH4V110"
26364,"NRO_PARTE",2632082,"96MH04V195"
26364,"NRO_PARTE",2632087,"96MPH4V111"
26364,"NRO_PARTE",2632093,"9WMPH4V112"
26364,"NRO_PARTE",2632100,"9GMPH4V113"
26364,"NRO_PARTE",2632111,"9WTHP4V121"
26364,"NRO_PARTE",1728400,"3PTLW3570-716125OH3-4V"
26364,"NRO_PARTE",1728434,"3PTLW3570-716125OP3-4V"
26364,"NRO_PARTE",2509054,"90NX0741-M002F0-OH"
26364,"NRO_PARTE",2509909,"21FBS76300-OP"
26364,"NRO_PARTE",2627063,"AZG-973PE12WX4916"
26364,"NRO_PARTE",2627065,"AZG-973PE14WX4916"
26364,"NRO_PARTE",2627066,"AZG-976PE12WX4916"
26364,"NRO_PARTE",1955729,"PD07GT40WVA901"
26364,"NRO_PARTE",2632104,"96MPH4V114"
26364,"NRO_PARTE",2632122,"96THP4V123"
26364,"NRO_PARTE",2632132,"9W2HP4V124"
26364,"NRO_PARTE",2632138,"9G2HP4V125"
26364,"NRO_PARTE",2632146,"962HP4V126"
26364,"NRO_PARTE",2632150,"9W2HP4V127"
26364,"NRO_PARTE",1728297,"7P864LS#ABM-OH"
26364,"NRO_PARTE",1728298,"7P864LS#ABM-OP"
26364,"NRO_PARTE",1728305,"3PTLW3570-7321OH3-4V"
26364,"NRO_PARTE",1728307,"3PTLW3570-7641SS3-4V"
26364,"NRO_PARTE",1728308,"3PTLW3570-7641OH3-4V"
26364,"NRO_PARTE",2746904,"4PTLW3591-7H161SSS3-4V"
26364,"NRO_PARTE",2746907,"4PTLW3591-7H161SOH3-4V"
26364,"NRO_PARTE",2746917,"4PTLW3591-9H321SOH3-8V"
26364,"NRO_PARTE",2746920,"4PTLW3591-9H321SOP3-8V"
26364,"NRO_PARTE",2746942,"4PTLW3591-7H161SOP3-6V"
26364,"NRO_PARTE",2746944,"4PTLW3591-7H321SSS3-6V"
26364,"NRO_PARTE",2746946,"4PTLW3591-7H321SOH3-6V"
26364,"NRO_PARTE",2746954,"4PTLW3591-9H161SOH3-8V"
26364,"NRO_PARTE",2627067,"AZG-976PE14WX4916"
26364,"NRO_PARTE",2627068,"AXG-973PE12WX4812"
26364,"NRO_PARTE",2627070,"AXG-973PE14WX4812"
26364,"NRO_PARTE",2627071,"AXG-976PE12WX4812"
26364,"NRO_PARTE",2627072,"AXG-976PE14WX4812"
26364,"NRO_PARTE",2632049,"9GTHH4V089"
26364,"NRO_PARTE",2632074,"9GMH04V194"
26364,"NRO_PARTE",2632116,"9GTHP4V122"
26364,"NRO_PARTE",1728304,"3PTLW3570-7321SS3-4V"
26364,"NRO_PARTE",1728306,"3PTLW3570-7321OP3-4V"
26364,"NRO_PARTE",1728309,"3PTLW3570-7641OP3-4V"
26364,"NRO_PARTE",1728354,"PDP9X140WVA05K"
26364,"NRO_PARTE",2746941,"4PTLW3591-7H161SOH3-6V"
26364,"NRO_PARTE",2632037,"9W2H04V184"
26364,"NRO_PARTE",2632155,"9G2HP4V128"
26364,"NRO_PARTE",2632208,"962HP4V129"
26364,"NRO_PARTE",2632229,"96MHP4V132"
26364,"NRO_PARTE",2632241,"9GMHP4V134"
26364,"NRO_PARTE",1728379,"3PTLW3570-716125SS3-4V"
26364,"NRO_PARTE",2902156,"4PTLW3591-9H641SOP3-8V"
26364,"NRO_PARTE",2746958,"4PTLW3591-9H161SOP3-8V"
26364,"NRO_PARTE",1837660,"20YRS80W00"
26364,"NRO_PARTE",2552813,"91Q38LA#ABM-OP"
26364,"NRO_PARTE",2565279,"9Z925LS#ABM"
26364,"NRO_PARTE",1974464,"PD07GT40WVZ901"
26364,"NRO_PARTE",3307396,"P16VG2U719162106V"
26364,"NRO_PARTE",2632248,"96MHP4V135"
26364,"NRO_PARTE",2632268,"9WTHP4V136"
26364,"NRO_PARTE",2632279,"9GTHP4V137"
26364,"NRO_PARTE",2632300,"96THP4V138"
26364,"NRO_PARTE",2747257,"4PTLW3591-9H161SSS3-6V"
26364,"NRO_PARTE",2747268,"4PTLW3591-9H161SOH3-6V"
26364,"NRO_PARTE",2747272,"A31DRLT#ABM-OH"
26364,"NRO_PARTE",2747273,"4PTLW3591-9H161SOP3-6V"
26364,"NRO_PARTE",2565321,"9Z925LS#ABM-OP"
26364,"NRO_PARTE",2632392,"9GTHP4V146"
26364,"NRO_PARTE",2632404,"96MPP4V171"
26364,"NRO_PARTE",2747262,"A31DRLT#ABM"
26364,"NRO_PARTE",2747297,"4PTLW3591-9H321SOH3-6V"
26364,"NRO_PARTE",2747313,"4PTLW3591-9H321SOP3-6V"
26364,"NRO_PARTE",1974447,"PD07WT40WVZ01Z"
26364,"NRO_PARTE",1974448,"PD09GT40WVZ002"
26364,"NRO_PARTE",2632220,"9WMHP4V130"
26364,"NRO_PARTE",2632332,"9WMHP4V142"
26364,"NRO_PARTE",2632413,"9GTH04V182"
26364,"NRO_PARTE",2632415,"9W2H04V187"
26364,"NRO_PARTE",2747322,"A31DRLT#ABM-OP"
26364,"NRO_PARTE",2747345,"4PTLW3590-7H1612SSS3-4V"
26364,"NRO_PARTE",2747355,"A31NFLT#ABM"
26364,"NRO_PARTE",2632225,"9GMHP4V131"
26364,"NRO_PARTE",2632235,"9WMHP4V133"
26364,"NRO_PARTE",2632308,"9GMHP4V140"
26364,"NRO_PARTE",2747187,"4PTLW3591-7H321SOH3-4V"
26364,"NRO_PARTE",2747285,"4PTLW3591-9H321SSS3-6V"
26364,"NRO_PARTE",2747391,"4PTLW3590-7H1612SOH3-4V"
26364,"NRO_PARTE",2747392,"A31NFLT#ABM-OH"
26364,"NRO_PARTE",1727057,"797P1LA#ABM"
26364,"NRO_PARTE",1727068,"6Q0N5LA#ABM-OH"
26364,"NRO_PARTE",2021744,"KE4-71PE1036P06PX"
26364,"NRO_PARTE",1837108,"21D9S4YV00"
26364,"NRO_PARTE",1888083,"860Z5LA#ABM-OP"
26364,"NRO_PARTE",1837118,"21D9S50P00-OP"
26364,"NRO_PARTE",1726990,"6U7K0LA#ABM-OH"
26364,"NRO_PARTE",1888141,"889X1LA#ABM"
26364,"NRO_PARTE",2632401,"96THP4V150"
26364,"NRO_PARTE",2559803,"BXF-73PE12WX4812"
26364,"NRO_PARTE",2822602,"AR8Z2LA#ABM-OH"
26364,"NRO_PARTE",2822624,"AR8Z2LA#ABM-OP"
26364,"NRO_PARTE",1998712,"21FDS16N00-OH"
26364,"NRO_PARTE",2600159,"BSF-73PE10WX4708"
26364,"NRO_PARTE",2559797,"BXF-73PE10WX4812"
26364,"NRO_PARTE",3141196,"4PTLW3591-9H161SOH3-8V-24"
26364,"NRO_PARTE",3141197,"4PTLW3591-7H161SOH3-8V-24"
26364,"NRO_PARTE",3141199,"4PTLW3591-7H321SOH3-8V-24"
26364,"NRO_PARTE",3141200,"4PTLW3591-7H321SOH3-6V-24"
26364,"NRO_PARTE",2600158,"BSF-71PE12WX4708"
26364,"NRO_PARTE",2600169,"BSF-73PE12WX4708"
26364,"NRO_PARTE",2600175,"BSF-76PE10WX4708"
26364,"NRO_PARTE",2600180,"BSF-76PE12WX4708"
26364,"NRO_PARTE",3141195,"4PTLW3591-7H321SOH3-4V-24"
26364,"NRO_PARTE",3141203,"4PTLW3591-7H161SOH3-6V-24"
26364,"NRO_PARTE",3141208,"4PTLW3590-7H161SOH3-4V-24"
26364,"NRO_PARTE",2600132,"BSF-71PE10WX4708"
26364,"NRO_PARTE",2632403,"9GMPP4V170"
26364,"NRO_PARTE",2632405,"9WMPP4V172"
26364,"NRO_PARTE",2632408,"96MPP4V174"
26364,"NRO_PARTE",2632410,"9WTH04V181"
26364,"NRO_PARTE",3141193,"4PTLW3591-9H321SOH3-8V-24"
26364,"NRO_PARTE",1888815,"8R8B7LS#ABM-OP"
26364,"NRO_PARTE",3141207,"4PTLW3590-7H1612SOH3-4V-24"
26364,"NRO_PARTE",1886543,"860X4LA#ABM"
26364,"NRO_PARTE",1745461,"20W7S2EM00"
26364,"NRO_PARTE",2033416,"6U7K2LA#ABM-OHD"
26364,"NRO_PARTE",1742134,"3PTLW7770-76412S2SSS3-16V"
26364,"NRO_PARTE",2599801,"21FDS56P00-OP"
26364,"NRO_PARTE",1901263,"87S78LA#ABM-OP"
26364,"NRO_PARTE",1901316,"87S86LA#ABM-OH"
26364,"NRO_PARTE",2630077,"5WTPH4V325"
26364,"NRO_PARTE",2630103,"962HH4V069"
26364,"NRO_PARTE",2630131,"9GTH04V197"
26364,"NRO_PARTE",2630190,"58TP04V482"
26364,"NRO_PARTE",2632323,"96MHP4V141"
26364,"NRO_PARTE",1747464,"3PTLW7770-76412S1SOH3-12V-3A-PP"
26364,"NRO_PARTE",2937884,"B1QA2LS#ABM"
26364,"NRO_PARTE",2937896,"B1QA2LS#ABM-OH4"
26364,"NRO_PARTE",2938068,"B1QB3LS#ABM-OH4"
26364,"NRO_PARTE",1901333,"8D046LA#ABM"
26364,"NRO_PARTE",1742356,"3PTLW7770-9161OH3-16V"
26364,"NRO_PARTE",2745616,"AZG-973PE12HX4916"
26364,"NRO_PARTE",2745975,"A41TPLT#ABM"
26364,"NRO_PARTE",4122737,"P16VG3U93213108V"
26364,"NRO_PARTE",4122763,"P16VG3U93213108V-OH"
26364,"NRO_PARTE",2630203,"9GMHH4V074"
26364,"NRO_PARTE",2630235,"78TP04V485"
26364,"NRO_PARTE",2938101,"B1QB4LS#ABM"
26364,"NRO_PARTE",4053992,"9GTP0VW002"
26364,"NRO_PARTE",1742145,"3PTLW7770-96412S2SSS3-16V"
26364,"NRO_PARTE",2745980,"A41TPLT#ABM-OP"
26364,"NRO_PARTE",2749038,"BSF-963PE10WX4708"
26364,"NRO_PARTE",2630172,"78TPH4V329"
26364,"NRO_PARTE",2630309,"9WMHH4V082"
26364,"NRO_PARTE",2632346,"9GMHP4V143"
26364,"NRO_PARTE",1773272,"21D7S75A00"
26364,"NRO_PARTE",1777951,"90NX04U1-M00M80-OP"
26364,"NRO_PARTE",2030583,"87S78LA#ABM-OPM"
26364,"NRO_PARTE",2030585,"6U7K2LA#ABM-D"
26364,"NRO_PARTE",1747469,"3PTLW7770-76412S1SOP3-12V-3A-PP"
26364,"NRO_PARTE",2938036,"B1QB3LS#ABM"
26364,"NRO_PARTE",4054006,"9GTPHVW003"
26364,"NRO_PARTE",4054008,"9GTP0VW005"
26364,"NRO_PARTE",4054025,"9G2ULVW013"
26364,"NRO_PARTE",4054027,"9GTULVW016"
26364,"NRO_PARTE",4054049,"9WTP0VW020"
26364,"NRO_PARTE",4054055,"9WTPHVW024"
26364,"NRO_PARTE",4054056,"9W2ULVW025"
26364,"NRO_PARTE",4054065,"9W4ULVW028"
26364,"NRO_PARTE",4054066,"9W4P0VW029"
26364,"NRO_PARTE",4054067,"9W4PHVW030"
26364,"NRO_PARTE",4054068,"9W2ULVW031"
26364,"NRO_PARTE",4054069,"9W2P0VW032"
26364,"NRO_PARTE",4119145,"MDL2509N3Q6VL"
26364,"NRO_PARTE",3715393,"P1G730322100-OH"
26364,"NRO_PARTE",3715400,"P1G731642108V"
26364,"NRO_PARTE",4122648,"P16VG3U7HI322108V"
26364,"NRO_PARTE",4122679,"P16VG3U9322108V"
26364,"NRO_PARTE",4122706,"P16VG3U9322108V-OH"
26364,"NRO_PARTE",4054012,"9G2ULVW007"
26364,"NRO_PARTE",4054070,"9W2PHVW033"
26364,"NRO_PARTE",4054075,"9WTPHVW036"
26364,"NRO_PARTE",4054077,"94TULVW037"
26364,"NRO_PARTE",4054084,"94TP0VW038"
26364,"NRO_PARTE",4054086,"94TULVW040"
26364,"NRO_PARTE",4054090,"94TPHVW042"
26364,"NRO_PARTE",4054092,"942ULVW043"
26364,"NRO_PARTE",4054094,"942P0VW044"
26364,"NRO_PARTE",4054096,"942PHVW045"
26364,"NRO_PARTE",4054097,"944P0VW047"
26364,"NRO_PARTE",4054107,"944PHVW048"
26364,"NRO_PARTE",4054108,"942ULVW049"
26364,"NRO_PARTE",4054109,"942P0VW050"
26364,"NRO_PARTE",4054110,"942PHVW051"
26364,"NRO_PARTE",4054111,"94TULVW052"
26364,"NRO_PARTE",4054112,"94TP0VW053"
26364,"NRO_PARTE",4054113,"94TPHVW054"
26364,"NRO_PARTE",4054115,"9G2ULVW055"
26364,"NRO_PARTE",4054117,"9G2PHVW057"
26364,"NRO_PARTE",1742553,"3PTLW7770-76412S2SOH3-16V"
26364,"NRO_PARTE",2745977,"A41TPLT#ABM-OH"
26364,"NRO_PARTE",2749044,"BSF-963PE12WX4708"
26364,"NRO_PARTE",2749126,"BSF-751PE10HX4708"
26364,"NRO_PARTE",2749130,"BSF-751PE12HX4708"
26364,"NRO_PARTE",1773255,"21D7S75900"
26364,"NRO_PARTE",1773274,"21D7S75700"
26364,"NRO_PARTE",2938143,"B1QB4LS#ABM-OH4"
26364,"NRO_PARTE",2938203,"B1QB5LS#ABM-OH4"
26364,"NRO_PARTE",2938226,"B1QB7LS#ABM"
26364,"NRO_PARTE",2938244,"B1QB7LS#ABM-OH4"
26364,"NRO_PARTE",2528450,"21FBS75W00-OP"
26364,"NRO_PARTE",2528457,"21FBS76100-OP"
26364,"NRO_PARTE",4228243,"C71Z9LC#ABM"
26364,"NRO_PARTE",4054007,"9GTULVW004"
26364,"NRO_PARTE",4054018,"9G2P0VW008"
26364,"NRO_PARTE",4054019,"9G2PHVW009"
26364,"NRO_PARTE",4054022,"9G4ULVW010"
26364,"NRO_PARTE",4054023,"9G4P0VW011"
26364,"NRO_PARTE",4054024,"9G4PHVW012"
26364,"NRO_PARTE",4054028,"9GTP0VW017"
26364,"NRO_PARTE",4054030,"9G2P0VW014"
26364,"NRO_PARTE",4054085,"94TPHVW039"
26364,"NRO_PARTE",4054123,"9W2ULVW058"
26364,"NRO_PARTE",4054130,"9GTULVW064"
26364,"NRO_PARTE",4054131,"9GTP0VW065"
26364,"NRO_PARTE",4054133,"9WTULVW067"
26364,"NRO_PARTE",4054139,"94TULVW070"
26364,"NRO_PARTE",4054140,"94TP0VW071"
26364,"NRO_PARTE",4054142,"94TPHVW072"
26364,"NRO_PARTE",4054143,"9GTULVW073"
26364,"NRO_PARTE",4054144,"9GTP0VW074"
26364,"NRO_PARTE",4054146,"9GTPHVW075"
26364,"NRO_PARTE",4054149,"9WTULVW076"
26364,"NRO_PARTE",4054152,"9WTP0VW077"
26364,"NRO_PARTE",4054157,"9WTPHVW078"
26364,"NRO_PARTE",4054159,"94TULVW079"
26364,"NRO_PARTE",4054160,"94TP0VW080"
26364,"NRO_PARTE",4054162,"9G2ULVW082"
26364,"NRO_PARTE",1742595,"3PTLW7770-76412S2SOP3-16V"
26364,"NRO_PARTE",1742642,"3PTLW7770-96412S2SOH3-16V"
26364,"NRO_PARTE",2745948,"A41TLLT#ABM-OH"
26364,"NRO_PARTE",2938267,"B1QC1LS#ABM"
26364,"NRO_PARTE",4053984,"9GTULVW001"
26364,"NRO_PARTE",4054011,"9GTPHVW006"
26364,"NRO_PARTE",4054026,"9G2PHVW015"
26364,"NRO_PARTE",4054044,"9GTPHVW018"
26364,"NRO_PARTE",4054045,"9WTULVW019"
26364,"NRO_PARTE",4054051,"9WTULVW022"
26364,"NRO_PARTE",4054052,"9WTP0VW023"
26364,"NRO_PARTE",4054059,"9W2P0VW026"
26364,"NRO_PARTE",4054062,"9W2PHVW027"
26364,"NRO_PARTE",4054071,"9WTULVW034"
26364,"NRO_PARTE",4054074,"9WTP0VW035"
26364,"NRO_PARTE",4054095,"944ULVW046"
26364,"NRO_PARTE",3715366,"P1G730322100"
26364,"NRO_PARTE",2749051,"BSF-966PE10WX4708"
26364,"NRO_PARTE",2528433,"21FBS76000"
26364,"NRO_PARTE",2528436,"21FBS76000-OH"
26364,"NRO_PARTE",4054050,"9WTPHVW021"
26364,"NRO_PARTE",4054116,"9G2P0VW056"
26364,"NRO_PARTE",4054126,"942ULVW061"
26364,"NRO_PARTE",4054127,"942P0VW062"
26364,"NRO_PARTE",4054129,"942PHVW063"
26364,"NRO_PARTE",4054132,"9GTPHVW066"
26364,"NRO_PARTE",4054135,"9WTP0VW068"
26364,"NRO_PARTE",4054137,"9WTPHVW069"
26364,"NRO_PARTE",4054161,"94TPHVW081"
26364,"NRO_PARTE",4054164,"9G2PHVW084"
26364,"NRO_PARTE",4054165,"9W2ULVW085"
26364,"NRO_PARTE",4054166,"9W2P0VW086"
26364,"NRO_PARTE",4054167,"9W2PHVW087"
26364,"NRO_PARTE",4054173,"942P0VW089"
26364,"NRO_PARTE",4054174,"942PHVW090"
26364,"NRO_PARTE",1742655,"3PTLW7770-96412S2SOP3-16V"
26364,"NRO_PARTE",2749052,"BSF-966PE12WX4708"
26364,"NRO_PARTE",2938182,"B1QB5LS#ABM"
26364,"NRO_PARTE",2627108,"9W2PL4V037"
26364,"NRO_PARTE",2627116,"9G2PL4V038"
26364,"NRO_PARTE",2627136,"96MPL4V042"
26364,"NRO_PARTE",2627145,"BSF-751PE50WX4708"
26364,"NRO_PARTE",2632395,"96THP4V147"
26364,"NRO_PARTE",2632402,"9WMPP4V169"
26364,"NRO_PARTE",2893704,"AV8B8LS#ABM"
26364,"NRO_PARTE",1727139,"797P1LA#ABM-OP"
26364,"NRO_PARTE",2627170,"BSF-753PE10WX4708"
26364,"NRO_PARTE",2627176,"BSF-753PE12WX4708"
26364,"NRO_PARTE",2627184,"9WTPL4V046"
26364,"NRO_PARTE",2627194,"9GTPL4V047"
26364,"NRO_PARTE",2627203,"96TPL4V048"
26364,"NRO_PARTE",2627204,"BSF-756PE10WX4708"
26364,"NRO_PARTE",2627211,"9WTPL4V055"
26364,"NRO_PARTE",2627219,"9GTPL4V056"
26364,"NRO_PARTE",1729852,"6X2M5LA#ABM-OH"
26364,"NRO_PARTE",1888556,"860Y3LA#ABM"
26364,"NRO_PARTE",1888674,"872X0LA#ABM-OP"
26364,"NRO_PARTE",1727857,"6U7K5LA#ABM"
26364,"NRO_PARTE",3398649,"21HL000TLM-OH"
26364,"NRO_PARTE",2627103,"962PL4V036"
26364,"NRO_PARTE",2627120,"962PL4V039"
26364,"NRO_PARTE",2627123,"9WMPL4V040"
26364,"NRO_PARTE",2627151,"BSF-751PE10WX4708"
26364,"NRO_PARTE",2627154,"9WMPL4V043"
26364,"NRO_PARTE",2627162,"BSF-751PE12WX4708"
26364,"NRO_PARTE",2627177,"96MPL4V045"
26364,"NRO_PARTE",1729635,"6X2K4LA#ABM-OP"
26364,"NRO_PARTE",1888601,"860Y3LA#ABM-OP"
26364,"NRO_PARTE",2627128,"9GMPL4V041"
26364,"NRO_PARTE",2627212,"BSF-756PE12WX4708"
26364,"NRO_PARTE",2627231,"96TPL4V057"
26364,"NRO_PARTE",2627238,"9WTPL4V058"
26364,"NRO_PARTE",2627248,"9GTPL4V059"
26364,"NRO_PARTE",2627335,"96MPH4V105"
26364,"NRO_PARTE",2627449,"962P04V216"
26364,"NRO_PARTE",1729694,"6X2K5LA#ABM-OP"
26364,"NRO_PARTE",1888629,"872X0LA#ABM"
26364,"NRO_PARTE",2516555,"21FBS75U00"
26364,"NRO_PARTE",2516691,"21FBS75U00-OH"
26364,"NRO_PARTE",2844165,"AR8X7LA#ABM"
26364,"NRO_PARTE",2844178,"AR8X7LA#ABM-OH"
26364,"NRO_PARTE",2844188,"AR8X7LA#ABM-OP"
26364,"NRO_PARTE",2893735,"A5JT0LS#ABM"
26364,"NRO_PARTE",2893759,"A94RWLA#ABM"
26364,"NRO_PARTE",2893779,"AV2K3LS#ABM"
26364,"NRO_PARTE",2627166,"9GMPL4V044"
26364,"NRO_PARTE",1729737,"6X2K6LA#ABM-OP"
26364,"NRO_PARTE",1729759,"6X2L4LA#ABM"
26364,"NRO_PARTE",1729424,"6X2K3LA#ABM-OH"
26364,"NRO_PARTE",1888218,"889X1LA#ABM-OH"
26364,"NRO_PARTE",1888363,"860Y8LA#ABM"
26364,"NRO_PARTE",2531508,"21FDS40500-OP"
26364,"NRO_PARTE",2627284,"9W2PH4V097"
26364,"NRO_PARTE",2627473,"9GTU04V257"
26364,"NRO_PARTE",2627483,"9WTU04V265"
26364,"NRO_PARTE",1888451,"860X8LA#ABM"
26364,"NRO_PARTE",1888583,"860Y3LA#ABM-OH"
26364,"NRO_PARTE",2799234,"21FDS14M00-2"
26364,"NRO_PARTE",2516697,"21FBS76400"
26364,"NRO_PARTE",1730244,"6U7J7LA#ABM-OP"
26364,"NRO_PARTE",1730253,"6U7K2LA#ABM"
26364,"NRO_PARTE",2799288,"21FDS14M00-OP2"
26364,"NRO_PARTE",2034812,"3PTLW5680-7321SS3-6V-Q-S"
26364,"NRO_PARTE",1729677,"6X2K5LA#ABM-OH"
26364,"NRO_PARTE",1729657,"6X2K5LA#ABM"
26364,"NRO_PARTE",1729715,"6X2K6LA#ABM"
26364,"NRO_PARTE",1998703,"21FDS16M00-OP"
26364,"NRO_PARTE",2629289,"9GMHL4V011"
26364,"NRO_PARTE",2629296,"96MHL4V012"
26364,"NRO_PARTE",2632366,"96MHP4V144"
26364,"NRO_PARTE",2632406,"9GMPP4V173"
26364,"NRO_PARTE",2554759,"BKF-76PE12WX4608"
26364,"NRO_PARTE",2554776,"BKF-71PE10WX4608"
26364,"NRO_PARTE",2554783,"BKF-71PE12WX4608"
26364,"NRO_PARTE",2554787,"BKF-73PE10WX4608"
26364,"NRO_PARTE",1724476,"3PTLW3570-7161OP3-4V"
26364,"NRO_PARTE",2629282,"9WMHL4V010"
26364,"NRO_PARTE",2629387,"96THL4V027"
26364,"NRO_PARTE",2629398,"9WMPL4V049"
26364,"NRO_PARTE",2630279,"96TH04V207"
26364,"NRO_PARTE",2632400,"9GTHP4V149"
26364,"NRO_PARTE",4119041,"E14G6R7H20161"
26364,"NRO_PARTE",1724904,"3PTLW5570-716125SS3-4V-VP"
26364,"NRO_PARTE",1724922,"3PTLW5570-716125OH3-4V-VP"
26364,"NRO_PARTE",2629352,"96MHL4V015"
26364,"NRO_PARTE",2629376,"9WTHL4V016"
26364,"NRO_PARTE",2629413,"9GMPL4V050"
26364,"NRO_PARTE",4119070,"MDL2509J9O4E4"
26364,"NRO_PARTE",4119090,"MDL2509XP5A0F"
26364,"NRO_PARTE",1724760,"3PTLW5570-7321SS3-4V-VP"
26364,"NRO_PARTE",4119124,"MDL2509N3P5XR"
26364,"NRO_PARTE",4119172,"MDL2509J9N3ZB"
26364,"NRO_PARTE",4119175,"MDL2509R7H7H7"
26364,"NRO_PARTE",1902919,"6Q0N4LA#ABM-OP."
26364,"NRO_PARTE",1724775,"3PTLW5570-7321OH3-4V-VP"
26364,"NRO_PARTE",2629786,"9WMPL4V052"
26364,"NRO_PARTE",2629817,"9GMPL4V053"
26364,"NRO_PARTE",4119132,"MDL2509P5H7A0"
26364,"NRO_PARTE",1724010,"PD09W140UVA02E"
26364,"NRO_PARTE",1724015,"PD07W240UVA02F"
26364,"NRO_PARTE",1724178,"PDP7W140WVA03P"
26364,"NRO_PARTE",1724179,"PDP9W140WVA03Q"
26364,"NRO_PARTE",1724180,"PDP7W240WVA03R"
26364,"NRO_PARTE",1724181,"PDP9W240WVA03S"
26364,"NRO_PARTE",1724182,"PDP7WM40WVA03T"
26364,"NRO_PARTE",1724183,"PDP9WM40WVA03U"
26364,"NRO_PARTE",1724184,"PDP7W140WVA03V"
26364,"NRO_PARTE",1724185,"PDP9W140WVA03W"
26364,"NRO_PARTE",1724186,"PD07XM40WVA03X"
26364,"NRO_PARTE",1724187,"PD09XM40WVA03Y"
26364,"NRO_PARTE",1724188,"PD07X140WVA03Z"
26364,"NRO_PARTE",1724189,"PD07X240WVA041"
26364,"NRO_PARTE",1723923,"PD07WM40WVA01Z"
26364,"NRO_PARTE",1723952,"PD09W240WVA024"
26364,"NRO_PARTE",1723957,"PDH7WM40WVA025"
26364,"NRO_PARTE",1724002,"PD09WM40UVA02C"
26364,"NRO_PARTE",1724201,"PD07X240UVA04D"
26364,"NRO_PARTE",1724202,"PD09X240UVA04E"
26364,"NRO_PARTE",1724208,"PD09XM40UVA04K"
26364,"NRO_PARTE",1724210,"PD09X140WVA04M"
26364,"NRO_PARTE",1724211,"PDH7X140WVA04N"
26364,"NRO_PARTE",1724212,"PDH9X140WVA04O"
26364,"NRO_PARTE",1724213,"PD07X140UVA04P"
26364,"NRO_PARTE",1724234,"PDH9X240WVA052"
26364,"NRO_PARTE",1724254,"PD07X140WVA057"
26364,"NRO_PARTE",3105899,"4PTLW7680-9641SOH3-16V-B"
26364,"NRO_PARTE",1724328,"PDP7X240WVA05F"
26364,"NRO_PARTE",1724334,"PDP9X240WVA05G"
26364,"NRO_PARTE",1724347,"PDP7XM40WVA05H"
26364,"NRO_PARTE",1724353,"PDP9XM40WVA05I"
26364,"NRO_PARTE",1724711,"3PTLW5570-7161OH3-4V-VP"
26364,"NRO_PARTE",1724728,"3PTLW5570-7161OP3-4V-VP"
26364,"NRO_PARTE",1724190,"PD09X240WVA042"
26364,"NRO_PARTE",1724191,"PDH7XM40WVA043"
26364,"NRO_PARTE",1724192,"PDH9XM40WVA044"
26364,"NRO_PARTE",1724193,"PDH7X140WVA045"
26364,"NRO_PARTE",1724194,"PDH9X140WVA046"
26364,"NRO_PARTE",1724195,"PDH7X240WVA047"
26364,"NRO_PARTE",1724196,"PDH9X240WVA048"
26364,"NRO_PARTE",1724197,"PD07XM40UVA049"
26364,"NRO_PARTE",1724198,"PD09XM40UVA04A"
26364,"NRO_PARTE",1724199,"PD07X140UVA04B"
26364,"NRO_PARTE",2632397,"9WTHP4V148"
26364,"NRO_PARTE",2139425,"7N5F2LS#ABM-OP"
26364,"NRO_PARTE",1724200,"PD09X140UVA04C"
26364,"NRO_PARTE",1724209,"PD07X140WVA04L"
26364,"NRO_PARTE",1724214,"PD09X140UVA04Q"
26364,"NRO_PARTE",1724218,"PD09X140WVA04U"
26364,"NRO_PARTE",1724220,"PD09X240WVA04W"
26364,"NRO_PARTE",1724221,"PDH7XM40WVA04X"
26364,"NRO_PARTE",1724226,"PDH7X140WVA04Z"
26364,"NRO_PARTE",2552552,"A06DYLS#ABM-W"
26364,"NRO_PARTE",1888388,"860Y8LA#ABM-OH"
26364,"NRO_PARTE",2627552,"9W2PP4V154"
26364,"NRO_PARTE",2627555,"9G2PP4V155"
26364,"NRO_PARTE",2627559,"962PP4V156"
26364,"NRO_PARTE",2627567,"9W2PP4V157"
26364,"NRO_PARTE",2627574,"9G2PP4V158"
26364,"NRO_PARTE",2627591,"9WMPP4V160"
26364,"NRO_PARTE",2627624,"9WMPP4V163"
26364,"NRO_PARTE",2627633,"9GMPP4V164"
26364,"NRO_PARTE",2627638,"96MPP4V165"
26364,"NRO_PARTE",2627642,"9WTPP4V166"
26364,"NRO_PARTE",2745250,"A41TMLT#ABM-OP"
26364,"NRO_PARTE",2033683,"6U7K2LA#ABM-OPD"
26364,"NRO_PARTE",2552633,"A06DYLS#ABM-OPW"
26364,"NRO_PARTE",1890356,"87S81LA#ABM-OP"
26364,"NRO_PARTE",1888505,"87S79LA#ABM"
26364,"NRO_PARTE",2627584,"962PP4V159"
26364,"NRO_PARTE",2627597,"9GMPP4V161"
26364,"NRO_PARTE",2627611,"96MPP4V162"
26364,"NRO_PARTE",2627625,"9GTP04V227"
26364,"NRO_PARTE",2745190,"A31G0LT#ABM-OP"
26364,"NRO_PARTE",1890318,"87S81LA#ABM"
26364,"NRO_PARTE",1890341,"87S81LA#ABM-OH"
26364,"NRO_PARTE",1890376,"87S83LA#ABM"
26364,"NRO_PARTE",1888467,"860X8LA#ABM-OH"
26364,"NRO_PARTE",2627651,"9GTPP4V167"
26364,"NRO_PARTE",2627659,"96TPP4V168"
26364,"NRO_PARTE",2627678,"9GTPP4V176"
26364,"NRO_PARTE",2627703,"96TP04V228"
26364,"NRO_PARTE",2627719,"9GTPP4V179"
26364,"NRO_PARTE",2745246,"A41TMLT#ABM-OH"
26364,"NRO_PARTE",3758717,"B86JSLS#ABM"
26364,"NRO_PARTE",2940258,"P16SG319161104*"
26364,"NRO_PARTE",2940430,"P16VG219161104"
26364,"NRO_PARTE",2627696,"96TPP4V177"
26364,"NRO_PARTE",2627710,"9WTPP4V178"
26364,"NRO_PARTE",2627735,"96TPP4V180"
26364,"NRO_PARTE",2627742,"9WTP04V238"
26364,"NRO_PARTE",2627753,"9GTP04V239"
26364,"NRO_PARTE",2627806,"96TU04V243"
26364,"NRO_PARTE",2627857,"P16VG1R716104-OH"
26364,"NRO_PARTE",2627976,"9GTUL4V272"
26364,"NRO_PARTE",2940463,"P16VG219162104"
26364,"NRO_PARTE",2627670,"9WTPP4V175"
26364,"NRO_PARTE",2627721,"9GTP04V236"
26364,"NRO_PARTE",2627882,"8K403LA#ABM-OHW"
26364,"NRO_PARTE",2627919,"9GTU04V266"
26364,"NRO_PARTE",2628012,"9W2UL4V274"
26364,"NRO_PARTE",3758818,"B86JSLS#ABM-OH4"
26364,"NRO_PARTE",2034860,"3PTLW5680-7321OP3-6V-Q-S"
26364,"NRO_PARTE",2940488,"P16VG219322104"
26364,"NRO_PARTE",2627714,"9WTP04V235"
26364,"NRO_PARTE",2627782,"96TP04V213"
26364,"NRO_PARTE",2627816,"9G2U04V245"
26364,"NRO_PARTE",2627895,"8K403LA#ABM-OPW"
26364,"NRO_PARTE",2627828,"9W2U04V247"
26364,"NRO_PARTE",2627843,"8K402LA#ABM-OHW"
26364,"NRO_PARTE",2628029,"9G2UL4V275"
26364,"NRO_PARTE",2628087,"962UL4V279"
26364,"NRO_PARTE",2940544,"P16VG219322106"
26364,"NRO_PARTE",1724474,"PDP9X140WVA05U"
26364,"NRO_PARTE",2627829,"8K402LA#ABM-W"
26364,"NRO_PARTE",2627911,"96TP04V237"
26364,"NRO_PARTE",2627953,"96TU04V270"
26364,"NRO_PARTE",1729436,"6X2K3LA#ABM-OP"
26364,"NRO_PARTE",1729598,"6X2K4LA#ABM"
26364,"NRO_PARTE",2561607,"21FBS76600OP"
26364,"NRO_PARTE",3149841,"BSG-771PE10WX4708"
26364,"NRO_PARTE",3149846,"BSG-771PE12WX4708"
26364,"NRO_PARTE",3149850,"BSG-773PE10HX4708"
26364,"NRO_PARTE",3149860,"BSG-773PE12HX4708"
26364,"NRO_PARTE",3149869,"BSG-776PE10WX4708"
26364,"NRO_PARTE",1778734,"21D7S7TH00"
26364,"NRO_PARTE",1778735,"21D7S7TL00"
26364,"NRO_PARTE",1778736,"21D7S7TJ00"
26364,"NRO_PARTE",1778737,"21D7S7TG00"
26364,"NRO_PARTE",1778738,"21D7S7TF00"
26364,"NRO_PARTE",1778739,"21D7S7TK00"
26364,"NRO_PARTE",2747182,"4PTLW3591-7H321SSS3-4V"
26364,"NRO_PARTE",2747189,"4PTLW3591-7H321SOP3-4V"
26364,"NRO_PARTE",2747431,"4PTLW3590-7H161SSS3-4V"
26364,"NRO_PARTE",2773946,"MF5-556PE50XX4506"
26364,"NRO_PARTE",2773948,"MF5-556PE51WX4506"
26364,"NRO_PARTE",2139371,"7N5F2LS#ABM"
26364,"NRO_PARTE",3969313,"P16G2I92832131016VH"
26364,"NRO_PARTE",3149856,"BSG-773PE10WX4708"
26364,"NRO_PARTE",3149862,"BSG-773PE12WX4708"
26364,"NRO_PARTE",2747478,"A49RXLA#ABM"
26364,"NRO_PARTE",1730183,"6Q0N4LA#ABM"
26364,"NRO_PARTE",1730214,"6U7J6LA#ABM"
26364,"NRO_PARTE",3969204,"P16G2I92832131016V"
26364,"NRO_PARTE",3149820,"BSG-771PE10HX4708"
26364,"NRO_PARTE",2747416,"A31NFLT#ABM-OP"
26364,"NRO_PARTE",2747552,"A49RXLA#ABM-OP"
26364,"NRO_PARTE",2139409,"7N5F2LS#ABM-OH"
26364,"NRO_PARTE",4136490,"C3DY7LS#ABM-OH4"
26364,"NRO_PARTE",3922537,"A31DVLA#ABM-OH4"
26364,"NRO_PARTE",2747614,"4PTLW3590-7H321SSS3-4V"
26364,"NRO_PARTE",2747632,"4PTLW3590-7H321SOH3-4V"
26364,"NRO_PARTE",3969371,"P16G2I92832131016VH-OH"
26364,"NRO_PARTE",3922686,"A31DWLA#ABM"
26364,"NRO_PARTE",3922748,"A31DWLA#ABM-OH4"
26364,"NRO_PARTE",2747413,"4PTLW3590-7H1612SOP3-4V"
26364,"NRO_PARTE",2747500,"4PTLW3590-7H161SOH3-4V"
26364,"NRO_PARTE",3969235,"P16G2I92832131016V-OH"
26364,"NRO_PARTE",3149872,"BSG-776PE12WX4708"
26364,"NRO_PARTE",3922743,"A31DVLA#ABM"
26364,"NRO_PARTE",3922795,"A59H1LA#ABM"
26364,"NRO_PARTE",2747539,"4PTLW3590-7H161SOP3-4V"
26364,"NRO_PARTE",3923286,"BN4E4LT#ABM-OH4"
26364,"NRO_PARTE",3923288,"B93E1LT#ABM"
26364,"NRO_PARTE",3923319,"BN4E2LT#ABM-OH4"
26364,"NRO_PARTE",3923329,"BN4D3LT#ABM"
26364,"NRO_PARTE",2528416,"21FBS75Y00"
26364,"NRO_PARTE",2024903,"PDP9G140WV901I"
26364,"NRO_PARTE",2024904,"PDP9G240WV901K"
26364,"NRO_PARTE",2024905,"PDP9W140WV903G"
26364,"NRO_PARTE",2024909,"PDH9X140WV9050"
26364,"NRO_PARTE",2024915,"PDP9X140WV905E"
26364,"NRO_PARTE",3839473,"P16SG319322104*-OH"
26364,"NRO_PARTE",3923096,"B08VRLT#ABM-OH4"
26364,"NRO_PARTE",3923311,"B93E1LT#ABM-OH4"
26364,"NRO_PARTE",2528323,"21FBS76400-OP"
26364,"NRO_PARTE",2528384,"21FBS76600-OH"
26364,"NRO_PARTE",2528447,"21FBS75W00-OH"
26364,"NRO_PARTE",2528456,"21FBS76100-OH"
26364,"NRO_PARTE",2552726,"91Q39LA#ABM"
26364,"NRO_PARTE",2024906,"PDP9W140WV913G"
26364,"NRO_PARTE",2552792,"91Q38LA#ABM-OH"
26364,"NRO_PARTE",3105982,"4PTLW3591-9H641SSS3-8V-B"
26364,"NRO_PARTE",3923307,"BN4E2LT#ABM"
26364,"NRO_PARTE",4119673,"5PTDPM16-9322SSS38V-AC-B"
26364,"NRO_PARTE",1744729,"7Y394LS#ABM"
26364,"NRO_PARTE",3923321,"B93E3LT#ABM"
26364,"NRO_PARTE",2644130,"21FBS66L00"
26364,"NRO_PARTE",2644141,"21FBS66L00-OH"
26364,"NRO_PARTE",2644153,"21FBS66L00-OP"
26364,"NRO_PARTE",1748643,"3PTLW7770-9641SSS3-16V"
26364,"NRO_PARTE",1748646,"3PTLW7770-9641SOH3-16V"
26364,"NRO_PARTE",1748648,"3PTLW7770-9641SOP3-16V"
26364,"NRO_PARTE",3312064,"P16G2I7273221012V"
26364,"NRO_PARTE",3312068,"P16G2I7276421012V"
26364,"NRO_PARTE",2802844,"21FB000JLM-OH"
26364,"NRO_PARTE",3137514,"977F5LT#ABM-OH4"
26364,"NRO_PARTE",3137824,"A31DRLT#ABM-OH4"
26364,"NRO_PARTE",3155155,"THINKPAD P14S GEN 5 (INTEL)"
26364,"NRO_PARTE",3155157,"P14SG5U719162104V"
26364,"NRO_PARTE",3155158,"P14SG5U719162104V-OH"
26364,"NRO_PARTE",3155159,"P14SG5U719322104V"
26364,"NRO_PARTE",1838777,"3PTLW3581-7321OH3-4V-A-VP"
26364,"NRO_PARTE",1838784,"3PTLW3581-7321OP3-4V-A-VP"
26364,"NRO_PARTE",2626047,"BKF-753PE50WX4608"
26364,"NRO_PARTE",2802907,"21FB000KLM-OH"
26364,"NRO_PARTE",3137959,"B04U8LS#ABM-OH4"
26364,"NRO_PARTE",3137975,"AV8B8LS#ABM-OH4"
26364,"NRO_PARTE",3137984,"A5JT0LS#ABM-OH4"
26364,"NRO_PARTE",2890820,"4PTLW7680-9641SSS3-16V"
26364,"NRO_PARTE",2890826,"4PTLW7680-9641SOH3-16V"
26364,"NRO_PARTE",3155137,"P14SG5U719161100-OH"
26364,"NRO_PARTE",3155160,"P14SG5U719322104V-OH"
26364,"NRO_PARTE",3155162,"P14SG5U721322104V-OH"
26364,"NRO_PARTE",1749077,"21DDS6CK00-OH"
26364,"NRO_PARTE",1749102,"3PTP77-916S14OH3"
26364,"NRO_PARTE",1749115,"21DDS6CL00"
26364,"NRO_PARTE",1749117,"21DDS6CL00-OH"
26364,"NRO_PARTE",1749119,"21DDS6CL00-OP"
26364,"NRO_PARTE",3135637,"P14SG519161100"
26364,"NRO_PARTE",1726043,"3PTLW7770-7161OH3-4V"
26364,"NRO_PARTE",1726044,"3PTLW7770-7161OP3-4V"
26364,"NRO_PARTE",2802876,"21HL0011LM"
26364,"NRO_PARTE",3137989,"A94RWLA#ABM-OH4"
26364,"NRO_PARTE",3155161,"P14SG5U721322104V"
26364,"NRO_PARTE",1838765,"3PTLW3581-7321SS3-4V-A-VP"
26364,"NRO_PARTE",2645396,"4PTLW5680-9321SS3-6V-W"
26364,"NRO_PARTE",3314190,"P16G2I9283221012V"
26364,"NRO_PARTE",3137807,"A11SFLT#ABM-OH4"
26364,"NRO_PARTE",3137897,"AR8R9LA#ABM-OH4"
26364,"NRO_PARTE",3137911,"AR8V7LA#ABM-OH4"
26364,"NRO_PARTE",2890834,"4PTLW7680-9641SOP3-16V"
26364,"NRO_PARTE",2645333,"4PTLW3581-9321S8OH3-FHD"
26364,"NRO_PARTE",3314191,"P16G2I92864131012V"
26364,"NRO_PARTE",1725971,"3PTLW7770-7161SS3-4V"
26364,"NRO_PARTE",4136928,"C3DY9LS#ABM"
26364,"NRO_PARTE",3137922,"AR8Z2LA#ABM-OH4"
26364,"NRO_PARTE",3155301,"P16SG3U719162104V"
26364,"NRO_PARTE",3155303,"P16SG3U721322104V"
26364,"NRO_PARTE",3155305,"P16SG3U719162104V-OH"
26364,"NRO_PARTE",3134935,"P16SG319322104-OH"
26364,"NRO_PARTE",3134960,"P16SG319162104-OH"
26364,"NRO_PARTE",1726098,"3PTLW7770-7321OP3-4V"
26364,"NRO_PARTE",2802982,"21HL0011LM-OH"
26364,"NRO_PARTE",3137833,"A31G0LT#ABM-OH4"
26364,"NRO_PARTE",3137838,"A49RXLA#ABM-OH4"
26364,"NRO_PARTE",3137842,"A11SGLT#ABM-OH4"
26364,"NRO_PARTE",3155300,"P16SG3U719161100"
26364,"NRO_PARTE",3155302,"P16SG3U719322104V"
26364,"NRO_PARTE",3155307,"P16SG3U721322104V-OH"
26364,"NRO_PARTE",3134975,"P16VG219161104-OH"
26364,"NRO_PARTE",3134997,"P16VG219322104-OH"
26364,"NRO_PARTE",3155304,"P16SG3U719161100-OH"
26364,"NRO_PARTE",3155306,"P16SG3U719322104V-OH"
26364,"NRO_PARTE",3314192,"P16G2I92864131016V"
26364,"NRO_PARTE",2895884,"P16SG31716210-OH"
26364,"NRO_PARTE",2895898,"P16SG31716210-OP"
26364,"NRO_PARTE",1725389,"3PTLW5570-9161OP3-8V-VP"
26364,"NRO_PARTE",4136938,"C3DY9LS#ABM-OH4"
26364,"NRO_PARTE",4122368,"P14SG6U7H322106V-OH"
26364,"NRO_PARTE",3716269,"P1G731322108V-OH"
26364,"NRO_PARTE",3716270,"P1G3326413108V"
26364,"NRO_PARTE",3137935,"AR8X7LA#ABM-OH4"
26364,"NRO_PARTE",3134979,"P16SG319161104-OH"
26364,"NRO_PARTE",1887005,"860X4LA#ABM-OP"
26364,"NRO_PARTE",1955732,"PD07WT40WVA91Z"
26364,"NRO_PARTE",1955751,"PD07WT40WVA01Z"
26364,"NRO_PARTE",2748484,"BXF-71PE12HX4812"
26364,"NRO_PARTE",2748486,"BSF-71PE12HX4708"
26364,"NRO_PARTE",2774709,"4PTLW3590-7H161SSS3"
26364,"NRO_PARTE",4043235,"5PTDPM16-9161SOH38V"
26364,"NRO_PARTE",2745021,"A11SJLT#ABM"
26364,"NRO_PARTE",2627943,"9GTU04V269"
26364,"NRO_PARTE",2745171,"A31G0LT#ABM"
26364,"NRO_PARTE",2745069,"A11SKLT#ABM-OH"
26364,"NRO_PARTE",2745096,"A11SLLT#ABM-OP"
26364,"NRO_PARTE",2745083,"A11SLLT#ABM"
26364,"NRO_PARTE",2745088,"A11SLLT#ABM-OH"
26364,"NRO_PARTE",2745137,"A31DQLT#ABM"
26364,"NRO_PARTE",2745181,"A31G0LT#ABM-OH"
26364,"NRO_PARTE",2745028,"A11SJLT#ABM-OH"
26364,"NRO_PARTE",2745033,"A11SJLT#ABM-OP"
26364,"NRO_PARTE",2745057,"A11SKLT#ABM"
26364,"NRO_PARTE",2745072,"A11SKLT#ABM-OP"
26364,"NRO_PARTE",2745141,"A31DQLT#ABM-OH"
26364,"NRO_PARTE",2745148,"A31DQLT#ABM-OP"
26364,"NRO_PARTE",2745218,"A41TMLT#ABM"
26364,"NRO_PARTE",2820884,"AR8V7LA#ABM"
26364,"NRO_PARTE",2820940,"AR8Z2LA#ABM"
26364,"NRO_PARTE",1902839,"8D046LA#ABM-OP"
26364,"NRO_PARTE",4114378,"5PTDPM16-9322SSS38V-AC2"
26364,"NRO_PARTE",2820854,"AR8R9LA#ABM-OH"
26364,"NRO_PARTE",2820897,"AR8V7LA#ABM-OH"
26364,"NRO_PARTE",2030562,"87S78LA#ABM-M"
26364,"NRO_PARTE",1902790,"8D046LA#ABM-OH"
26364,"NRO_PARTE",4114437,"BN4D1LT#ABM"
26364,"NRO_PARTE",4114459,"BN4D1LT#ABM-OH4"
26364,"NRO_PARTE",2820918,"AR8V7LA#ABM-OP"
26364,"NRO_PARTE",2627026,"9W2PL4V034"
26364,"NRO_PARTE",2627257,"96TPL4V060"
26364,"NRO_PARTE",2627264,"9WTPH4V091"
26364,"NRO_PARTE",1902923,"6Q0N4LA#ABM-OH."
26364,"NRO_PARTE",2626968,"9GTHL4V029"
26364,"NRO_PARTE",2627023,"96TPL4V033"
26364,"NRO_PARTE",2627344,"9WTPH4V106"
26364,"NRO_PARTE",2627367,"9WTPH4V115"
26364,"NRO_PARTE",4114248,"5PTDPM16-9322SSS38V-AC"
26364,"NRO_PARTE",3864842,"B1DL3LS#ABM-OH4"
26364,"NRO_PARTE",2516441,"21FBS76200"
26364,"NRO_PARTE",3864792,"B1DL3LS#ABM"
26364,"NRO_PARTE",4114693,"C2NM9LT#ABM-OH4"
26364,"NRO_PARTE",3154396,"B44B9LS#ABM-OH4"
26364,"NRO_PARTE",4114674,"C2NM9LT#ABM"
26364,"NRO_PARTE",2488299,"87S81LA#ABM-M"
26364,"NRO_PARTE",2488301,"87S81LA#ABM-OPM"
26364,"NRO_PARTE",2799596,"21FDS14L00-OH2"
26364,"NRO_PARTE",2799613,"21FDS14L00-OP2"
26364,"NRO_PARTE",2799642,"21FDS16L00-2"
26364,"NRO_PARTE",1974974,"PD09X240WVZ042"
26364,"NRO_PARTE",4122271,"P14SG6U5H162100"
26364,"NRO_PARTE",4122316,"P14SG6U7H162106V"
26364,"NRO_PARTE",4122334,"P14SG6U7H162106V-OH"
26364,"NRO_PARTE",3716268,"P1G731322108V"
26364,"NRO_PARTE",3716271,"P1G3326413108V-OH"
26364,"NRO_PARTE",4114486,"A59H0LA#ABM"
26364,"NRO_PARTE",2799724,"21FDS16L00-OP2"
26364,"NRO_PARTE",1748596,"3PTP77-916S14OP3"
26364,"NRO_PARTE",1974988,"PD07WM40UVZ02L"
26364,"NRO_PARTE",1975013,"PDH9X140WVZ046"
26364,"NRO_PARTE",1975021,"PD09W240WVZ024"
26364,"NRO_PARTE",4122353,"P14SG6U7H322106V"
26364,"NRO_PARTE",4122399,"P16SG4U7HI162106V"
26364,"NRO_PARTE",2488300,"87S81LA#ABM-OHM"
26364,"NRO_PARTE",1974999,"PDP9W140WVZ03Q"
26364,"NRO_PARTE",4122417,"P16SG4U7HI162106V-OH"
26364,"NRO_PARTE",4122475,"P16SG4U7HII162108V-OH"
26364,"NRO_PARTE",4122531,"P16VG3U7HI162106V"
26364,"NRO_PARTE",4114655,"A59H0LA#ABM-OH4"
26364,"NRO_PARTE",4114716,"C2NN2LT#ABM"
26364,"NRO_PARTE",4114729,"C2NN2LT#ABM-OH4"
26364,"NRO_PARTE",4114752,"C2NN5LT#ABM-OH4"
26364,"NRO_PARTE",2799533,"21FDS16M00-2"
26364,"NRO_PARTE",2799578,"21FDS14L00-2"
26364,"NRO_PARTE",3154390,"B44B9LS#ABM"
26364,"NRO_PARTE",4114747,"C2NN5LT#ABM"
26364,"NRO_PARTE",2508199,"90NX0741-M002F0"
26364,"NRO_PARTE",4122572,"P16VG3U7HI162106V-OH"
26364,"NRO_PARTE",4122600,"P16VG3U7HI162108V"
26364,"NRO_PARTE",4122620,"P16VG3U7HI162108V-OH"
26364,"NRO_PARTE",2940335,"P16SG319162104"
26364,"NRO_PARTE",2799322,"21FDS14H00-2"
26364,"NRO_PARTE",2799353,"21FDS14H00-OH2"
26364,"NRO_PARTE",4122665,"P16VG3U7HI322108V-OH"
26364,"NRO_PARTE",2940389,"P16SG319322104"
26364,"NRO_PARTE",2528453,"21FBS76100"
26364,"NRO_PARTE",2552490,"A06DDLS#ABM-OHW"
26364,"NRO_PARTE",2528445,"21FBS75W00"
26364,"NRO_PARTE",1975765,"21FDS14H00-OH"
26364,"NRO_PARTE",2627272,"9GTPH4V092"
26364,"NRO_PARTE",2627276,"96TPH4V093"
26364,"NRO_PARTE",2627279,"9W2PH4V094"
26364,"NRO_PARTE",2627292,"9GMPH4V101"
26364,"NRO_PARTE",2531504,"21FDS40500"
26364,"NRO_PARTE",1726080,"3PTLW7770-7321SS3-4V"
26364,"NRO_PARTE",1726106,"3PTLW7770-7161SS3-12V"
26364,"NRO_PARTE",1726140,"3PTLW7770-7321OH3-12V"
26364,"NRO_PARTE",1723313,"PD07G240WVA005"
26364,"NRO_PARTE",1723371,"PD09GM40UVA00E"
26364,"NRO_PARTE",1723376,"PD07G140UVA00F"
26364,"NRO_PARTE",2552500,"A06DDLS#ABM-OPW"
26364,"NRO_PARTE",2552519,"A06DGLS#ABM-W"
26364,"NRO_PARTE",2552529,"A06DGLS#ABM-OHW"
26364,"NRO_PARTE",2552562,"A06DYLS#ABM-OHW"
26364,"NRO_PARTE",1975766,"21FDS14H00"
26364,"NRO_PARTE",1975799,"21FDS14L00"
26364,"NRO_PARTE",1975815,"21FDS14K00-OP"
26364,"NRO_PARTE",2627299,"9WMPH4V103"
26364,"NRO_PARTE",2627390,"962U04V249"
26364,"NRO_PARTE",2627394,"9GTPH4V119"
26364,"NRO_PARTE",2627406,"96TPH4V120"
26364,"NRO_PARTE",2627422,"9GMU04V251"
26364,"NRO_PARTE",2627427,"96TPP4V153"
26364,"NRO_PARTE",2627460,"96MU04V255"
26364,"NRO_PARTE",2627768,"9WTP04V211"
26364,"NRO_PARTE",2627770,"P16VG1R716104"
26364,"NRO_PARTE",2029294,"3PTLW7780-7321OH3-12V"
26364,"NRO_PARTE",3715661,"P1G731642108V-OH"
26364,"NRO_PARTE",1975764,"21FDS14H00-OP"
26364,"NRO_PARTE",1975798,"21FDS14L00-OH"
26364,"NRO_PARTE",2627418,"9GTPP4V152"
26364,"NRO_PARTE",2627932,"9WTU04V268"
26364,"NRO_PARTE",2628073,"9G2UL4V278"
26364,"NRO_PARTE",2628471,"96TUL4V300"
26364,"NRO_PARTE",1726149,"3PTLW7770-9321SS3-12V"
26364,"NRO_PARTE",1726150,"3PTLW7770-9321OH3-12V"
26364,"NRO_PARTE",1726154,"3PTLW7770-9321OP3-12V"
26364,"NRO_PARTE",1975797,"21FDS14L00-OP"
26364,"NRO_PARTE",1975816,"21FDS14K00-OH"
26364,"NRO_PARTE",1975817,"21FDS14K00"
26364,"NRO_PARTE",2627283,"962PH4V096"
26364,"NRO_PARTE",2627375,"9GTPH4V116"
26364,"NRO_PARTE",2627440,"9G2P04V215"
26364,"NRO_PARTE",2627467,"962P04V219"
26364,"NRO_PARTE",4066857,"942P0VW044ZZ"
26364,"NRO_PARTE",3715675,"P1G731321108V"
26364,"NRO_PARTE",1975723,"21FDS14M00-OH"
26364,"NRO_PARTE",1723179,"PD07GM40WVA001"
26364,"NRO_PARTE",1975739,"21FDS14J00-OH"
26364,"NRO_PARTE",1975711,"21FDS14M00"
26364,"NRO_PARTE",1975722,"21FDS14M00-OP"
26364,"NRO_PARTE",1975737,"21FDS14J00-OP"
26364,"NRO_PARTE",2746913,"4PTLW3591-9H321SSS3-8V"
26364,"NRO_PARTE",2746934,"4PTLW3591-7H161SSS3-6V"
26364,"NRO_PARTE",1726064,"3PTLW7770-7161SS3-4V-VP"
26364,"NRO_PARTE",1726068,"3PTLW7770-7161OH3-4V-VP"
26364,"NRO_PARTE",1726075,"3PTLW7770-7161OP3-4V-VP"
26364,"NRO_PARTE",1726091,"3PTLW7770-7321OH3-4V"
26364,"NRO_PARTE",1726119,"3PTLW7770-7161OH3-12V"
26364,"NRO_PARTE",1726126,"3PTLW7770-7161OP3-12V"
26364,"NRO_PARTE",1726135,"3PTLW7770-7321SS3-12V"
26364,"NRO_PARTE",1728710,"6X2K2LA#ABM-OP"
26364,"NRO_PARTE",1975740,"21FDS14J00"
26364,"NRO_PARTE",2746910,"4PTLW3591-7H161SOP3-4V"
26364,"NRO_PARTE",2746948,"4PTLW3591-7H321SOP3-6V"
26364,"NRO_PARTE",2746950,"4PTLW3591-9H161SSS3-8V"
26364,"NRO_PARTE",1901131,"87S78LA#ABM"
26364,"NRO_PARTE",1726145,"3PTLW7770-7321OP3-12V"
26364,"NRO_PARTE",3715938,"P1G731321108V-OH"
26364,"NRO_PARTE",1727919,"6U7K5LA#ABM-OH"
26364,"NRO_PARTE",1727214,"6U7K3LA#ABM"
26364,"NRO_PARTE",3105097,"4PTLW7780-7321SS3-12V-C"
26364,"NRO_PARTE",3105117,"4PTLW7680-764521SS3-12V-C"
26364,"NRO_PARTE",3105125,"4PTLW7680-764521SS3-12V-AC-C"
26364,"NRO_PARTE",3105140,"4PTLW7680-764521OH3-12V-C"
26364,"NRO_PARTE",3105147,"4PTLW7680-764521OH3-12V-AC-C"
26364,"NRO_PARTE",2799762,"21FDS14K00-2"
26364,"NRO_PARTE",4047569,"BN4E5LT#ABM-OH4"
26364,"NRO_PARTE",1727947,"6U7K5LA#ABM-OP"
26364,"NRO_PARTE",3105108,"4PTLW7780-7321OH3-12V-C"
26364,"NRO_PARTE",3105113,"4PTLW7780-7321OP3-12V-C"
26364,"NRO_PARTE",3105127,"4PTLW7680-764521SS3-12V-AR-C"
26364,"NRO_PARTE",2799682,"21FDS16L00-OH2"
26364,"NRO_PARTE",1728023,"6U8D6LA#ABM"
26364,"NRO_PARTE",1728052,"6U8D6LA#ABM-OH"
26364,"NRO_PARTE",1728063,"6Y3F8LA#ABM-OP"
26364,"NRO_PARTE",4228268,"C71Z9LC#ABM-OH4"
26364,"NRO_PARTE",3105171,"4PTLW7680-764521OH3-12V-AR-C"
26364,"NRO_PARTE",3105178,"4PTLW7680-764521OP3-12V-C"
26364,"NRO_PARTE",3105192,"4PTLW7680-764521OP3-12V-AC-C"
26364,"NRO_PARTE",3105203,"4PTLW7680-764521OP3-12V-AR-C"
26364,"NRO_PARTE",2937649,"B1PG7LS#ABM-OH4"
26364,"NRO_PARTE",4047562,"BN4E5LT#ABM"
26364,"NRO_PARTE",2027829,"21D7001XLM"
26364,"NRO_PARTE",1727984,"6U7K6LA#ABM-OH"
26364,"NRO_PARTE",1727440,"6Y3E7LA#ABM"
26364,"NRO_PARTE",2799518,"21FDS14H00-OP2"
26364,"NRO_PARTE",2799828,"21FDS16N00-OH2"
26364,"NRO_PARTE",1727449,"6Y3E7LA#ABM-OH"
26364,"NRO_PARTE",2799549,"21FDS16M00-OH2"
26364,"NRO_PARTE",2799880,"21FDS16N00-OP2"
26364,"NRO_PARTE",2027840,"21FB000JLM"
26364,"NRO_PARTE",2937746,"B1PY7LS#ABM"
26364,"NRO_PARTE",2937906,"B1QA9LS#ABM"
26364,"NRO_PARTE",2937917,"B1QA9LS#ABM-OH4"
26364,"NRO_PARTE",2799789,"21FDS16N00-2"
26364,"NRO_PARTE",1727424,"6U7K3LA#ABM-OP"
26364,"NRO_PARTE",1727427,"6Y3E6LA#ABM-OP"
26364,"NRO_PARTE",2937855,"B1PZ6LS#ABM-OH4"
26364,"NRO_PARTE",1727465,"6Y3E7LA#ABM-OP"
26364,"NRO_PARTE",1727469,"6Y3F8LA#ABM"
26364,"NRO_PARTE",1887409,"8R8K9LA#ABM-OH"
26364,"NRO_PARTE",1887443,"8R8B6LS#ABM-OP"
26364,"NRO_PARTE",2749650,"A11S6LT#ABM-OH"
26364,"NRO_PARTE",1721530,"2PTP77-716S14OH3"
26364,"NRO_PARTE",1721566,"2PTP77-716S14OP3"
26364,"NRO_PARTE",1721569,"2PTP77-716S14SS3"
26364,"NRO_PARTE",2627007,"9WTPL4V031"
26364,"NRO_PARTE",2789807,"4PTLW7780-7321SS3-12V-B"
26364,"NRO_PARTE",1887216,"872W8LA#ABM-OH"
26364,"NRO_PARTE",1887294,"872W9LA#ABM-OH"
26364,"NRO_PARTE",1887347,"873A4LA#ABM-OH"
26364,"NRO_PARTE",2027848,"21FB000KLM"
26364,"NRO_PARTE",2027857,"21FD000KLM"
26364,"NRO_PARTE",2749654,"A11S6LT#ABM-OP"
26364,"NRO_PARTE",2627015,"9GTPL4V032"
26364,"NRO_PARTE",2627282,"9G2PH4V095"
26364,"NRO_PARTE",2627287,"9G2PH4V098"
26364,"NRO_PARTE",2627289,"9WMPH4V100"
26364,"NRO_PARTE",2627295,"96MPH4V102"
26364,"NRO_PARTE",2627388,"9WTPH4V118"
26364,"NRO_PARTE",1887365,"873A5LA#ABM"
26364,"NRO_PARTE",1887367,"873A5LA#ABM-OH"
26364,"NRO_PARTE",1725368,"3PTLW5570-9161SS3-8V-VP"
26364,"NRO_PARTE",2749863,"A11S8LT#ABM"
26364,"NRO_PARTE",2627428,"9W2P04V214"
26364,"NRO_PARTE",2627471,"9WMP04V220"
26364,"NRO_PARTE",2627475,"9GMP04V221"
26364,"NRO_PARTE",2627484,"9WMP04V223"
26364,"NRO_PARTE",2627487,"9GMP04V224"
26364,"NRO_PARTE",2627778,"9GTP04V212"
26364,"NRO_PARTE",2749645,"A11S6LT#ABM"
26364,"NRO_PARTE",2627453,"9GMU04V254"
26364,"NRO_PARTE",2627787,"96TP04V240"
26364,"NRO_PARTE",2627791,"9WTU04V241"
26364,"NRO_PARTE",2627798,"9GTU04V242"
26364,"NRO_PARTE",2749880,"A11S8LT#ABM-OP"
26364,"NRO_PARTE",2627288,"962PH4V099"
26364,"NRO_PARTE",2627303,"9GMPH4V104"
26364,"NRO_PARTE",2627349,"9GTPH4V107"
26364,"NRO_PARTE",2627468,"9WTU04V256"
26364,"NRO_PARTE",2627478,"96TU04V258"
26364,"NRO_PARTE",2627811,"9W2U04V244"
26364,"NRO_PARTE",2628044,"962UL4V276"
26364,"NRO_PARTE",2749924,"A11SBLT#ABM-OH"
26364,"NRO_PARTE",2749964,"A11SFLT#ABM-OP"
26364,"NRO_PARTE",2627359,"96TPH4V108"
26364,"NRO_PARTE",2627444,"9WMU04V253"
26364,"NRO_PARTE",2627967,"9WTUL4V271"
26364,"NRO_PARTE",2628093,"9WMUL4V280"
26364,"NRO_PARTE",4226695,"D5HH8LT#ABM-OH4"
26364,"NRO_PARTE",1887716,"860Z5LA#ABM-OH"
26364,"NRO_PARTE",2749929,"A11SDLT#ABM"
26364,"NRO_PARTE",2749931,"A11SDLT#ABM-OH"
26364,"NRO_PARTE",2749975,"A42CLLT#ABM-OH"
26364,"NRO_PARTE",2749983,"A42CLLT#ABM-OP"
26364,"NRO_PARTE",2749988,"A42CTLT#ABM"
26364,"NRO_PARTE",2750001,"A42CTLT#ABM-OP"
26364,"NRO_PARTE",2789864,"4PTLW7780-7321OH3-12V-B"
26364,"NRO_PARTE",2789889,"4PTLW7780-7321OP3-12V-B"
26364,"NRO_PARTE",1725095,"3PTLW5570-7161OP3-8V-VP"
26364,"NRO_PARTE",1725135,"3PTLW5570-7161OH3-8V-VP-T"
26364,"NRO_PARTE",1725163,"3PTLW5570-7161OP3-8V-VP-T"
26364,"NRO_PARTE",2749869,"A11S8LT#ABM-OH"
26364,"NRO_PARTE",2553735,"BKF-76PE12WX468"
26364,"NRO_PARTE",3308043,"P16VG2U721322108V"
26364,"NRO_PARTE",2749922,"A11SBLT#ABM"
26364,"NRO_PARTE",2749928,"A11SBLT#ABM-OP"
26364,"NRO_PARTE",2749934,"A11SDLT#ABM-OP"
26364,"NRO_PARTE",2749941,"A11SFLT#ABM"
26364,"NRO_PARTE",2749946,"A11SFLT#ABM-OH"
26364,"NRO_PARTE",2749969,"A42CLLT#ABM"
26364,"NRO_PARTE",2749995,"A42CTLT#ABM-OH"
26364,"NRO_PARTE",2937616,"B1PG7LS#ABM"
26364,"NRO_PARTE",3325901,"P16G2I7273221012V-OH"
26364,"NRO_PARTE",3325937,"P16G2I9283221012V-OH"
26364,"NRO_PARTE",2937682,"B1PX8LS#ABM"
26364,"NRO_PARTE",2937712,"B1PX8LS#ABM-OH4"
26364,"NRO_PARTE",3325910,"P16G2I7276421012V-OH"
26364,"NRO_PARTE",3325949,"P16G2I92864131012V-OH"
26364,"NRO_PARTE",3308165,"P16VG2U927162106V-OH"
26364,"NRO_PARTE",3308168,"P16VG2U927322108V"
26364,"NRO_PARTE",2745626,"AXG-973PE11HX4812"
26364,"NRO_PARTE",3325924,"P16G2I72764131016V-OH"
26364,"NRO_PARTE",3308169,"P16VG2U927322108V-OH"
26364,"NRO_PARTE",2745925,"A41TLLT#ABM"
26364,"NRO_PARTE",3308166,"P16VG2U927322106V"
26364,"NRO_PARTE",2745959,"A41TLLT#ABM-OP"
26364,"NRO_PARTE",3325958,"P16G2I92864131016V-OH"
26364,"NRO_PARTE",3308164,"P16VG2U927162106V"
26364,"NRO_PARTE",1723853,"PDP7GM40WVA01P"
26364,"NRO_PARTE",1723965,"PDH9WM40WVA026"
26364,"NRO_PARTE",1777949,"90NX04U1-M00M80"
26364,"NRO_PARTE",1777950,"90NX04U1-M00M80-OH"
26364,"NRO_PARTE",2589546,"21HL000TLM"
26364,"NRO_PARTE",2773947,"MF5-556PE51HX4506"
26364,"NRO_PARTE",2628055,"9W2UL4V277"
26364,"NRO_PARTE",2628340,"9GMUL4V284"
26364,"NRO_PARTE",2628101,"9WMUL4V283"
26364,"NRO_PARTE",2558630,"90NX07B1-M00640"
26364,"NRO_PARTE",2773816,"MF5-553PE50WX4506"
26364,"NRO_PARTE",2773819,"MF5-553PE50XX4506"
26364,"NRO_PARTE",2773827,"MF5-553PE51HX4506"
26364,"NRO_PARTE",1838547,"21BU001LLM-OH"
26364,"NRO_PARTE",1838553,"21BU001KLM-OH"
26364,"NRO_PARTE",2628382,"9GTUL4V287"
26364,"NRO_PARTE",2628399,"9WTUL4V295"
26364,"NRO_PARTE",2628408,"9GTUL4V296"
26364,"NRO_PARTE",2773807,"MF5-553PE50HX4506"
26364,"NRO_PARTE",2773834,"MF5-553PE51WX4506"
26364,"NRO_PARTE",2628369,"9WTUL4V286"
26364,"NRO_PARTE",2628423,"96TUL4V297"
26364,"NRO_PARTE",2628456,"9GTUL4V299"
26364,"NRO_PARTE",1901323,"87S86LA#ABM-OP"
26364,"NRO_PARTE",1803571,"21D7S8NP00"
26364,"NRO_PARTE",2773944,"MF5-556PE50HX4506"
26364,"NRO_PARTE",2773945,"MF5-556PE50WX4506"
26364,"NRO_PARTE",2773950,"MF5-556PE51XX4506"
26364,"NRO_PARTE",2628356,"96MUL4V285"
26364,"NRO_PARTE",2628389,"96TUL4V288"
26364,"NRO_PARTE",2628438,"9WTUL4V298"
26364,"NRO_PARTE",2516448,"21FBS76200-OH"
26364,"NRO_PARTE",1718586,"20YRS82S00"
26364,"NRO_PARTE",1718587,"20YRS82S00-OH"
26364,"NRO_PARTE",1718588,"20YRS82S00-OP"
26364,"NRO_PARTE",2531506,"21FDS40500-OH"
26364,"NRO_PARTE",2937776,"B1PY7LS#ABM-OH4"
26364,"NRO_PARTE",2937822,"B1PZ6LS#ABM"
26364,"NRO_PARTE",2630055,"7G2PH4V324"
26364,"NRO_PARTE",2629794,"7GMHL4V468"
26364,"NRO_PARTE",2629935,"782PH4V323"
26364,"NRO_PARTE",2630104,"58TPH4V326"
26364,"NRO_PARTE",2630147,"7GTHL4V480"
26364,"NRO_PARTE",2630226,"9WMH04V202"
26364,"NRO_PARTE",2630257,"9WTH04V205"
26364,"NRO_PARTE",2630271,"7GTHH4V336"
26364,"NRO_PARTE",3137188,"A41TLLT#ABM-OH4"
26364,"NRO_PARTE",3137189,"A41TMLT#ABM."
26364,"NRO_PARTE",3137544,"977G1LT#ABM-OH4"
26364,"NRO_PARTE",1837109,"21D9S4YV00-OH"
26364,"NRO_PARTE",2629966,"7G2HL4V474"
26364,"NRO_PARTE",2630083,"5GTHL4V477"
26364,"NRO_PARTE",2630126,"9WMHH4V070"
26364,"NRO_PARTE",2630149,"96TH04V198"
26364,"NRO_PARTE",2630211,"5WTHH4V331"
26364,"NRO_PARTE",2630223,"7WTP04V484"
26364,"NRO_PARTE",2630249,"7GTP04V486"
26364,"NRO_PARTE",2630336,"9WMP04V229"
26364,"NRO_PARTE",3137599,"9Z925LS#ABM-OH4"
26364,"NRO_PARTE",3137619,"A11S6LT#ABM-OH4"
26364,"NRO_PARTE",2772334,"7G2B8VA001"
26364,"NRO_PARTE",2772344,"7WMB8VA002"
26364,"NRO_PARTE",2772355,"7WMM8VA003"
26364,"NRO_PARTE",2772371,"7WTH8VA004"
26364,"NRO_PARTE",2772383,"7W2R8VA005"
26364,"NRO_PARTE",4043177,"5PTDPM16-7161SOH36V"
26364,"NRO_PARTE",3306280,"P16VG2U719162100-OH"
26364,"NRO_PARTE",2629822,"5W2HL4V469"
26364,"NRO_PARTE",2629855,"582PH4V320"
26364,"NRO_PARTE",2629885,"9GTHH4V062"
26364,"NRO_PARTE",2630146,"7WTPH4V328"
26364,"NRO_PARTE",2630171,"5WTP04V481"
26364,"NRO_PARTE",2630193,"9GMH04V200"
26364,"NRO_PARTE",2630206,"5GTP04V483"
26364,"NRO_PARTE",2630218,"96MHH4V075"
26364,"NRO_PARTE",2630227,"58THH4V332"
26364,"NRO_PARTE",3137185,"A31NFLT#ABM."
26364,"NRO_PARTE",3137186,"A31NFLT#ABM-OH4"
26364,"NRO_PARTE",3137187,"A41TLLT#ABM."
26364,"NRO_PARTE",3137658,"A11S8LT#ABM-OH4"
26364,"NRO_PARTE",4043179,"5PTDPM16-7161SOH38V"
26364,"NRO_PARTE",4043183,"5PTDPM16-7321SSS36V"
26364,"NRO_PARTE",3137304,"860Z5LA#ABM-OH4"
26364,"NRO_PARTE",2772487,"7W2E8VA009"
26364,"NRO_PARTE",4043173,"5PTDPM16-7161SSS36V"
26364,"NRO_PARTE",4043178,"5PTDPM16-7161SSS38V"
26364,"NRO_PARTE",4043193,"5PTDPM16-7321SOH36V"
26364,"NRO_PARTE",4043207,"5PTDPM16-7321SSS38V"
26364,"NRO_PARTE",4043215,"5PTDPM16-7321SOH38V"
26364,"NRO_PARTE",4043226,"5PTDPM16-9161SSS38V"
26364,"NRO_PARTE",3306277,"P16VG2U719162100"
26364,"NRO_PARTE",1746058,"7Y394LS#ABM-OH"
26364,"NRO_PARTE",1746069,"7Y394LS#ABM-OP"
26364,"NRO_PARTE",3137571,"A06DGLS#ABM-OH4W"
26364,"NRO_PARTE",2772558,"7ST08VA011"
26364,"NRO_PARTE",2772539,"7S2M8VA010"
26364,"NRO_PARTE",4043245,"5PTDPM16-9321SSS38V"
26364,"NRO_PARTE",4043255,"5PTDPM16-9321SOH38V"
26364,"NRO_PARTE",3137373,"91Q38LA#ABM-OH4"
26364,"NRO_PARTE",3137396,"91Q39LA#ABM-OH4"
26364,"NRO_PARTE",3137708,"A11SBLT#ABM-OH4"
26364,"NRO_PARTE",3137732,"A11SKLT#ABM-OH4"
26364,"NRO_PARTE",3137754,"A11SLLT#ABM-OH4"
26364,"NRO_PARTE",2772577,"7STH8VA012"
26364,"NRO_PARTE",3135065,"P16VG219162104-OH"
26364,"NRO_PARTE",3137773,"A11SDLT#ABM-OH4"
26364,"NRO_PARTE",3137791,"A31DQLT#ABM-OH4"
26364,"NRO_PARTE",2516862,"21FBS76400-OH"
26364,"NRO_PARTE",2802034,"21HG000YLM-OH"
26364,"NRO_PARTE",2802064,"21FD000KLM-OH"
26364,"NRO_PARTE",2802077,"21FD000KLM-OP"
26364,"NRO_PARTE",2509959,"21FBS76700-OP"
26364,"NRO_PARTE",2510013,"21FDS40700-OH"
26364,"NRO_PARTE",2510018,"21FDS40700-OP"
26364,"NRO_PARTE",1773254,"21D7S75600"
26364,"NRO_PARTE",1773256,"21D7S75B00"
26364,"NRO_PARTE",3969016,"P16SG3U932161100"
26364,"NRO_PARTE",3969050,"P16SG3U932161100-OH"
26364,"NRO_PARTE",1925529,"3PTLW3580-7161S4OP3-FHD"
26364,"NRO_PARTE",1925609,"3PTLW3581-7161S4OP3-FHD"
26364,"NRO_PARTE",1925595,"3PTLW3581-7161S4OH3-FHD"
26364,"NRO_PARTE",2802091,"21FD000KLM-OP*"
26364,"NRO_PARTE",4044528,"5PTDPM16-9641SSS38V"
26364,"NRO_PARTE",4044529,"5PTDPM16-9641SOH38V"
26364,"NRO_PARTE",3969145,"P16SG3U932161100H-OH"
26364,"NRO_PARTE",3969090,"P16SG3U932161100H"
26364,"NRO_PARTE",1742414,"3PTLW7770-9161OP3-16V"
26364,"NRO_PARTE",4054088,"94TP0VW041"
26364,"NRO_PARTE",4054125,"9W2PHVW060"
26364,"NRO_PARTE",4226666,"D5HH8LT#ABM"
26364,"NRO_PARTE",2623897,"4PTLW7680-764521SS3-12V"
26364,"NRO_PARTE",2623909,"4PTLW7680-764521OP3-12V"
26364,"NRO_PARTE",2623933,"4PTLW7680-764521OP3-12V-AC"
26364,"NRO_PARTE",3333955,"P8GTHMB027"
26364,"NRO_PARTE",3333966,"P8GMPMB028"
26364,"NRO_PARTE",3333980,"P862PMB029"
26364,"NRO_PARTE",3333993,"P8WTPMB030"
26364,"NRO_PARTE",3334001,"P8GTHMB032"
26364,"NRO_PARTE",2630348,"9GMP04V230"
26364,"NRO_PARTE",2630360,"9WMP04V232"
26364,"NRO_PARTE",2630413,"9WMU04V262"
26364,"NRO_PARTE",2627900,"9WTPP4V151"
26364,"NRO_PARTE",4054124,"9W2P0VW059"
26364,"NRO_PARTE",4054163,"9G2P0VW083"
26364,"NRO_PARTE",1729838,"6X2M5LA#ABM"
26364,"NRO_PARTE",2623901,"4PTLW7680-764521OH3-12V"
26364,"NRO_PARTE",2623929,"4PTLW7680-764521OH3-12V-AC"
26364,"NRO_PARTE",3333898,"4PTLW5690-9321SOH3-12V"
26364,"NRO_PARTE",3333947,"P8GTPMB026"
26364,"NRO_PARTE",3334012,"P8WMPMB034"
26364,"NRO_PARTE",3334017,"P8WMHMB035"
26364,"NRO_PARTE",3334019,"P8G2HMB036"
26364,"NRO_PARTE",1726833,"6Q0N5LA#ABM"
26364,"NRO_PARTE",1726911,"6U7K0LA#ABM"
26364,"NRO_PARTE",2630367,"9GMP04V233"
26364,"NRO_PARTE",2630383,"9WMU04V259"
26364,"NRO_PARTE",2630403,"96MU04V261"
26364,"NRO_PARTE",2630453,"96MU04V264"
26364,"NRO_PARTE",2630467,"9WMUL4V289"
26364,"NRO_PARTE",1900502,"87S83LA#ABM-OH"
26364,"NRO_PARTE",2627964,"P16VG1R516104"
26364,"NRO_PARTE",2627977,"P16VG1R516104-OP"
26364,"NRO_PARTE",4226731,"D5HJ2LT#ABM"
26364,"NRO_PARTE",2623924,"4PTLW7680-764521SS3-12V-AC"
26364,"NRO_PARTE",2623936,"4PTLW7680-764521SS3-12V-AR"
26364,"NRO_PARTE",3334034,"P8G2HMB038"
26364,"NRO_PARTE",3334040,"P862PMB040"
26364,"NRO_PARTE",3334041,"P8G2PMB041"
26364,"NRO_PARTE",3334043,"P8W2PMB042"
26364,"NRO_PARTE",3334047,"P8W2HMB043"
26364,"NRO_PARTE",3334052,"P86THMB044"
26364,"NRO_PARTE",2630392,"9GMU04V260"
26364,"NRO_PARTE",2630483,"9GMUL4V290"
26364,"NRO_PARTE",2630497,"96MUL4V291"
26364,"NRO_PARTE",2630545,"58TPH4V302"
26364,"NRO_PARTE",1900520,"87S83LA#ABM-OP"
26364,"NRO_PARTE",1900534,"87S84LA#ABM"
26364,"NRO_PARTE",2627973,"P16VG1R516104-OH"
26364,"NRO_PARTE",2627997,"96TUL4V273"
26364,"NRO_PARTE",2628096,"9GMUL4V281"
26364,"NRO_PARTE",4054170,"942ULVW088"
26364,"NRO_PARTE",2623954,"4PTLW7680-764521OP3-12V-AR"
26364,"NRO_PARTE",3333922,"P8WTHMB024"
26364,"NRO_PARTE",3333935,"P8WTPMB025"
26364,"NRO_PARTE",3333997,"P8W2PMB031"
26364,"NRO_PARTE",3334056,"P8WTHMB045"
26364,"NRO_PARTE",3334070,"P86MHMB048"
26364,"NRO_PARTE",3334074,"P86MPMB049"
26364,"NRO_PARTE",3334082,"P86TPMB050"
26364,"NRO_PARTE",2630353,"96MP04V231"
26364,"NRO_PARTE",2630374,"96MP04V234"
26364,"NRO_PARTE",2630431,"9GMU04V263"
26364,"NRO_PARTE",2630529,"96MUL4V294"
26364,"NRO_PARTE",2630554,"7WTPH4V304"
26364,"NRO_PARTE",2630556,"78TPH4V305"
26364,"NRO_PARTE",2630557,"7GTPH4V306"
26364,"NRO_PARTE",1900565,"87S84LA#ABM-OH"
26364,"NRO_PARTE",3334008,"P86THMB033"
26364,"NRO_PARTE",3334026,"P8GMHMB037"
26364,"NRO_PARTE",3334037,"P862HMB039"
26364,"NRO_PARTE",3334062,"P8GTPMB046"
26364,"NRO_PARTE",3334066,"P8W2HMB047"
26364,"NRO_PARTE",2630550,"5GTPH4V303"
26364,"NRO_PARTE",1900588,"87S84LA#ABM-OP"
26364,"NRO_PARTE",2748481,"BKF-71PE10HX4608"
26364,"NRO_PARTE",2748483,"BXF-71PE10HX4812"
26364,"NRO_PARTE",2748485,"BSF-71PE10HX4708"
26364,"NRO_PARTE",1723345,"PDH7G140WVA009"
26364,"NRO_PARTE",1723347,"PDH9G140WVA00A"
26364,"NRO_PARTE",2630510,"9WMUL4V292"
26364,"NRO_PARTE",2630519,"9GMUL4V293"
26364,"NRO_PARTE",1727110,"6Q0N5LA#ABM-OP"
26364,"NRO_PARTE",1727112,"797P1LA#ABM-OH"
26364,"NRO_PARTE",2630535,"5WTPH4V301"
26364,"NRO_PARTE",2748482,"BKF-71PE12HX4608"
26364,"NRO_PARTE",1723993,"PDH9W240WVA02A"
26364,"NRO_PARTE",1724027,"PD07WM40WVA02H"
26364,"NRO_PARTE",1724035,"PD09WM40WVA02I"
26364,"NRO_PARTE",1724071,"PD07W140WVA02N"
26364,"NRO_PARTE",1724127,"PD07W240WVA02X"
26364,"NRO_PARTE",1724135,"PD09W240WVA02Y"
26364,"NRO_PARTE",1724148,"PDH7W140WVA031"
26364,"NRO_PARTE",1724152,"PDH9W140WVA032"
26364,"NRO_PARTE",1724154,"PDH7W240WVA033"
26364,"NRO_PARTE",1724158,"3PTLW3570-7161SS3-4V"
26364,"NRO_PARTE",1724163,"PD09W140WVA03A"
26364,"NRO_PARTE",1724167,"PDP9WM40WVA03E"
26364,"NRO_PARTE",2509884,"21FBS76300"
26364,"NRO_PARTE",2632493,"9WMHP4V139"
26364,"NRO_PARTE",1837131,"21D7S92H00"
26364,"NRO_PARTE",1837132,"21D7S92H00-OH"
26364,"NRO_PARTE",1837737,"21BU001KLM"
26364,"NRO_PARTE",2509935,"21FBS76500"
26364,"NRO_PARTE",2509942,"21FBS76500-OH"
26364,"NRO_PARTE",2509952,"21FBS76500-OP"
26364,"NRO_PARTE",2627382,"96TPH4V117"
26364,"NRO_PARTE",2627404,"9WMU04V250"
26364,"NRO_PARTE",2627838,"9G2U04V248"
26364,"NRO_PARTE",2599748,"21FBS9F200-OP"
26364,"NRO_PARTE",1724169,"PDP9W140WVA03G"
26364,"NRO_PARTE",1724170,"PDP7W240WVA03H"
26364,"NRO_PARTE",1723770,"PDP9GM40WVA01G"
26364,"NRO_PARTE",1723916,"PDP9G140WVA01Y"
26364,"NRO_PARTE",1723977,"PDH7W140WVA027"
26364,"NRO_PARTE",1723996,"PD07WM40UVA02B"
26364,"NRO_PARTE",1723856,"PDP9GM40WVA01Q"
26364,"NRO_PARTE",1723869,"PDP9G140WVA01S"
26364,"NRO_PARTE",1723988,"PDH7W240WVA029"
26364,"NRO_PARTE",2509964,"21FBS76700"
26364,"NRO_PARTE",2627551,"9WTP04V226"
26364,"NRO_PARTE",2510003,"21FDS40700"
26364,"NRO_PARTE",2627433,"96MU04V252"
26364,"NRO_PARTE",2627455,"9W2P04V217"
26364,"NRO_PARTE",2627461,"9G2P04V218"
26364,"NRO_PARTE",2627480,"96MP04V222"
26364,"NRO_PARTE",2627821,"962U04V246"
26364,"NRO_PARTE",2627849,"8K402LA#ABM-OPW"
26364,"NRO_PARTE",2627862,"8K403LA#ABM-W"
26364,"NRO_PARTE",2627905,"P16VG1R716104-OP"
26364,"NRO_PARTE",2627922,"96TU04V267"
26364,"NRO_PARTE",2628098,"96MUL4V282"
26364,"NRO_PARTE",2599702,"21FBS9F200"
26364,"NRO_PARTE",2788147,"4PTLW7680-764521SS3-12V-B"
26364,"NRO_PARTE",2788151,"4PTLW7680-764521OP3-12V-B"
26364,"NRO_PARTE",2788159,"4PTLW7680-764521OH3-12V-AC-B"
26364,"NRO_PARTE",2788162,"4PTLW7680-764521OP3-12V-AC-B"
26364,"NRO_PARTE",2788164,"4PTLW7680-764521SS3-12V-AR-B"
26364,"NRO_PARTE",2788166,"4PTLW7680-764521OP3-12V-AR-B"
26364,"NRO_PARTE",1724054,"PDH9WM40WVA02K"
26364,"NRO_PARTE",1724061,"PD07WM40UVA02L"
26364,"NRO_PARTE",1724066,"PD09WM40UVA02M"
26364,"NRO_PARTE",1724079,"PD09W140WVA02O"
26364,"NRO_PARTE",1724084,"PDH7W140WVA02P"
26364,"NRO_PARTE",1724093,"PDH9W140WVA02Q"
26364,"NRO_PARTE",1724100,"PD07W140UVA02R"
26364,"NRO_PARTE",1724105,"PD09W140UVA02S"
26364,"NRO_PARTE",1724110,"PD07WM40WVA02T"
26364,"NRO_PARTE",1724114,"PD09WM40WVA02U"
26364,"NRO_PARTE",1724119,"PD07W140WVA02V"
26364,"NRO_PARTE",1724123,"PD09W140WVA02W"
26364,"NRO_PARTE",2510045,"21FDS40800-OH"
26364,"NRO_PARTE",2510050,"21FDS40800-OP"
26364,"NRO_PARTE",2516694,"21FBS75U00-OP"
26364,"NRO_PARTE",2627550,"96MP04V225"
26364,"NRO_PARTE",2632496,"9GMH04V191"
26364,"NRO_PARTE",1747312,"3PTLW7770-76412S1SSS3-12V-3A-PP"
26364,"NRO_PARTE",2599729,"21FBS9F200-OH"
26364,"NRO_PARTE",2599776,"21FDS56P00"
26364,"NRO_PARTE",2599795,"21FDS56P00-OH"
26364,"NRO_PARTE",2788149,"4PTLW7680-764521OH3-12V-B"
26364,"NRO_PARTE",2788182,"4PTLW5680-9321OH3-6V-W-B"
26364,"NRO_PARTE",1723816,"PDP7GM40WVA01L"
26364,"NRO_PARTE",1723862,"PDP7G140WVA01R"
26364,"NRO_PARTE",1723873,"PDP7G240WVA01T"
26364,"NRO_PARTE",1723809,"PDP9G240WVA01K"
26364,"NRO_PARTE",1803572,"21D7S8NP00-OH"
26364,"NRO_PARTE",1803573,"21D7S8NN00"
26364,"NRO_PARTE",1803574,"21D7S8NN00-OH"
26364,"NRO_PARTE",2773384,"MF5-551PE50XX4506"
26364,"NRO_PARTE",1723935,"PD09WM40WVA020"
26364,"NRO_PARTE",1723945,"PD07W240WVA023"
26364,"NRO_PARTE",1724007,"PD07W140UVA02D"
26364,"NRO_PARTE",1724021,"PD09W240UVA02G"
26364,"NRO_PARTE",2138501,"872W7LA#ABM-OH."
26364,"NRO_PARTE",2138506,"873A5LA#ABM."
26364,"NRO_PARTE",2138507,"873A5LA#ABM-OH."
26364,"NRO_PARTE",2138508,"873A5LA#ABM-OP."
26364,"NRO_PARTE",2138509,"873A4LA#ABM."
26364,"NRO_PARTE",1724044,"PDH7WM40WVA02J"
26364,"NRO_PARTE",1723623,"PD09G140WVA00Y"
26364,"NRO_PARTE",1723653,"PD07G240WVA00Z"
26364,"NRO_PARTE",1723706,"PDH7G240WVA015"
26364,"NRO_PARTE",1723776,"PDP7G140WVA01H"
26364,"NRO_PARTE",1723704,"PDH9G140WVA014"
26364,"NRO_PARTE",1723712,"PD09GM40WVA018"
26364,"NRO_PARTE",1723725,"PDH7G140WVA01D"
26364,"NRO_PARTE",1723736,"PDP7GM40WVA01F"
26364,"NRO_PARTE",2630142,"9GMHH4V071"
26364,"NRO_PARTE",3758312,"BC3U9LS#ABM"
26364,"NRO_PARTE",1723784,"PDP9G140WVA01I"
26364,"NRO_PARTE",1723824,"PDP9GM40WVA01M"
26364,"NRO_PARTE",1723832,"PDP7G140WVA01N"
26364,"NRO_PARTE",1723841,"PDP9G140WVA01O"
26364,"NRO_PARTE",1723879,"PDP9G240WVA01U"
26364,"NRO_PARTE",1723889,"PDP7GM40WVA01V"
26364,"NRO_PARTE",1723897,"PDP9GM40WVA01W"
26364,"NRO_PARTE",1723907,"PDP7G140WVA01X"
26364,"NRO_PARTE",1730219,"6U7J6LA#ABM-OH"
26364,"NRO_PARTE",1730194,"6Q0N4LA#ABM-OH"
26364,"NRO_PARTE",1730229,"6U7J6LA#ABM-OP"
26364,"NRO_PARTE",1730232,"6U7J7LA#ABM"
26364,"NRO_PARTE",1730236,"6U7J7LA#ABM-OH"
26364,"NRO_PARTE",1730255,"6U7K2LA#ABM-OH"
26364,"NRO_PARTE",2629913,"96THH4V063"
26364,"NRO_PARTE",4229395,"C2NN1LT#ABM-OH4"
26364,"NRO_PARTE",3758368,"BC3U9LS#ABM-OH4"
26364,"NRO_PARTE",1723522,"PD07G140WVA00X"
26364,"NRO_PARTE",1723698,"PDH7GM40WVA011"
26364,"NRO_PARTE",1723702,"PDH9GM40WVA012"
26364,"NRO_PARTE",1723703,"PDH7G140WVA013"
26364,"NRO_PARTE",1723711,"PD07GM40WVA017"
26364,"NRO_PARTE",1723714,"PDH7GM40WVA019"
26364,"NRO_PARTE",1723716,"PDH9GM40WVA01A"
26364,"NRO_PARTE",1723718,"PD07G140WVA01B"
26364,"NRO_PARTE",1723727,"PDH9G140WVA01E"
26364,"NRO_PARTE",1723697,"PD09G240WVA010"
26364,"NRO_PARTE",1723707,"PDH9G240WVA016"
26364,"NRO_PARTE",1723721,"PD09G140WVA01C"
26364,"NRO_PARTE",1723798,"PDP7G240WVA01J"
26364,"NRO_PARTE",2772439,"7S2P8VA007"
26364,"NRO_PARTE",2772611,"7GM08VA014"
26364,"NRO_PARTE",2772636,"7G2B8VA016"
26364,"NRO_PARTE",2772649,"7S2E8VA017"
26364,"NRO_PARTE",2772659,"7SM08VA018"
26364,"NRO_PARTE",2509899,"21FBS76300-OH"
26364,"NRO_PARTE",2509974,"21FBS76700-OH"
26364,"NRO_PARTE",2510026,"21FDS40800"
26364,"NRO_PARTE",1723519,"PD07GM40WVA00V"
26364,"NRO_PARTE",2772413,"7G2P8VA006"
26364,"NRO_PARTE",2772461,"7STB8VA008"
26364,"NRO_PARTE",2772664,"7S208VA019"
26364,"NRO_PARTE",2772668,"7G2M8VA021"
26364,"NRO_PARTE",2772672,"7GTP8VA022"
26364,"NRO_PARTE",2772676,"7G2E8VA023"
26364,"NRO_PARTE",2772680,"7STR8VA025"
26364,"NRO_PARTE",2772682,"7WTM8VA027"
26364,"NRO_PARTE",2772683,"7S2R8VA028"
26364,"NRO_PARTE",2772695,"7G208VA032"
26364,"NRO_PARTE",2772704,"7WT08VA036"
26364,"NRO_PARTE",2772708,"7WTE8VA037"
26364,"NRO_PARTE",2772721,"7WTP8VA040"
26364,"NRO_PARTE",2772722,"7GT08VA041"
26364,"NRO_PARTE",2772729,"7GTP8VA043"
26364,"NRO_PARTE",2772732,"7STE8VA045"
26364,"NRO_PARTE",2772734,"7SMP8VA046"
26364,"NRO_PARTE",2552739,"91Q39LA#ABM-OH"
26364,"NRO_PARTE",2034730,"3PTLW5680-9322SS3-12V-W"
26364,"NRO_PARTE",1723509,"PDH7GM40WVA00L"
26364,"NRO_PARTE",1723512,"PD09GM40UVA00O"
26364,"NRO_PARTE",2652258,"977G2LT#ABM-OH"
26364,"NRO_PARTE",2772679,"7WTR8VA024"
26364,"NRO_PARTE",2772681,"7STR8VA026"
26364,"NRO_PARTE",2772689,"7STP8VA030"
26364,"NRO_PARTE",2772696,"7GTM8VA033"
26364,"NRO_PARTE",2772701,"7GTE8VA035"
26364,"NRO_PARTE",2772724,"7GTH8VA042"
26364,"NRO_PARTE",2772737,"7STM8VA048"
26364,"NRO_PARTE",2772739,"7GTE8VA050"
26364,"NRO_PARTE",2772742,"7G2M8VA053"
26364,"NRO_PARTE",2772743,"7GMH8VA054"
26364,"NRO_PARTE",2772745,"7STB8VA056"
26364,"NRO_PARTE",2772752,"7S2B8VA059"
26364,"NRO_PARTE",2772761,"7WTM8VA061"
26364,"NRO_PARTE",2772777,"7GTR8VA064"
26364,"NRO_PARTE",2552699,"977G1LT#ABM-OP"
26364,"NRO_PARTE",1723340,"PDH9GM40WVA008"
26364,"NRO_PARTE",2772624,"7GTB8VA015"
26364,"NRO_PARTE",2772717,"7S208VA038"
26364,"NRO_PARTE",2772731,"7W208VA044"
26364,"NRO_PARTE",2772741,"7GMP8VA052"
26364,"NRO_PARTE",2772744,"7S2H8VA055"
26364,"NRO_PARTE",2772787,"7SME8VA066"
26364,"NRO_PARTE",2772793,"7G2H8VA067"
26364,"NRO_PARTE",2772801,"7W2B8VA069"
26364,"NRO_PARTE",2772837,"7W2M8VA081"
26364,"NRO_PARTE",2772838,"7GMR8VA082"
26364,"NRO_PARTE",2772839,"7G2R8VA083"
26364,"NRO_PARTE",2772840,"7G2H8VA084"
26364,"NRO_PARTE",2772841,"7GMM8VA085"
26364,"NRO_PARTE",2772842,"7GTR8VA086"
26364,"NRO_PARTE",2772844,"7S2P8VA088"
26364,"NRO_PARTE",2772845,"7S2R8VA089"
26364,"NRO_PARTE",2772847,"7G2P8VA091"
26364,"NRO_PARTE",2772848,"7W2B8VA092"
26364,"NRO_PARTE",2772849,"7WTH8VA093"
26364,"NRO_PARTE",2772850,"7WM08VA094"
26364,"NRO_PARTE",1730200,"6Q0N4LA#ABM-OP"
26364,"NRO_PARTE",1730260,"6U7K2LA#ABM-OP"
26364,"NRO_PARTE",1723335,"PDH7GM40WVA007"
26364,"NRO_PARTE",1723359,"PDH9G240WVA00C"
26364,"NRO_PARTE",1723496,"PD07G240UVA00H"
26364,"NRO_PARTE",2772594,"7G2R8VA013"
26364,"NRO_PARTE",2772666,"7GT08VA020"
26364,"NRO_PARTE",2772694,"7STB8VA031"
26364,"NRO_PARTE",2772807,"7WMR8VA070"
26364,"NRO_PARTE",2772812,"7W208VA071"
26364,"NRO_PARTE",2772818,"7W2P8VA072"
26364,"NRO_PARTE",2772827,"7SMM8VA074"
26364,"NRO_PARTE",2772830,"7GTH8VA075"
26364,"NRO_PARTE",2772854,"7WTE8VA098"
26364,"NRO_PARTE",2772855,"7GTB8VA099"
26364,"NRO_PARTE",2772856,"7W2H8VA100"
26364,"NRO_PARTE",2772857,"7SMH8VA101"
26364,"NRO_PARTE",2772858,"7G208VA102"
26364,"NRO_PARTE",2772859,"7SMR8VA103"
26364,"NRO_PARTE",2772860,"7WT08VA104"
26364,"NRO_PARTE",2772862,"7GTR8VA106"
26364,"NRO_PARTE",2772864,"7WTR8VA108"
26364,"NRO_PARTE",2772865,"7STP8VA109"
26364,"NRO_PARTE",1729240,"20YRS86L00-OH"
26364,"NRO_PARTE",1728636,"6X2K2LA#ABM-OH"
26364,"NRO_PARTE",1728798,"6X2K3LA#ABM"
26364,"NRO_PARTE",2775190,"4PTLW3590-7H161SOH3"
26364,"NRO_PARTE",1723273,"PD09GM40WVA002"
26364,"NRO_PARTE",1723350,"PDH7G240WVA00B"
26364,"NRO_PARTE",2820840,"AR8R9LA#ABM"
26364,"NRO_PARTE",2820869,"AR8R9LA#ABM-OP"
26364,"NRO_PARTE",2772685,"7WTP8VA029"
26364,"NRO_PARTE",2772698,"7GTM8VA034"
26364,"NRO_PARTE",2772720,"7WTB8VA039"
26364,"NRO_PARTE",2772798,"7WTB8VA068"
26364,"NRO_PARTE",2772843,"7S2E8VA087"
26364,"NRO_PARTE",2772863,"7GMM8VA107"
26364,"NRO_PARTE",2775307,"4PTLW3591-7H161SSS3-8V"
26364,"NRO_PARTE",1723364,"PD07GM40UVA00D"
26364,"NRO_PARTE",1723499,"PD09G240UVA00I"
26364,"NRO_PARTE",1723502,"PD07GM40WVA00J"
26364,"NRO_PARTE",1723505,"PD09GM40WVA00K"
26364,"NRO_PARTE",1723510,"PDH9GM40WVA00M"
26364,"NRO_PARTE",1723511,"PD07GM40UVA00N"
26364,"NRO_PARTE",1723513,"PD07G140WVA00P"
26364,"NRO_PARTE",2772736,"7WTR8VA047"
26364,"NRO_PARTE",2772738,"7W2R8VA049"
26364,"NRO_PARTE",2772746,"7ST08VA057"
26364,"NRO_PARTE",2772748,"7W2H8VA058"
26364,"NRO_PARTE",2772756,"7S2B8VA060"
26364,"NRO_PARTE",2772766,"7S2H8VA062"
26364,"NRO_PARTE",2772772,"7WMH8VA063"
26364,"NRO_PARTE",2772846,"7W2P8VA090"
26364,"NRO_PARTE",2772851,"7W2E8VA095"
26364,"NRO_PARTE",2772852,"7STM8VA096"
26364,"NRO_PARTE",1729238,"20YRS86L00"
26364,"NRO_PARTE",2775322,"4PTLW3591-7H161SOH3-8V"
26364,"NRO_PARTE",2775338,"4PTLW3591-7H161SOP3-8V"
26364,"NRO_PARTE",1723514,"PD09G140WVA00Q"
26364,"NRO_PARTE",1723515,"PDH7G140WVA00R"
26364,"NRO_PARTE",1723516,"PDH9G140WVA00S"
26364,"NRO_PARTE",1723517,"PD07G140UVA00T"
26364,"NRO_PARTE",1723518,"PD09G140UVA00U"
26364,"NRO_PARTE",1723520,"PD09GM40WVA00W"
26364,"NRO_PARTE",2772740,"7GMB8VA051"
26364,"NRO_PARTE",2775215,"4PTLW3590-7H161SOP3"
26364,"NRO_PARTE",2775350,"4PTLW3591-7H321SOP3-8V"
26430,"EMPAQUE_DE_FABRICA",1695293,"EN: CAJA"
51112,"SISTEMA_DE_MANEJO_RAEE",3716363,"SIST. MANEJO RAEE: INDIVIDUAL"
51112,"SISTEMA_DE_MANEJO_RAEE",3716361,"SIST. MANEJO RAEE: COLECTIVO"
26365,"CERTIFICACION",1695294,"MIL-STD 810H"
26365,"CERTIFICACION",1695295,"TCO 8.0"
26365,"CERTIFICACION",1695296,"IP65"
26365,"CERTIFICACION",1695297,"IP55"
26365,"CERTIFICACION",1695298,"MIL-STD-461F"
26365,"CERTIFICACION",1695299,"MIL-STD 810G"
26365,"CERTIFICACION",1695300,"ISO 14001"
26365,"CERTIFICACION",1695301,"ISV"
26365,"CERTIFICACION",1695302,"cCSAus"
26365,"CERTIFICACION",1695303,"CE O UE"
26365,"CERTIFICACION",1695304,"ENERGY STAR"
26365,"CERTIFICACION",1695305,"EPEAT"
26365,"CERTIFICACION",1695306,"FCC - EE. UU."
26365,"CERTIFICACION",1695307,"ISO 9001"
26365,"CERTIFICACION",1695308,"RoHS"
26365,"CERTIFICACION",1695309,"TUV/S S-Mark (Japan)"
26365,"CERTIFICACION",1695310,"UL"
26365,"CERTIFICACION",1728243,"TCO 9.0"
26365,"CERTIFICACION",2564631,"NVIDIA RTX Studio"
