ID_Caracteristica,Nombre_Caracteristica,ID_Valor,Nombre_Valor
26250,"PROCESADOR",2625899,"PROCESADOR: 2 X INTEL XEON GOLD 6426Y"
26250,"PROCESADOR",2625903,"PROCESADOR: 2 X INTEL XEON GOLD 5415+"
26250,"PROCESADOR",2892987,"PROCESADOR: INTEL CORE I9-14900F"
26250,"PROCESADOR",1974133,"PROCESADOR: 2 X INTEL XEON GOLD 6442Y"
26250,"PROCESADOR",2489427,"PROCESADOR: INTEL CORE I7-14700K"
26250,"PROCESADOR",2489428,"PROCESADOR: INTEL CORE I9-14900K"
26250,"PROCESADOR",3136754,"PROCESADOR: AMD RYZEN  9 7950X3D"
26250,"PROCESADOR",3136751,"PROCESADOR: AMD RYZEN 7 7700X"
26250,"PROCESADOR",3136763,"PROCESADOR: AMD RYZEN 9 9950X"
26250,"PROCESADOR",3136759,"PROCESADOR: AMD RYZEN 9 9700X"
26250,"PROCESADOR",1925517,"PROCESADOR: INTEL XEON W9-3475X"
26250,"PROCESADOR",1744503,"PROCESADOR: INTEL CORE I7-13700"
26250,"PROCESADOR",1744509,"PROCESADOR: INTEL CORE I9-13900KF"
26250,"PROCESADOR",1997685,"PROCESADOR: 2 X INTEL XEON SILVER 4410Y"
26250,"PROCESADOR",1925513,"PROCESADOR: INTEL XEON W7-3455"
26250,"PROCESADOR",2564539,"PROCESADOR: INTEL CORE I7-14700"
26250,"PROCESADOR",1925505,"PROCESADOR: INTEL XEON W5-3425"
26250,"PROCESADOR",1925511,"PROCESADOR: INTEL XEON W7-3465X"
26250,"PROCESADOR",2553738,"PROCESADOR: INTEL XEON W7-2495X"
26250,"PROCESADOR",2553749,"PROCESADOR: AMD RYZEN THREADRIPPER PRO 7945WX"
26250,"PROCESADOR",2553750,"PROCESADOR: AMD RYZEN THREADRIPPER PRO 7965WX"
26250,"PROCESADOR",1664661,"PROCESADOR: 2 x INTEL XEON PLATINUM 8260"
26250,"PROCESADOR",1664662,"PROCESADOR: INTEL CORE I7-12700K"
26250,"PROCESADOR",1664663,"PROCESADOR: INTEL CORE I7-12700KF"
26250,"PROCESADOR",1664664,"PROCESADOR: INTEL XEON E-2314"
26250,"PROCESADOR",1664665,"PROCESADOR: INTEL XEON E-2334"
26250,"PROCESADOR",1664666,"PROCESADOR: INTEL XEON E-2336"
26250,"PROCESADOR",1664667,"PROCESADOR: INTEL XEON E-2378"
26250,"PROCESADOR",1664668,"PROCESADOR: INTEL CORE I9-12900K"
26250,"PROCESADOR",1664669,"PROCESADOR: INTEL XEON E-2388G"
26250,"PROCESADOR",1664670,"PROCESADOR: INTEL XEON GOLD 5320"
26250,"PROCESADOR",1664671,"PROCESADOR: INTEL XEON GOLD 6330"
26250,"PROCESADOR",1664672,"PROCESADOR: INTEL XEON GOLD 6338"
26250,"PROCESADOR",1664673,"PROCESADOR: INTEL XEON GOLD 6338T"
26250,"PROCESADOR",1664674,"PROCESADOR: INTEL CORE I9-12900KF"
26250,"PROCESADOR",1664675,"PROCESADOR: INTEL XEON E-2374G"
26250,"PROCESADOR",1664676,"PROCESADOR: INTEL XEON E-2386G"
26250,"PROCESADOR",1664677,"PROCESADOR: INTEL CORE I9-12900"
26250,"PROCESADOR",1664678,"PROCESADOR: INTEL CORE I7-12700"
26250,"PROCESADOR",1664680,"PROCESADOR: INTEL CORE I9-12900KS"
26250,"PROCESADOR",1664683,"PROCESADOR: AMD Ryzen 7 Pro 5845"
26250,"PROCESADOR",1664685,"PROCESADOR: AMD Ryzen 9 Pro 5945"
26250,"PROCESADOR",1664687,"PROCESADOR: INTEL XEON GOLD 6226"
26250,"PROCESADOR",1664688,"PROCESADOR: INTEL XEON SILVER 431"
26250,"PROCESADOR",1664689,"PROCESADOR: INTEL XEON SILVER 4314"
26250,"PROCESADOR",1664691,"PROCESADOR: INTEL XEON W-1290"
26250,"PROCESADOR",1664692,"PROCESADOR: INTEL CORE I9-10900"
26250,"PROCESADOR",1664693,"PROCESADOR: INTEL CORE i9-11900"
26250,"PROCESADOR",1664694,"PROCESADOR: INTEL CORE i9-11900F"
26250,"PROCESADOR",1664695,"PROCESADOR: INTEL CORE i9-11900KF"
26250,"PROCESADOR",1664696,"PROCESADOR: INTEL CORE i7-11700F"
26250,"PROCESADOR",1664699,"PROCESADOR: INTEL CORE I7-10700K"
26250,"PROCESADOR",1664701,"PROCESADOR: INTEL CORE I9-10920X"
26250,"PROCESADOR",1664702,"PROCESADOR: INTEL CORE I9-10900K"
26250,"PROCESADOR",1664704,"PROCESADOR: INTEL XEON W-10855M"
26250,"PROCESADOR",1664707,"PROCESADOR: 2 X INTEL XEON GOLD 6248R"
26250,"PROCESADOR",1664708,"PROCESADOR: INTEL CORE I7-10700"
26250,"PROCESADOR",1664709,"PROCESADOR: INTEL XEON W-1250"
26250,"PROCESADOR",1664711,"PROCESADOR: INTEL XEON W-1270"
26250,"PROCESADOR",1664712,"PROCESADOR: AMD RYZEN THREADRIPPER PRO 3975WX"
26250,"PROCESADOR",1664713,"PROCESADOR: AMD RYZEN THREADRIPPER PRO 3955WX"
26250,"PROCESADOR",1664714,"PROCESADOR: AMD RYZEN THREADRIPPER PRO 3945WX"
26250,"PROCESADOR",1664715,"PROCESADOR: INTEL XEON W-2235"
26250,"PROCESADOR",1664716,"PROCESADOR: 2 X INTEL XEON SILVER 4216"
26250,"PROCESADOR",1664717,"PROCESADOR: 2 X INTEL XEON Silver 4208"
26250,"PROCESADOR",1744506,"PROCESADOR: INTEL CORE I7-13700KF"
26250,"PROCESADOR",1744508,"PROCESADOR: INTEL CORE I9-13900K"
26250,"PROCESADOR",1664718,"PROCESADOR: AMD Ryzen THREADRIPPER 3990X"
26250,"PROCESADOR",1664719,"PROCESADOR: INTEL XEON W-2225"
26250,"PROCESADOR",1664720,"PROCESADOR: 2 X INTEL XEON SILVER 4210R"
26250,"PROCESADOR",1664721,"PROCESADOR: INTEL XEON W-2245"
26250,"PROCESADOR",1664722,"PROCESADOR: INTEL XEON SILVER 4210R"
26250,"PROCESADOR",1664723,"PROCESADOR: INTEL XEON SILVER 4310"
26250,"PROCESADOR",1664724,"PROCESADOR: 2 X INTEL XEON SILVER 4310"
26250,"PROCESADOR",1664726,"PROCESADOR: INTEL XEON W-1350"
26250,"PROCESADOR",1664727,"PROCESADOR: INTEL XEON E-2378G"
26250,"PROCESADOR",1664728,"PROCESADOR: INTEL XEON GOLD 6342"
26250,"PROCESADOR",1664729,"PROCESADOR: INTEL XEON E-2324G"
26250,"PROCESADOR",1664730,"PROCESADOR: INTEL XEON E-2356G"
26250,"PROCESADOR",1664731,"PROCESADOR: INTEL CORE i7-11700"
26250,"PROCESADOR",1664732,"PROCESADOR: INTEL CORE i7-11700KF"
26250,"PROCESADOR",1664733,"PROCESADOR: INTEL CORE i9-11900K"
26250,"PROCESADOR",1664734,"PROCESADOR: INTEL CORE i7-11700K"
26250,"PROCESADOR",1664736,"PROCESADOR: INTEL XEON W-1370"
26250,"PROCESADOR",1664737,"PROCESADOR: INTEL XEON W-1390"
26250,"PROCESADOR",1664738,"PROCESADOR: 2 X INTEL XEON GOLD 6240R"
26250,"PROCESADOR",1664739,"PROCESADOR: 2 X INTEL XEON GOLD 5220R"
26250,"PROCESADOR",1664740,"PROCESADOR: INTEL XEON GOLD 6240R"
26250,"PROCESADOR",1664741,"PROCESADOR: INTEL XEON GOLD 5220R"
26250,"PROCESADOR",1664742,"PROCESADOR: INTEL XEON SILVER 4214R"
26250,"PROCESADOR",1664743,"PROCESADOR: 2 X INTEL XEON SILVER 4214R"
26250,"PROCESADOR",1664744,"PROCESADOR: INTEL XEON SILVER 4215R"
26250,"PROCESADOR",1664745,"PROCESADOR: 2 X INTEL XEON SILVER 4215R"
26250,"PROCESADOR",1664746,"PROCESADOR: INTEL CORE I7-10610U"
26250,"PROCESADOR",1664747,"PROCESADOR: INTEL XEON E-2278G"
26250,"PROCESADOR",1664750,"PROCESADOR: INTEL CORE I7-9850H"
26250,"PROCESADOR",1664751,"PROCESADOR: INTEL XEON E-2286M"
26250,"PROCESADOR",1664752,"PROCESADOR: INTEL XEON Silver 4208"
26250,"PROCESADOR",1664755,"PROCESADOR: INTEL CORE I9-9900X"
26250,"PROCESADOR",1664756,"PROCESADOR: INTEL XEON Silver 4216"
26250,"PROCESADOR",1664757,"PROCESADOR: INTEL XEON E-2244G"
26250,"PROCESADOR",1664758,"PROCESADOR: INTEL CORE I7-9700"
26250,"PROCESADOR",1664759,"PROCESADOR: 2 X INTEL XEON GOLD 5218"
26250,"PROCESADOR",1664760,"PROCESADOR: INTEL XEON 5218"
26250,"PROCESADOR",1664761,"PROCESADOR: INTEL XEON E-2174G"
26250,"PROCESADOR",1664763,"PROCESADOR: 2 X INTEL XEON Silver 4110"
26250,"PROCESADOR",1664764,"PROCESADOR: 2 X INTEL XEON GOLD 6140"
26250,"PROCESADOR",1664765,"PROCESADOR: INTEL XEON GOLD 6132"
26250,"PROCESADOR",1664766,"PROCESADOR: INTEL XEON GOLD 5120"
26250,"PROCESADOR",1664767,"PROCESADOR: INTEL XEON Silver 4112"
26250,"PROCESADOR",1664768,"PROCESADOR: 2 X INTEL XEON GOLD 6128"
26250,"PROCESADOR",1664769,"PROCESADOR: INTEL XEON GOLD 6122"
26250,"PROCESADOR",1664770,"PROCESADOR: INTEL XEON GOLD 6150"
26250,"PROCESADOR",1664771,"PROCESADOR: 2 X INTEL XEON GOLD 6144"
26250,"PROCESADOR",1664772,"PROCESADOR: INTEL XEON E-2186"
26250,"PROCESADOR",1664773,"PROCESADOR: 2 X INTEL XEON Silver 4112"
26250,"PROCESADOR",1664774,"PROCESADOR: INTEL XEON E-2133"
26250,"PROCESADOR",1664775,"PROCESADOR: INTEL XEON E-2125"
26250,"PROCESADOR",1664776,"PROCESADOR: INTEL XEON E-2104"
26250,"PROCESADOR",1664777,"PROCESADOR: INTEL XEON PLATINUM 8160"
26250,"PROCESADOR",1664778,"PROCESADOR: INTEL XEON GOLD 6140"
26250,"PROCESADOR",1664779,"PROCESADOR: INTEL XEON E-2124"
26250,"PROCESADOR",1664780,"PROCESADOR: 2 X INTEL XEON GOLD 6150"
26250,"PROCESADOR",1664781,"PROCESADOR: 2 X INTEL XEON PLATINUM 8160"
26250,"PROCESADOR",1664782,"PROCESADOR: INTEL XEON GOLD 6144"
26250,"PROCESADOR",1664783,"PROCESADOR: 2 X INTEL XEON GOLD 6132"
26250,"PROCESADOR",1664784,"PROCESADOR: 2 X INTEL XEON GOLD 6122"
26250,"PROCESADOR",1664785,"PROCESADOR: INTEL CORE I9-9980XE"
26250,"PROCESADOR",1664787,"PROCESADOR: INTEL CORE I9-9900K"
26250,"PROCESADOR",1664788,"PROCESADOR: 2 X INTEL XEON Silver 4114"
26250,"PROCESADOR",1664789,"PROCESADOR: INTEL CORE I7-9800X"
26250,"PROCESADOR",1664790,"PROCESADOR: AMD Ryzen 7 PRO 2700"
26250,"PROCESADOR",1664792,"PROCESADOR: INTEL CORE I9-10900T"
26250,"PROCESADOR",1664793,"PROCESADOR: INTEL XEON 3204"
26250,"PROCESADOR",1664794,"PROCESADOR: INTEL CORE I7-9700K"
26250,"PROCESADOR",1664795,"PROCESADOR: INTEL CORE I9-9900"
26250,"PROCESADOR",1664796,"PROCESADOR: INTEL CORE I7-10700T"
26250,"PROCESADOR",1664797,"PROCESADOR: INTEL XEON E-2246G"
26250,"PROCESADOR",1664798,"PROCESADOR: INTEL XEON W-1250P"
26250,"PROCESADOR",1664799,"PROCESADOR: INTEL CORE I9-10980XE"
26250,"PROCESADOR",1664800,"PROCESADOR: INTEL CORE I9-10900X"
26250,"PROCESADOR",1664801,"PROCESADOR: INTEL CORE I9-9920X"
26250,"PROCESADOR",1664802,"PROCESADOR: 2 X INTEL XEON Silver 4114T"
26250,"PROCESADOR",1664803,"PROCESADOR: INTEL XEON E-2224G"
26250,"PROCESADOR",1664804,"PROCESADOR: INTEL XEON Silver Processor 4210"
26250,"PROCESADOR",1664805,"PROCESADOR: INTEL XEON PLATINUM 8276"
26250,"PROCESADOR",1664806,"PROCESADOR: AMD Ryzen THREADRIPPER 3960X"
26250,"PROCESADOR",1664807,"PROCESADOR: AMD Ryzen 9 3950X"
26250,"PROCESADOR",1664808,"PROCESADOR: 2 X INTEL XEON PLATINUM 8276"
26250,"PROCESADOR",1664809,"PROCESADOR: INTEL XEON Silver Processor 4214"
26250,"PROCESADOR",1664810,"PROCESADOR: 2 X INTEL XEON Silver Processor 4214"
26250,"PROCESADOR",1664811,"PROCESADOR: 2 X INTEL XEON Silver Processor 4210"
26250,"PROCESADOR",1664812,"PROCESADOR: INTEL XEON E-2224"
26250,"PROCESADOR",1664813,"PROCESADOR: INTEL XEON E-2236"
26250,"PROCESADOR",1664814,"PROCESADOR: INTEL XEON E-2276G"
26250,"PROCESADOR",1664815,"PROCESADOR: INTEL XEON GOLD 6244"
26250,"PROCESADOR",1664816,"PROCESADOR: 2 X INTEL XEON GOLD 6244"
26250,"PROCESADOR",1664817,"PROCESADOR: INTEL XEON W-2223"
26250,"PROCESADOR",3922222,"PROCESADOR: INTEL XEON 6521P"
26250,"PROCESADOR",1664819,"PROCESADOR: INTEL CORE I7-7820X"
26250,"PROCESADOR",1664820,"PROCESADOR: INTEL CORE I9-7900X"
26250,"PROCESADOR",1664821,"PROCESADOR: INTEL CORE I7-7740X"
26250,"PROCESADOR",1664824,"PROCESADOR: INTEL CORE I7-8700K"
26250,"PROCESADOR",1664825,"PROCESADOR: INTEL CORE I7-8700"
26250,"PROCESADOR",1664828,"PROCESADOR: INTEL XEON E3-1245 V6"
26250,"PROCESADOR",1664830,"PROCESADOR: INTEL XEON E3-1225 V6"
26250,"PROCESADOR",1664831,"PROCESADOR: INTEL XEON E5-2650 V4"
26250,"PROCESADOR",1664832,"PROCESADOR: INTEL XEON E5-1607 V4"
26250,"PROCESADOR",1664833,"PROCESADOR: INTEL XEON E5-2630 V4"
26250,"PROCESADOR",1664834,"PROCESADOR: INTEL XEON E3-1231 V3"
26250,"PROCESADOR",1664835,"PROCESADOR: INTEL XEON E3-1245 V5"
26250,"PROCESADOR",1664836,"PROCESADOR: INTEL XEON E5-2670"
26250,"PROCESADOR",1664837,"PROCESADOR: INTEL CORE I7-5930K"
26250,"PROCESADOR",1664838,"PROCESADOR: INTEL XEON E3-1240 V5"
26250,"PROCESADOR",1664839,"PROCESADOR: INTEL XEON E3-1276 V3"
26250,"PROCESADOR",1664840,"PROCESADOR: 2 X INTEL XEON E5-2660 V3"
26250,"PROCESADOR",1664841,"PROCESADOR: INTEL XEON E5-1680 V4"
26250,"PROCESADOR",1664842,"PROCESADOR: INTEL XEON E3-1220 V5"
26250,"PROCESADOR",1664843,"PROCESADOR: INTEL XEON E5-1607 V3"
26250,"PROCESADOR",1664844,"PROCESADOR: INTEL XEON E5-2603 V2"
26250,"PROCESADOR",1664845,"PROCESADOR: INTEL XEON E5-2637 V4"
26250,"PROCESADOR",1664846,"PROCESADOR: INTEL CORE I7-6700K"
26250,"PROCESADOR",1664847,"PROCESADOR: INTEL XEON E3-1270 V6"
26250,"PROCESADOR",1664848,"PROCESADOR: INTEL CORE I7-7700"
26250,"PROCESADOR",1664849,"PROCESADOR: INTEL XEON E3-1240 V6"
26250,"PROCESADOR",1664850,"PROCESADOR: INTEL XEON E3-1230 V6"
26250,"PROCESADOR",1664851,"PROCESADOR: INTEL XEON W-2102"
26250,"PROCESADOR",1664852,"PROCESADOR: INTEL XEON Silver 4108"
26250,"PROCESADOR",1664853,"PROCESADOR: INTEL XEON Silver 4116"
26250,"PROCESADOR",1664854,"PROCESADOR: INTEL XEON W-2123"
26250,"PROCESADOR",1664855,"PROCESADOR: INTEL XEON Silver 4114"
26250,"PROCESADOR",1664856,"PROCESADOR: INTEL XEON E-2126G"
26250,"PROCESADOR",1664857,"PROCESADOR: INTEL XEON E-2146G"
26250,"PROCESADOR",1664858,"PROCESADOR: INTEL XEON E-2176G"
26250,"PROCESADOR",1664859,"PROCESADOR: INTEL XEON E-2144G"
26250,"PROCESADOR",1664860,"PROCESADOR: INTEL XEON E-2104G"
26250,"PROCESADOR",1664861,"PROCESADOR: INTEL XEON W-2255"
26250,"PROCESADOR",1664862,"PROCESADOR: 2 X INTEL XEON 5218"
26250,"PROCESADOR",1664864,"PROCESADOR: INTEL XEON Gold 6138"
26250,"PROCESADOR",1664865,"PROCESADOR: INTEL XEON E-2136"
26250,"PROCESADOR",1664866,"PROCESADOR: INTEL XEON E-2124G"
26250,"PROCESADOR",1664868,"PROCESADOR: INTEL XEON Gold Processor 6136"
26250,"PROCESADOR",1664869,"PROCESADOR: INTEL XEON Silver Processor 4114"
26250,"PROCESADOR",1664870,"PROCESADOR: INTEL XEON Platinum Processor 8176"
26250,"PROCESADOR",1664871,"PROCESADOR: INTEL XEON Gold Processor 5118"
26250,"PROCESADOR",1664872,"PROCESADOR: 2 X INTEL XEON Gold Processor 6136"
26250,"PROCESADOR",1664873,"PROCESADOR: 2 X INTEL XEON Silver Processor 4114"
26250,"PROCESADOR",1664874,"PROCESADOR: 2 X INTEL XEON Gold Processor 5118"
26250,"PROCESADOR",1664875,"PROCESADOR: 2 X INTEL XEON Platinum Processor 8176"
26250,"PROCESADOR",1664876,"PROCESADOR: INTEL XEON Gold 6128"
26250,"PROCESADOR",1664877,"PROCESADOR: INTEL XEON E5-2640 V4"
26250,"PROCESADOR",1664878,"PROCESADOR: 2 X INTEL XEON Gold 6134"
26250,"PROCESADOR",1664879,"PROCESADOR: INTEL CORE I7-7700T"
26250,"PROCESADOR",1664880,"PROCESADOR: INTEL XEON W-2195"
26250,"PROCESADOR",1664881,"PROCESADOR: INTEL XEON W-2135"
26250,"PROCESADOR",1664882,"PROCESADOR: INTEL XEON W-2145"
26250,"PROCESADOR",1664883,"PROCESADOR: INTEL XEON W-2175"
26250,"PROCESADOR",1664884,"PROCESADOR: INTEL XEON W-2155"
26250,"PROCESADOR",1664885,"PROCESADOR: AMD Ryzen 7 1800X"
26250,"PROCESADOR",1664886,"PROCESADOR: AMD Ryzen Threadripper 1900X"
26250,"PROCESADOR",1664887,"PROCESADOR: AMD Ryzen Threadripper 1950X"
26250,"PROCESADOR",1664888,"PROCESADOR: INTEL XEON Gold 6134"
26250,"PROCESADOR",1664889,"PROCESADOR: 2 X INTEL XEON Silver 4108"
26250,"PROCESADOR",1664890,"PROCESADOR: INTEL XEON Gold 6130"
26250,"PROCESADOR",1664891,"PROCESADOR: INTEL CORE I9-7960X"
26250,"PROCESADOR",1664892,"PROCESADOR: INTEL CORE I9-7920X"
26250,"PROCESADOR",1664893,"PROCESADOR: INTEL XEON Silver 4110"
26250,"PROCESADOR",1664894,"PROCESADOR: 2 X INTEL XEON Silver 4116"
26250,"PROCESADOR",1664895,"PROCESADOR: INTEL CORE I9-7980XE"
26250,"PROCESADOR",1664896,"PROCESADOR: INTEL CORE I9-7940X"
26250,"PROCESADOR",1664898,"PROCESADOR: INTEL XEON Silver 4214"
26250,"PROCESADOR",1664899,"PROCESADOR: INTEL XEON Gold 5218"
26250,"PROCESADOR",1664900,"PROCESADOR: INTEL XEON W-3175X"
26250,"PROCESADOR",1664901,"PROCESADOR: INTEL CORE I9-9820X"
26250,"PROCESADOR",1664903,"PROCESADOR: INTEL XEON E3-1225 V5"
26250,"PROCESADOR",1664904,"PROCESADOR: INTEL XEON E-2186G"
26250,"PROCESADOR",1664907,"PROCESADOR: INTEL CORE I7-9700F"
26250,"PROCESADOR",1664908,"PROCESADOR: INTEL CORE I7-9700KF"
26250,"PROCESADOR",1664909,"PROCESADOR: 2 X INTEL XEON GOLD 6230"
26250,"PROCESADOR",1664910,"PROCESADOR: AMD Ryzen THREADRIPPER 3970X"
26250,"PROCESADOR",1664911,"PROCESADOR: 2 X INTEL XEON GOLD 6246"
26250,"PROCESADOR",1664912,"PROCESADOR: AMD Ryzen 9 3900X"
26250,"PROCESADOR",1664913,"PROCESADOR: AMD Ryzen 7 3800X"
26250,"PROCESADOR",1664914,"PROCESADOR: AMD Ryzen 7 3700X"
26250,"PROCESADOR",1664915,"PROCESADOR: INTEL XEON GOLD 6240"
26250,"PROCESADOR",1664916,"PROCESADOR: 2 X INTEL XEON GOLD 6240"
26250,"PROCESADOR",1664917,"PROCESADOR: INTEL XEON E5-2403 V2"
26250,"PROCESADOR",1664918,"PROCESADOR: INTEL XEON E5-2670 V3"
26250,"PROCESADOR",1664919,"PROCESADOR: INTEL XEON E3-1270 V5"
26250,"PROCESADOR",1664920,"PROCESADOR: INTEL XEON E5-2697A V4"
26250,"PROCESADOR",1664921,"PROCESADOR: INTEL XEON E3-1225 V2"
26250,"PROCESADOR",1664922,"PROCESADOR: INTEL XEON E5-2699 V4"
26250,"PROCESADOR",1664923,"PROCESADOR: INTEL XEON E3-2620 V3"
26250,"PROCESADOR",1664924,"PROCESADOR: INTEL XEON E5-2603 V3"
26250,"PROCESADOR",1664925,"PROCESADOR: INTEL XEON E3-1230 V3"
26250,"PROCESADOR",1664926,"PROCESADOR: INTEL XEON E5-1660 V4"
26250,"PROCESADOR",1664927,"PROCESADOR: INTEL XEON E3-1246 V3"
26250,"PROCESADOR",1664929,"PROCESADOR: INTEL XEON E5-2643 V4"
26250,"PROCESADOR",1664930,"PROCESADOR: INTEL XEON E5-2650 V3"
26250,"PROCESADOR",1664931,"PROCESADOR: 2 X INTEL XEON E5-2650 V3"
26250,"PROCESADOR",1664933,"PROCESADOR: INTEL XEON E3-1241 V3"
26250,"PROCESADOR",1664934,"PROCESADOR: INTEL XEON E3-1240 V3"
26250,"PROCESADOR",1664935,"PROCESADOR: INTEL XEON E5-2630 V2"
26250,"PROCESADOR",1664936,"PROCESADOR: INTEL CORE I7-5960X"
26250,"PROCESADOR",1664937,"PROCESADOR: INTEL XEON E5-1620 V4"
26250,"PROCESADOR",1664938,"PROCESADOR: INTEL XEON E5-1620 V3"
26250,"PROCESADOR",1664939,"PROCESADOR: INTEL XEON E5-2620 V2"
26250,"PROCESADOR",1664940,"PROCESADOR: INTEL XEON E5-2637 V3"
26250,"PROCESADOR",1664941,"PROCESADOR: INTEL XEON E5-1650 V4"
26250,"PROCESADOR",1664942,"PROCESADOR: 2 X INTEL XEON E5-2640 V4"
26250,"PROCESADOR",1664943,"PROCESADOR: INTEL CORE I7-4790K"
26250,"PROCESADOR",1664944,"PROCESADOR: INTEL CORE I7-6800K"
26250,"PROCESADOR",1664945,"PROCESADOR: INTEL XEON E5-2620 V3"
26250,"PROCESADOR",1664947,"PROCESADOR: INTEL XEON E5-2690 V4"
26250,"PROCESADOR",1664948,"PROCESADOR: 2 X INTEL XEON E5-2683 V4"
26250,"PROCESADOR",1664949,"PROCESADOR: INTEL XEON E3-1245 V3"
26250,"PROCESADOR",1664950,"PROCESADOR: INTEL XEON E5-1603 V3"
26250,"PROCESADOR",1664951,"PROCESADOR: INTEL XEON E5-2620 V4"
26250,"PROCESADOR",1664952,"PROCESADOR: INTEL XEON E5-2687W V4"
26250,"PROCESADOR",1664953,"PROCESADOR: 2 X INTEL XEON E5-2680 V3"
26250,"PROCESADOR",1664954,"PROCESADOR: INTEL XEON E5-1620"
26250,"PROCESADOR",1664955,"PROCESADOR: INTEL CORE I7-4960X"
26250,"PROCESADOR",1664956,"PROCESADOR: INTEL XEON E5-2630 V3"
26250,"PROCESADOR",1664957,"PROCESADOR: INTEL XEON E5-2609 V3"
26250,"PROCESADOR",1664958,"PROCESADOR: 2 X INTEL XEON E5-2630 V4"
26250,"PROCESADOR",1664959,"PROCESADOR: INTEL XEON E5-2603 V4"
26250,"PROCESADOR",1664960,"PROCESADOR: INTEL CORE I7-4771"
26250,"PROCESADOR",1664961,"PROCESADOR: INTEL XEON E5-2609 V4"
26250,"PROCESADOR",1664962,"PROCESADOR: INTEL XEON E5-2630"
26250,"PROCESADOR",1664963,"PROCESADOR: INTEL XEON E3-1225 V3"
26250,"PROCESADOR",1664965,"PROCESADOR: INTEL XEON E5-2690 V3"
26250,"PROCESADOR",1664967,"PROCESADOR: INTEL CORE I7-7700K"
26250,"PROCESADOR",1664968,"PROCESADOR: INTEL CORE I7-7700HQ"
26250,"PROCESADOR",1664969,"PROCESADOR: INTEL XEON E3-1275 V6"
26250,"PROCESADOR",3922207,"PROCESADOR: AMD RYZEN THREADRIPPER 7960X"
26250,"PROCESADOR",1664970,"PROCESADOR: INTEL XEON E3-1280 V6"
26250,"PROCESADOR",1664971,"PROCESADOR: INTEL CORE I7-7800X"
26250,"PROCESADOR",1664972,"PROCESADOR: INTEL XEON E3-1280 V5"
26250,"PROCESADOR",1664973,"PROCESADOR: 2 X INTEL XEON E5-2620 V4"
26250,"PROCESADOR",1664974,"PROCESADOR: 2 X INTEL XEON E5-2630 V3"
26250,"PROCESADOR",1664975,"PROCESADOR: INTEL XEON E5-2683 V4"
26250,"PROCESADOR",1664976,"PROCESADOR: INTEL CORE I7-5820K"
26250,"PROCESADOR",1664977,"PROCESADOR: INTEL XEON E5-2623 V4"
26250,"PROCESADOR",1664978,"PROCESADOR: INTEL CORE I7-6950X"
26250,"PROCESADOR",1664979,"PROCESADOR: 2 X INTEL XEON E5-2687W V4"
26250,"PROCESADOR",1664980,"PROCESADOR: 2 X INTEL XEON SILVER 431"
26250,"PROCESADOR",1664981,"PROCESADOR: AMD RYZEN THREADRIPPER PRO 5975WX"
26250,"PROCESADOR",1664982,"PROCESADOR: AMD RYZEN THREADRIPPER PRO 5965WX"
26250,"PROCESADOR",1664983,"PROCESADOR: INTEL XEON E3-1230 V5"
26250,"PROCESADOR",1664984,"PROCESADOR: INTEL CORE I7-6700"
26250,"PROCESADOR",1664985,"PROCESADOR: INTEL CORE I7-4790"
26250,"PROCESADOR",1664986,"PROCESADOR: INTEL XEON E5-1650 V3"
26250,"PROCESADOR",1664987,"PROCESADOR: INTEL XEON E5-1603 V4"
26250,"PROCESADOR",1664988,"PROCESADOR: INTEL XEON E5-1630 V4"
26250,"PROCESADOR",1664989,"PROCESADOR: INTEL CORE I7-4770"
26250,"PROCESADOR",1664990,"PROCESADOR: INTEL XEON Gold 5118"
26250,"PROCESADOR",1664991,"PROCESADOR: 2 X INTEL XEON Gold 5118"
26250,"PROCESADOR",1664992,"PROCESADOR: 2 X INTEL XEON E5-2609 V4"
26250,"PROCESADOR",1664993,"PROCESADOR: INTEL XEON W-2125"
26250,"PROCESADOR",1664994,"PROCESADOR: INTEL XEON W-2133"
26250,"PROCESADOR",1664995,"PROCESADOR: INTEL XEON Bronze 3104"
26250,"PROCESADOR",1664996,"PROCESADOR: INTEL XEON Bronze 3106"
26250,"PROCESADOR",1664997,"PROCESADOR: 2 X INTEL XEON SILVER 4314"
26250,"PROCESADOR",1664998,"PROCESADOR: INTEL XEON E3-1271 V3"
26250,"PROCESADOR",1664999,"PROCESADOR: INTEL CORE I7-3770"
26250,"PROCESADOR",1665000,"PROCESADOR: AMD RYZEN THREADRIPPER PRO 5995WX"
26250,"PROCESADOR",1665001,"PROCESADOR: AMD RYZEN THREADRIPPER PRO 5955WX"
26250,"PROCESADOR",1665002,"PROCESADOR: AMD RYZEN THREADRIPPER PRO 5945WX"
26250,"PROCESADOR",1665003,"PROCESADOR: AMD RYZEN THREADRIPPER PRO 3995WX"
26250,"PROCESADOR",3922221,"PROCESADOR: INTEL XEON 6515P"
26250,"PROCESADOR",3922224,"PROCESADOR: 2 X INTEL XEON 6515P"
26250,"PROCESADOR",2747178,"PROCESADOR: AMD RYZEN THREADRIPPER PRO 7955WX"
26250,"PROCESADOR",2747181,"PROCESADOR: AMD RYZEN THREADRIPPER PRO 7995WX"
26250,"PROCESADOR",2507204,"PROCESADOR: INTEL CORE I9-14900KF"
26250,"PROCESADOR",3970822,"PROCESADOR: INTEL XEON W3-2525"
26250,"PROCESADOR",3970826,"PROCESADOR: INTEL XEON W5-2565X"
26250,"PROCESADOR",3970829,"PROCESADOR: INTEL XEON W7-3565X"
26250,"PROCESADOR",3970830,"PROCESADOR: INTEL XEON W9-3595X"
26250,"PROCESADOR",3970827,"PROCESADOR: INTEL XEON W5-2545"
26250,"PROCESADOR",2776804,"PROCESADOR: INTEL XEON W7-2475X"
26250,"PROCESADOR",3970828,"PROCESADOR: INTEL XEON W7-3545"
26250,"PROCESADOR",3850532,"PROCESADOR: INTEL XEON GOLD 6530"
26250,"PROCESADOR",3850538,"PROCESADOR: INTEL XEON GOLD 5420+"
26250,"PROCESADOR",3850540,"PROCESADOR: 2 X INTEL XEON GOLD 5420+"
26250,"PROCESADOR",3850556,"PROCESADOR: INTEL XEON GOLD 5415+"
26250,"PROCESADOR",3850534,"PROCESADOR: 2 X INTEL XEON GOLD 6530"
26250,"PROCESADOR",3850586,"PROCESADOR: 2 X INTEL XEON SILVER 4514Y"
26250,"PROCESADOR",4130160,"PROCESADOR: 2 x INTEL® XEON® SILVER 4516Y+"
26250,"PROCESADOR",4130161,"PROCESADOR: 2 x INTEL® XEON® SILVER 4510"
26250,"PROCESADOR",2747180,"PROCESADOR: AMD RYZEN THREADRIPPER PRO 7985WX"
26250,"PROCESADOR",2747314,"PROCESADOR: INTEL CORE I7-14700KF"
26250,"PROCESADOR",4051246,"PROCESADOR: INTEL XEON W7-2595X"
26250,"PROCESADOR",1744505,"PROCESADOR: INTEL CORE I7-13700K"
26250,"PROCESADOR",1885638,"PROCESADOR: INTEL XEON W5-2445 3.10 GHz"
26250,"PROCESADOR",1744504,"PROCESADOR: INTEL CORE I7-13700F"
26250,"PROCESADOR",3138097,"PROCESADOR: INTEL CORE ULTRA 5 245KF"
26250,"PROCESADOR",3138100,"PROCESADOR: INTEL CORE ULTRA 9 285K"
26250,"PROCESADOR",2794781,"PROCESADOR: INTEL CORE I7-12700F"
26250,"PROCESADOR",2794783,"PROCESADOR: INTEL CORE I9-12900F"
26250,"PROCESADOR",3138096,"PROCESADOR: INTEL CORE ULTRA 5 245K"
26250,"PROCESADOR",3138099,"PROCESADOR: INTEL CORE ULTRA 7 265KF"
26250,"PROCESADOR",1925507,"PROCESADOR: INTEL XEON W5-3435X"
26250,"PROCESADOR",3778226,"PROCESADOR: AMD RYZEN THREADRIPPER 7980X"
26250,"PROCESADOR",2777010," PROCESADOR: INTEL CORE I9-14900"
26250,"PROCESADOR",3778214,"PROCESADOR: INTEL CORE ULTRA 7 265"
26250,"PROCESADOR",3778220,"PROCESADOR: AMD RYZEN 9 9900X"
26250,"PROCESADOR",3778216,"PROCESADOR: INTEL CORE ULTRA 9 285"
26250,"PROCESADOR",3778219,"PROCESADOR: AMD RYZEN 7 9700X"
26250,"PROCESADOR",1969588,"PROCESADOR: 2 X INTEL XEON GOLD 5418Y"
26250,"PROCESADOR",1969591,"PROCESADOR: 2 X INTEL XEON GOLD 5416S"
26250,"PROCESADOR",1969572,"PROCESADOR: INTEL XEON W5-3433"
26250,"PROCESADOR",1969570,"PROCESADOR: INTEL XEON W5-3423"
26250,"PROCESADOR",3927310,"PROCESADOR: 2 X INTEL XEON GOLD 6542Y"
26250,"PROCESADOR",4139834,"PROCESADOR: AMD RYZEN AI MAX+ PRO 395"
26250,"PROCESADOR",4139837,"PROCESADOR: INTEL XEON W7-3555"
26250,"PROCESADOR",4139819,"PROCESADOR: AMD RYZEN AI MAX PRO 385"
26250,"PROCESADOR",2553743,"PROCESADOR: 2 X INTEL XEON SILVER 4416"
26250,"PROCESADOR",2564540,"PROCESADOR: INTEL CORE I9-14900"
26250,"PROCESADOR",2611055,"PROCESADOR: INTEL XEON W5-2455X"
26250,"PROCESADOR",1925521,"PROCESADOR: INTEL XEON GOLD 5418Y"
26250,"PROCESADOR",1925524,"PROCESADOR: INTEL XEON GOLD 5416S"
26250,"PROCESADOR",1925501,"PROCESADOR: INTEL XEON W3-2425"
26250,"PROCESADOR",1925503,"PROCESADOR: INTEL XEON W3-2435"
26250,"PROCESADOR",1925515,"PROCESADOR: INTEL XEON W9-3495X"
26250,"PROCESADOR",2813983,"PROCESADOR: INTEL XEON SILVER 4514Y"
26250,"PROCESADOR",1925510,"PROCESADOR: INTEL XEON W7-3445"
26250,"PROCESADOR",1925499,"PROCESADOR: INTEL XEON W3-2423"
26250,"PROCESADOR",1803236,"PROCESADOR: INTEL CORE I9-13900"
26250,"PROCESADOR",2553753,"PROCESADOR: AMD RYZEN THREADRIPPER PRO 7975WX"
26250,"PROCESADOR",3378848,"PROCESADOR: INTEL XEON W5-2555X"
26250,"PROCESADOR",3138098,"PROCESADOR: INTEL CORE ULTRA 7 265K"
26250,"PROCESADOR",2034275,"PROCESADOR: INTEL XEON SILVER 4410Y"
26251,"RAM",1831535,"RAM: 16 GB DDR5 4800 2400 MHz"
26251,"RAM",1831536,"RAM: 8 GB DDR5 4800 2400 MHz"
26251,"RAM",1831539,"RAM: 64 GB DDR5 4800 2400 MHz"
26251,"RAM",1925530,"RAM: 256 GB DDR5 4800 2400 MHz"
26251,"RAM",1925533,"RAM: 128 GB DDR5 4800 2400 MHz"
26251,"RAM",2556299,"RAM: 512 GB DDR5 4800 2400 MHz"
26251,"RAM",2556294,"RAM: 64 GB DDR5 5600 2800 MHz"
26251,"RAM",1827046,"RAM: 16 GB DDR5 4400 MHz"
26251,"RAM",1925469,"RAM: 32 GB DDR5 4400 2200 MHz"
26251,"RAM",3922209,"RAM: 1TB DDR5 4800 MHz"
26251,"RAM",1665004,"RAM: 256 GB DDR4 3200 400 MHz"
26251,"RAM",1665005,"RAM: 256 GB DDR4 2666 333 MHz"
26251,"RAM",1665006,"RAM: 512 GB DDR4 2666 333 MHz"
26251,"RAM",1665007,"RAM: 512 GB DDR4 3200 400 MHz"
26251,"RAM",1665008,"RAM: 8 GB DDR5 4800 300 MHz"
26251,"RAM",1665009,"RAM: 16 GB DDR5 4800 300 MHz"
26251,"RAM",1665010,"RAM: 32 GB DDR5 4800 300 MHz"
26251,"RAM",1665011,"RAM: 8 GB DDR5 4800 600 MHz"
26251,"RAM",1665012,"RAM: 16 GB DDR5 4800 600 MHz"
26251,"RAM",1665013,"RAM: 32 GB DDR5 4800 600 MHz"
26251,"RAM",1665014,"RAM: 128 GB DDR5 4800 600 MHz"
26251,"RAM",1665015,"RAM: 512 GB DDR5 4800 600 MHz"
26251,"RAM",1665016,"RAM: 64 GB DDR5 4800 600 MHz"
26251,"RAM",1665017,"RAM: 256 GB DDR5 4800 600 MHz"
26251,"RAM",1665018,"RAM: 256 GB DDR4 ECC 3200 MHz"
26251,"RAM",1665019,"RAM: 256 GB DDR4 3000 375 MHz"
26251,"RAM",1665020,"RAM: 128 GB DDR5 4400 MHz"
26251,"RAM",1665021,"RAM: 128 GB DDR4 3200 400 MHz"
26251,"RAM",1665022,"RAM: 4 GB DDR4 2666 333 MHz"
26251,"RAM",1665023,"RAM: 64GB DDR4-2666 333 MHz"
26251,"RAM",1665024,"RAM: 8 GB DDR4 2133 266 MHz"
26251,"RAM",1665025,"RAM: 8 GB DDR3 1600 200 MHz"
26251,"RAM",1665026,"RAM: 8 GB DDR3 1333 166 MHz"
26251,"RAM",1665027,"RAM: 32 GB DDR3 1600 200 MHz"
26251,"RAM",1665028,"RAM: 32 GB DDR4 1600 200 MHz"
26251,"RAM",1665029,"RAM: 4 GB DDR4 2400 300 MHz"
26251,"RAM",1665030,"RAM: 4 GB DDR4 2133 266 MHz"
26251,"RAM",1665031,"RAM: 64 GB DDR4 2400 300 MHz"
26251,"RAM",1665032,"RAM: 8 GB DDR4 2400 300 MHz"
26251,"RAM",1665033,"RAM: 32 GB DDR3 1333 166 MHz"
26251,"RAM",1665034,"RAM: 8 GB DDR3 1866 233 MHz"
26251,"RAM",1665035,"RAM: 32 GB DDR4 2133 266 MHz"
26251,"RAM",1665036,"RAM: 12 GB DDR4  2400 300 MHz."
26251,"RAM",1665037,"RAM: 16 GB DDR4 2666 333 MHz"
26251,"RAM",1665038,"RAM: 16 GB DDR4 1600 200 MHz"
26251,"RAM",1665039,"RAM: 128 GB DDR4 2133 266 MHz"
26251,"RAM",1665040,"RAM: 4 GB DDR3 1600 200 MHz"
26251,"RAM",1665041,"RAM: 16 GB DDR4 2133 266 MHz"
26251,"RAM",1665042,"RAM: 16 GB DDR4 2400 300 MHz"
26251,"RAM",1665043,"RAM: 8 GB DDR4 2666 333 MHz"
26251,"RAM",1665044,"RAM: 16 GB DDR3 1600 200 MHz"
26251,"RAM",1665045,"RAM: 64 GB DDR4 2133 266 MHz"
26251,"RAM",1665046,"RAM: 64 GB DDR3 1600 200 MHz"
26251,"RAM",1665047,"RAM: 32 GB DDR4 2400 300 MHz"
26251,"RAM",1665048,"RAM: 128 GB DDR4 2400 300 MHz"
26251,"RAM",1665049,"RAM: 512 GB DDR4 3000 375 MHz"
26251,"RAM",1665050,"RAM: 256 GB DDR4 ECC 3000 375 MHz"
26251,"RAM",1665051,"RAM: 8 GB DDR4 2933 366 MHz"
26251,"RAM",1665052,"RAM: 256 GB DDR4 ECC 2666 MHz"
26251,"RAM",1665053,"RAM: 256 GB DDR4 ECC 2400 MHz"
26251,"RAM",1665054,"RAM: 512 GB DDR4 ECC 2933 MHz"
26251,"RAM",1665055,"RAM: 256 GB DDR4 ECC 2933 MHz"
26251,"RAM",1665056,"RAM: 64 GB DDR4 3200 400 MHz"
26251,"RAM",1665057,"RAM: 512 GB DDR4 ECC 2666 MHz"
26251,"RAM",1665058,"RAM: 16 GB DDR4 3200 400 MHz"
26251,"RAM",1665059,"RAM: 32 GB DDR4 3200 400 MHz"
26251,"RAM",1665060,"RAM: 16 GB DDR4 ECC 2666 MHz"
26251,"RAM",1665061,"RAM: 8 GB DDR4 ECC 2666 MHz"
26251,"RAM",1665062,"RAM: 128 GB DDR4 2933 333 MHz"
26251,"RAM",1665063,"RAM: 128 GB DDR4 2933 366 MHz"
26251,"RAM",1665064,"RAM: 16 GB DDR4 2933 366 MHz"
26251,"RAM",1665065,"RAM: 64 GB DDR4 2933 366 MHz"
26251,"RAM",1665066,"RAM: 128 GB DDR4 ECC 2400 MHz"
26251,"RAM",1665067,"RAM: 64 GB DDR4 ECC 2666 MHz"
26251,"RAM",1665068,"RAM: 128 GB DDR4 ECC 2666 MHz"
26251,"RAM",1665069,"RAM: 32 GB DDR4 ECC 2666 MHz"
26251,"RAM",1665070,"RAM: 32 GB DDR4 ECC 2933 MHz"
26251,"RAM",1665071,"RAM: 64 GB DDR4 ECC 2933 MHz"
26251,"RAM",1665072,"RAM: 128 GB DDR4 ECC 2933 MHz"
26251,"RAM",1665073,"RAM: 8 GB DDR4 ECC 2933 MHz"
26251,"RAM",1665074,"RAM: 16 GB DDR4 ECC 2933 MHz"
26251,"RAM",1665075,"RAM: 32 GB DDR4 ECC 2400 MHz"
26251,"RAM",1665076,"RAM: 64 GB DDR4 ECC 2400 MHz"
26251,"RAM",1665077,"RAM: 128 GB DDR4 2666 333 MHz"
26251,"RAM",1665078,"RAM: 32 GB DDR4 2666 333 MHz"
26251,"RAM",1665079,"RAM: 64GB DDR4 2666 ECC LR"
26251,"RAM",1665080,"RAM: 128 GB DDR4 2666 ECC LR"
26251,"RAM",1665081,"RAM: 32 GB DDR4 2933 366 MHz"
26251,"RAM",1665082,"RAM: 8 GB DDR4 3200 400 MHz"
26251,"RAM",1665083,"RAM: 512 GB DDR4 ECC 3000 375 MHz"
26251,"RAM",1752976,"RAM: 32 GB DDR5 4400 MHz"
26251,"RAM",1744269,"RAM: 128 GB DDR5 3600 MHz"
26251,"RAM",2556295,"RAM: 32 GB DDR5 5600 2800 MHz"
26251,"RAM",2556296,"RAM: 16 GB DDR5 5600 2800 MHz"
26251,"RAM",2556297,"RAM: 8 GB DDR5 5600 2800 MHz"
26251,"RAM",2556298,"RAM: 128 GB DDR5 5600 2800 MHz"
26251,"RAM",2776891,"RAM: 64 GB DDR5 4800 MHz"
26251,"RAM",4130162,"RAM: 1 TB DDR5 5600, 2800 MHz"
26251,"RAM",1740059,"RAM: 128 GB DDR5 ECC 4400 MHz"
26251,"RAM",2794772,"RAM: 16 GB DDR5 5200 MHz"
26251,"RAM",2794775,"RAM: 8 GB DDR5 5200 MHz"
26251,"RAM",1831537,"RAM: 32 GB DDR5 4800 2400 MHz"
26251,"RAM",3778208,"RAM: 16 GB DDR5 6400 MHz"
26251,"RAM",3778210,"RAM: 64 GB DDR5 6400 MHz"
26251,"RAM",2813985,"RAM: 24 GB DDR5 4800 MHz"
26251,"RAM",3778206,"RAM: 8 GB DDR5 6400 MHz"
26251,"RAM",3778204,"RAM: 256 GB DDR5 5600 MHz"
26251,"RAM",3778209,"RAM: 32 GB DDR5 6400 MHz"
26251,"RAM",3778211,"RAM: 96 GB DDR5 6400 MHz"
26251,"RAM",3778212,"RAM: 128 GB DDR5 6400 MHz"
26251,"RAM",3778213,"RAM: 256 GB DDR5 6400 MHz"
26251,"RAM",4139854,"RAM: 64 GB LPDDR5X 4266 MHz"
26251,"RAM",4139855,"RAM: 32 GB LPDDR5X 4266 MHz"
26251,"RAM",4139857,"RAM: 128 GB LPDDR5X 4266 MHz"
26251,"RAM",2611052,"RAM: 128 GB DDR5 3600 1800 MHz"
26251,"RAM",2774485,"RAM: 64 GB DDR5 5200 MHz"
26251,"RAM",2774484,"RAM: 32 GB DDR5 5200 MHz"
26251,"RAM",1925467,"RAM: 16 GB DDR5 4400 2200 MHz"
26251,"RAM",1925472,"RAM: 8 GB DDR5 4400 2200 MHz"
26251,"RAM",2813987,"RAM: 48 GB DDR5 4800 MHz"
26251,"RAM",2813992,"RAM: 96 GB DDR5 4800 MHz"
26251,"RAM",1925477,"RAM: 64 GB DDR5 4400 2200 MHz"
26251,"RAM",2611039,"RAM: 32 GB DDR5 4000 2000 MHz"
26251,"RAM",1803234,"RAM: 64 GB DDR5 4400 MHz"
26251,"RAM",1764975,"RAM: 64 GB DDR5 4800 300 MHz"
26251,"RAM",2775140,"RAM: 32 GB DDR5 5200 2600 MHz "
26252,"ALMACENAMIENTO",1925495,"ALMACENAMIENTO: 4 TB SSD"
26252,"ALMACENAMIENTO",1925490,"ALMACENAMIENTO: 2 TB SSD"
26252,"ALMACENAMIENTO",1925536,"ALMACENAMIENTO: 1 TB SSD / 5 x 2 TB SSD"
26252,"ALMACENAMIENTO",1827041,"ALMACENAMIENTO: 2 TB M.2 SSD NVMe"
26252,"ALMACENAMIENTO",1729880,"ALMACENAMIENTO: 4 x 2 TB SSD/ 1.92 TB SSD/ 8 TB HDD 7200 RPM"
26252,"ALMACENAMIENTO",1827038,"ALMACENAMIENTO: 2 TB M.2 SSD NVMe PCIe/ 1 TB 7200 RPM HDD SATA"
26252,"ALMACENAMIENTO",1827040,"ALMACENAMIENTO: 2 TB M.2 SSD NVMe/ 2 TB 7200 RPM HDD SATA"
26252,"ALMACENAMIENTO",1827042,"ALMACENAMIENTO: 4 TB M.2 SSD NVMe/ 2 TB 7200 RPM HDD SATA"
26252,"ALMACENAMIENTO",1752937,"ALMACENAMIENTO: 256 GB M.2 SSD/ 1 TB 7200 RPM HDD"
26252,"ALMACENAMIENTO",1925535,"ALMACENAMIENTO: 4 x 2 TB SSD"
26252,"ALMACENAMIENTO",1752952,"ALMACENAMIENTO: 512 GB M.2 SSD/1 TB HDD 7200 RPM"
26252,"ALMACENAMIENTO",1724485,"ALMACENAMIENTO: 1 TB SSD/4 TB SSD"
26252,"ALMACENAMIENTO",1665084,"ALMACENAMIENTO: 1x 2TB SSD/5x 1.92 TB SSD/2x 4 TB SSD"
26252,"ALMACENAMIENTO",1665085,"ALMACENAMIENTO: 500 GB SSD"
26252,"ALMACENAMIENTO",1665086,"ALMACENAMIENTO: 512 GB SSD/8 TB HDD 7200 RPM"
26252,"ALMACENAMIENTO",1665087,"ALMACENAMIENTO: 256 GB SSD/4 TB HDD 5400 RPM"
26252,"ALMACENAMIENTO",1665088,"ALMACENAMIENTO: 1 TB SSD/8 TB HDD 7200 RPM"
26252,"ALMACENAMIENTO",1665089,"ALMACENAMIENTO: 500 GB SSD/8 TB HDD 7200 RPM"
26252,"ALMACENAMIENTO",1665090,"ALMACENAMIENTO: 1 TB SSD + 8 TB HDD 5640 RPM"
26252,"ALMACENAMIENTO",1665091,"ALMACENAMIENTO: 250 GB SSD/1 TB HDD 7200 RPM"
26252,"ALMACENAMIENTO",1665092,"ALMACENAMIENTO: 512 GB M.2 NVMe PCIe SSD"
26252,"ALMACENAMIENTO",1665093,"ALMACENAMIENTO: 1 TB SSD/2 X 2 TB SSD"
26252,"ALMACENAMIENTO",1665094,"ALMACENAMIENTO: 256 GB SSD/2 TB SSD"
26252,"ALMACENAMIENTO",1665095,"ALMACENAMIENTO: 2 TB SSD/3 X 4 TB HDD 7200 RPM"
26252,"ALMACENAMIENTO",1665096,"ALMACENAMIENTO: 256 GB SSD/1 TB HDD 5400 RPM"
26252,"ALMACENAMIENTO",1665097,"ALMACENAMIENTO: 512 GB SSD/2 TB HDD 7200 RPM"
26252,"ALMACENAMIENTO",1665098,"ALMACENAMIENTO: 4 TB HDD 7200 RPM"
26252,"ALMACENAMIENTO",1665099,"ALMACENAMIENTO: 480 GB SSD/2 X 1 TB HDD 7200 RPM"
26252,"ALMACENAMIENTO",1665100,"ALMACENAMIENTO: 128 GB SSD/1 TB HDD 7200 RPM"
26252,"ALMACENAMIENTO",1665101,"ALMACENAMIENTO: 480 GB SSD/2 X 4 TB HDD 5400 RPM"
26252,"ALMACENAMIENTO",1665102,"ALMACENAMIENTO: 480 GB SSD/2 X 2 TB HDD 5400 RPM"
26252,"ALMACENAMIENTO",1665103,"ALMACENAMIENTO: 3 X 1 TB HDD 7200 RPM"
26252,"ALMACENAMIENTO",1665104,"ALMACENAMIENTO: 256 GB SSD/1 TB HDD 7200 RPM"
26252,"ALMACENAMIENTO",1665105,"ALMACENAMIENTO: 2 TB HDD 7200 RPM"
26252,"ALMACENAMIENTO",1665106,"ALMACENAMIENTO: 480 GB SSD/3 X 2 TB HDD 7200 RPM"
26252,"ALMACENAMIENTO",1665107,"ALMACENAMIENTO: 480 GB SSD/2 X 4 TB HDD 7200 RPM"
26252,"ALMACENAMIENTO",1665108,"ALMACENAMIENTO: 2 X 256 GB SSD/2 TB HDD 7200 RPM"
26252,"ALMACENAMIENTO",1665109,"ALMACENAMIENTO: 1 TB HDD 10000 RPM"
26252,"ALMACENAMIENTO",1665110,"ALMACENAMIENTO: 2 X 1 TB HDD 7200 RPM"
26252,"ALMACENAMIENTO",1665111,"ALMACENAMIENTO: 250 GB M.2 SSD/ 4 TB 7200 RPM HDD"
26252,"ALMACENAMIENTO",1665112,"ALMACENAMIENTO: 250 GB M.2 SSD NVMe/ 2 TB 7200 RPM HDD"
26252,"ALMACENAMIENTO",1665113,"ALMACENAMIENTO: 1 TB M.2 SSD/4 TB 7200 RPM HDD"
26252,"ALMACENAMIENTO",1665114,"ALMACENAMIENTO: 1 TB M.2 SSD NVMe/ 2 TB 7200 RPM HDD"
26252,"ALMACENAMIENTO",1665115,"ALMACENAMIENTO: 512 GB M.2 SSD NVMe/ 1.2 TB 10000 RPM HDD"
26252,"ALMACENAMIENTO",1665116,"ALMACENAMIENTO: 480 GB M.2 SSD NVMe/ 960 GB M.2 SSD NVMe"
26252,"ALMACENAMIENTO",1665117,"ALMACENAMIENTO: 512 GB M.2 SSD NVMe/ 4 TB 7200 RPM HDD/ 1.2 TB 10000 RPM HDD"
26252,"ALMACENAMIENTO",1665118,"ALMACENAMIENTO: 250 GB M.2 SSD/ 2 TB 7200 RPM HDD"
26252,"ALMACENAMIENTO",1665119,"ALMACENAMIENTO: 512 GB M.2 SSD / 512 GB M.2 SSD"
26252,"ALMACENAMIENTO",1665120,"ALMACENAMIENTO: 1 TB M.2 SSD"
26252,"ALMACENAMIENTO",1665121,"ALMACENAMIENTO: 480 GB M.2 SSD/1 TB 7200 RPM HDD"
26252,"ALMACENAMIENTO",1665122,"ALMACENAMIENTO: 1 TB M.2 SSD NVMe/1 TB 7200 RPM HDD"
26252,"ALMACENAMIENTO",1665123,"ALMACENAMIENTO: 480 GB M.2 SSD"
26252,"ALMACENAMIENTO",1665124,"ALMACENAMIENTO: 1 TB M.2 SSD NVMe"
26252,"ALMACENAMIENTO",1665125,"ALMACENAMIENTO: 500 GB M.2 SSD NVMe/1 TB 7200 RPM HDD"
26252,"ALMACENAMIENTO",1665126,"ALMACENAMIENTO: 500 GB M.2 SSD NVMe/2 TB 7200 RPM HDD"
26252,"ALMACENAMIENTO",1665127,"ALMACENAMIENTO: 480 GB M.2 SSD NVMe"
26252,"ALMACENAMIENTO",1665128,"ALMACENAMIENTO: 960 GB M.2 SSD NVMe/4 TB 7200 RPM HDD"
26252,"ALMACENAMIENTO",1665129,"ALMACENAMIENTO: 1 TB M.2 SSD/1 TB 7200 RPM HDD"
26252,"ALMACENAMIENTO",1665130,"ALMACENAMIENTO: 1 TB M.2 SSD NVMe/4 TB 7200 RPM HDD"
26252,"ALMACENAMIENTO",1665131,"ALMACENAMIENTO: 1 TB M.2 SSD/2 TB 7200 RPM HDD"
26252,"ALMACENAMIENTO",1665132,"ALMACENAMIENTO: 500 GB M.2 SSD/ 2 TB 7200 RPM HDD"
26252,"ALMACENAMIENTO",1665133,"ALMACENAMIENTO: 480 GB SSD/4 TB HDD 7200 RPM"
26252,"ALMACENAMIENTO",1665134,"ALMACENAMIENTO: 256 GB SSD"
26252,"ALMACENAMIENTO",1665135,"ALMACENAMIENTO: 2 X 480 GB SSD/3 X 2 TB HDD 7200 RPM"
26252,"ALMACENAMIENTO",1665136,"ALMACENAMIENTO: 240 GB SSD/2 TB HDD 7200 RPM"
26252,"ALMACENAMIENTO",1665137,"ALMACENAMIENTO: 480 GB SSD/2 X 2 TB HDD 7200 RPM"
26252,"ALMACENAMIENTO",1665138,"ALMACENAMIENTO: 240 GB SSD/2 X 2 TB HDD 5400 RPM"
26252,"ALMACENAMIENTO",1665139,"ALMACENAMIENTO: 480 GB SSD/4 TB HDD 5400 RPM"
26252,"ALMACENAMIENTO",1665140,"ALMACENAMIENTO: 600 GB HDD 10000 RPM"
26252,"ALMACENAMIENTO",1665141,"ALMACENAMIENTO: 250 GB SSD/2 TB HDD 7200 RPM"
26252,"ALMACENAMIENTO",1665142,"ALMACENAMIENTO: 120 GB SSD/2 TB HDD 7200 RPM"
26252,"ALMACENAMIENTO",1665143,"ALMACENAMIENTO: 480 GB SSD/2 TB HDD 5400 RPM"
26252,"ALMACENAMIENTO",1665144,"ALMACENAMIENTO: 256 GB SSD/2 TB HDD 7200 RPM"
26252,"ALMACENAMIENTO",1665145,"ALMACENAMIENTO: 480 GB SSD/2 TB HDD 7200 RPM"
26252,"ALMACENAMIENTO",1665146,"ALMACENAMIENTO: 1 TB SSD"
26252,"ALMACENAMIENTO",1665147,"ALMACENAMIENTO: 1 TB HDD 7200 RPM"
26252,"ALMACENAMIENTO",1665148,"ALMACENAMIENTO: 240 GB SSD/1 TB HDD 7200 RPM"
26252,"ALMACENAMIENTO",1665149,"ALMACENAMIENTO: 120 GB SSD/1 TB HDD 7200 RPM"
26252,"ALMACENAMIENTO",1665150,"ALMACENAMIENTO: 240 GB SSD/2 X 2 TB HDD 7200 RPM"
26252,"ALMACENAMIENTO",1665151,"ALMACENAMIENTO: 240 GB SSD/2 X 4 TB HDD 7200 RPM"
26252,"ALMACENAMIENTO",1665152,"ALMACENAMIENTO: 256 GB SSD/3 TB HDD 7200 RPM"
26252,"ALMACENAMIENTO",1665153,"ALMACENAMIENTO: 2 X 2 TB HDD 7200 RPM"
26252,"ALMACENAMIENTO",1665154,"ALMACENAMIENTO: 240 GB SSD/6 TB HDD 7200 RPM"
26252,"ALMACENAMIENTO",1665155,"ALMACENAMIENTO: 960 GB SSD/4 TB HDD 7200 RPM"
26252,"ALMACENAMIENTO",1665156,"ALMACENAMIENTO: 240 GB SSD/4 TB HDD 7200 RPM"
26252,"ALMACENAMIENTO",1665157,"ALMACENAMIENTO: 960 GB SSD/2 TB HDD 7200 RPM"
26252,"ALMACENAMIENTO",1665158,"ALMACENAMIENTO: 960 GB SSD/6 TB HDD 7200 RPM"
26252,"ALMACENAMIENTO",1665159,"ALMACENAMIENTO: 480 GB SSD/6 TB HDD 7200 RPM"
26252,"ALMACENAMIENTO",1665160,"ALMACENAMIENTO: 1 TB HDD 5400 RPM"
26252,"ALMACENAMIENTO",1665161,"ALMACENAMIENTO: 1 TB SSD/1 TB SSD"
26252,"ALMACENAMIENTO",1665162,"ALMACENAMIENTO: 512 GB SSD"
26252,"ALMACENAMIENTO",1665163,"ALMACENAMIENTO: 1 TB HDD 7200 RPM/4 TB HDD 7200 RPM"
26252,"ALMACENAMIENTO",1665164,"ALMACENAMIENTO: 3 TB HDD 7200 RPM"
26252,"ALMACENAMIENTO",1665165,"ALMACENAMIENTO: 240 GB SSD/2 X 1 TB HDD 7200 RPM"
26252,"ALMACENAMIENTO",1665166,"ALMACENAMIENTO: 256 GB SSD/2 X 2 TB HDD 7200 RPM"
26252,"ALMACENAMIENTO",1665167,"ALMACENAMIENTO: 500 GB HDD 7200 RPM"
26252,"ALMACENAMIENTO",1665168,"ALMACENAMIENTO: 240 GB SSD/2 TB HDD 5400 RPM"
26252,"ALMACENAMIENTO",1665169,"ALMACENAMIENTO: 512 GB SSD/1 TB SSD"
26252,"ALMACENAMIENTO",1665170,"ALMACENAMIENTO: 512 GB SSD/2 TB SSD"
26252,"ALMACENAMIENTO",1665171,"ALMACENAMIENTO: 1 TB SSD/4 TB HDD 7200 RPM"
26252,"ALMACENAMIENTO",1665172,"ALMACENAMIENTO: 1 TB SSD/6 TB HDD 7200 RPM"
26252,"ALMACENAMIENTO",1665173,"ALMACENAMIENTO: 500 GB SSD/4 TB HDD 7200 RPM"
26252,"ALMACENAMIENTO",1665174,"ALMACENAMIENTO: 500 GB SSD/6 TB HDD 7200 RPM"
26252,"ALMACENAMIENTO",1665175,"ALMACENAMIENTO: SSD Z TURBO DRIVE 512GB / HDD 2TB 7200RPM"
26252,"ALMACENAMIENTO",1665176,"ALMACENAMIENTO: 500 GB SSD/2 TB HDD 7200 RPM"
26252,"ALMACENAMIENTO",1665177,"ALMACENAMIENTO: 2 X 256 GB SSD/1 TB HDD 7200 RPM"
26252,"ALMACENAMIENTO",1665178,"ALMACENAMIENTO: 250 GB SSD/4 TB HDD 7200 RPM"
26252,"ALMACENAMIENTO",1665179,"ALMACENAMIENTO: 256 GB SSD 2.5"""
26252,"ALMACENAMIENTO",1665180,"ALMACENAMIENTO: 2 TB SSD 3.5""  7200 RPM"
26252,"ALMACENAMIENTO",1665181,"ALMACENAMIENTO: 480 GB SSD/ 1 TB HDD 7200 RPM"
26252,"ALMACENAMIENTO",1665182,"ALMACENAMIENTO: 1 TB SSD/2 TB HDD 7200 RPM"
26252,"ALMACENAMIENTO",1665183,"ALMACENAMIENTO: 1 TB SSD/3 TB HDD 7200 RPM"
26252,"ALMACENAMIENTO",1665184,"ALMACENAMIENTO: 256 GB SSD/4 TB HDD 7200 RPM"
26252,"ALMACENAMIENTO",1665185,"ALMACENAMIENTO: 512 GB SSD/1 TB HDD 7200 RPM"
26252,"ALMACENAMIENTO",1665186,"ALMACENAMIENTO: 512 GB SSD/4 TB HDD 7200 RPM"
26252,"ALMACENAMIENTO",1665187,"ALMACENAMIENTO: 128 GB SSD/2 TB HDD 7200 RPM"
26252,"ALMACENAMIENTO",1665188,"ALMACENAMIENTO: 960 GB M.2 SSD NVMe"
26252,"ALMACENAMIENTO",1665189,"ALMACENAMIENTO: 240 GB M.2 SSD NVMe"
26252,"ALMACENAMIENTO",1665190,"ALMACENAMIENTO: 1 TB SSD/2 X 2 TB HDD 7200 RPM"
26252,"ALMACENAMIENTO",1665191,"ALMACENAMIENTO: 480 GB SSD"
26252,"ALMACENAMIENTO",1665192,"ALMACENAMIENTO: 1 TB SSD/2 X 1 TB SSD"
26252,"ALMACENAMIENTO",1665193,"ALMACENAMIENTO: 500 GB M.2 SSD NVMe/ 4 TB HDD 7200 RPM"
26252,"ALMACENAMIENTO",1665194,"ALMACENAMIENTO: 1 TB HDD 7200 RPM/ 256 GB SSD"
26252,"ALMACENAMIENTO",1665195,"ALMACENAMIENTO: 8 TB SATA III, 6 GB/S 7200 RPM / SSD 500 GB SATA 6 GB/S 2.5"""
26252,"ALMACENAMIENTO",1665196,"ALMACENAMIENTO: 1 TB HDD 7200 RPM/1 TB SSD"
26252,"ALMACENAMIENTO",1665197,"ALMACENAMIENTO: 960 GB SSD/2 X 2 TB HDD 7200 RPM"
26252,"ALMACENAMIENTO",1665198,"ALMACENAMIENTO: 960 GB SSD/2 X 4 TB HDD 7200 RPM"
26252,"ALMACENAMIENTO",1665199,"ALMACENAMIENTO: 500 GB M.2 SSD/ 4 TB 7200 RPM HDD"
26252,"ALMACENAMIENTO",1665200,"ALMACENAMIENTO: 512 GB M.2 SSD NVMe/ 4 TB 7200 RPM HDD"
26252,"ALMACENAMIENTO",1665201,"ALMACENAMIENTO: 250 GB M.2 SSD NVMe/ 4 TB 7200 RPM HDD"
26252,"ALMACENAMIENTO",1665202,"ALMACENAMIENTO: 2 TB M.2 SSD NVMe/ 4 TB 7200 RPM HDD"
26252,"ALMACENAMIENTO",1665203,"ALMACENAMIENTO: 240 GB M.2 SSD NVMe/ 960 GB M.2 SSD NVMe"
26252,"ALMACENAMIENTO",1665204,"ALMACENAMIENTO: 960 GB M.2 SSD NVMe/ 1.92 TB M.2 SSD NVMe"
26252,"ALMACENAMIENTO",1665205,"ALMACENAMIENTO: 2 X 2 TB SSD"
26252,"ALMACENAMIENTO",1665206,"ALMACENAMIENTO: 1 TB SSD/2 TB SSD"
26252,"ALMACENAMIENTO",1665207,"ALMACENAMIENTO: 1 TB SSD + 4 TB HDD 5400 RPM"
26252,"ALMACENAMIENTO",2747339,"ALMACENAMIENTO: 2 TB SSD / 2 X 4 TB SSD"
26252,"ALMACENAMIENTO",2747347,"ALMACENAMIENTO: 4 TB SSD / 2 X 2 TB SSD"
26252,"ALMACENAMIENTO",2747349,"ALMACENAMIENTO: 2 X 2 TB SSD / 2 X 4 TB SSD"
26252,"ALMACENAMIENTO",2131874,"ALMACENAMIENTO: 5 x 2 TB SSD/ 12 TB HDD 7200 RPM"
26252,"ALMACENAMIENTO",2556300,"ALMACENAMIENTO: 2 TB SSD / 1 TB HDD 7200 RPM"
26252,"ALMACENAMIENTO",1761115,"ALMACENAMIENTO: 2 x 2 TB SSD / 2 x 2 TB Z TURBO DRIVE QUAD SSD"
26252,"ALMACENAMIENTO",2747343,"ALMACENAMIENTO: 4 TB SSD / 2 X 4 TB SSD"
26252,"ALMACENAMIENTO",2747332,"ALMACENAMIENTO: 2 TB SSD / 4 TB SSD"
26252,"ALMACENAMIENTO",2747336,"ALMACENAMIENTO: 2 TB SSD / 2 X 2 TB SSD"
26252,"ALMACENAMIENTO",1745588,"ALMACENAMIENTO: 4 x 1920 GB SSD / 2 TB SSD / 2 x 2 TB Z TURBO DRIVE QUAD SSD"
26252,"ALMACENAMIENTO",2745024,"ALMACENAMIENTO: 3 X 1 TB M2  SSD NVMe"
26252,"ALMACENAMIENTO",1969415,"ALMACENAMIENTO: 2 TB M.2 SSD NVMe / 2 x 4 TB SSD SATA"
26252,"ALMACENAMIENTO",1969419,"ALMACENAMIENTO: 2 TB M.2 SSD NVMe / 4 TB SSD SATA"
26252,"ALMACENAMIENTO",3927313,"ALMACENAMIENTO: 5 x 2 TB SSD/ 1 TB SSD"
26252,"ALMACENAMIENTO",2749892,"ALMACENAMIENTO: 3 X 4 TB SSD M.2 NVMe / 2 X 4 TB HDD 7200 RPM"
26252,"ALMACENAMIENTO",2628434,"ALMACENAMIENTO: 2 TB SSD / 2 TB HDD 7200 RPM"
26252,"ALMACENAMIENTO",3333104,"ALMACENAMIENTO: 1 TB SSD NVMe M.2 / 4 TB SSD NVMe M.2 / 2 X 8 TB HDD"
26252,"ALMACENAMIENTO",3333102,"ALMACENAMIENTO: 1 TB SSD NVMe M.2 / 4 TB SSD NVMe M.2 / 3 X 8 TB HDD"
26252,"ALMACENAMIENTO",3378907,"ALMACENAMIENTO: 1 TB SSD / 4 TB SSD / 8 TB HDD 7200 RPM / 2 x 4 TB HDD 7200 RPM"
26252,"ALMACENAMIENTO",3378905,"ALMACENAMIENTO: 1 TB SSD / 4 TB SSD / 3 x 8 TB HDD 7200 RPM"
26253,"CONECTIVIDAD_LAN",1665208,"LAN: SI"
26254,"CONECTIVIDAD_WLAN",1665209,"WLAN: NO"
26254,"CONECTIVIDAD_WLAN",1665210,"WLAN: SI"
26255,"CONECTIVIDAD_USB",1665211,"USB: NO"
26255,"CONECTIVIDAD_USB",1665212,"USB: SI"
26256,"VIDEO_VGA",1665213,"VGA: NO"
26257,"VIDEO_HDMI",1665215,"HDMI: NO"
26257,"VIDEO_HDMI",1665216,"HDMI: SI"
26258,"SISTEMA_OPERATIVO",1665217,"SIST. OPER: WINDOWS 11 PRO 64 BITS ESPAÑOL"
26258,"SISTEMA_OPERATIVO",1665218,"SIST. OPER: UBUNTU 21.04 IMPISH INDRI 64 BITS ESPAÑOL"
26258,"SISTEMA_OPERATIVO",1665219,"SIST. OPER: UBUNTU 22.04 JAMMY JELLYFISH 64 BITS ESPAÑOL"
26258,"SISTEMA_OPERATIVO",1665220,"SIST. OPER: WINDOWS 10 PRO FOR WORKSTATIONS"
26258,"SISTEMA_OPERATIVO",1665221,"SIST. OPER: WINDOWS 11 HOME 64 BITS ESPAÑOL"
26258,"SISTEMA_OPERATIVO",1665222,"SIST. OPER: NO INCLUIDO"
26258,"SISTEMA_OPERATIVO",1665223,"SIST. OPER: WINDOWS 10 PRO 64 BITS ESPAÑOL"
26258,"SISTEMA_OPERATIVO",1665224,"SIST. OPER: UBUNTU 10.04 LUCID LYNX 64 BITS ESPAÑOL"
26258,"SISTEMA_OPERATIVO",1665225,"SIST. OPER: WINDOWS 7 PROFESSIONAL 64 BITS ESPAÑOL"
26258,"SISTEMA_OPERATIVO",1665226,"SIST. OPER: WINDOWS 8.1 PRO 64 BITS ESPAÑOL"
26258,"SISTEMA_OPERATIVO",1665228,"SIST. OPER: WINDOWS 8 PRO 64 BITS ESPAÑOL"
26258,"SISTEMA_OPERATIVO",1665229,"SIST. OPER: WINDOWS 10 HOME 64 BITS ESPAÑOL"
26258,"SISTEMA_OPERATIVO",1665231,"SIST. OPER: UBUNTU LINUX 19.04 DISCO DINGO 64 BITS ESPAÑOL"
26258,"SISTEMA_OPERATIVO",1665232,"SIST. OPER: LINUX"
26258,"SISTEMA_OPERATIVO",1665233,"SIST. OPER: UBUNTU LINUX 17.10 ARTFUL AARDVARK 64 BITS ESPAÑOL"
26258,"SISTEMA_OPERATIVO",1665235,"SIST. OPER: UBUNTU 20.04 LTS FOCAL FOSSA 64 BITS ESPAÑOL"
26258,"SISTEMA_OPERATIVO",1665236,"SIST. OPER: UBUNTU 21.04 LTS HIRSUTE HIPPO 64 BITS ESPAÑOL"
26258,"SISTEMA_OPERATIVO",1665237,"SIST. OPER: UBUNTU 20.10 GROOVY GORILLA 64 BITS ESPAÑOL"
26258,"SISTEMA_OPERATIVO",1997377,"SIST. OPER: WINDOWS 11 PRO 64 BITS HIGH END EN ESPAÑOL"
26258,"SISTEMA_OPERATIVO",1997378,"SIST. OPER: UBUNTU 23.10 MANTIC MINOTAUR 64 BITS ESPAÑOL"
26258,"SISTEMA_OPERATIVO",1997379,"SIST. OPER: UBUNTU 22.10 KINETIC KUDU 64 BITS ESPAÑOL"
26258,"SISTEMA_OPERATIVO",1997380,"SIST. OPER: UBUNTU 23.04 LUNAR LOBSTER 64 BITS ESPAÑOL"
26258,"SISTEMA_OPERATIVO",1997381,"SIST. OPER: WINDOWS 11 PRO DE 64 BITS PARA WORKSTATION EN ESPAÑOL"
26258,"SISTEMA_OPERATIVO",3778228,"SIST. OPER: UBUNTU 25.04 PLUCKY PUFFIN 64 BITS ESPAÑOL"
26258,"SISTEMA_OPERATIVO",3325829,"SIST. OPER: UBUNTU 24.10 ORACULAR ORIOLE 64 BITS ESPAÑOL"
26258,"SISTEMA_OPERATIVO",1665227,"SIST. OPER: UBUNTU 15.10 WILY WEREWOLF 64 BITS ESPAÑOL"
26258,"SISTEMA_OPERATIVO",1665230,"SIST. OPER: UBUNTU LINUX 18.04 LTS BIONIC BEAVER 64 BITS ESPAÑOL"
26258,"SISTEMA_OPERATIVO",1665234,"SIST OPER: WINDOWS 11 PRO 64 BITS ESPAÑOL DOWNGRADE TO WINDOWS 10 PRO 64 BITS ESPAÑOL"
26259,"UNIDAD_OPTICA",1665238,"UNIDAD OPTICA: NO"
26260,"TECLADO",1665240,"TECLADO: SI"
26260,"TECLADO",1665241,"TECLADO: NO"
26261,"MOUSE",1665242,"MOUSE: SI"
26261,"MOUSE",1665243,"MOUSE: NO"
26262,"SUITE_OFIMATICA",1665244,"SUITE OFIMATICA PRE-INSTALADA: MICROSOFT OFFICE HOME & BUSINESS 2021"
26262,"SUITE_OFIMATICA",1665245,"SUITE OFIMATICA PRE-INSTALADA: MICROSOFT OFFICE PROFESSIONAL 2021"
26262,"SUITE_OFIMATICA",1665246,"SUITE OFIMATICA: LIBREOFFICE 7.1"
26262,"SUITE_OFIMATICA",1665247,"SUITE OFIMATICA PRE-INSTALADA: MICROSOFT OFFICE PROFESSIONAL 2016"
26262,"SUITE_OFIMATICA",1665248,"SUITE OFIMATICA: LIBREOFFICE 6.0"
26262,"SUITE_OFIMATICA",1665249,"SUITE OFIMATICA: NO"
26262,"SUITE_OFIMATICA",1665250,"SUITE OFIMATICA PRE-INSTALADA: MICROSOFT OFFICE HOME & BUSINESS 2016"
26262,"SUITE_OFIMATICA",1665251,"SUITE OFIMATICA PRE-INSTALADA: MICROSOFT OFFICE PROFESSIONAL 2019"
26262,"SUITE_OFIMATICA",1665252,"SUITE OFIMATICA PRE-INSTALADA: MICROSOFT OFFICE HOME & BUSINESS 2019"
26262,"SUITE_OFIMATICA",1665253,"SUITE OFIMATICA: LIBREOFFICE 7.0"
26262,"SUITE_OFIMATICA",2906894,"SUITE OFIMATICA PRE-INSTALADA: MICROSOFT OFFICE HOME & BUSINESS 2024"
26262,"SUITE_OFIMATICA",3325843,"SUITE OFIMATICA: LIBREOFFICE 24.8"
26263,"GARANTIA_DE_FABRICA",1665254,"G. F: 12 MESES ON-SITE"
26263,"GARANTIA_DE_FABRICA",1665255,"G. F: 36 MESES ON-SITE"
26263,"GARANTIA_DE_FABRICA",1665256,"G. F: 36 MESES CARRY-IN"
26263,"GARANTIA_DE_FABRICA",1665257,"G. F: 12 MESES CARRY-IN"
26263,"GARANTIA_DE_FABRICA",1665258,"G. F: 24 MESES ON-SITE"
26263,"GARANTIA_DE_FABRICA",1665259,"G. F: 24 MESES CARRY-IN"
26263,"GARANTIA_DE_FABRICA",1665260,"G. F: 60 MESES ON-SITE"
26263,"GARANTIA_DE_FABRICA",1665261,"G. F: 60 MESES CARRY-IN"
26263,"GARANTIA_DE_FABRICA",1665262,"G. F: 48 MESES ON-SITE"
26263,"GARANTIA_DE_FABRICA",1665263,"G. F: 48 MESES CARRY-IN"
26264,"UNIDAD",1665264,"UNIDAD"
26265,"MARCA",4022934,"OSB"
26265,"MARCA",1714664,"MADI-TEK"
26265,"MARCA",2501151,"GAMEMAX"
26265,"MARCA",4040432,"ANAX"
26265,"MARCA",3867041,"ALIES COOPER"
26265,"MARCA",4040654,"ECONORACKS"
26265,"MARCA",4052813,"ENKORE"
26265,"MARCA",4052811,"CYBERTEL"
26265,"MARCA",1729984,"QUAMTU"
26265,"MARCA",4275267,"CTTEX"
26265,"MARCA",3916464,"MEGA CHAMBI"
26265,"MARCA",4104512,"(H)TOOLS"
26265,"MARCA",1665265,"GIGABYTE"
26265,"MARCA",1665266,"Q T-GLICH"
26265,"MARCA",1665267,"QOSOFT"
26265,"MARCA",1665268,"HAO TECH"
26265,"MARCA",1665269,"NEW KRAL"
26265,"MARCA",1665270,"DELL"
26265,"MARCA",1665271,"OX XTREME OVERCLOK"
26265,"MARCA",1665272,"TCREA"
26265,"MARCA",1665273,"EXIN"
26265,"MARCA",1665274,"LENOVO"
26265,"MARCA",1665275,"VASTEC"
26265,"MARCA",1665276,"HP"
26265,"MARCA",1665277,"SERVER GURU"
26265,"MARCA",1665278,"ADVANCE"
26265,"MARCA",1665279,"MSI"
26265,"MARCA",1665280,"FUJITSU"
26265,"MARCA",1665281,"HIPPOBOX"
26265,"MARCA",1665282,"KENYA"
26265,"MARCA",1665283,"HANDEEL"
26265,"MARCA",1665284,"TEXCOPER"
26265,"MARCA",1665285,"QUI-TECH"
26265,"MARCA",1665286,"CIBER"
26265,"MARCA",1665287,"INSOMED"
26265,"MARCA",1665288,"GCS"
26265,"MARCA",1665289,"SILVER VOLT"
26265,"MARCA",1665290,"RHINOBOX"
26265,"MARCA",1665291,"ALLWIYA"
26265,"MARCA",1665292,"M4X"
26265,"MARCA",1665293,"MAXTIC"
26265,"MARCA",1665294,"HUAWEI"
26265,"MARCA",1665295,"INVESTMENT & BUSINESS SMART SBI"
26265,"MARCA",4129642,"LIXWI"
26265,"MARCA",2149549,"PERBOX"
26265,"MARCA",3866545,"NIMBOX"
26265,"MARCA",4104513,"BUGUI(H)"
26265,"MARCA",2131849,"HTP PRO"
26265,"MARCA",2502075,"HG HALION"
26265,"MARCA",4052817,"MICRONICS"
26265,"MARCA",2906848,"KENYA TECHNOLOGY"
26265,"MARCA",1937431,"ARTEC"
26265,"MARCA",4136768,"SURCO"
26265,"MARCA",3755246,"H HANERT"
26265,"MARCA",4103471,"EBSAN"
26265,"MARCA",4319500,"QNT TECHNOLOGIES"
26265,"MARCA",1752527,"GROWTH HACK"
26265,"MARCA",1754477,"SIKER"
26265,"MARCA",4275364,"T ITED"
26265,"MARCA",1721327,"ZKT ECO"
26265,"MARCA",2611059,"WORLDLIFE"
26265,"MARCA",2022938,"JFA TECHNOLOGY"
26265,"MARCA",2023552,"ASUS"
26265,"MARCA",3731656,"VALHALLA"
26265,"MARCA",1739447,"HAITECH"
26265,"MARCA",4220362,"ROTEXOR"
26266,"MODELO",2622784,"TURING7 WS 14° GEN"
26266,"MODELO",2622786,"TURING7 WS 14° GEN"
26266,"MODELO",2622794,"TURING7 WS 14° GEN"
26266,"MODELO",2622799,"TURING7 WS 14° GEN"
26266,"MODELO",2622808,"TURING7 WS 14° GEN"
26266,"MODELO",2622811,"TURING7 WS 14° GEN"
26266,"MODELO",2622824,"TURING9 WS 14° GEN"
26266,"MODELO",2622826,"TURING9 WS 14° GEN"
26266,"MODELO",3969618,"THINKSTATION P2 TOWER GEN 2"
26266,"MODELO",2622772,"TURING7 WS 14° GEN"
26266,"MODELO",2622774,"TURING7 WS 14° GEN"
26266,"MODELO",2622796,"TURING7 WS 14° GEN"
26266,"MODELO",2622814,"TURING7 WS 14° GEN"
26266,"MODELO",2622820,"TURING9 WS 14° GEN"
26266,"MODELO",1974311,"PC-M3-2023"
26266,"MODELO",2747636,"TURING9 WS 14° GEN"
26266,"MODELO",2747673,"TURING9 WS 14° GEN"
26266,"MODELO",4073914,"W7TZ-71282S4TV24-WP-OH-WF"
26266,"MODELO",3759274,"EZENT S70"
26266,"MODELO",2622776,"TURING7 WS 14° GEN"
26266,"MODELO",2622789,"TURING7 WS 14° GEN"
26266,"MODELO",3721680,"LEGENDARY VIN72"
26266,"MODELO",2587432,"TURING9 WS 14° GEN"
26266,"MODELO",2587437,"TURING9 WS 14° GEN"
26266,"MODELO",2747600,"TURING9 WS 14° GEN"
26266,"MODELO",2747739,"TURING9 WS 14° GEN"
26266,"MODELO",2514564,"LEGENDARY TIN912"
26266,"MODELO",2622779,"TURING7 WS 14° GEN"
26266,"MODELO",2622792,"TURING7 WS 14° GEN"
26266,"MODELO",2622802,"TURING7 WS 14° GEN"
26266,"MODELO",2622818,"TURING9 WS 14° GEN"
26266,"MODELO",2622829,"TURING9 WS 14° GEN"
26266,"MODELO",1956023,"STATION PRO SR"
26266,"MODELO",2747939,"PRECISION 3680 MT"
26266,"MODELO",2565116,"WS9K13T-9322SV8-WP-OP-WF"
26266,"MODELO",3791462,"SUPREME-TWR"
26266,"MODELO",2587456,"TURING9 WS 14° GEN"
26266,"MODELO",2587461,"TURING9 WS 14° GEN"
26266,"MODELO",2587469,"TURING9 WS 14° GEN"
26266,"MODELO",2587472,"PRECISION WORKSTATION 7960"
26266,"MODELO",2587488,"PRECISION WORKSTATION 5860"
26266,"MODELO",2587489,"TURING9 WS 14° GEN"
26266,"MODELO",2747714,"TURING9 WS 14° GEN"
26266,"MODELO",2587401,"WARLOCK 713"
26266,"MODELO",2587526,"TURING7 WS 14° GEN"
26266,"MODELO",2587559,"TURING7 WS 14° GEN"
26266,"MODELO",2565421,"TURING9 WS 14° GEN"
26266,"MODELO",2565433,"TURING9 WS 14° GEN"
26266,"MODELO",1767606,"TUPAC PI"
26266,"MODELO",2587510,"TURING7 WS 14° GEN"
26266,"MODELO",2587519,"TURING7 WS 14° GEN"
26266,"MODELO",2587567,"WANX-13700-V12"
26266,"MODELO",2587645,"TURING7 WS 14° GEN"
26266,"MODELO",2587661,"TURING7 WS 14° GEN"
26266,"MODELO",2747843,"D901MDR"
26266,"MODELO",2587444,"TURING9 WS 14° GEN"
26266,"MODELO",2587495,"TURING7 WS 14° GEN"
26266,"MODELO",2587537,"TURING7 WS 14° GEN"
26266,"MODELO",2587669,"TURING7 WS 14° GEN"
26266,"MODELO",2587693,"TURING7 WS 14° GEN"
26266,"MODELO",2748133,"THINKSTATION P3 TOWER"
26266,"MODELO",2748145,"THINKSTATION P2 TOWER"
26266,"MODELO",2623562,"TURING9 WS 14° GEN"
26266,"MODELO",2623564,"TURING9 WS 14° GEN"
26266,"MODELO",2623566,"TURING9 WS 14° GEN"
26266,"MODELO",2623568,"TURING9 WS 14° GEN"
26266,"MODELO",2623572,"TURING9 WS 14° GEN"
26266,"MODELO",2623576,"TURING9 WS 14° GEN"
26266,"MODELO",2623578,"TURING9 WS 14° GEN"
26266,"MODELO",2623582,"TURING9 WS 14° GEN"
26266,"MODELO",2623596,"TURING9 WS 14° GEN"
26266,"MODELO",2623600,"TURING9 WS 14° GEN"
26266,"MODELO",2563112,"TURING7 WS 14° GEN"
26266,"MODELO",2563462,"TURING7 WS 14° GEN"
26266,"MODELO",2563487,"TURING7 WS 14° GEN"
26266,"MODELO",2441512,"W07IZMX22"
26266,"MODELO",2623560,"TURING9 WS 14° GEN"
26266,"MODELO",2623570,"TURING9 WS 14° GEN"
26266,"MODELO",2623586,"TURING9 WS 14° GEN"
26266,"MODELO",2623588,"TURING9 WS 14° GEN"
26266,"MODELO",2623590,"TURING9 WS 14° GEN"
26266,"MODELO",2623592,"TURING9 WS 14° GEN"
26266,"MODELO",2623594,"TURING9 WS 14° GEN"
26266,"MODELO",2623598,"TURING9 WS 14° GEN"
26266,"MODELO",2623604,"TURING9 WS 14° GEN"
26266,"MODELO",2564184,"TURING7 WS 14° GEN"
26266,"MODELO",2623574,"TURING9 WS 14° GEN"
26266,"MODELO",2623580,"TURING9 WS 14° GEN"
26266,"MODELO",2623584,"TURING9 WS 14° GEN"
26266,"MODELO",2623602,"TURING9 WS 14° GEN"
26266,"MODELO",4231367,"MDP2605I8O4WP"
26266,"MODELO",2782691,"FORTIN-13400"
26266,"MODELO",1998548,"GENWORK WS90"
26266,"MODELO",1760567,"HP Z2 G9 TOWER WORKSTATION+"
26266,"MODELO",1806359,"RAIZE"
26266,"MODELO",4231744,"ENTERPRISE X2"
26266,"MODELO",4123329,"N80"
26266,"MODELO",2771787,"TURING9 WS 14° GEN"
26266,"MODELO",2790663,"ALLWASF24BPRRR"
26266,"MODELO",2564731,"TURING7 WS 14° GEN"
26266,"MODELO",2564888,"TURING9 WS 14° GEN"
26266,"MODELO",2771896,"TURING9 WS 14° GEN"
26266,"MODELO",2771925,"TURING9 WS 14° GEN"
26266,"MODELO",4051752,"W7TZ-71282S4TV16-WP-OH-WF"
26266,"MODELO",4054966,"W7TZ-7641SV16-WP-OH-WF-1K"
26266,"MODELO",2771943,"TURING9 WS 14° GEN"
26266,"MODELO",2771949,"TURING9 WS 14° GEN"
26266,"MODELO",2771964,"TURING9 WS 14° GEN"
26266,"MODELO",2771968,"TURING9 WS 14° GEN"
26266,"MODELO",1839964,"VELOX"
26266,"MODELO",2771888,"TURING9 WS 14° GEN"
26266,"MODELO",2771957,"TURING9 WS 14° GEN"
26266,"MODELO",2772054,"TURING9 WS 14° GEN"
26266,"MODELO",2772064,"TURING9 WS 14° GEN"
26266,"MODELO",4106979,"MASTER TEAM 7GXIV"
26266,"MODELO",2771882,"TURING9 WS 14° GEN"
26266,"MODELO",2771915,"TURING9 WS 14° GEN"
26266,"MODELO",2772069,"TURING9 WS 14° GEN"
26266,"MODELO",2772077,"TURING9 WS 14° GEN"
26266,"MODELO",2772082,"TURING9 WS 14° GEN"
26266,"MODELO",4106982,"MASTER LINE U7-S2 352"
26266,"MODELO",2771954,"TURING9 WS 14° GEN"
26266,"MODELO",2772139,"TURING9 WS 14° GEN"
26266,"MODELO",2772175,"TURING9 WS 14° GEN"
26266,"MODELO",2772201,"TURING9 WS 14° GEN"
26266,"MODELO",2771960,"TURING9 WS 14° GEN"
26266,"MODELO",2772216,"TURING9 WS 14° GEN"
26266,"MODELO",2772228,"TURING9 WS 14° GEN"
26266,"MODELO",2772232,"TURING9 WS 14° GEN"
26266,"MODELO",2772239,"TURING9 WS 14° GEN"
26266,"MODELO",4319708,"TU"
26266,"MODELO",3141666,"THINKSTATION P3 ULTRA SFF"
26266,"MODELO",2634640,"PF2702-K"
26266,"MODELO",2631190,"THINKSTATION P3 ULTRA"
26266,"MODELO",3923712,"HP Z2 MINI G1I WORKSTATION"
26266,"MODELO",2734932,"TURING9 WS 14° GEN"
26266,"MODELO",3760819,"PROWORK WS70"
26266,"MODELO",4319625,"BORRAR LUEGO"
26266,"MODELO",2508991,"VISSION VO7960"
26266,"MODELO",3923659,"HP Z2 TOWER G1I WORKSTATION"
26266,"MODELO",2490540,"SMART PLATINUM 14900K"
26266,"MODELO",2490476,"SMART PLATINUM 14700K"
26266,"MODELO",2552619,"WARLOCK 317K"
26266,"MODELO",3730528,"TURING7 WS 14° GEN"
26266,"MODELO",3730551,"TURING7 WS 14° GEN"
26266,"MODELO",2802014,"THINKSTATION P3 TOWER"
26266,"MODELO",3793999,"TURING7 WS ULTRA"
26266,"MODELO",1798132,"WORKSTATION002GCSCI912900SOP"
26266,"MODELO",1798156,"WORKSTATION005GCSCI912900KF"
26266,"MODELO",2770430,"TURING7 WS 14° GEN"
26266,"MODELO",2770820,"TURING7 WS 14° GEN"
26266,"MODELO",2770835,"TURING7 WS 14° GEN"
26266,"MODELO",3732440,"TURING9 WS 14° GEN"
26266,"MODELO",3761113,"TURING9 WS ULTRA"
26266,"MODELO",3761137,"TURING9 WS ULTRA"
26266,"MODELO",1750117,"STATION PRO FLASH 12900K"
26266,"MODELO",4078946,"PRO WP9060"
26266,"MODELO",2770537,"TURING7 WS 14° GEN"
26266,"MODELO",2770862,"TURING7 WS 14° GEN"
26266,"MODELO",2770867,"TURING7 WS 14° GEN"
26266,"MODELO",3732479,"TURING7 WS 14° GEN"
26266,"MODELO",2772899,"ALLWASF24UFHYW"
26266,"MODELO",1787824,"WORKSTATION001GCSCI912900"
26266,"MODELO",2770639,"TURING7 WS 14° GEN"
26266,"MODELO",2770677,"TURING7 WS 14° GEN"
26266,"MODELO",3732541,"TURING9 WS 14° GEN"
26266,"MODELO",3732577,"TURING9 WS 14° GEN"
26266,"MODELO",2770668,"TURING7 WS 14° GEN"
26266,"MODELO",2770792,"TURING7 WS 14° GEN"
26266,"MODELO",2770811,"TURING7 WS 14° GEN"
26266,"MODELO",2770839,"TURING7 WS 14° GEN"
26266,"MODELO",2770875,"TURING7 WS 14° GEN"
26266,"MODELO",2770883,"TURING7 WS 14° GEN"
26266,"MODELO",3761075,"TURING9 WS ULTRA"
26266,"MODELO",3761223,"TURING9 WS ULTRA"
26266,"MODELO",2622659,"TURING7 WS 14° GEN"
26266,"MODELO",2622665,"TURING7 WS 14° GEN"
26266,"MODELO",2622671,"TURING7 WS 14° GEN"
26266,"MODELO",2622676,"TURING7 WS 14° GEN"
26266,"MODELO",2770847,"TURING7 WS 14° GEN"
26266,"MODELO",2770855,"TURING7 WS 14° GEN"
26266,"MODELO",3732454,"TURING9 WS 14° GEN"
26266,"MODELO",3732739,"TURING9 WS 14° GEN"
26266,"MODELO",3761152,"TURING9 WS ULTRA"
26266,"MODELO",3919871,"ALL25WAIU7773"
26266,"MODELO",2030873,"D700TD"
26266,"MODELO",2622670,"TURING7 WS 14° GEN"
26266,"MODELO",1998551,"GENWORK DT90"
26266,"MODELO",3732552,"TURING7 WS 14° GEN"
26266,"MODELO",2622714,"TURING7 WS 14° GEN"
26266,"MODELO",2622719,"TURING7 WS 14° GEN"
26266,"MODELO",2622729,"TURING7 WS 14° GEN"
26266,"MODELO",2771025,"TURING7 WS 14° GEN"
26266,"MODELO",2771030,"TURING7 WS 14° GEN"
26266,"MODELO",2771036,"TURING7 WS 14° GEN"
26266,"MODELO",2771056,"TURING7 WS 14° GEN"
26266,"MODELO",2771079,"TURING7 WS 14° GEN"
26266,"MODELO",1729629,"THINKSTATION P360 ULTRA"
26266,"MODELO",3732469,"TURING7 WS 14° GEN"
26266,"MODELO",3732492,"TURING7 WS 14° GEN"
26266,"MODELO",3732517,"TURING9 WS 14° GEN"
26266,"MODELO",3732565,"TURING9 WS 14° GEN"
26266,"MODELO",3732764,"TURING9 WS 14° GEN"
26266,"MODELO",2622685,"TURING7 WS 14° GEN"
26266,"MODELO",2622724,"TURING7 WS 14° GEN"
26266,"MODELO",2771032,"TURING7 WS 14° GEN"
26266,"MODELO",2771094,"TURING7 WS 14° GEN"
26266,"MODELO",1998558,"STATION FS9"
26266,"MODELO",3732503,"TURING7 WS 14° GEN"
26266,"MODELO",3761360,"GIGAN - G54"
26266,"MODELO",2557030,"ARMADA RL"
26266,"MODELO",2557039,"COMMANDER RL"
26266,"MODELO",2589593,"TURING7 WS 14° GEN"
26266,"MODELO",2538911,"WARLOCK 713K"
26266,"MODELO",2770094,"TURING9 WS 14° GEN"
26266,"MODELO",2770096,"TURING9 WS 14° GEN"
26266,"MODELO",2770098,"TURING9 WS 14° GEN"
26266,"MODELO",2770109,"TURING9 WS 14° GEN"
26266,"MODELO",2770111,"TURING9 WS 14° GEN"
26266,"MODELO",2770113,"TURING9 WS 14° GEN"
26266,"MODELO",2770115,"TURING9 WS 14° GEN"
26266,"MODELO",2770117,"TURING9 WS 14° GEN"
26266,"MODELO",2770121,"TURING9 WS 14° GEN"
26266,"MODELO",2770123,"TURING9 WS 14° GEN"
26266,"MODELO",2770125,"TURING9 WS 14° GEN"
26266,"MODELO",2770127,"TURING9 WS 14° GEN"
26266,"MODELO",2770133,"TURING9 WS 14° GEN"
26266,"MODELO",2773601,"0"
26266,"MODELO",2770092,"TURING9 WS 14° GEN"
26266,"MODELO",2770131,"TURING9 WS 14° GEN"
26266,"MODELO",2770135,"TURING9 WS 14° GEN"
26266,"MODELO",2770137,"TURING9 WS 14° GEN"
26266,"MODELO",2770139,"TURING9 WS 14° GEN"
26266,"MODELO",2770144,"TURING9 WS 14° GEN"
26266,"MODELO",2770146,"TURING9 WS 14° GEN"
26266,"MODELO",2770154,"TURING9 WS 14° GEN"
26266,"MODELO",2770156,"TURING9 WS 14° GEN"
26266,"MODELO",2770158,"TURING9 WS 14° GEN"
26266,"MODELO",2770162,"TURING9 WS 14° GEN"
26266,"MODELO",2770166,"TURING9 WS 14° GEN"
26266,"MODELO",2770168,"TURING9 WS 14° GEN"
26266,"MODELO",2770172,"TURING9 WS 14° GEN"
26266,"MODELO",2770174,"TURING9 WS 14° GEN"
26266,"MODELO",2770176,"TURING9 WS 14° GEN"
26266,"MODELO",2770178,"TURING9 WS 14° GEN"
26266,"MODELO",2770182,"TURING9 WS 14° GEN"
26266,"MODELO",2770184,"TURING9 WS 14° GEN"
26266,"MODELO",2770189,"TURING9 WS 14° GEN"
26266,"MODELO",2770200,"TURING7 WS 14° GEN"
26266,"MODELO",2770088,"TURING9 WS 14° GEN"
26266,"MODELO",2770107,"TURING9 WS 14° GEN"
26266,"MODELO",2770148,"TURING9 WS 14° GEN"
26266,"MODELO",2770150,"TURING9 WS 14° GEN"
26266,"MODELO",2770180,"TURING9 WS 14° GEN"
26266,"MODELO",2770192,"TURING9 WS 14° GEN"
26266,"MODELO",2770194,"TURING9 WS 14° GEN"
26266,"MODELO",2770196,"TURING9 WS 14° GEN"
26266,"MODELO",2770202,"TURING7 WS 14° GEN"
26266,"MODELO",2770283,"TURING7 WS 14° GEN"
26266,"MODELO",2770287,"TURING7 WS 14° GEN"
26266,"MODELO",2770186,"TURING9 WS 14° GEN"
26266,"MODELO",2770275,"TURING7 WS 14° GEN"
26266,"MODELO",2770357,"TURING7 WS 14° GEN"
26266,"MODELO",2770379,"TURING7 WS 14° GEN"
26266,"MODELO",2778898,"PRO WO8960"
26266,"MODELO",2622832,"TURING9 WS 14° GEN"
26266,"MODELO",2622878,"TURING9 WS 14° GEN"
26266,"MODELO",2622886,"TURING9 WS 14° GEN"
26266,"MODELO",2622895,"TURING9 WS 14° GEN"
26266,"MODELO",2622898,"TURING9 WS 14° GEN"
26266,"MODELO",2622914,"TURING9 WS 14° GEN"
26266,"MODELO",2622917,"TURING9 WS 14° GEN"
26266,"MODELO",2562288,"TURING9 WS 14° GEN"
26266,"MODELO",2642621,"TURING7 WS 14° GEN"
26266,"MODELO",2642627,"TURING7 WS 14° GEN"
26266,"MODELO",2642629,"TURING7 WS 14° GEN"
26266,"MODELO",2642631,"TURING7 WS 14° GEN"
26266,"MODELO",2642635,"TURING7 WS 14° GEN"
26266,"MODELO",2642639,"TURING7 WS 14° GEN"
26266,"MODELO",2642643,"TURING7 WS 14° GEN"
26266,"MODELO",2642657,"TURING7 WS 14° GEN"
26266,"MODELO",2642685,"TURING7 WS 14° GEN"
26266,"MODELO",2642687,"TURING7 WS 14° GEN"
26266,"MODELO",2642691,"TURING7 WS 14° GEN"
26266,"MODELO",2642693,"TURING7 WS 14° GEN"
26266,"MODELO",2642697,"TURING7 WS 14° GEN"
26266,"MODELO",2642701,"TURING7 WS 14° GEN"
26266,"MODELO",2642707,"TURING7 WS 14° GEN"
26266,"MODELO",2642709,"TURING7 WS 14° GEN"
26266,"MODELO",2642711,"TURING7 WS 14° GEN"
26266,"MODELO",2642713,"TURING7 WS 14° GEN"
26266,"MODELO",2642715,"TURING7 WS 14° GEN"
26266,"MODELO",2642717,"TURING7 WS 14° GEN"
26266,"MODELO",2623299,"TURING9 WS 14° GEN"
26266,"MODELO",2623305,"TURING9 WS 14° GEN"
26266,"MODELO",2623311,"TURING9 WS 14° GEN"
26266,"MODELO",2623318,"TURING7 WS 14° GEN"
26266,"MODELO",2623322,"TURING7 WS 14° GEN"
26266,"MODELO",2623334,"TURING7 WS 14° GEN"
26266,"MODELO",2623343,"TURING7 WS 14° GEN"
26266,"MODELO",2623345,"TURING7 WS 14° GEN"
26266,"MODELO",2623349,"TURING7 WS 14° GEN"
26266,"MODELO",2623353,"TURING7 WS 14° GEN"
26266,"MODELO",2623357,"TURING7 WS 14° GEN"
26266,"MODELO",2623359,"TURING7 WS 14° GEN"
26266,"MODELO",2623361,"TURING7 WS 14° GEN"
26266,"MODELO",2623363,"TURING7 WS 14° GEN"
26266,"MODELO",2623368,"TURING7 WS 14° GEN"
26266,"MODELO",2623372,"TURING7 WS 14° GEN"
26266,"MODELO",2623374,"TURING7 WS 14° GEN"
26266,"MODELO",2623380,"TURING7 WS 14° GEN"
26266,"MODELO",2588674,"PIR"
26266,"MODELO",4229411,"PRO WP5690"
26266,"MODELO",2622841,"TURING9 WS 14° GEN"
26266,"MODELO",2622849,"TURING9 WS 14° GEN"
26266,"MODELO",2622852,"TURING9 WS 14° GEN"
26266,"MODELO",2622857,"TURING9 WS 14° GEN"
26266,"MODELO",2622864,"TURING9 WS 14° GEN"
26266,"MODELO",2622875,"TURING9 WS 14° GEN"
26266,"MODELO",2622890,"TURING9 WS 14° GEN"
26266,"MODELO",2622900,"TURING9 WS 14° GEN"
26266,"MODELO",2622904,"TURING9 WS 14° GEN"
26266,"MODELO",2622907,"TURING9 WS 14° GEN"
26266,"MODELO",2622909,"TURING9 WS 14° GEN"
26266,"MODELO",2622912,"TURING9 WS 14° GEN"
26266,"MODELO",4227074,"MAD-ULTRA7"
26266,"MODELO",2562267,"TURING9 WS 14° GEN"
26266,"MODELO",2562284,"TURING9 WS 14° GEN"
26266,"MODELO",2642641,"TURING7 WS 14° GEN"
26266,"MODELO",2642647,"TURING7 WS 14° GEN"
26266,"MODELO",2642661,"TURING7 WS 14° GEN"
26266,"MODELO",2642663,"TURING7 WS 14° GEN"
26266,"MODELO",2642670,"TURING7 WS 14° GEN"
26266,"MODELO",2642674,"TURING7 WS 14° GEN"
26266,"MODELO",2642679,"TURING7 WS 14° GEN"
26266,"MODELO",2642681,"TURING7 WS 14° GEN"
26266,"MODELO",2642683,"TURING7 WS 14° GEN"
26266,"MODELO",2642689,"TURING7 WS 14° GEN"
26266,"MODELO",2642699,"TURING7 WS 14° GEN"
26266,"MODELO",2642703,"TURING7 WS 14° GEN"
26266,"MODELO",2642705,"TURING7 WS 14° GEN"
26266,"MODELO",2642719,"TURING7 WS 14° GEN"
26266,"MODELO",2630133,"TURING9 WS 14° GEN"
26266,"MODELO",2021313,"EI 139 MTF"
26266,"MODELO",4148511,"W7TI9F746-Z"
26266,"MODELO",2622836,"TURING9 WS 14° GEN"
26266,"MODELO",2622861,"TURING9 WS 14° GEN"
26266,"MODELO",2622866,"TURING9 WS 14° GEN"
26266,"MODELO",2622870,"TURING9 WS 14° GEN"
26266,"MODELO",2642672,"TURING7 WS 14° GEN"
26266,"MODELO",2642677,"TURING7 WS 14° GEN"
26266,"MODELO",2623301,"TURING9 WS 14° GEN"
26266,"MODELO",2623303,"TURING9 WS 14° GEN"
26266,"MODELO",2623307,"TURING9 WS 14° GEN"
26266,"MODELO",2623309,"TURING9 WS 14° GEN"
26266,"MODELO",2623316,"TURING9 WS 14° GEN"
26266,"MODELO",2623320,"TURING7 WS 14° GEN"
26266,"MODELO",2623325,"TURING7 WS 14° GEN"
26266,"MODELO",2623331,"TURING7 WS 14° GEN"
26266,"MODELO",2623339,"TURING7 WS 14° GEN"
26266,"MODELO",2623370,"TURING7 WS 14° GEN"
26266,"MODELO",2623376,"TURING7 WS 14° GEN"
26266,"MODELO",2623378,"TURING7 WS 14° GEN"
26266,"MODELO",2589403,"TURING9 WS 14° GEN"
26266,"MODELO",2778706,"PRO WO8760"
26266,"MODELO",2622845,"TURING9 WS 14° GEN"
26266,"MODELO",2622882,"TURING9 WS 14° GEN"
26266,"MODELO",2642667,"TURING7 WS 14° GEN"
26266,"MODELO",2642695,"TURING7 WS 14° GEN"
26266,"MODELO",2894544,"SMART PLATINUM 13700"
26266,"MODELO",2589299,"TURING9 WS 14° GEN"
26266,"MODELO",4227433,"MDP2605YJ9B1C"
26266,"MODELO",2642951,"TURING7 WS 14° GEN"
26266,"MODELO",2642959,"TURING7 WS 14° GEN"
26266,"MODELO",2642967,"TURING7 WS 14° GEN"
26266,"MODELO",2642982,"TURING7 WS 14° GEN"
26266,"MODELO",2642987,"TURING7 WS 14° GEN"
26266,"MODELO",2642994,"TURING7 WS 14° GEN"
26266,"MODELO",2643002,"TURING7 WS 14° GEN"
26266,"MODELO",3379444,"PRECISION WORKSTATION 586"
26266,"MODELO",4227394,"MDP2605S8O4G6"
26266,"MODELO",4227432,"11658.9"
26266,"MODELO",4227441,"SVGUM6V12R64-D5-OP"
26266,"MODELO",2642988,"TURING7 WS 14° GEN"
26266,"MODELO",2643027,"TURING7 WS 14° GEN"
26266,"MODELO",2643030,"TURING7 WS 14° GEN"
26266,"MODELO",2643037,"TURING7 WS 14° GEN"
26266,"MODELO",2643042,"TURING7 WS 14° GEN"
26266,"MODELO",2643049,"TURING7 WS 14° GEN"
26266,"MODELO",2643054,"TURING7 WS 14° GEN"
26266,"MODELO",2643061,"TURING9 WS 14° GEN"
26266,"MODELO",2643066,"TURING9 WS 14° GEN"
26266,"MODELO",2643068,"TURING9 WS 14° GEN"
26266,"MODELO",2643070,"TURING9 WS 14° GEN"
26266,"MODELO",4117289,"EI 149 MT"
26266,"MODELO",2642976,"TURING7 WS 14° GEN"
26266,"MODELO",2643011,"TURING7 WS 14° GEN"
26266,"MODELO",2651964,"TURING7 WS 14° GEN"
26266,"MODELO",2651968,"TURING7 WS 14° GEN"
26266,"MODELO",2589655,"TURING7 WS 14° GEN"
26266,"MODELO",2589664,"TURING7 WS 14° GEN"
26266,"MODELO",2769454,"TURING9 WS 14° GEN"
26266,"MODELO",2769460,"TURING9 WS 14° GEN"
26266,"MODELO",2651948,"TURING7 WS 14° GEN"
26266,"MODELO",4223695,"MDP2605ZI8J9Z"
26266,"MODELO",3719430,"LEGENDARY VIN52"
26266,"MODELO",2652104,"TURING7 WS 14° GEN"
26266,"MODELO",2652106,"TURING7 WS 14° GEN"
26266,"MODELO",2652110,"TURING7 WS 14° GEN"
26266,"MODELO",2652114,"TURING7 WS 14° GEN"
26266,"MODELO",2652121,"TURING7 WS 14° GEN"
26266,"MODELO",2652124,"TURING7 WS 14° GEN"
26266,"MODELO",2645488,"TURING9 WS 14° GEN"
26266,"MODELO",3141565,"THINKSTATION P3 TINY"
26266,"MODELO",2588497,"PIRAMIX-13900-V4"
26266,"MODELO",2651959,"TURING7 WS 14° GEN"
26266,"MODELO",2652195,"TURING7 WS 14° GEN"
26266,"MODELO",2652212,"TURING7 WS 14° GEN"
26266,"MODELO",2652221,"TURING7 WS 14° GEN"
26266,"MODELO",2558932,"GIGAN-W5"
26266,"MODELO",2558934,"GIGAN-W52"
26266,"MODELO",2652116,"TURING7 WS 14° GEN"
26266,"MODELO",2652203,"TURING7 WS 14° GEN"
26266,"MODELO",4223877,"MDP2605B1O4WP"
26266,"MODELO",2566007,"TURING9 WS 14° GEN"
26266,"MODELO",2652102,"TURING7 WS 14° GEN"
26266,"MODELO",2652108,"TURING7 WS 14° GEN"
26266,"MODELO",2652118,"TURING7 WS 14° GEN"
26266,"MODELO",2652311,"TURING7 WS 14° GEN"
26266,"MODELO",4223757,"MDP2605UI8J9S"
26266,"MODELO",1763439,"MDP2302O4Q6L1"
26266,"MODELO",2565999,"TURING9 WS 14° GEN"
26266,"MODELO",3732778,"TURING7 WS 14° GEN"
26266,"MODELO",2534811,"OBI7-11700-12"
26266,"MODELO",2534840,"LEGENDARY TI"
26266,"MODELO",3967866,"ULTRAHT"
26266,"MODELO",3756063,"TURING7 WS ULTRA"
26266,"MODELO",3756065,"TURING7 WS ULTRA"
26266,"MODELO",3756089,"TURING7 WS ULTRA"
26266,"MODELO",3756105,"TURING7 WS ULTRA"
26266,"MODELO",3756112,"TURING7 WS ULTRA"
26266,"MODELO",1902138,"THINKCENTRE M70S GEN 4"
26266,"MODELO",3732863,"SMART PLATINUM 285K"
26266,"MODELO",2623429,"TURING7 WS 14° GEN"
26266,"MODELO",2623434,"TURING7 WS 14° GEN"
26266,"MODELO",3756067,"TURING7 WS ULTRA"
26266,"MODELO",3749960,"PRO WP9580"
26266,"MODELO",2587699,"TURING7 WS 14° GEN"
26266,"MODELO",2769253,"TURING7 WS 14° GEN"
26266,"MODELO",2769255,"TURING7 WS 14° GEN"
26266,"MODELO",2769259,"TURING7 WS 14° GEN"
26266,"MODELO",2769267,"TURING7 WS 14° GEN"
26266,"MODELO",2769271,"TURING9 WS 14° GEN"
26266,"MODELO",2769275,"TURING9 WS 14° GEN"
26266,"MODELO",2769281,"TURING9 WS 14° GEN"
26266,"MODELO",2769287,"TURING9 WS 14° GEN"
26266,"MODELO",2769293,"TURING9 WS 14° GEN"
26266,"MODELO",2769299,"TURING9 WS 14° GEN"
26266,"MODELO",2769301,"TURING9 WS 14° GEN"
26266,"MODELO",2587677,"TURING7 WS 14° GEN"
26266,"MODELO",3732753,"TURING9 WS 14° GEN"
26266,"MODELO",2769263,"TURING7 WS 14° GEN"
26266,"MODELO",2769273,"TURING9 WS 14° GEN"
26266,"MODELO",2769277,"TURING9 WS 14° GEN"
26266,"MODELO",2769291,"TURING9 WS 14° GEN"
26266,"MODELO",4149735,"W7TI9FK945-Z"
26266,"MODELO",3923114,"HP Z1 TOWER G1I DESKTOP PC"
26266,"MODELO",2769297,"TURING9 WS 14° GEN"
26266,"MODELO",2769303,"TURING9 WS 14° GEN"
26266,"MODELO",2893438,"TURING9 WS 14° GEN"
26266,"MODELO",3880453,"3616GWSI9V213"
26266,"MODELO",2630123,"TURING9 WS 14° GEN"
26266,"MODELO",2555379,"WS7K13T-71284SV16-WP-OP-D"
26266,"MODELO",4128997,"W7TI7F615B-Z"
26266,"MODELO",2532998,"LEGENDARY TIN913"
26266,"MODELO",4078810,"PRO WO9060"
26266,"MODELO",4073024,"THINKSTATION P3 TOWER GEN 2"
26266,"MODELO",2565405,"TURING9 WS 14° GEN"
26266,"MODELO",2565501,"TURING9 WS 14° GEN"
26266,"MODELO",2533037,"W19IZMX1D"
26266,"MODELO",2515027,"W27JZF16B4"
26266,"MODELO",4112818,"HP Z2 MINI G1A WORKSTATION"
26266,"MODELO",4112865,"MASTER TEAM U7-S2"
26266,"MODELO",3761776,"TURING9 WS ULTRA"
26266,"MODELO",2795861,"RAE5-12400"
26266,"MODELO",3761822,"TURING9 WS ULTRA"
26266,"MODELO",3759009,"TURING7 WS ULTRA"
26266,"MODELO",2143536,"OBI7-11700-V4"
26266,"MODELO",2143565,"OBI7-11700-V8"
26266,"MODELO",2644260,"TURING9 WS 14° GEN"
26266,"MODELO",2644263,"TURING9 WS 14° GEN"
26266,"MODELO",2644267,"TURING9 WS 14° GEN"
26266,"MODELO",2644274,"TURING9 WS 14° GEN"
26266,"MODELO",2644276,"TURING9 WS 14° GEN"
26266,"MODELO",2644286,"TURING9 WS 14° GEN"
26266,"MODELO",2644288,"TURING9 WS 14° GEN"
26266,"MODELO",2644290,"TURING9 WS 14° GEN"
26266,"MODELO",2644296,"TURING9 WS 14° GEN"
26266,"MODELO",2644309,"TURING9 WS 14° GEN"
26266,"MODELO",2644312,"TURING9 WS 14° GEN"
26266,"MODELO",2747060,"TURING7 WS 14° GEN"
26266,"MODELO",2747099,"TURING9 WS 14° GEN"
26266,"MODELO",3758980,"TURING7 WS ULTRA"
26266,"MODELO",2644323,"TURING9 WS 14° GEN"
26266,"MODELO",3307267,"STATION PRO AL"
26266,"MODELO",3758995,"TURING7 WS ULTRA"
26266,"MODELO",2644268,"TURING9 WS 14° GEN"
26266,"MODELO",2644317,"TURING9 WS 14° GEN"
26266,"MODELO",2747070,"TURING7 WS 14° GEN"
26266,"MODELO",1835665,"HP Z1 G9 TOWER DESKTOP PC"
26266,"MODELO",2563213,"TURING7 WS 14° GEN"
26266,"MODELO",2563768,"TURING7 WS 14° GEN"
26266,"MODELO",3759822,"TURING9 WS ULTRA"
26266,"MODELO",2644301,"TURING9 WS 14° GEN"
26266,"MODELO",2747112,"TURING9 WS 14° GEN"
26266,"MODELO",2747198,"TURING7 WS 14° GEN"
26266,"MODELO",3759745,"TURING7 WS ULTRA"
26266,"MODELO",3759800,"TURING9 WS ULTRA"
26266,"MODELO",2143650,"OBI7-11700-V12"
26266,"MODELO",2644265,"TURING9 WS 14° GEN"
26266,"MODELO",2644270,"TURING9 WS 14° GEN"
26266,"MODELO",2644272,"TURING9 WS 14° GEN"
26266,"MODELO",2644278,"TURING9 WS 14° GEN"
26266,"MODELO",2644280,"TURING9 WS 14° GEN"
26266,"MODELO",2644284,"TURING9 WS 14° GEN"
26266,"MODELO",2747083,"TURING7 WS 14° GEN"
26266,"MODELO",2747205,"TURING7 WS 14° GEN"
26266,"MODELO",2747227,"TURING7 WS 14° GEN"
26266,"MODELO",1665297,"SMH7GMW4VA203P"
26266,"MODELO",1665298,"SMH7ZMW4VA20EW"
26266,"MODELO",1665299,"THINKSTATION P350"
26266,"MODELO",1665300,"WVH0X1YVC5M"
26266,"MODELO",1665301,"WAYRA BP"
26266,"MODELO",1665302,"HP Z1 TOWER G8"
26266,"MODELO",1665303,"MASTER TEAM G9 X"
26266,"MODELO",1665304,"CELCIUS W5010"
26266,"MODELO",1665305,"CELSIUS W5010"
26266,"MODELO",1665306,"MASTER"
26266,"MODELO",1665307,"THINKSTATION  P360 TOWER"
26266,"MODELO",1665308,"SZL7XMBTUDV03Q"
26266,"MODELO",1665309,"SZH9WTBTIDV02L"
26266,"MODELO",1665310,"PUM-WDH9A"
26266,"MODELO",1665311,"THINKSTATION 340 TORRE"
26266,"MODELO",1665312,"THINKSTATION  P340 TORRE"
26266,"MODELO",1665313,"9364I9X1188"
26266,"MODELO",1665314,"MASTER LINE  GX 120"
26266,"MODELO",1665315,"TUPAC AI"
26266,"MODELO",1665316,"MASTER TEAM XII 700K"
26266,"MODELO",1665317,"I7BASE0"
26266,"MODELO",1665318,"PRECISION 3460 SFF"
26266,"MODELO",1665319,"SML7GMWRVA206R"
26266,"MODELO",1665320,"SMH7GMW4VA203F"
26266,"MODELO",1665321,"SMH7GMW5VA2065"
26266,"MODELO",1665322,"9364I9X1184"
26266,"MODELO",1665323,"PCALLCF0948"
26266,"MODELO",1665324,"WVL0X21VC57"
26266,"MODELO",1665325,"STATION PRO X OC"
26266,"MODELO",1665326,"WV00X1WVC46"
26266,"MODELO",1665327,"SZH9WTBTIVV01U"
26266,"MODELO",1665328,"PANGUBZ-W5821N"
26266,"MODELO",1665329,"WAYRA BI"
26266,"MODELO",1665330,"KAMAY"
26266,"MODELO",1665331,"PANGUBZ-W7851"
26266,"MODELO",1665332,"PANGUBZ-W7651"
26266,"MODELO",1665333,"PCALLCF0750"
26266,"MODELO",1665334,"STATION PRO XII"
26266,"MODELO",1665335,"SMH7GMW5VA205G"
26266,"MODELO",1665336,"MASTER TEAM XII 900K"
26266,"MODELO",1665337,"SZL7XTBRIDV039"
26266,"MODELO",1665338,"HP Z1 TOWER G6"
26266,"MODELO",1665339,"HP Z6 G4  WORKSTATION"
26266,"MODELO",1665340,"RAMI7"
26266,"MODELO",1665341,"LEGENDARY X PRO"
26266,"MODELO",1665342,"I7BASERAM"
26266,"MODELO",1665343,"LEGENDARY PRO G7"
26266,"MODELO",1665344,"PRECISION 5820"
26266,"MODELO",1665345,"07ES3BX07-3"
26266,"MODELO",1665346,"HP Z8 WORKSTATION G4"
26266,"MODELO",2563142,"TURING7 WS 14° GEN"
26266,"MODELO",2563202,"TURING7 WS 14° GEN"
26266,"MODELO",2564863,"TURING7 WS 14° GEN"
26266,"MODELO",2565309,"WANX-13700-V8"
26266,"MODELO",1798173,"WORKSTATION007GCSCI912900KS"
26266,"MODELO",1798191,"WORKSTATION0010GCSCI913900KSOP"
26266,"MODELO",1798196,"WORKSTATION0011GCSCI913900KF"
26266,"MODELO",2644282,"TURING9 WS 14° GEN"
26266,"MODELO",2747292,"TURING9 WS 14° GEN"
26266,"MODELO",2747302,"TURING9 WS 14° GEN"
26266,"MODELO",2747316,"TURING7 WS 14° GEN"
26266,"MODELO",1665347,"SMH9YMW4VA20KH"
26266,"MODELO",1665348,"STATION PRO-XE"
26266,"MODELO",1665349,"THINKSTATION P620"
26266,"MODELO",1665350,"WV0VX23VC35I"
26266,"MODELO",1665351,"THINKSTATION P360 TOWER"
26266,"MODELO",1665352,"HP WORKSTATION Z2 G5 SFF"
26266,"MODELO",1665353,"ARMADA G9"
26266,"MODELO",1665354,"ARMADA GX"
26266,"MODELO",1665355,"WV09GT704VA008"
26266,"MODELO",1665356,"WORKSTATION"
26266,"MODELO",1665357,"SATION PRO XI"
26266,"MODELO",1665358,"HP Z2 MINI G5 WORKSTATION"
26266,"MODELO",1665359,"PRECISION WORKSTATION 7820"
26266,"MODELO",1665360,"THINKSTATION  P330 TOWER"
26266,"MODELO",1665361,"THINKSTATION  P330 TOWER"
26266,"MODELO",1665362,"THINKSTATION  P330 TOWER"
26266,"MODELO",1665363,"THINKSTATION  P330 TOWER"
26266,"MODELO",1665364,"THINKSTATION  P330 TOWER"
26266,"MODELO",1665365,"THINKSTATION  P330 TOWER"
26266,"MODELO",1665366,"THINKSTATION  P330 TOWER"
26266,"MODELO",1665367,"THINKSTATION  P330 TOWER"
26266,"MODELO",1665368,"THINKSTATION  P330 TOWER"
26266,"MODELO",1665369,"THINKSTATION  P330 TOWER"
26266,"MODELO",1665370,"TUPAC X9"
26266,"MODELO",1665371,"WORKSTATION 9500"
26266,"MODELO",1665372,"TUPAC XX"
26266,"MODELO",1665373,"TUPAC TX"
26266,"MODELO",1665374,"HIGH END I7"
26266,"MODELO",1665375,"500013EW19"
26266,"MODELO",1665376,"WORKSTATION 9500 TOWER"
26266,"MODELO",1665377,"ENTERPRISE 9500 TORRE"
26266,"MODELO",1665378,"TUPAC T9"
26266,"MODELO",1665379,"500191HB19"
26266,"MODELO",1665380,"550067HB19"
26266,"MODELO",1665381,"50019HB19"
26266,"MODELO",1665382,"HPC SYS"
26266,"MODELO",1665383,"550067EW19"
26266,"MODELO",1665384,"THINKSTATION  P330 TOWER"
26266,"MODELO",1665385,"PRECISION 3431 SFF"
26266,"MODELO",1665386,"PRECISION WORKSTATION 3431 SFF"
26266,"MODELO",1665387,"LEGENDARY X700"
26266,"MODELO",1665388,"HP Z2 G9 MINI WORKSTATION"
26266,"MODELO",1665389,"HP Z2 G9 SFF WORKSTATION"
26266,"MODELO",1665390,"9124I9X1108"
26266,"MODELO",1665391,"THINKSTATION P620 TORRE"
26266,"MODELO",1665392,"THINKSTATION P340 TORRE"
26266,"MODELO",1665393,"SBL7GMBRIVV03P"
26266,"MODELO",1665394,"THINKCENTRE P340 TORRE"
26266,"MODELO",1665395,"30DLS0W200"
26266,"MODELO",1665396,"THINKCENTRE M80S"
26266,"MODELO",1665397,"9124I9X1030"
26266,"MODELO",1665398,"PRECISION 3640 SFF"
26266,"MODELO",1665399,"HP Z2 SMALL FORM FACTOR G5 WORKSTATION"
26266,"MODELO",1665400,"TESTES"
26266,"MODELO",1665401,"WAYRA PRO"
26266,"MODELO",1665402,"THINKSTATION  P350 TOWER"
26266,"MODELO",1665403,"9364I9X1056"
26266,"MODELO",1665404,"MASTER TEAM X-Z SMART"
26266,"MODELO",1665405,"PUBZ-W3891C"
26266,"MODELO",1665406,"PRECISION 3561"
26266,"MODELO",2564903,"TURING9 WS 14° GEN"
26266,"MODELO",1798145,"WORKSTATION003GCSCI912900K"
26266,"MODELO",3759794,"TURING9 WS ULTRA"
26266,"MODELO",2647827,"TURING9 WS 14° GEN"
26266,"MODELO",2747139,"TURING9 WS 14° GEN"
26266,"MODELO",2747294,"TURING9 WS 14° GEN"
26266,"MODELO",2747353,"TURING9 WS 14° GEN"
26266,"MODELO",1665407,"SMART PLATINUM 10900X"
26266,"MODELO",1665408,"I7BASE"
26266,"MODELO",1665409,"PCALLCF0759"
26266,"MODELO",1665410,"STATION PRO XI"
26266,"MODELO",1665411,"GENWORK WS922T"
26266,"MODELO",1665412,"CELSIUS J5010"
26266,"MODELO",1665413,"GENWORK WS920T"
26266,"MODELO",1665414,"GENWORK WS921T"
26266,"MODELO",1665415,"MASTER TEAM K5000"
26266,"MODELO",1665416,"WSTATIONM1"
26266,"MODELO",1665417,"09GS3C80A-3"
26266,"MODELO",1665418,"SZL7XTBT1DV1HX"
26266,"MODELO",1665419,"SZL7XTBR1VV2OB"
26266,"MODELO",1665420,"MASTER LINE G9 X"
26266,"MODELO",1665421,"THINKSTATION P358"
26266,"MODELO",1665422,"SZL7WTBR1DV1JC"
26266,"MODELO",1665423,"HP Z2 TOWER G9 WORKSTATION"
26266,"MODELO",1665424,"TESTER"
26266,"MODELO",1665425,"HP Z2 G8 TWR WORKSTATION"
26266,"MODELO",1665426,"WVL0X1VVC3W"
26266,"MODELO",1665427,"PUL-WDH9B"
26266,"MODELO",1665428,"WASICHAY"
26266,"MODELO",1665429,"MASTER TEAM XII 910KF"
26266,"MODELO",1665430,"I9BASE"
26266,"MODELO",1665431,"CELSIUS M7010"
26266,"MODELO",1665432,"MASTER TEAM XI 9K"
26266,"MODELO",1665433,"MASTER TEAM XI 9K"
26266,"MODELO",1665434,"STATION PRO XE"
26266,"MODELO",1665435,"THINKSTATION  P350"
26266,"MODELO",1665436,"THINKSTATION  P350 SFF"
26266,"MODELO",1665437,"MASTER LINE XI 9K"
26266,"MODELO",1665438,"HP Z2 MINI G5 WORKSTATION PERFORMANCE"
26266,"MODELO",1665439,"PRECISION 3650 MT"
26266,"MODELO",1665440,"WAYRA AI"
26266,"MODELO",1665441,"MASTER TEAM RYZEN G9 AMX4"
26266,"MODELO",1665442,"WIRAC TRX"
26266,"MODELO",1665443,"THINKSTATION 9340 TORRE"
26266,"MODELO",1665444,"P350 TORRE"
26266,"MODELO",1665445,"HP Z1 G9 TOWER WORKSTATION"
26266,"MODELO",1665446,"MASTER KINE"
26266,"MODELO",1665447,"WVH0X1PVC4C"
26266,"MODELO",1665448,"PANGUBZ-W5821"
26266,"MODELO",1665449,"MASTERMASTER TEAM XI 9K"
26266,"MODELO",1665450,"HP WORKSTATION Z2 G5 TWR"
26266,"MODELO",1665451,"SMART TITANIUM 10980XE"
26266,"MODELO",1665452,"MASTER TEAM X-Z SMART"
26266,"MODELO",1665453,"HP Z1 ENTRY TOWER G6 WORKSTATION"
26266,"MODELO",1665454,"THINKSTATION  P340 SFF"
26266,"MODELO",1665455,"STATION PRO X"
26266,"MODELO",1665456,"PRECISION 7820"
26266,"MODELO",1665457,"THINKSTATION P340 TORRE"
26266,"MODELO",1665458,"THINKSTATION  P620 TORRE"
26266,"MODELO",1665459,"SMART PLATINUM 11900K"
26266,"MODELO",1665460,"PRECISION 3640 MT"
26266,"MODELO",1665461,"THINKSTATION P340 SFF"
26266,"MODELO",1665462,"47D45LA#ABM-OP"
26266,"MODELO",1665463,"THINKSTATION P620 TORRE"
26266,"MODELO",1665464,"THINKSTATION P620 TORRE"
26266,"MODELO",1665465,"THINKSTATION P620 TORRE"
26266,"MODELO",1665466,"THINKCERNTRE P340 TORRE"
26266,"MODELO",2563150,"TURING7 WS 14° GEN"
26266,"MODELO",2564732,"TURING7 WS 14° GEN"
26266,"MODELO",2565313,"TURING9 WS 14° GEN"
26266,"MODELO",2565331,"TURING9 WS 14° GEN"
26266,"MODELO",1798200,"WORKSTATION0012GCSCI913900KFSOP"
26266,"MODELO",2895527,"SMART PLATINUM 14700"
26266,"MODELO",2747383,"TURING9 WS 14° GEN"
26266,"MODELO",2747388,"TURING7 WS 14° GEN"
26266,"MODELO",1665467,"PANGUM-WDH9A"
26266,"MODELO",1665468,"S26361-K1449-V565-2X4208-128-512- W10P"
26266,"MODELO",1665469,"CELSIUS R970B"
26266,"MODELO",1665470,"HP Z2 G5 SFF WORKSTATION"
26266,"MODELO",1665471,"500001FS"
26266,"MODELO",1665472,"SALA DE CONTROL 2"
26266,"MODELO",1665473,"30BG000CLM"
26266,"MODELO",1665474,"HP Z240 WORKSTATION SFF"
26266,"MODELO",1665475,"HP Z240 WORKSTATION TWR"
26266,"MODELO",1665476,"HP Z840 WORKSTATION"
26266,"MODELO",1665477,"HP Z440 WORKSTATION"
26266,"MODELO",1665478,"THINKSTATION P320 TW"
26266,"MODELO",1665479,"HP Z640 WORKSTATION"
26266,"MODELO",1665480,"TUPAC T7"
26266,"MODELO",1665481,"THINKSTATION P320 SFF"
26266,"MODELO",1665482,"Z440"
26266,"MODELO",1665483,"THINKSTATION D30"
26266,"MODELO",1665484,"CM001"
26266,"MODELO",1665485,"49001"
26266,"MODELO",1665486,"PRECISION WORKSTATION 3440 SFF"
26266,"MODELO",1665487,"PRECISION 3450 SFF"
26266,"MODELO",1665488,"HP Z2 G8 SMALL FORM FACTOR WORKSTATION"
26266,"MODELO",1665489,"PRECISION WORKSTATION 3630"
26266,"MODELO",1665490,"HP Z2 G4 SFF WORKSTATION"
26266,"MODELO",1665491,"THINKPAD P520C"
26266,"MODELO",1665492,"SMART PLATINUM 9900"
26266,"MODELO",1665493,"9DT58M-X32S18OH5-19"
26266,"MODELO",1665494,"TUPAC E8"
26266,"MODELO",1665495,"9DT34S-X161S4SS5"
26266,"MODELO",1665496,"PRECISION WORKSTATION 3420 SFF"
26266,"MODELO",1665497,"CELSIUS R970 POWER"
26266,"MODELO",1665498,"CELSIUS M770 POWER"
26266,"MODELO",1665499,"HP Z1 G5 TWR WORKSTATION"
26266,"MODELO",1665500,"510051HB19"
26266,"MODELO",1665501,"R970 POWER"
26266,"MODELO",1665502,"S26361-K1449-1WSX643WP"
26266,"MODELO",1665503,"HP ELITEDESK 705 G4 MT WORKSTATION"
26266,"MODELO",1665504,"500063EW19"
26266,"MODELO",1665505,"THINKSTATION P330 TOWER"
26266,"MODELO",1665506,"STATIONPRO"
26266,"MODELO",1665507,"SMART PLATINUM 9800"
26266,"MODELO",1665508,"CIHX09Q"
26266,"MODELO",1665509,"PRECISION WORKSTATION 3430 SFF"
26266,"MODELO",1665510,"CELSIUS J550/2-L"
26266,"MODELO",1665511,"PRO"
26266,"MODELO",1665512,"SALA DE CONTROL 12"
26266,"MODELO",1665513,"WORKSTATION CELSIUS R970"
26266,"MODELO",1665514,"CELSIUS M740"
26266,"MODELO",1665515,"WAYRA Q8"
26266,"MODELO",1665516,"HP Z440  WORKSTATION"
26266,"MODELO",1665517,"HP Z4 G4 WORKSTATION"
26266,"MODELO",1665518,"HP Z240 TWR WORKSTATION"
26266,"MODELO",1665519,"HP Z8 G4 WORKSTATION"
26266,"MODELO",1665520,"HP Z6 G4 WORKSTATION"
26266,"MODELO",1665521,"HP Z240 SFF WS"
26266,"MODELO",1665522,"T7C7X7800016480480N08"
26266,"MODELO",1665523,"LEO-TWR"
26266,"MODELO",1665524,"HBCI9001"
26266,"MODELO",1665525,"OX COMPUTER FE8041"
26266,"MODELO",1665526,"OX COMPUTER FE8042"
26266,"MODELO",2565395,"TURING9 WS 14° GEN"
26266,"MODELO",4047879,"PRO WO9860"
26266,"MODELO",1762166,"83H28LS#ABM-M"
26266,"MODELO",3758840,"TURING7 WS ULTRA"
26266,"MODELO",3758884,"TURING7 WS ULTRA"
26266,"MODELO",2556973,"FORESTER"
26266,"MODELO",2556838,"ROVER"
26266,"MODELO",1665527,"OX COMPUTER FE8043"
26266,"MODELO",1665528,"VISSION VS9191"
26266,"MODELO",1665529,"VS9191"
26266,"MODELO",1665530,"500002E"
26266,"MODELO",1665531,"Z240 WORKSTATION TWR"
26266,"MODELO",1665532,"490010"
26266,"MODELO",1665533,"TUPAC X4"
26266,"MODELO",1665534,"MID-LEVEL"
26266,"MODELO",1665535,"ENTRY-LEVEL"
26266,"MODELO",1665536,"PRECISION T7610"
26266,"MODELO",1665537,"DUNA"
26266,"MODELO",1665538,"500010"
26266,"MODELO",1665539,"TUPAC X3"
26266,"MODELO",1665540,"Z2 MINI G3"
26266,"MODELO",1665541,"Z2 MINI ENTRY G3"
26266,"MODELO",1665542,"Z2 MINI PERFORMANCE G3"
26266,"MODELO",1665543,"HASWELL WS X998"
26266,"MODELO",1665544,"49003"
26266,"MODELO",1665545,"PRECISION T5610"
26266,"MODELO",1665546,"500011"
26266,"MODELO",1665547,"TUPAC T5"
26266,"MODELO",1665548,"SALA DE CONTROL VIII"
26266,"MODELO",1665549,"THINKSTATION P500"
26266,"MODELO",1665550,"Z840"
26266,"MODELO",1665551,"TUPAC PRO 5"
26266,"MODELO",1665552,"49004"
26266,"MODELO",1665553,"49005"
26266,"MODELO",1665554,"THINKSTATION P310 SFF"
26266,"MODELO",1665555,"Z230 SFF"
26266,"MODELO",1665556,"Z640"
26266,"MODELO",1665557,"TUPAC X6"
26266,"MODELO",1665558,"THINKSTATION D31"
26266,"MODELO",1665559,"THINKSTATION P510"
26266,"MODELO",1665560,"49002"
26266,"MODELO",1665561,"SALA DE CONTROL VII"
26266,"MODELO",1665562,"49008"
26266,"MODELO",1665563,"THINKSTATION P300 TOWER"
26266,"MODELO",1665564,"Z620"
26266,"MODELO",1665565,"THINKSTATION P900"
26266,"MODELO",1665566,"HASWELL WS X1000"
26266,"MODELO",1665567,"490011"
26266,"MODELO",1665568,"THINKSTATION P700"
26266,"MODELO",1665569,"T5810"
26266,"MODELO",1665570,"49006"
26266,"MODELO",1665571,"TUPAC T6"
26266,"MODELO",1665572,"T7910"
26266,"MODELO",1665573,"S30"
26266,"MODELO",1665574,"HIGH-END"
26266,"MODELO",1665575,"THINKSTATION P300 SFF"
26266,"MODELO",1665576,"ASTRO"
26266,"MODELO",1665577,"Z820 MT"
26266,"MODELO",1665578,"WAYRA M6"
26266,"MODELO",1665579,"Z240"
26266,"MODELO",1665580,"HASWELL WS X1001"
26266,"MODELO",1665581,"E31 TWR"
26266,"MODELO",1665582,"THINKSTATION P410"
26266,"MODELO",1665583,"TUPAC X5"
26266,"MODELO",1665584,"HASWELL WS X999"
26266,"MODELO",1665585,"SALA DE CONTROL IV"
26266,"MODELO",1665586,"49009"
26266,"MODELO",1665587,"Z230 TWR"
26266,"MODELO",1665588,"Z240 SFF"
26266,"MODELO",1665589,"MASTER TEAM X-M SMART"
26266,"MODELO",2588771,"PIRAMIX-13900-V8"
26266,"MODELO",2588785,"TURING7 WS 14° GEN"
26266,"MODELO",2588791,"TURING7 WS 14° GEN"
26266,"MODELO",2588800,"TURING7 WS 14° GEN"
26266,"MODELO",2588802,"TURING7 WS 14° GEN"
26266,"MODELO",1665590,"MASTER TEAM X-M SMART"
26266,"MODELO",1665591,"MASTER TEAM X-M SMART"
26266,"MODELO",1665592,"MASTER TEAM X-M SMART"
26266,"MODELO",1665593,"MASTER TEAM X-M SMART"
26266,"MODELO",1665594,"MASTER TEAM X-M SMART"
26266,"MODELO",1665595,"HP Z240 TWRWORKSTATION"
26266,"MODELO",1665596,"WDH9A"
26266,"MODELO",1665597,"HP Z1 ENTRY TOWER G5"
26266,"MODELO",1665598,"PRECISION WORKSTATION 3640"
26266,"MODELO",1665599,"THINKPAD P520"
26266,"MODELO",1665600,"CELSIUS J550/2"
26266,"MODELO",1665601,"CELSIUS R970"
26266,"MODELO",1665602,"TUPAC Q7"
26266,"MODELO",1665603,"500012HB18"
26266,"MODELO",1665604,"TUPAC Q8"
26266,"MODELO",1665605,"THINKSTATION P520"
26266,"MODELO",1665606,"RENDER DUAL"
26266,"MODELO",1665607,"WAYRA M8"
26266,"MODELO",1665608,"DELL"
26266,"MODELO",1665609,"THINKSTATION P320 TINY"
26266,"MODELO",1665610,"8DT34M-X162SS5"
26266,"MODELO",1665611,"RENDER TOP"
26266,"MODELO",1665612,"8DT58M-X322SS3"
26266,"MODELO",1665613,"30BXS07P00"
26266,"MODELO",1665614,"RENDER GOLD"
26266,"MODELO",1665615,"RENDER PRO"
26266,"MODELO",1665616,"THINKSTATION P720"
26266,"MODELO",1665617,"510547EW"
26266,"MODELO",1665618,"510550EW"
26266,"MODELO",1665619,"HIGH END"
26266,"MODELO",1665620,"HIGH END LEVEL"
26266,"MODELO",1665621,"THINKSTATION P520C"
26266,"MODELO",1665622,"TUPAC R8"
26266,"MODELO",1665623,"HP Z2 MINI G4"
26266,"MODELO",1665624,"HP Z2 G4 TWR"
26266,"MODELO",1665625,"MASTER TEAN G8 X300"
26266,"MODELO",1665626,"THINKSTATION P330 SFF"
26266,"MODELO",1665627,"CELSIUS J580"
26266,"MODELO",1665628,"HP Z"
26266,"MODELO",1665629,"HP Z2 G4 SFF"
26266,"MODELO",1665630,"HP WORKSTATION Z2 G4 TWR"
26266,"MODELO",1665631,"PRECISION WORKSTATION 3430"
26266,"MODELO",1665632,"THINKSTATION  P330 SFF"
26266,"MODELO",1665633,"HP WORKSTATION Z2 MINI G4"
26266,"MODELO",1665634,"HP WORKSTATION Z2 G4 SFF"
26266,"MODELO",1665635,"MASTER TEAN G9 X310"
26266,"MODELO",1665636,"MASTER-TEAN G9 X310"
26266,"MODELO",1665637,"30BBS2WS00"
26266,"MODELO",1665638,"HP ELITEDESK 705 G4 WORKSTATION"
26266,"MODELO",1665639,"CELSIUS M770"
26266,"MODELO",1665640,"PRECISION WORKSTATION 7920"
26266,"MODELO",1665641,"500190EW18"
26266,"MODELO",1665642,"HP Z2 G4 TWR WORKSTATION"
26266,"MODELO",1665643,"TUPAC T8"
26266,"MODELO",1665644,"HP Z2 MINI G3 WORKSTATION"
26266,"MODELO",1665645,"WAYRA N8"
26266,"MODELO",1665646,"30BBS15000"
26266,"MODELO",1665647,"S26361-K1449-WSX643HBWP"
26266,"MODELO",1665648,"CELSIUS M740 LONG LIFECYCLE"
26266,"MODELO",1665649,"PW7-X932S2V8C8#35"
26266,"MODELO",2899335,"ENGINEERING EXPERT I9"
26266,"MODELO",4128340,"W7TI7F745-Z"
26266,"MODELO",1998634,"WT922WTGZ83K16"
26266,"MODELO",4118466,"EI ULTRA 9"
26266,"MODELO",4118599,"EI AMD R9"
26266,"MODELO",1665650,"HP ELITEDESK 800 G4 WKS TWR"
26266,"MODELO",1665651,"HP Z240  WORKSTATION SFF"
26266,"MODELO",1665652,"SMART PLATINUM 9000"
26266,"MODELO",1665653,"HP Z2 MINI G4 WORKSTATION"
26266,"MODELO",1665654,"HP ELITEDESK 705 G4 WORKSTATION MT"
26266,"MODELO",1665655,"PRECISION 3430 SFF"
26266,"MODELO",1665656,"MASTER LINE G8 310"
26266,"MODELO",1665657,"XTLV003"
26266,"MODELO",1665658,"XTLV002"
26266,"MODELO",1665659,"WAYRA R8"
26266,"MODELO",1665660,"THINKPAD P52"
26266,"MODELO",1665661,"R970"
26266,"MODELO",1665662,"PRECISION WORKSTATION  5820"
26266,"MODELO",1665663,"PRECISION WORKSTATION 3430 SFF5820"
26266,"MODELO",1665664,"MASTER-TEAM G9 X310"
26266,"MODELO",1665665,"THINKSTATION  P320 SFF"
26266,"MODELO",1665666,"HP ZBOOK 15 G3"
26266,"MODELO",1665667,"HP Z840  WORKSTATION"
26266,"MODELO",1665668,"HP ZBOOK 15U G4"
26266,"MODELO",1665669,"HP ZBOOK 15 G4"
26266,"MODELO",1665670,"HP Z240 TWR"
26266,"MODELO",1665671,"HP Z2 MINI WORKSTATION PERFORMANCE"
26266,"MODELO",1665672,"OX COMPUTER FE8024"
26266,"MODELO",1665673,"OX COMPUTER FE804"
26266,"MODELO",1665674,"T7C9X7900128960480T11"
26266,"MODELO",1665675,"HP Z240  WORKSTATION TWR"
26266,"MODELO",1665676,"T7C9X7900128480680T11"
26266,"MODELO",1665677,"OX COMPUTER FE802"
26266,"MODELO",1665678,"SALA DE CONTROL 4"
26266,"MODELO",1665679,"OX COMPUTER FE807"
26266,"MODELO",1665680,"OX COMPUTER FE8020"
26266,"MODELO",1665681,"OX COMPUTER FE8023"
26266,"MODELO",1665682,"OX COMPUTER FE8028"
26266,"MODELO",1665683,"OX COMPUTER FE806"
26266,"MODELO",1665684,"OX COMPUTER FE805"
26266,"MODELO",1665685,"HP Z2 MINI WORKSTATION ENTRY G3"
26266,"MODELO",1665686,"HP Z2 MINI WORKSTATION PERF G3"
26266,"MODELO",1665687,"HIGH END-LEVEL"
26266,"MODELO",1665688,"OX COMPUTER FE803"
26266,"MODELO",1665689,"SALA DE CONTROL 8"
26266,"MODELO",1665690,"500191 HB-19"
26266,"MODELO",1665691,"505072HB20"
26266,"MODELO",1665692,"ENTRY LEVEL"
26266,"MODELO",1665693,"XEON SILVER"
26266,"MODELO",1665694,"500153EW20"
26266,"MODELO",1665695,"505072EW20"
26266,"MODELO",1665696,"550068EW20"
26266,"MODELO",1665697,"550068HB20"
26266,"MODELO",1665698,"HP Z2 MINI G4 PERFORMANCE"
26266,"MODELO",1665699,"PERFOMANCE"
26266,"MODELO",1665700,"HIGH END I9"
26266,"MODELO",1665701,"I9 SALA DE CONTROL 8"
26266,"MODELO",1665702,"REYZEN G9 AXN1"
26266,"MODELO",1665703,"REYZEN G9 AXN1"
26266,"MODELO",1665704,"REYZEN G9 AXN1"
26266,"MODELO",1665705,"REYZEN G9 AXN1"
26266,"MODELO",1665706,"REYZEN G9 AXN1"
26266,"MODELO",1665707,"MASTER TEAM X-M SMART"
26266,"MODELO",1665708,"MASTER TEAM X-M SMART"
26266,"MODELO",1665709,"MASTER TEAM X-M SMART"
26266,"MODELO",1886781,"DG-SFF"
26266,"MODELO",4128329,"ENTERPRISE 7500 TOWER"
26266,"MODELO",1997592,"THINKSTATION P3 TOWER 30GUS2HC00-OP CHIPSET INTEL"
26266,"MODELO",2557112,"RANGER"
26266,"MODELO",4118704,"EI AMD P7995WX"
26266,"MODELO",1665710,"MASTER TEAM X-M SMART"
26266,"MODELO",1665711,"MASTER TEAM X-M SMART"
26266,"MODELO",1665712,"MASTER TEAM X-M SMART"
26266,"MODELO",1665713,"MASTER TEAM X-M SMART"
26266,"MODELO",1665714,"MASTER TEAM X-M SMART"
26266,"MODELO",1665715,"REYZEN G9 AXN1"
26266,"MODELO",1665716,"REYZEN G9 AXN1"
26266,"MODELO",1665717,"REYZEN G9 AXN1"
26266,"MODELO",1665718,"REYZEN G9 AXN1"
26266,"MODELO",1665719,"REYZEN G9 AXN1"
26266,"MODELO",1665720,"REYZEN G9 AXN1"
26266,"MODELO",1665721,"REYZEN G9 AXN1"
26266,"MODELO",1665722,"REYZEN G9 AXN1"
26266,"MODELO",1665723,"REYZEN G9 AXN1"
26266,"MODELO",1665724,"REYZEN G9 AXN1"
26266,"MODELO",1665725,"REYZEN G9 AXN1"
26266,"MODELO",1665726,"REYZEN G9 AXN1"
26266,"MODELO",1665727,"REYZEN G9 AXN1"
26266,"MODELO",1665728,"REYZEN G9 AXN1"
26266,"MODELO",1665729,"MASTER TEAM X-M SMART"
26266,"MODELO",1665730,"MASTER TEAM X-M SMART"
26266,"MODELO",1665731,"MASTER TEAM X-M SMART"
26266,"MODELO",1665732,"MASTER TEAM X-M SMART"
26266,"MODELO",1665733,"REYZEN G9 AXN1"
26266,"MODELO",1665734,"REYZEN G9 AXN1"
26266,"MODELO",1665735,"MASTER TEAM X-M SMART"
26266,"MODELO",1665736,"SMART PLATINUM 12700K"
26266,"MODELO",1665737,"MASTER TEAM X-M SMART"
26266,"MODELO",1665738,"MASTER TEAM X-M SMART"
26266,"MODELO",1665739,"MASTER TEAM X-M SMART"
26266,"MODELO",1665740,"MASTER TEAM X-M SMART"
26266,"MODELO",1665741,"5XMI9X299012"
26266,"MODELO",1665742,"MASTER TEAM X-M SMART"
26266,"MODELO",1665743,"MASTER TEAM X-M SMART"
26266,"MODELO",1665744,"MASTER TEAM X-M SMART"
26266,"MODELO",1665745,"MASTER TEAM X-M SMART"
26266,"MODELO",1665746,"MASTER TEAM X-M SMART"
26266,"MODELO",1665747,"MASTER TEAM X-M SMART"
26266,"MODELO",1665748,"MASTER TEAM X-M SMART"
26266,"MODELO",1665749,"MASTER TEAM X-M SMART"
26266,"MODELO",1665750,"MASTER TEAM X-M SMART"
26266,"MODELO",1665751,"MASTER TEAM X-M SMART"
26266,"MODELO",1665752,"REYZEN G9 AXN1"
26266,"MODELO",1665753,"MASTER TEAM X-M SMART"
26266,"MODELO",1665754,"REYZEN G9 AXN1"
26266,"MODELO",1665755,"REYZEN G9 AXN1"
26266,"MODELO",1665756,"5X57A939RTX016"
26266,"MODELO",1665757,"5X57A939RTX016"
26266,"MODELO",1665758,"5X57A939RTX017"
26266,"MODELO",1665759,"REYZEN G9 AXN1"
26266,"MODELO",1665760,"REYZEN G9 AXN1"
26266,"MODELO",1665761,"REYZEN G9 AXN1"
26266,"MODELO",1665762,"REYZEN G9 AXN1"
26266,"MODELO",1665763,"MASTER TEAM X-M SMART"
26266,"MODELO",1665764,"MASTER TEAM X-M SMART"
26266,"MODELO",1665765,"REYZEN G9 AXN1"
26266,"MODELO",1665766,"REYZEN G9 AXN1"
26266,"MODELO",1665767,"REYZEN G9 AXN1"
26266,"MODELO",1665768,"REYZEN G9 AXN1"
26266,"MODELO",1665769,"5X57A939RTX007"
26266,"MODELO",3967606,"TURING W7 WS"
26266,"MODELO",2890235,"PRO WO7980"
26266,"MODELO",1665770,"REYZEN G9 AXN1"
26266,"MODELO",1665771,"THINKSTATION P920"
26266,"MODELO",1665772,"REYZEN G9 AXN1"
26266,"MODELO",1665773,"CELSIUS R970B POWER"
26266,"MODELO",1665774,"TUPAC TRX"
26266,"MODELO",1665775,"M770 POWER"
26266,"MODELO",1665776,"R970B POWER"
26266,"MODELO",1665777,"PRECISION WORKSTATION 3630 MT"
26266,"MODELO",1665778,"THINKSTATION P720"
26266,"MODELO",1665779,"30BBS78900"
26266,"MODELO",1665780,"THINKSTATION P720"
26266,"MODELO",1665781,"NUV9"
26266,"MODELO",1665782,"MASTER TEAM G8 X100"
26266,"MODELO",1665783,"MASTER TEAM G8 X300"
26266,"MODELO",1665784,"MASTER TEAM G8 X200"
26266,"MODELO",1665785,"CELSIUS M740-L"
26266,"MODELO",1665786,"PRECISION WORKSTATION 5820"
26266,"MODELO",1665787,"PRECISION WORKSTATION 3620"
26266,"MODELO",1665788,"8DT36M-X162OH4"
26266,"MODELO",1665789,"PRECISION WORKSTATION 3420"
26266,"MODELO",1665790,"9364I9X1000"
26266,"MODELO",1665791,"MASTER TEAM G9 X"
26266,"MODELO",1665792,"5X57A939RTX013"
26266,"MODELO",1665793,"REYZEN G9 AXN1"
26266,"MODELO",1665794,"REYZEN G9 AXN1"
26266,"MODELO",1665795,"REYZEN G9 AXN1"
26266,"MODELO",1665796,"REYZEN G9 AXN1"
26266,"MODELO",1665797,"REYZEN G9 AXN1"
26266,"MODELO",1665798,"REYZEN G9 AXN1"
26266,"MODELO",1665799,"REYZEN G9 AXN1"
26266,"MODELO",1665800,"REYZEN G9 AXN1"
26266,"MODELO",1665801,"REYZEN G9 AXN1"
26266,"MODELO",1665802,"MASTER TEAM X-M SMART"
26266,"MODELO",1665803,"MASTER TEAM X-M SMART"
26266,"MODELO",1665804,"THINKSTATION  P330 TOWER"
26266,"MODELO",1665805,"MASTER TEAM X-M SMART"
26266,"MODELO",1665806,"MASTER TEAM X-M SMART"
26266,"MODELO",1665807,"MASTER TEAM X-M SMART"
26266,"MODELO",1665808,"MASTER TEAM X-M SMART"
26266,"MODELO",1665809,"MASTER TEAM X-M SMART"
26266,"MODELO",1665810,"MASTER TEAM X-M SMART"
26266,"MODELO",1665811,"MASTER TEAM X-M SMART"
26266,"MODELO",1665812,"MASTER TEAM X-M SMART"
26266,"MODELO",1665813,"MASTER TEAM X-M SMART"
26266,"MODELO",1665814,"REYZEN G9 AXN1"
26266,"MODELO",1665815,"REYZEN G9 AXN1"
26266,"MODELO",1665816,"REYZEN G9 AXN1"
26266,"MODELO",1665817,"REYZEN G9 AXN1"
26266,"MODELO",1665818,"MASTER TEAM X-M SMART"
26266,"MODELO",1665819,"MASTER TEAM X-M SMART"
26266,"MODELO",1665820,"P620"
26266,"MODELO",1665821,"MASTER TEAM G9 X"
26266,"MODELO",1665822,"HP Z2 G5 TWR WORSTATION"
26266,"MODELO",1665823,"DELL PRECISION 7820"
26266,"MODELO",1665824,"HP Z2 G5 TWR WORKSTATION"
26266,"MODELO",1665825,"WBIK12700032S1H026R06"
26266,"MODELO",1665826,"PANGUBZ-W5651"
26266,"MODELO",1665827,"HP WORKSTATION Z4 G4"
26266,"MODELO",1665828,"PRECISION WORKSTATION 3650 SFF"
26266,"MODELO",1665829,"MASTER TEAM XI 9K"
26266,"MODELO",4128358,"W7TI7F716-Z"
26266,"MODELO",4128439,"W7TI7F665B-Z"
26266,"MODELO",2750943,"ARCANUS VIN714"
26266,"MODELO",1665830,"MASTER TEAM XI 9K"
26266,"MODELO",1665831,"MASTER TEAM XI 9K"
26266,"MODELO",1665832,"MASTER TEAM XI 9K"
26266,"MODELO",1665833,"PRECISION WORKSTATION 3650 MT"
26266,"MODELO",1665834,"AZG"
26266,"MODELO",1665835,"MASTER TEAM XI 9K"
26266,"MODELO",1665836,"PRECISION 3660 MT"
26266,"MODELO",1665837,"PRECISION WORKSTATION 3450 SFF"
26266,"MODELO",1665838,"HP Z1 ENTRY TOWER G8"
26266,"MODELO",1665839,"LEGENDARY X PRO G9"
26266,"MODELO",1665840,"PRECISION WORKSTATION 3660 MT"
26266,"MODELO",1665841,"9124I9X1188"
26266,"MODELO",1665842,"THINKSTATION P430 TORRE"
26266,"MODELO",1665843,"SML7WMW5VA20BS"
26266,"MODELO",1665844,"9364I9X1033"
26266,"MODELO",1665845,"WIRAC PRO"
26266,"MODELO",1665846,"SMH9G2WRVA20J6"
26266,"MODELO",1665847,"PRECISION WORKSTATION 3660 TOWER"
26266,"MODELO",1665848,"STATION PRO 12"
26266,"MODELO",1665849,"SMART PLATINUM 11700K"
26266,"MODELO",1665850,"HP Z2 G8 SFF WORKSTATION"
26266,"MODELO",1665851,"THINKSTATION  P348 TOR"
26266,"MODELO",1665852,"07ES3CX05-3"
26266,"MODELO",1665853,"6J9A7LA#ABM"
26266,"MODELO",1665854,"PCALLCF0734"
26266,"MODELO",1665855,"MASTER TEAM X-W SMART"
26266,"MODELO",1665856,"PRECISION WORKSTATION 3460 SFF"
26266,"MODELO",1665857,"SMART PLATINUM 12900K"
26266,"MODELO",1665858,"HP Z1 G9 TOWER DESKTOP"
26266,"MODELO",1665859,"THINKSTATION  P348 TORRE"
26266,"MODELO",1665860,"HP Z2 TOWER G9 DESKTOP"
26266,"MODELO",1665861,"PUBZ-W5891A"
26266,"MODELO",1736250,"ENGINEERING PARNER GEN 2"
26266,"MODELO",2751088,"TURING7 WS 14° GEN"
26266,"MODELO",4222045,"MDP2605S8E4I8"
26266,"MODELO",2751306,"TURING7 WS 14° GEN"
26266,"MODELO",2533435,"W19FZMX0D"
26266,"MODELO",2033384,"HP Z8 G5 WORKSTATION DESKTOP PC 99Y59LS#ABM-OH"
26266,"MODELO",2033398,"HP Z8 G5 WORKSTATION DESKTOP PC 99Y59LS#ABM-OP"
26266,"MODELO",1901680,"HP Z4 G5 WORKSTATION"
26266,"MODELO",2622688,"TURING7 WS 14° GEN"
26266,"MODELO",2555960,"MASTER TEAM 9GXIII"
26266,"MODELO",2599836,"TURING7 WS 14° GEN"
26266,"MODELO",2745783,"TURING9 WS 14° GEN"
26266,"MODELO",1777977,"ASUS PROART STATION"
26266,"MODELO",3861258,"DELL PRO MAX SLIM"
26266,"MODELO",4119384,"PRO WU9990"
26266,"MODELO",2033373,"HP Z8 G5 WORKSTATION DESKTOP PC 99Y59LS#ABM"
26266,"MODELO",2538569,"OBI7-11700-V24"
26266,"MODELO",2030849,"E5402WVAK"
26266,"MODELO",4140258,"W7TI7FK665-Z"
26266,"MODELO",2509813,"DIAMOND"
26266,"MODELO",3926990,"ALL25WAIU956016V"
26266,"MODELO",2030797,"G35CA"
26266,"MODELO",2030872,"PD500TE"
26266,"MODELO",2030876,"D900MDRES"
26266,"MODELO",2532134,"W09FZMXB5"
26266,"MODELO",2532315,"W09FZMXD3"
26266,"MODELO",1902128,"HP Z6 G5 WORKSTATION"
26266,"MODELO",2031069,"THINKSTATION P358 TOWER"
26266,"MODELO",3861458,"DELL PRO MAX TOWER T2"
26266,"MODELO",2142685,"WORKSTATION 7500 TOWER"
26266,"MODELO",2030831,"G13CH"
26266,"MODELO",2938376,"PROWORK WS90"
26266,"MODELO",4228345,"PRO WP5890"
26266,"MODELO",2509811,"STAR M5"
26266,"MODELO",4070666,"SAW19"
26266,"MODELO",3398395,"THINKSTATION PX"
26266,"MODELO",3130275,"90PF04T1-M00C40"
26266,"MODELO",3926669,"G700TF"
26266,"MODELO",2776479,"TURING7 WS 14° GEN"
26266,"MODELO",3793038,"TURING7 WS ULTRA"
26266,"MODELO",3793043,"TURING7 WS ULTRA"
26266,"MODELO",2514324,"W27JZF165D"
26266,"MODELO",2477182,"HP Z2 G9 TOWER DESKTOP PC"
26266,"MODELO",4224957,"MDP2605D3I8YM"
26266,"MODELO",3130400,"90PF04T1"
26266,"MODELO",4224047,"MDP2605P5J9O4"
26266,"MODELO",2562982,"TURING7 WS 14° GEN"
26266,"MODELO",2562986,"TURING7 WS 14° GEN"
26266,"MODELO",4138348,"MASTER TEAM U9-S2"
26266,"MODELO",4224934,"MDP2605T9C2J9"
26266,"MODELO",2529044,"D700MEES"
26266,"MODELO",3793036,"TURING7 WS ULTRA"
26266,"MODELO",4045105,"WARLOCK7"
26266,"MODELO",4224255,"MDP2605D3N3I8"
26266,"MODELO",2894100,"SMART PLATINUM 12700"
26266,"MODELO",2819516,"TUPAC"
26266,"MODELO",4045129,"PRO WO9770"
26266,"MODELO",2562990,"TURING7 WS 14° GEN"
26266,"MODELO",2562998,"TURING7 WS 14° GEN"
26266,"MODELO",2563003,"TURING7 WS 14° GEN"
26266,"MODELO",2563088,"TURING7 WS 14° GEN"
26266,"MODELO",2563093,"TURING7 WS 14° GEN"
26266,"MODELO",2751091,"TURING7 WS 14° GEN"
26266,"MODELO",2751116,"TURING7 WS 14° GEN"
26266,"MODELO",2565805,"TURING9 WS 14° GEN"
26266,"MODELO",2565849,"TURING9 WS 14° GEN"
26266,"MODELO",2610263,"WS713T-7161SV4-U-S-WF"
26266,"MODELO",2771019,"TURING7 WS 14° GEN"
26266,"MODELO",2771022,"TURING7 WS 14° GEN"
26266,"MODELO",2771043,"TURING7 WS 14° GEN"
26266,"MODELO",2771065,"TURING7 WS 14° GEN"
26266,"MODELO",2771089,"TURING7 WS 14° GEN"
26266,"MODELO",2751147,"TURING7 WS 14° GEN"
26266,"MODELO",2751289,"TURING7 WS 14° GEN"
26266,"MODELO",2531994,"W09FZMXA3"
26266,"MODELO",2771112,"TURING7 WS 14° GEN"
26266,"MODELO",2771147,"TURING7 WS 14° GEN"
26266,"MODELO",2771199,"TURING7 WS 14° GEN"
26266,"MODELO",2771235,"TURING7 WS 14° GEN"
26266,"MODELO",2629373,"PIRAMIX-14700K"
26266,"MODELO",2629401,"WANX-14700K"
26266,"MODELO",2771134,"TURING7 WS 14° GEN"
26266,"MODELO",2771160,"TURING7 WS 14° GEN"
26266,"MODELO",2771222,"TURING7 WS 14° GEN"
26266,"MODELO",4119168,"WAYRA PI"
26266,"MODELO",2751110,"TURING7 WS 14° GEN"
26266,"MODELO",2751165,"TURING7 WS 14° GEN"
26266,"MODELO",2751296,"TURING7 WS 14° GEN"
26266,"MODELO",2532366,"W09FZMXE2"
26266,"MODELO",2771118,"TURING7 WS 14° GEN"
26266,"MODELO",2751132,"TURING7 WS 14° GEN"
26266,"MODELO",2751139,"TURING7 WS 14° GEN"
26266,"MODELO",2771106,"TURING7 WS 14° GEN"
26266,"MODELO",2771213,"TURING7 WS 14° GEN"
26266,"MODELO",2771277,"TURING7 WS 14° GEN"
26266,"MODELO",2771286,"TURING7 WS 14° GEN"
26266,"MODELO",2771414,"TURING7 WS 14° GEN"
26266,"MODELO",2771203,"TURING7 WS 14° GEN"
26266,"MODELO",2771434,"TURING7 WS 14° GEN"
26266,"MODELO",2771447,"TURING7 WS 14° GEN"
26266,"MODELO",3794963,"TURING7 WS ULTRA"
26266,"MODELO",3794964,"TURING7 WS ULTRA"
26266,"MODELO",2771121,"TURING7 WS 14° GEN"
26266,"MODELO",2771170,"TURING7 WS 14° GEN"
26266,"MODELO",2771262,"TURING7 WS 14° GEN"
26266,"MODELO",2771269,"TURING7 WS 14° GEN"
26266,"MODELO",2771478,"TURING7 WS 14° GEN"
26266,"MODELO",3135200,"THINKCENTRE NEO 50S GEN 4"
26266,"MODELO",4077803,"PRO WP9960"
26266,"MODELO",2010698,"VISSION WP8760"
26266,"MODELO",2565668,"TURING9 WS 14° GEN"
26266,"MODELO",3719760,"LEGENDARY VIN92"
26266,"MODELO",3980146,"PRO WP9560"
26266,"MODELO",2565680,"TURING9 WS 14° GEN"
26266,"MODELO",2565723,"TURING9 WS 14° GEN"
26266,"MODELO",2510238,"VISSION VP1960"
26266,"MODELO",2565712,"TURING9 WS 14° GEN"
26266,"MODELO",2565740,"TURING9 WS 14° GEN"
26266,"MODELO",2565751,"TURING9 WS 14° GEN"
26266,"MODELO",2565757,"TURING9 WS 14° GEN"
26266,"MODELO",2565771,"TURING9 WS 14° GEN"
26266,"MODELO",2565787,"TURING9 WS 14° GEN"
26266,"MODELO",2504899,"G16CHR"
26266,"MODELO",1888531,"HP Z2 G9 SFF WORKSTATION DESKTOP PC"
26266,"MODELO",2565689,"TURING9 WS 14° GEN"
26266,"MODELO",2565766,"TURING9 WS 14° GEN"
26266,"MODELO",2565834,"TURING9 WS 14° GEN"
26266,"MODELO",3758782,"TURING7 WS ULTRA"
26266,"MODELO",2033902,"T9321SV8WF-MTW-WP-S-13"
26266,"MODELO",2033906,"TURING9 WS 13°"
26266,"MODELO",3719885,"LEGENDARY TIN92"
26266,"MODELO",2565897,"TURING9 WS 14° GEN"
26266,"MODELO",2565904,"TURING9 WS 14° GEN"
26266,"MODELO",2565909,"TURING9 WS 14° GEN"
26266,"MODELO",2565921,"TURING9 WS 14° GEN"
26266,"MODELO",3758814,"TURING7 WS ULTRA"
26266,"MODELO",2033923,"T9321SV8C-MTW-WP-S-13"
26266,"MODELO",2565701,"TURING9 WS 14° GEN"
26266,"MODELO",2565838,"TURING9 WS 14° GEN"
26266,"MODELO",2565891,"TURING9 WS 14° GEN"
26266,"MODELO",3719963,"LEGENDARY TIN52"
26266,"MODELO",3979961,"PRO WO9570"
26266,"MODELO",2565796,"TURING9 WS 14° GEN"
26266,"MODELO",2565818,"TURING9 WS 14° GEN"
26266,"MODELO",2565916,"TURING9 WS 14° GEN"
26266,"MODELO",2565928,"TURING9 WS 14° GEN"
26266,"MODELO",2565945,"TURING9 WS 14° GEN"
26266,"MODELO",3758249,"TURING7 WS ULTRA"
26266,"MODELO",3977090,"PRO WO9580"
26266,"MODELO",2565935,"TURING9 WS 14° GEN"
26266,"MODELO",2565967,"TURING9 WS 14° GEN"
26266,"MODELO",2644853,"TURING9 WS 14° GEN"
26266,"MODELO",2644856,"TURING9 WS 14° GEN"
26266,"MODELO",2644858,"TURING9 WS 14° GEN"
26266,"MODELO",2644860,"TURING9 WS 14° GEN"
26266,"MODELO",2644861,"TURING9 WS 14° GEN"
26266,"MODELO",2644863,"TURING9 WS 14° GEN"
26266,"MODELO",2644865,"TURING9 WS 14° GEN"
26266,"MODELO",2644867,"TURING9 WS 14° GEN"
26266,"MODELO",1729616,"30G2S1Y900"
26266,"MODELO",2563428,"TURING7 WS 14° GEN"
26266,"MODELO",2563430,"TURING7 WS 14° GEN"
26266,"MODELO",2563433,"TURING7 WS 14° GEN"
26266,"MODELO",2563440,"TURING7 WS 14° GEN"
26266,"MODELO",2563530,"TURING7 WS 14° GEN"
26266,"MODELO",2642962,"TURING7 WS 14° GEN"
26266,"MODELO",2642964,"TURING7 WS 14° GEN"
26266,"MODELO",2747401,"TURING7 WS 14° GEN"
26266,"MODELO",2747448,"TURING9 WS 14° GEN"
26266,"MODELO",2747463,"TURING9 WS 14° GEN"
26266,"MODELO",2644847,"TURING9 WS 14° GEN"
26266,"MODELO",2912307,"SMART PLATINUM 14900"
26266,"MODELO",2563436,"TURING7 WS 14° GEN"
26266,"MODELO",2563447,"TURING7 WS 14° GEN"
26266,"MODELO",2563511,"TURING7 WS 14° GEN"
26266,"MODELO",2563519,"TURING7 WS 14° GEN"
26266,"MODELO",2563532,"TURING7 WS 14° GEN"
26266,"MODELO",2643035,"TURING7 WS 14° GEN"
26266,"MODELO",2643039,"TURING7 WS 14° GEN"
26266,"MODELO",2643044,"TURING7 WS 14° GEN"
26266,"MODELO",2643059,"TURING7 WS 14° GEN"
26266,"MODELO",2747437,"TURING7 WS 14° GEN"
26266,"MODELO",2747528,"TURING9 WS 14° GEN"
26266,"MODELO",2644844,"TURING9 WS 14° GEN"
26266,"MODELO",2644849,"TURING9 WS 14° GEN"
26266,"MODELO",2774284,"TURING7 WS 14° GEN"
26266,"MODELO",2563445,"TURING7 WS 14° GEN"
26266,"MODELO",2563475,"TURING7 WS 14° GEN"
26266,"MODELO",2642992,"TURING7 WS 14° GEN"
26266,"MODELO",2642997,"TURING7 WS 14° GEN"
26266,"MODELO",2642999,"TURING7 WS 14° GEN"
26266,"MODELO",2643004,"TURING7 WS 14° GEN"
26266,"MODELO",2747549,"TURING9 WS 14° GEN"
26266,"MODELO",2642956,"TURING7 WS 14° GEN"
26266,"MODELO",2642971,"TURING7 WS 14° GEN"
26266,"MODELO",2643006,"TURING7 WS 14° GEN"
26266,"MODELO",2643009,"TURING7 WS 14° GEN"
26266,"MODELO",2643032,"TURING7 WS 14° GEN"
26266,"MODELO",2643052,"TURING7 WS 14° GEN"
26266,"MODELO",2747326,"TURING7 WS 14° GEN"
26266,"MODELO",2747625,"TURING9 WS 14° GEN"
26266,"MODELO",2747661,"TURING9 WS 14° GEN"
26266,"MODELO",2747334,"TURING7 WS 14° GEN"
26266,"MODELO",2747366,"TURING9 WS 14° GEN"
26266,"MODELO",2747536,"TURING9 WS 14° GEN"
26266,"MODELO",2747704,"TURING9 WS 14° GEN"
26266,"MODELO",2563741,"TURING7 WS 14° GEN"
26266,"MODELO",2563774,"TURING7 WS 14° GEN"
26266,"MODELO",2747731,"TURING9 WS 14° GEN"
26266,"MODELO",2747751,"TURING9 WS 14° GEN"
26266,"MODELO",4018828,"THINKSTATION P7"
26266,"MODELO",2587664,"TW7641SHGV12-14K-WP-MT-OP"
26266,"MODELO",2643872,"TURING9 WS 14° GEN"
26266,"MODELO",2643878,"TURING9 WS 14° GEN"
26266,"MODELO",2643891,"TURING9 WS 14° GEN"
26266,"MODELO",2643902,"TURING9 WS 14° GEN"
26266,"MODELO",2643913,"TURING9 WS 14° GEN"
26266,"MODELO",3740807,"PRO WP9680"
26266,"MODELO",2588870,"TURING7 WS 14° GEN"
26266,"MODELO",2588888,"TURING7 WS 14° GEN"
26266,"MODELO",2588903,"TURING7 WS 14° GEN"
26266,"MODELO",2588935,"TURING9 WS 14° GEN"
26266,"MODELO",2588958,"TURING9 WS 14° GEN"
26266,"MODELO",2587685,"TURING7 WS 14° GEN"
26266,"MODELO",2564174,"TURING7 WS 14° GEN"
26266,"MODELO",2564180,"TURING7 WS 14° GEN"
26266,"MODELO",2643939,"TURING9 WS 14° GEN"
26266,"MODELO",2643951,"TURING9 WS 14° GEN"
26266,"MODELO",2634710,"WBIS14700016S2H036G12"
26266,"MODELO",1773210,"THINKSTATION  P358"
26266,"MODELO",1926860,"8J8R8LS#ABM"
26266,"MODELO",2588921,"TURING7 WS 14° GEN"
26266,"MODELO",4042011,"PRO WO9780"
26266,"MODELO",2643874,"TURING9 WS 14° GEN"
26266,"MODELO",2643896,"TURING9 WS 14° GEN"
26266,"MODELO",2643918,"TURING9 WS 14° GEN"
26266,"MODELO",2643926,"TURING9 WS 14° GEN"
26266,"MODELO",2589001,"TURING9 WS 14° GEN"
26266,"MODELO",2589027,"TURING9 WS 14° GEN"
26266,"MODELO",2589082,"TURING9 WS 14° GEN"
26266,"MODELO",4119759,"TURING9 WS 12° GEN"
26266,"MODELO",3740715,"PRO WP9780"
26266,"MODELO",2588975,"TURING9 WS 14° GEN"
26266,"MODELO",2589072,"TURING9 WS 14° GEN"
26266,"MODELO",2589109,"TURING9 WS 14° GEN"
26266,"MODELO",4119767,"WORSTATION 7500 TOWER"
26266,"MODELO",2644009,"TURING9 WS 14° GEN"
26266,"MODELO",2588882,"TURING7 WS 14° GEN"
26266,"MODELO",2589200,"TURING9 WS 14° GEN"
26266,"MODELO",2589212,"TURING9 WS 14° GEN"
26266,"MODELO",2589236,"TURING9 WS 14° GEN"
26266,"MODELO",2913912,"LEGENDARY TIN914"
26266,"MODELO",2562075,"MASTER TEAM 9GXIV"
26266,"MODELO",2589262,"PIRAMIX-13900-V12"
26266,"MODELO",4070959,"PIRAMIX-U92K"
26266,"MODELO",2644256,"TURING9 WS 14° GEN"
26266,"MODELO",2589313,"TURING9 WS 14° GEN"
26266,"MODELO",2589454,"TURING9 WS 14° GEN"
26266,"MODELO",2562268,"TURING9 WS 14° GEN"
26266,"MODELO",2562278,"TURING9 WS 14° GEN"
26266,"MODELO",2562289,"TURING9 WS 14° GEN"
26266,"MODELO",2562293,"TURING9 WS 14° GEN"
26266,"MODELO",2589031,"TURING9 WS 14° GEN"
26266,"MODELO",2589100,"TURING9 WS 14° GEN"
26266,"MODELO",2589204,"TURING9 WS 14° GEN"
26266,"MODELO",2622957,"TURING9 WS 14° GEN"
26266,"MODELO",2622962,"TURING9 WS 14° GEN"
26266,"MODELO",2769257,"TURING7 WS 14° GEN"
26266,"MODELO",2769295,"TURING9 WS 14° GEN"
26266,"MODELO",2769440,"TURING9 WS 14° GEN"
26266,"MODELO",4071529,"PRO WO9980"
26266,"MODELO",2644604,"TURING9 WS 14° GEN"
26266,"MODELO",2644610,"TURING9 WS 14° GEN"
26266,"MODELO",2644612,"TURING9 WS 14° GEN"
26266,"MODELO",2644617,"TURING9 WS 14° GEN"
26266,"MODELO",2644620,"TURING9 WS 14° GEN"
26266,"MODELO",2644624,"TURING9 WS 14° GEN"
26266,"MODELO",2644629,"TURING9 WS 14° GEN"
26266,"MODELO",2644631,"TURING9 WS 14° GEN"
26266,"MODELO",2644633,"TURING9 WS 14° GEN"
26266,"MODELO",2644635,"TURING9 WS 14° GEN"
26266,"MODELO",2644641,"TURING9 WS 14° GEN"
26266,"MODELO",2644643,"TURING9 WS 14° GEN"
26266,"MODELO",2644647,"TURING9 WS 14° GEN"
26266,"MODELO",2770090,"TURING9 WS 14° GEN"
26266,"MODELO",2770119,"TURING9 WS 14° GEN"
26266,"MODELO",2770129,"TURING9 WS 14° GEN"
26266,"MODELO",2770141,"TURING9 WS 14° GEN"
26266,"MODELO",2770152,"TURING9 WS 14° GEN"
26266,"MODELO",2770159,"TURING9 WS 14° GEN"
26266,"MODELO",2770170,"TURING9 WS 14° GEN"
26266,"MODELO",2770383,"TURING7 WS 14° GEN"
26266,"MODELO",2565347,"TURING9 WS 14° GEN"
26266,"MODELO",2565357,"TURING9 WS 14° GEN"
26266,"MODELO",2565429,"TURING9 WS 14° GEN"
26266,"MODELO",2751143,"TURING7 WS 14° GEN"
26266,"MODELO",2751158,"TURING7 WS 14° GEN"
26266,"MODELO",2644608,"TURING9 WS 14° GEN"
26266,"MODELO",2644627,"TURING9 WS 14° GEN"
26266,"MODELO",2770164,"TURING9 WS 14° GEN"
26266,"MODELO",2770188,"TURING9 WS 14° GEN"
26266,"MODELO",2770267,"TURING7 WS 14° GEN"
26266,"MODELO",2559161,"WARLOCK 913K"
26266,"MODELO",2622960,"TURING9 WS 14° GEN"
26266,"MODELO",2622965,"TURING9 WS 14° GEN"
26266,"MODELO",2622968,"TURING9 WS 14° GEN"
26266,"MODELO",2622973,"TURING9 WS 14° GEN"
26266,"MODELO",2751309,"TURING7 WS 14° GEN"
26266,"MODELO",2644606,"TURING9 WS 14° GEN"
26266,"MODELO",2644637,"TURING9 WS 14° GEN"
26266,"MODELO",2644639,"TURING9 WS 14° GEN"
26266,"MODELO",2770198,"TURING9 WS 14° GEN"
26266,"MODELO",2770451,"TURING7 WS 14° GEN"
26266,"MODELO",1888896,"HP Z2 G9 TOWER WORKSTATION DESKTOP PC"
26266,"MODELO",3879225,"30GUSQUA00"
26266,"MODELO",2751127,"TURING7 WS 14° GEN"
26266,"MODELO",2751282,"TURING7 WS 14° GEN"
26266,"MODELO",2644622,"TURING9 WS 14° GEN"
26266,"MODELO",2644645,"TURING9 WS 14° GEN"
26266,"MODELO",2645493,"TURING9 WS 14° GEN"
26266,"MODELO",2647844,"TURING7 WS 14° GEN"
26266,"MODELO",1747356,"TANOS-12900K"
26266,"MODELO",4140420,"W7TI7FK565-Z"
26266,"MODELO",4228807,"SVGU9M6-D5-OP"
26266,"MODELO",2648201,"PRECISION 3680 TOWER WORKSTATION"
26266,"MODELO",1764437,"CREATOR STUDIO RL"
26266,"MODELO",1764478,"P358"
26266,"MODELO",2647859,"TURING7 WS 14° GEN"
26266,"MODELO",2895895,"GIGAN-W34"
26266,"MODELO",2811831,"ALLWASF249ECHP"
26266,"MODELO",2770505,"TURING7 WS 14° GEN"
26266,"MODELO",2770510,"TURING7 WS 14° GEN"
26266,"MODELO",2770649,"TURING7 WS 14° GEN"
26266,"MODELO",2770659,"TURING7 WS 14° GEN"
26266,"MODELO",2803170,"PIRAMIX-13900K"
26266,"MODELO",4228936,"MDP2605K0YF5D"
26266,"MODELO",3879233,"P3TI91132211V8F-OH"
26266,"MODELO",2770395,"TURING7 WS 14° GEN"
26266,"MODELO",2770497,"TURING7 WS 14° GEN"
26266,"MODELO",2770518,"TURING7 WS 14° GEN"
26266,"MODELO",2536785,"OBI7-11700-V16"
26266,"MODELO",2891867,"WS13-9Z16TS2WOH3-4V8."
26266,"MODELO",1802572,"STATION PRO RL"
26266,"MODELO",2774600,"TURING7 WS 14° GEN"
26266,"MODELO",2771495,"TURING7 WS 14° GEN"
26266,"MODELO",2771506,"TURING7 WS 14° GEN"
26266,"MODELO",2771509,"TURING7 WS 14° GEN"
26266,"MODELO",2771514,"TURING9 WS 14° GEN"
26266,"MODELO",1841850,"NUX XI"
26266,"MODELO",2774694,"TURING7 WS 14° GEN"
26266,"MODELO",2771422,"TURING7 WS 14° GEN"
26266,"MODELO",2774419,"TURING7 WS 14° GEN"
26266,"MODELO",2124565,"436W934X24G099"
26266,"MODELO",3761876,"TURING9 WS ULTRA"
26266,"MODELO",2771430,"TURING7 WS 14° GEN"
26266,"MODELO",2774566,"TURING7 WS 14° GEN"
26266,"MODELO",2774789,"TURING7 WS 14° GEN"
26266,"MODELO",2124457,"436W934X48G045"
26266,"MODELO",2124461,"MASTER TEAM XEON-W9"
26266,"MODELO",2771485,"TURING7 WS 14° GEN"
26266,"MODELO",2771535,"TURING9 WS 14° GEN"
26266,"MODELO",2774589,"TURING7 WS 14° GEN"
26266,"MODELO",2774822,"TURING7 WS 14° GEN"
26266,"MODELO",2774832,"TURING7 WS 14° GEN"
26266,"MODELO",2774847,"TURING7 WS 14° GEN"
26266,"MODELO",2627986,"PIRAMIX-14900K"
26266,"MODELO",2771653,"TURING9 WS 14° GEN"
26266,"MODELO",2771660,"TURING9 WS 14° GEN"
26266,"MODELO",2774798,"TURING7 WS 14° GEN"
26266,"MODELO",2774673,"TURING7 WS 14° GEN"
26266,"MODELO",4112727,"36I7V16GWS257"
26266,"MODELO",2745208,"WANX-13700"
26266,"MODELO",3755305,"TURING7 WS ULTRA"
26266,"MODELO",2774685,"TURING7 WS 14° GEN"
26266,"MODELO",2745188,"HP Z2 G9 MINI WORKSTATION DESKTOP PC"
26266,"MODELO",4230322,": GIGAN-G54"
26266,"MODELO",2894518,"SMART  PLATINUM 13700"
26266,"MODELO",2642589,"TURING7 WS 14° GEN"
26266,"MODELO",2751328,"TURING7 WS 14° GEN"
26266,"MODELO",2751331,"TURING7 WS 14° GEN"
26266,"MODELO",2751333,"TURING7 WS 14° GEN"
26266,"MODELO",2751337,"TURING7 WS 14° GEN"
26266,"MODELO",2751340,"TURING7 WS 14° GEN"
26266,"MODELO",2751344,"TURING7 WS 14° GEN"
26266,"MODELO",2751347,"TURING7 WS 14° GEN"
26266,"MODELO",2751355,"TURING7 WS 14° GEN"
26266,"MODELO",2751367,"TURING7 WS 14° GEN"
26266,"MODELO",2751369,"TURING7 WS 14° GEN"
26266,"MODELO",2751371,"TURING7 WS 14° GEN"
26266,"MODELO",2751373,"TURING7 WS 14° GEN"
26266,"MODELO",2751375,"TURING7 WS 14° GEN"
26266,"MODELO",2751377,"TURING7 WS 14° GEN"
26266,"MODELO",2751379,"TURING7 WS 14° GEN"
26266,"MODELO",2751381,"TURING7 WS 14° GEN"
26266,"MODELO",2751383,"TURING7 WS 14° GEN"
26266,"MODELO",2502065,"VISSION VO7760"
26266,"MODELO",2131115,"ENGINEERING SCIENTIFIC W9"
26266,"MODELO",2751349,"TURING7 WS 14° GEN"
26266,"MODELO",2751351,"TURING7 WS 14° GEN"
26266,"MODELO",2751353,"TURING7 WS 14° GEN"
26266,"MODELO",2751357,"TURING7 WS 14° GEN"
26266,"MODELO",2751359,"TURING7 WS 14° GEN"
26266,"MODELO",2751361,"TURING7 WS 14° GEN"
26266,"MODELO",2751363,"TURING7 WS 14° GEN"
26266,"MODELO",2751365,"TURING7 WS 14° GEN"
26266,"MODELO",2751385,"TURING7 WS 14° GEN"
26266,"MODELO",2751391,"TURING7 WS 14° GEN"
26266,"MODELO",2751394,"TURING7 WS 14° GEN"
26266,"MODELO",3794624,"TURING7 WS ULTRA"
26266,"MODELO",2780518,"PRO WO8560"
26266,"MODELO",2751325,"TURING7 WS 14° GEN"
26266,"MODELO",2751393,"TURING7 WS 14° GEN"
26266,"MODELO",2751397,"TURING7 WS 14° GEN"
26266,"MODELO",2751485,"THINKSTATION P8"
26266,"MODELO",2751387,"TURING7 WS 14° GEN"
26266,"MODELO",2780521,"PRO WP8560"
26266,"MODELO",2780551,"PRO WO9760"
26266,"MODELO",2751389,"TURING7 WS 14° GEN"
26266,"MODELO",2751399,"TURING7 WS 14° GEN"
26266,"MODELO",2780509,"PRO WO8360"
26266,"MODELO",2780513,"PRO WP8360"
26266,"MODELO",2138452,"D800"
26266,"MODELO",1731793,"ENTERPRISE 9500 TOWER"
26266,"MODELO",2769261,"TURING7 WS 14° GEN"
26266,"MODELO",2769265,"TURING7 WS 14° GEN"
26266,"MODELO",2769269,"TURING7 WS 14° GEN"
26266,"MODELO",2769279,"TURING9 WS 14° GEN"
26266,"MODELO",2769283,"TURING9 WS 14° GEN"
26266,"MODELO",2769285,"TURING9 WS 14° GEN"
26266,"MODELO",2769289,"TURING9 WS 14° GEN"
26266,"MODELO",2033978,"SMART PLATINUM GOLD 13700K"
26266,"MODELO",3760041,"TURING9 WS ULTRA"
26266,"MODELO",2563723,"PIRAMIX-13900"
26266,"MODELO",2563961,"MDP2403O4R7N3"
26266,"MODELO",2563976,"WANX-13700-V4"
26266,"MODELO",2565375,"TURING9 WS 14° GEN"
26266,"MODELO",2565450,"TURING9 WS 14° GEN"
26266,"MODELO",2034049,"SMART PLATINUM 13900K"
26266,"MODELO",1787433,"WORKSTATION003GCSCI513400"
26266,"MODELO",1787428,"WORKSTATION001GCSCI512600"
26266,"MODELO",1787440,"WORKSTATION006GCSCI513400FSOP"
26266,"MODELO",2589245,"TURING9 WS 14° GEN"
26266,"MODELO",2563216,"TURING7 WS 14° GEN"
26266,"MODELO",2565380,"TURING9 WS 14° GEN"
26266,"MODELO",3880521,"3616GWSI9V221"
26266,"MODELO",2783806,"WAICHAY"
26266,"MODELO",4116300,"ET-SVG3-2025"
26266,"MODELO",4114761,"NEURAULTRA7"
26266,"MODELO",4045131,"PRO WP9770"
26266,"MODELO",2527714,"MDP2310R7WM2M"
26266,"MODELO",2563161,"TURING7 WS 14° GEN"
26266,"MODELO",2564881,"TURING7 WS 14° GEN"
26266,"MODELO",2563197,"TURING7 WS 14° GEN"
26266,"MODELO",2565338,"TURING9 WS 14° GEN"
26266,"MODELO",1787713,"WORKSTATION001GCSCI712700"
26266,"MODELO",1787717,"WORKSTATION002GCSCI712700SOP"
26266,"MODELO",1787723,"WORKSTATION004GCSCI712700KSOP"
26266,"MODELO",4114774,"NU7TZ-7641SV6-WP-OH-WF"
26266,"MODELO",2527921,"OBI7-11700-V6"
26266,"MODELO",1787431,"WORKSTATION002GCSCI512600SOP"
26266,"MODELO",1787437,"WORKSTATION005GCSCI513400F"
26266,"MODELO",1787435,"WORKSTATION004GCSCI513400SOP"
26266,"MODELO",2562281,"TURING9 WS 14° GEN"
26266,"MODELO",2629206,"WS713T-71282SV8-U-S-D"
26266,"MODELO",2508544,"FOXTROT"
26266,"MODELO",3880537,"SUPREME-SFF"
26266,"MODELO",1755330,"CORE I7- MIRAGE"
26266,"MODELO",1787721,"WORKSTATION003GCSCI712700K"
26266,"MODELO",1755315,"CORE I7-MIRAGE"
26266,"MODELO",4230729,"THINKSTATION P2 TOWER GEN 2"
26266,"MODELO",4230750,"THINKSTATION P2 TOWER GEN 2"
26266,"MODELO",2531615,"THINKSTATION P360 TOWER"
26266,"MODELO",4230699,"THINKSTATION P2 TOWER GEN 2"
26266,"MODELO",2776964,"TW7161SG2MV12-14KF-W-MT-S"
26266,"MODELO",2776969,"TW7161SG2MV12-14KF-W-MT-S"
26266,"MODELO",2776985,"TURING5 14° GEN"
26266,"MODELO",2143400,"LEGENDARY VIN712"
26266,"MODELO",2912204,"SMART PLATINUM 12900"
26266,"MODELO",3722895,"LEGENDARY TIN72"
26266,"MODELO",3923576,"HP Z2 SFF G1I WORKSTATION"
26266,"MODELO",3139842,"PROWORK  WS90"
26266,"MODELO",2563067,"TURING7 WS 14° GEN"
26266,"MODELO",2777016,"TURING7 WS 14° GEN"
26266,"MODELO",4230925,"THINKSTATION P3 TOWER GEN 2"
26266,"MODELO",2563076,"TURING7 WS 14° GEN"
26266,"MODELO",2563085,"TURING7 WS 14° GEN"
26266,"MODELO",2563102,"TURING7 WS 14° GEN"
26266,"MODELO",4230679,"THINKSTATION P2 TOWER GEN 2"
26266,"MODELO",2563146,"TURING7 WS 14° GEN"
26266,"MODELO",4230909,"THINKSTATION P3 TOWER GEN 2"
26266,"MODELO",4231028,"GIGAN-ULTRA9"
26266,"MODELO",1760107,"HP Z2 G9 TOWER WORKSTATION"
26266,"MODELO",4082520,"WARLOCK7K"
26266,"MODELO",2563194,"TURING7 WS 14° GEN"
26266,"MODELO",4230761,"THINKSTATION P2 TOWER GEN 2"
26266,"MODELO",4230882,"THINKSTATION P2 TOWER GEN 2"
26266,"MODELO",2563157,"TURING7 WS 14° GEN"
26266,"MODELO",2563158,"TURING7 WS 14° GEN"
26266,"MODELO",2563175,"TURING7 WS 14° GEN"
26266,"MODELO",2563186,"TURING7 WS 14° GEN"
26266,"MODELO",2563206,"TURING7 WS 14° GEN"
26266,"MODELO",4230788,"THINKSTATION P2 TOWER GEN 2"
26266,"MODELO",4230789,"THINKSTATION P2 TOWER GEN 2"
26266,"MODELO",2776977,"TURING7 WS 14° GEN"
26266,"MODELO",2563145,"TURING7 WS 14° GEN"
26266,"MODELO",2563154,"TURING7 WS 14° GEN"
26266,"MODELO",4230717,"THINKSTATION P2 TOWER GEN 2"
26266,"MODELO",1866770,"DG-TWR"
26266,"MODELO",2894795,"MDP2408A0D3VR"
26266,"MODELO",2894901,"WORKSTATION 8500"
26266,"MODELO",4228476,"PU9M6V003V8"
26266,"MODELO",2895102,"WORKSTATION 8500 TOWER"
26266,"MODELO",2940924,"ET-SVG2"
26266,"MODELO",4228478,"PU9M6V004V8"
26266,"MODELO",4228671,"DELL PRO PRECISION 7 T1"
26266,"MODELO",3897223,"XPACE THREE-U"
26266,"MODELO",4047900,"PRO WP9860"
26266,"MODELO",2941027,"ENTERPRISE 6500 ALL"
26266,"MODELO",1787738,"WORKSTATION009GCSCI713700F"
26266,"MODELO",1787745,"WORKSTATION0011GCSCI713700K"
26266,"MODELO",1787750,"WORKSTATION0012GCSCI713700KSOP"
26266,"MODELO",1787755,"WORKSTATION0013GCSCI713700KF"
26266,"MODELO",1787770,"WORKSTATION001GCSCI512600K"
26266,"MODELO",1787772,"WORKSTATION002GCSCI512600KSOP"
26266,"MODELO",1787776,"WORKSTATION008GCSCI512600KFSOP"
26266,"MODELO",1787726,"WORKSTATION005GCSCI712700KF"
26266,"MODELO",1787731,"WORKSTATION006GCSCI712700KFSOP"
26266,"MODELO",1787733,"WORKSTATION007GCSCI713700"
26266,"MODELO",1787741,"WORKSTATION0010GCSCI713700FSOP"
26266,"MODELO",1798149,"WORKSTATION004GCSCI912900KSOP"
26266,"MODELO",1798168,"WORKSTATION006GCSCI912900KFSOP"
26266,"MODELO",1798177,"WORKSTATION008GCSCI912900KSSOP"
26266,"MODELO",1798182,"WORKSTATION009GCSCI913900K"
26266,"MODELO",3755762,"TURING7 WS ULTRA"
26266,"MODELO",3755771,"TURING7 WS ULTRA"
26266,"MODELO",3755776,"TURING7 WS ULTRA"
26266,"MODELO",3755780,"TURING7 WS ULTRA"
26266,"MODELO",3755785,"TURING7 WS ULTRA"
26266,"MODELO",3755792,"TURING7 WS ULTRA"
26266,"MODELO",2774350,"TURING7 WS 14° GEN"
26266,"MODELO",2774363,"TURING7 WS 14° GEN"
26266,"MODELO",1903112,"HP Z8 FURY G5 WORKSTATION"
26266,"MODELO",1787736,"WORKSTATION008GCSCI713700SOP"
26266,"MODELO",1787761,"WORKSTATION0014GCSCI713700KFSOP"
26266,"MODELO",1787774,"WORKSTATION007GCSCI512600KF"
26266,"MODELO",3755796,"TURING7 WS ULTRA"
26266,"MODELO",3755804,"TURING7 WS ULTRA"
26266,"MODELO",3755812,"TURING7 WS ULTRA"
26266,"MODELO",3755816,"TURING7 WS ULTRA"
26266,"MODELO",3755822,"TURING7 WS ULTRA"
26266,"MODELO",3755824,"TURING7 WS ULTRA"
26266,"MODELO",3755831,"TURING7 WS ULTRA"
26266,"MODELO",1778801,"TURING7 WS"
26266,"MODELO",2589646,"TURING7 WS 14° GEN"
26266,"MODELO",2814498,"WASICHAY|"
26266,"MODELO",2464643,"436W934X48G078"
26266,"MODELO",1760009,"ENGINEERING EXPERT GEN 2"
26266,"MODELO",3755828,"TURING7 WS ULTRA"
26266,"MODELO",3976060,"PRO WO9680"
26266,"MODELO",2777778,"ALLWASF246GZCE"
26266,"MODELO",3755838,"TURING7 WS ULTRA"
26266,"MODELO",2553565,"HP Z6 G5 A WORKSTATION"
26266,"MODELO",4134627,"ALL25WAIC9143205216V"
26266,"MODELO",4142771,"PRO RT7960"
26266,"MODELO",4226722,"MAD-ULTRA5"
26266,"MODELO",3756070,"TURING7 WS ULTRA"
26266,"MODELO",3756074,"TURING7 WS ULTRA"
26266,"MODELO",3756077,"TURING7 WS ULTRA"
26266,"MODELO",3756080,"TURING7 WS ULTRA"
26266,"MODELO",3756097,"TURING7 WS ULTRA"
26266,"MODELO",2143237,"W17JZF123C"
26266,"MODELO",2143313,"LEGENDARY VIN713"
26266,"MODELO",2142811,"LEGENDARY TIN713"
26266,"MODELO",2938257,"PRO WP8880"
26266,"MODELO",1804335,"GENWORK WS90_MT"
26266,"MODELO",2751093,"TURING7 WS 14° GEN"
26266,"MODELO",2751113,"TURING7 WS 14° GEN"
26266,"MODELO",2751121,"TURING7 WS 14° GEN"
26266,"MODELO",2751154,"TURING7 WS 14° GEN"
26266,"MODELO",3850835,"A92REABZ99"
26266,"MODELO",4139093,"W7TI7FK916B-Z"
26266,"MODELO",2751124,"TURING7 WS 14° GEN"
26266,"MODELO",1969182,"STATION PRO"
26266,"MODELO",2745772,"TURING9 WS 14° GEN"
26266,"MODELO",2751301,"TURING7 WS 14° GEN"
26266,"MODELO",2745776,"TURING9 WS 14° GEN"
26266,"MODELO",2745788,"TURING9 WS 14° GEN"
26266,"MODELO",2745793,"TURING9 WS 14° GEN"
26266,"MODELO",2558118,"GIGAN-W52445"
26266,"MODELO",2564870,"TURING7 WS 14° GEN"
26266,"MODELO",2564893,"TURING9 WS 14° GEN"
26266,"MODELO",2564897,"TURING9 WS 14° GEN"
26266,"MODELO",2781439,"PRO WO9960"
26266,"MODELO",2589603,"TURING7 WS 14° GEN"
26266,"MODELO",2589622,"TURING7 WS 14° GEN"
26266,"MODELO",2894753,"GIGAN-G54"
26266,"MODELO",3924113,"W"
26266,"MODELO",2891913,"WS14-9Z32TS2WOH3-4V8."
26266,"MODELO",2576129,"TURING9 WS 14° GEN"
26266,"MODELO",2576151,"TURING7 WS 14° GEN"
26266,"MODELO",2589196,"TURING9 WS 14° GEN"
26266,"MODELO",2589431,"TURING9 WS 14° GEN"
26266,"MODELO",2589222,"TURING9 WS 14° GEN"
26266,"MODELO",2589337,"TURING9 WS 14° GEN"
26266,"MODELO",1765819,"TURING9 WS"
26266,"MODELO",4094960,"THINKSTATION P3 TINY GEN 2"
26266,"MODELO",2805763,"ALLWASF24BGF6B"
26266,"MODELO",2624670,"WS713T-7322SV8-WP-OH-WF"
26266,"MODELO",2576078,"TURING9 WS 14° GEN"
26266,"MODELO",2576124,"TURING9 WS 14° GEN"
26266,"MODELO",2576146,"TURING7 WS 14° GEN"
26266,"MODELO",2589487,"TURING9 WS 14° GEN"
26266,"MODELO",2589390,"TURING9 WS 14° GEN"
26266,"MODELO",2530246,"W09GZF868"
26266,"MODELO",2576083,"TURING9 WS 14° GEN"
26266,"MODELO",2576102,"TURING9 WS 14° GEN"
26266,"MODELO",2576121,"TURING9 WS 14° GEN"
26266,"MODELO",2576141,"TURING9 WS 14° GEN"
26266,"MODELO",1889671,"HP Z2 G9 SFF WORKSTATION DESKTOP P"
26266,"MODELO",2589419,"TURING9 WS 14° GEN"
26266,"MODELO",3924219,"ALL25KAIU7922"
26266,"MODELO",2587616,"TURING7 WS 14° GEN"
26266,"MODELO",2587627,"TURING7 WS 14° GEN"
26266,"MODELO",2140556,"D800MDRES"
26266,"MODELO",2531041,"MDP2310H7K0K0"
26266,"MODELO",2774501,"TURING7 WS 14° GEN"
26266,"MODELO",2774559,"TURING7 WS 14° GEN"
26266,"MODELO",2774582,"TURING7 WS 14° GEN"
26266,"MODELO",2774411,"TURING7 WS 14° GEN"
26266,"MODELO",3333040,"MODELO: WORKSTATION 9500 TOWER"
26266,"MODELO",2502313,"VISSION VP7760"
26266,"MODELO",2772132,"TURING9 WS 14° GEN"
26266,"MODELO",2772209,"TURING9 WS 14° GEN"
26266,"MODELO",2772220,"TURING9 WS 14° GEN"
26266,"MODELO",2623551,"TURING7 WS 14° GEN"
26266,"MODELO",2623553,"TURING7 WS 14° GEN"
26266,"MODELO",2623555,"TURING7 WS 14° GEN"
26266,"MODELO",2502300,"VISSION  VP7760"
26266,"MODELO",2502303,"VISSION  VO7760"
26266,"MODELO",2772127,"TURING9 WS 14° GEN"
26266,"MODELO",2772295,"TURING9 WS 14° GEN"
26266,"MODELO",2772308,"TURING9 WS 14° GEN"
26266,"MODELO",2630110,"TURING9 WS 14° GEN"
26266,"MODELO",2772159,"TURING9 WS 14° GEN"
26266,"MODELO",2772164,"TURING9 WS 14° GEN"
26266,"MODELO",2772171,"TURING9 WS 14° GEN"
26266,"MODELO",2772278,"TURING9 WS 14° GEN"
26266,"MODELO",2772287,"TURING9 WS 14° GEN"
26266,"MODELO",4042938,"PRO WO9880"
26266,"MODELO",2623557,"TURING9 WS 14° GEN"
26266,"MODELO",2508710,"BRUFEN"
26266,"MODELO",2772393,"TURING9 WS 14° GEN"
26266,"MODELO",2772418,"TURING9 WS 14° GEN"
26266,"MODELO",3894007,"3624GWSI9V356"
26266,"MODELO",2772374,"TURING9 WS 14° GEN"
26266,"MODELO",2772510,"TURING9 WS 14° GEN"
26266,"MODELO",2772458,"TURING9 WS 14° GEN"
26266,"MODELO",2772551,"TURING9 WS 14° GEN"
26266,"MODELO",2530257,"W09FZMX5A"
26266,"MODELO",2772335,"TURING9 WS 14° GEN"
26266,"MODELO",2772283,"TURING9 WS 14° GEN"
26266,"MODELO",2772362,"TURING9 WS 14° GEN"
26266,"MODELO",2772574,"TURING9 WS 14° GEN"
26266,"MODELO",2772590,"TURING9 WS 14° GEN"
26266,"MODELO",2772620,"TURING7 WS 14° GEN"
26266,"MODELO",2772634,"TURING7 WS 14° GEN"
26266,"MODELO",1746125,"HP Z8 G4 WORKSTATION3"
26266,"MODELO",2599891,"TURING7 WS 14° GEN"
26266,"MODELO",2599902,"TURING7 WS 14° GEN"
26266,"MODELO",2599911,"TURING7 WS 14° GEN"
26266,"MODELO",2652750,"TURING7 WS 14° GEN"
26266,"MODELO",2652760,"TURING7 WS 14° GEN"
26266,"MODELO",2652767,"TURING7 WS 14° GEN"
26266,"MODELO",2652779,"TURING7 WS 14° GEN"
26266,"MODELO",2586305,"WS9K13T-9644SV4-WP-OP-WF"
26266,"MODELO",1997571,"THINKSTATION P3 TOWER"
26266,"MODELO",2652771,"TURING7 WS 14° GEN"
26266,"MODELO",2652800,"TURING7 WS 14° GEN"
26266,"MODELO",2632840,"RACK PRECISION 7960"
26266,"MODELO",2599895,"TURING7 WS 14° GEN"
26266,"MODELO",2734909,"TURING7 WS 14° GEN"
26266,"MODELO",2734919,"TURING7 WS 14° GEN"
26266,"MODELO",3968939,"THINKSTATION  P5"
26266,"MODELO",2587924,"WS713T-7165SV8-WP-OH-WF"
26266,"MODELO",3979965,"PRO WP9570"
26266,"MODELO",3980144,"PRO WO9560"
26266,"MODELO",2599907,"TURING7 WS 14° GEN"
26266,"MODELO",2535219,"W09IZMXA0"
26266,"MODELO",2635706,"WAYRA"
26266,"MODELO",4075940,"PRO WO9080"
26266,"MODELO",4075944,"PRO WP9080"
26266,"MODELO",1749752,"HSER- BDPR4610A"
26266,"MODELO",4045874,"PRO WP9760"
26266,"MODELO",2623273,"TURING9 WS 14° GEN"
26266,"MODELO",2623283,"TURING9 WS 14° GEN"
26266,"MODELO",2623287,"TURING9 WS 14° GEN"
26266,"MODELO",2623291,"TURING9 WS 14° GEN"
26266,"MODELO",2623296,"TURING9 WS 14° GEN"
26266,"MODELO",3140133,"PROWORK  WS70"
26266,"MODELO",2623280,"TURING9 WS 14° GEN"
26266,"MODELO",2652619,"TURING7 WS 14° GEN"
26266,"MODELO",2652622,"TURING7 WS 14° GEN"
26266,"MODELO",1762917,"MDP2302VI8C2O"
26266,"MODELO",3140267,"PROWORK  WS50"
26266,"MODELO",2652637,"TURING7 WS 14° GEN"
26266,"MODELO",2652662,"TURING7 WS 14° GEN"
26266,"MODELO",3840399,"PROMETHEUS"
26266,"MODELO",2652624,"TURING7 WS 14° GEN"
26266,"MODELO",2652657,"TURING7 WS 14° GEN"
26266,"MODELO",2651759,"TORRE PRECISION 3680"
26266,"MODELO",2623268,"TURING9 WS 14° GEN"
26266,"MODELO",2623276,"TURING9 WS 14° GEN"
26266,"MODELO",2623293,"TURING9 WS 14° GEN"
26266,"MODELO",3826106,"MULTIV RL"
26266,"MODELO",3731977,"PRO WP9880"
26266,"MODELO",4227118,"SV-M6"
26266,"MODELO",2563854,"TURING7 WS 14° GEN"
26266,"MODELO",2034002,"SMART GOLD 13700K"
26266,"MODELO",3757538,"TURING7 WS ULTRA"
26266,"MODELO",3757546,"TURING7 WS ULTRA"
26266,"MODELO",3757563,"TURING7 WS ULTRA"
26266,"MODELO",4229041,"MDP2605YO4WF5"
26266,"MODELO",4229110,"STATION PRO A"
26266,"MODELO",3326226,"LEGENDARY TIN714"
26266,"MODELO",2589582,"TURING7 WS 14° GEN"
26266,"MODELO",2589634,"TURING7 WS 14° GEN"
26266,"MODELO",2599723,"TURING7 WS 14° GEN"
26266,"MODELO",2599738,"TURING7 WS 14° GEN	7"
26266,"MODELO",3758183,"TURING7 WS ULTRA"
26266,"MODELO",3758204,"TURING7 WS ULTRA"
26266,"MODELO",2647836,"TURING9 WS 14° GEN"
26266,"MODELO",2647869,"TURING7 WS 14° GEN"
26266,"MODELO",2563850,"TURING7 WS 14° GEN"
26266,"MODELO",3150482,"ALMA BI"
26266,"MODELO",2533815,"W09IZMXF4"
26266,"MODELO",2599707,"TURING7 WS 14° GEN"
26266,"MODELO",2599727,"TURING7 WS 14° GEN"
26266,"MODELO",2599746,"TURING7 WS 14° GEN"
26266,"MODELO",3758327,"TURING7 WS ULTRA"
26266,"MODELO",2464048,"436W934X48G024"
26266,"MODELO",2563862,"TURING7 WS 14° GEN"
26266,"MODELO",3757524,"TURING7 WS ULTRA"
26266,"MODELO",3757542,"TURING7 WS ULTRA"
26266,"MODELO",3757567,"TURING7 WS ULTRA"
26266,"MODELO",2599739,"TURING7 WS 14° GEN"
26266,"MODELO",2599809,"TURING7 WS 14° GEN"
26266,"MODELO",2599822,"TURING7 WS 14° GEN"
26266,"MODELO",2599831,"TURING7 WS 14° GEN"
26266,"MODELO",3758223,"TURING7 WS ULTRA"
26266,"MODELO",2141360,"OB"
26266,"MODELO",2142797,"DEMOSTRACION"
26266,"MODELO",3757586,"TURING7 WS ULTRA"
26266,"MODELO",3757593,"TURING7 WS ULTRA"
26266,"MODELO",3757615,"TURING7 WS ULTRA"
26266,"MODELO",3757624,"TURING7 WS ULTRA"
26266,"MODELO",2599851,"TURING7 WS 14° GEN"
26266,"MODELO",2599856,"TURING7 WS 14° GEN"
26266,"MODELO",2599870,"TURING7 WS 14° GEN"
26266,"MODELO",2599888,"TURING7 WS 14° GEN"
26266,"MODELO",3758282,"TURING7 WS ULTRA"
26266,"MODELO",2611217,"MDP2403I8H7A0"
26266,"MODELO",2140790,"OBI7-11700"
26266,"MODELO",3757683,"TURING7 WS ULTRA"
26266,"MODELO",2611357,"MDP2403J9Q6O4"
26266,"MODELO",2564164,"TURING7 WS 14° GEN"
26266,"MODELO",3757604,"TURING7 WS ULTRA"
26266,"MODELO",3757638,"TURING7 WS ULTRA"
26266,"MODELO",3757675,"TURING7 WS ULTRA"
26266,"MODELO",2589498,"TURING9 WS 14° GEN"
26266,"MODELO",2771722,"TURING9 WS 14° GEN"
26266,"MODELO",2771758,"TURING9 WS 14° GEN"
26266,"MODELO",2599813,"VISSION WP8960"
26266,"MODELO",2599841,"TURING7 WS 14° GEN"
26266,"MODELO",2599847,"TURING7 WS 14° GEN"
26266,"MODELO",1748659,"THINKSTATION  P620"
26266,"MODELO",2771621,"TURING9 WS 14° GEN"
26266,"MODELO",2771626,"TURING9 WS 14° GEN"
26266,"MODELO",2771637,"TURING9 WS 14° GEN"
26266,"MODELO",2771646,"TURING9 WS 14° GEN"
26266,"MODELO",2771672,"TURING9 WS 14° GEN"
26266,"MODELO",2771686,"TURING9 WS 14° GEN"
26266,"MODELO",2771713,"TURING9 WS 14° GEN"
26266,"MODELO",4221201,"SITH7-12700"
26266,"MODELO",2564168,"TURING7 WS 14° GEN"
26266,"MODELO",2588795,"TURING7 WS 14° GEN"
26266,"MODELO",2771703,"TURING9 WS 14° GEN"
26266,"MODELO",2771730,"TURING9 WS 14° GEN"
26266,"MODELO",2771748,"TURING9 WS 14° GEN"
26266,"MODELO",2599881,"TURING7 WS 14° GEN"
26266,"MODELO",3758390,"TURING7 WS ULTRA"
26266,"MODELO",3759734,"TURING7 WS ULTRA"
26266,"MODELO",3759759,"TURING9 WS ULTRA"
26266,"MODELO",2652112,"TURING7 WS 14° GEN"
26266,"MODELO",2772314,"TURING9 WS 14° GEN"
26266,"MODELO",2772381,"TURING9 WS 14° GEN"
26266,"MODELO",2772404,"TURING9 WS 14° GEN"
26266,"MODELO",2772446,"TURING9 WS 14° GEN"
26266,"MODELO",2772534,"TURING9 WS 14° GEN"
26266,"MODELO",2772563,"TURING9 WS 14° GEN"
26266,"MODELO",2772604,"TURING9 WS 14° GEN"
26266,"MODELO",2772614,"TURING9 WS 14° GEN"
26266,"MODELO",3755250,"TURING7 WS ULTRA"
26266,"MODELO",3780383,"THINKSTATION P5"
26266,"MODELO",2774816,"TURING7 WS 14° GEN"
26266,"MODELO",2774860,"TURING7 WS 14° GEN"
26266,"MODELO",2652185,"TURING7 WS 14° GEN"
26266,"MODELO",2652266,"TURING7 WS 14° GEN"
26266,"MODELO",2652343,"TURING7 WS 14° GEN"
26266,"MODELO",2652345,"TURING7 WS 14° GEN"
26266,"MODELO",2652347,"TURING7 WS 14° GEN"
26266,"MODELO",2772429,"TURING9 WS 14° GEN"
26266,"MODELO",2772473,"TURING9 WS 14° GEN"
26266,"MODELO",3755354,"TURING7 WS ULTRA"
26266,"MODELO",3978957,"PRO WO9670"
26266,"MODELO",2777302,"PRO WP8760"
26266,"MODELO",2777310,"PRO WP8960"
26266,"MODELO",2777334,"PRO WP8780"
26266,"MODELO",2777343,"PRO WP8980"
26266,"MODELO",2652387,"TURING7 WS 14° GEN"
26266,"MODELO",2652429,"TURING7 WS 14° GEN"
26266,"MODELO",2652446,"TURING7 WS 14° GEN"
26266,"MODELO",2652452,"TURING7 WS 14° GEN"
26266,"MODELO",2652465,"TURING7 WS 14° GEN"
26266,"MODELO",2652469,"TURING7 WS 14° GEN"
26266,"MODELO",2652474,"TURING7 WS 14° GEN"
26266,"MODELO",3760064,"TURING9 WS ULTRA"
26266,"MODELO",2652476,"TURING7 WS 14° GEN"
26266,"MODELO",2652481,"TURING7 WS 14° GEN"
26266,"MODELO",2652496,"TURING7 WS 14° GEN"
26266,"MODELO",3760122,"TURING9 WS ULTRA"
26266,"MODELO",2652458,"TURING7 WS 14° GEN"
26266,"MODELO",2652485,"TURING7 WS 14° GEN"
26266,"MODELO",2652489,"TURING7 WS 14° GEN"
26266,"MODELO",3978960,"PRO WP9670"
26266,"MODELO",2652316,"TURING7 WS 14° GEN"
26266,"MODELO",2652351,"TURING7 WS 14° GEN"
26266,"MODELO",2652374,"TURING7 WS 14° GEN"
26266,"MODELO",2652425,"TURING7 WS 14° GEN"
26266,"MODELO",2652491,"TURING7 WS 14° GEN"
26266,"MODELO",1902847,"HP Z8 G5 WORKSTATION DESKTOP PC"
26266,"MODELO",3760026,"TURING9 WS ULTRA"
26266,"MODELO",2652359,"TURING7 WS 14° GEN"
26266,"MODELO",2652362,"TURING7 WS 14° GEN"
26266,"MODELO",2652419,"TURING7 WS 14° GEN"
26266,"MODELO",2652472,"TURING7 WS 14° GEN"
26266,"MODELO",2652479,"TURING7 WS 14° GEN"
26266,"MODELO",2652487,"TURING7 WS 14° GEN"
26266,"MODELO",2652493,"TURING7 WS 14° GEN"
26266,"MODELO",3755746,"TURING7 WS ULTRA"
26266,"MODELO",3755753,"TURING7 WS ULTRA"
26266,"MODELO",3755758,"TURING7 WS ULTRA"
26266,"MODELO",2890244,"PRO WP7980"
26266,"MODELO",3731303,"PRO WP9980"
26266,"MODELO",3763958,"TURING9 WS ULTRA"
26266,"MODELO",3763974,"TURING9 WS ULTRA"
26266,"MODELO",3763987,"TURING9 WS ULTRA"
26266,"MODELO",3760215,"TURING9 WS ULTRA"
26266,"MODELO",2652629,"TURING7 WS 14° GEN"
26266,"MODELO",2652641,"TURING7 WS 14° GEN"
26266,"MODELO",2652647,"TURING7 WS 14° GEN"
26266,"MODELO",2652653,"TURING7 WS 14° GEN"
26266,"MODELO",1728575,"HP ZBOOK POWER G9"
26267,"NRO_PARTE",,
26425,"EMPAQUE_DE_FABRICA",1675403,"EN: CAJA"
51108,"SISTEMA_DE_MANEJO_RAEE",3716342,"SIST. MANEJO RAEE: INDIVIDUAL"
51108,"SISTEMA_DE_MANEJO_RAEE",3716341,"SIST. MANEJO RAEE: COLECTIVO"
26268,"CERTIFICACION",1675404,"MIL-STD 810G"
26268,"CERTIFICACION",1675405,"ISO 14001:2015"
26268,"CERTIFICACION",1675406,"ISO 14001:2004"
26268,"CERTIFICACION",1675407,"ISV"
26268,"CERTIFICACION",1675408,"EPEAT"
26268,"CERTIFICACION",1675409,"GOST-R Rusia"
26268,"CERTIFICACION",1675410,"cCSAus"
26268,"CERTIFICACION",1675411,"EuP/ErP"
26268,"CERTIFICACION",1675412,"CE O UE"
26268,"CERTIFICACION",1675413,"ISO 9001"
26268,"CERTIFICACION",1675414,"EPA 5.0"
26268,"CERTIFICACION",1675415,"VCCI - JAPON"
26268,"CERTIFICACION",1675416,"TCO"
26268,"CERTIFICACION",1675417,"BSMI - Taiwan Mark"
26268,"CERTIFICACION",1675418,"UL"
26268,"CERTIFICACION",1675419,"FCC - EE. UU."
26268,"CERTIFICACION",1675420,"RoHS"
26268,"CERTIFICACION",1675421,"ENERGY STAR"
26268,"CERTIFICACION",1675422,"TUV/S S-Mark (Japan)"
26268,"CERTIFICACION",1675423,"WEEE"
26268,"CERTIFICACION",1675424,"REACH"
26268,"CERTIFICACION",1729933,"MIL-STD 810H"
