ID_Caracteristica,Nombre_Caracteristica,ID_Valor,Nombre_Valor
26281,"PANTALLA",1677536,"PANTALLA: LED TACTIL 75.0'' 3840x2160 PIXELES"
26281,"PANTALLA",1677537,"PANTALLA: LED TACTIL 85.0'' 3840x2160 PIXELES"
26281,"PANTALLA",1677538,"PANTALLA: LED TACTIL 55.0"" 3840X2160 PIXELES"
26281,"PANTALLA",1677539,"PANTALLA: LCD 70.0"" 1920X1080 PIXELES"
26281,"PANTALLA",1677540,"PANTALLA: LED TACTIL 65.0"" 1920X1080 PIXELES"
26281,"PANTALLA",1677541,"PANTALLA: LCD 65.5"" 1920x1080 PIXELES"
26281,"PANTALLA",1677542,"PANTALLA: LCD 75.0"" 1920X1080 PIXELES"
26281,"PANTALLA",1677543,"PANTALLA: LCD 84.0"" 3840X2160 PIXELES"
26281,"PANTALLA",1677544,"PANTALLA: LED 86.0"" 3840X2160 PIXELES"
26281,"PANTALLA",1677545,"PANTALLA: LCD TFT 86.0"" 3840X2160 PIXELES"
26281,"PANTALLA",1677546,"PANTALLA: LED TACTIL 70.0"" 3840X2160 PIXELES"
26281,"PANTALLA",1677547,"PANTALLA: LED TACTIL 86.0"" 3840X2160 PIXELES"
26281,"PANTALLA",1677548,"PANTALLA: LED TACTIL 85.6"" 3840X2160 PIXELES"
26281,"PANTALLA",1677549,"PANTALLA: LCD TACTIL 55.0"" 3840X2160 PIXELES"
26281,"PANTALLA",1677550,"PANTALLA: LCD TFT 85.0"" 3840X2160 PIXELES"
26281,"PANTALLA",1677551,"PANTALLA: LED TACTIL 90.0"" 3840X2160 PIXELES"
26281,"PANTALLA",1677552,"PANTALLA: LCD TFT 75.0"" 3840X2160 PIXELES"
26281,"PANTALLA",1677553,"PANTALLA: LED 55.0"" 3840X1080 PIXELES"
26281,"PANTALLA",1677554,"PANTALLA: LED 98.0"" 3840X1080 PIXELES"
26281,"PANTALLA",1677555,"PANTALLA: LED 75.0"" 3840X1080 PIXELES"
26281,"PANTALLA",1677556,"PANTALLA: LED 86.0"" 3840X1080 PIXELES"
26281,"PANTALLA",1677557,"PANTALLA: LED 65.0"" 3840X1080 PIXELES"
26281,"PANTALLA",1677558,"PANTALLA: LED 70.0"" 3840X1080 PIXELES"
26281,"PANTALLA",1677559,"PANTALLA: LED TACTIL 49.0"" 1920X1080 PIXELES"
26281,"PANTALLA",1677560,"PANTALLA: LED TFT TACTIL 74.5"" 3840X2160 PIXELES"
26281,"PANTALLA",1677561,"PANTALLA: LED TACTIL 43.0"" 1920X1080 PIXELES"
26281,"PANTALLA",1677562,"PANTALLA: LCD TACTIL 86.0"" 3840X2160 PIXELES"
26281,"PANTALLA",1677563,"PANTALLA: LCD TACTIL 65.0"" 3840X2160 PIXELES"
26281,"PANTALLA",1677564,"PANTALLA: LED TACTIL 32.0"" 1920X1080 PIXELES"
26281,"PANTALLA",1677565,"PANTALLA: LCD TFT 65.0"" 3840X2160 PIXELES"
26281,"PANTALLA",1677566,"PANTALLA: LCD TACTIL 75.0"" 3840X2160 PIXELES"
26281,"PANTALLA",1677567,"PANTALLA: LED 48.9"" 3840X1080 PIXELES"
26281,"PANTALLA",1677568,"PANTALLA: LED TACTIL 98.0"" 3840X2160 PIXELES"
26281,"PANTALLA",1677569,"PANTALLA: LCD TACTIL 43.0"" 3840X2160 PIXELES"
26281,"PANTALLA",1677570,"PANTALLA: LCD TACTIL 54.64"" 1920X1080 PIXELES"
26281,"PANTALLA",1677571,"PANTALLA: LED TACTIL 54.6"" 1920X1080 PIXELES"
26281,"PANTALLA",1677572,"PANTALLA: LED 80.0"" 1920X1080 PIXELES"
26281,"PANTALLA",1677573,"PANTALLA: LED 75.0"" 1920X1080 PIXELES"
26281,"PANTALLA",1677574,"PANTALLA: LED 70.0"" 1920X1080 PIXELES"
26281,"PANTALLA",1677575,"PANTALLA: LED TACTIL 80.0"" 1920X1080 PIXELES"
26281,"PANTALLA",1677576,"PANTALLA: LED TACTIL 70.0"" 1920X1080 PIXELES"
26281,"PANTALLA",1677577,"PANTALLA: LED 84.0"" 3840X2160 PIXELES"
26281,"PANTALLA",1677578,"PANTALLA: LED TACTIL 84.0"" 3840X2160 PIXELES"
26281,"PANTALLA",1677579,"PANTALLA: LCD 60.0"" 1920X1080 PIXELES"
26281,"PANTALLA",1677580,"PANTALLA: LED TACTIL 75.0"" 3840X2160 PIXELES"
26281,"PANTALLA",1677581,"PANTALLA: LED 85.0"" 3840X2160 PIXELES"
26281,"PANTALLA",1677582,"PANTALLA: LCD 80.0"" 1920X1080 PIXELES"
26281,"PANTALLA",1677583,"PANTALLA: LED TACTIL 55.0"" 1920X1080 PIXELES"
26281,"PANTALLA",1677584,"PANTALLA: LED 49.5"" 1920X1080 PIXELES"
26281,"PANTALLA",1677585,"PANTALLA: LED 65.0"" 1920X1080 PIXELES"
26281,"PANTALLA",1677586,"PANTALLA: LED TACTIL 65.0"" 3840X2160 PIXELES"
26281,"PANTALLA",1677587,"PANTALLA: LED 82.0"" 1920X1080 PIXELES"
26281,"PANTALLA",1677588,"PANTALLA: LCD TACTIL 98.0"" 3840X2160 PIXELES"
26281,"PANTALLA",1677589,"PANTALLA: LED 65.0"" 3840X2160 PIXELES"
26281,"PANTALLA",1677590,"PANTALLA: LED 75.0"" 3840X2160 PIXELES"
26281,"PANTALLA",1677591,"PANTALLA: LED TACTIL 54.64"" 1920X1080 PIXELES"
26281,"PANTALLA",1677592,"PANTALLA: LCD TACTIL 85.60"" 3840X2160 PIXELES"
26281,"PANTALLA",1677593,"PANTALLA: LCD IPS TACTIL 75.0"" 3840X2160 PIXELES"
26281,"PANTALLA",1677594,"PANTALLA: LCD IPS TACTIL 86.0"" 3840X2160 PIXELES"
26281,"PANTALLA",2747012,"PANTALLA: LED TACTIL 105.0"" 5120X2160 PIXELES"
26281,"PANTALLA",2747510,"PANTALLA: LED TACTIL 15.6"" 1920X1080 PIXELES"
26281,"PANTALLA",2747511,"PANTALLA: LED TACTIL 15.0"" 1024X768 PIXELES"
26281,"PANTALLA",2747513,"PANTALLA: LED TACTIL 21.5"" 1920X1080 PIXELES"
26281,"PANTALLA",2747506,"PANTALLA: LCD 49.0"" 1920X1080 PIXELES"
26281,"PANTALLA",2794745,"PANTALLA: LCD TACTIL 110.0"" 3840X2160 PIXELES"
26281,"PANTALLA",2625925,"PANTALLA: LCD TACTIL 105.0"" 5120X2160 PIXELES"
26282,"CONECTIVIDAD_LAN",1677595,"LAN: SI"
26282,"CONECTIVIDAD_LAN",1677596,"LAN: NO"
26283,"CONECTIVIDAD_WLAN",1677597,"WLAN: NO"
26283,"CONECTIVIDAD_WLAN",1677598,"WLAN: SI"
26284,"CONECTIVIDAD_USB",1677599,"USB: NO"
26284,"CONECTIVIDAD_USB",1677600,"USB: SI"
26285,"VIDEO_VGA",1677601,"VGA: NO"
26285,"VIDEO_VGA",1677602,"VGA: SI"
26286,"VIDEO_HDMI",1677603,"HDMI: SI"
26287,"GARANTIA_DE_FABRICA",1677604,"G. F: 24 MESES ON-SITE"
26287,"GARANTIA_DE_FABRICA",1677605,"G. F: 24 MESES CARRY-IN"
26287,"GARANTIA_DE_FABRICA",1677606,"G. F: 36 MESES ON-SITE"
26287,"GARANTIA_DE_FABRICA",1677607,"G. F: 36 MESES CARRY-IN"
26287,"GARANTIA_DE_FABRICA",1677608,"G. F: 12 MESES ON-SITE"
26287,"GARANTIA_DE_FABRICA",1677609,"G. F: 12 MESES CARRY-IN"
26287,"GARANTIA_DE_FABRICA",1677610,"G. F: 48 MESES CARRY-IN"
26287,"GARANTIA_DE_FABRICA",1677611,"G. F: 60 MESES CARRY-IN"
26287,"GARANTIA_DE_FABRICA",1677612,"G. F: 60 MESES ON-SITE"
26287,"GARANTIA_DE_FABRICA",1677613,"G. F: 48 MESES ON-SITE"
26288,"UNIDAD",1677614,"UNIDAD"
26289,"MARCA",4022960,"OSB"
26289,"MARCA",1754478,"SIKER"
26289,"MARCA",2489458,"HIKVISION"
26289,"MARCA",4040436,"ANAX"
26289,"MARCA",3861850,"INNEX"
26289,"MARCA",4040673,"ECONORACKS"
26289,"MARCA",4046530,"IQ BOARD"
26289,"MARCA",3761228,"OPTOMA TECHNOLOGY INC"
26289,"MARCA",4275378,"T ITED"
26289,"MARCA",1721331,"ZKT ECO"
26289,"MARCA",1677615,"Q T-GLICH"
26289,"MARCA",1677616,"SILVER VOLT"
26289,"MARCA",1677617,"INFOCUS"
26289,"MARCA",1677618,"NEW KRAL"
26289,"MARCA",1677619,"RICOH"
26289,"MARCA",1677620,"GCS"
26289,"MARCA",3724048,"CLEVERTOUCH"
26289,"MARCA",1677621,"TRAUBOARD"
26289,"MARCA",1677622,"AOC"
26289,"MARCA",1677623,"CTOUCH"
26289,"MARCA",1677624,"OPTOMA"
26289,"MARCA",1677625,"LG"
26289,"MARCA",1677626,"i3 TECHNOLOGIES"
26289,"MARCA",1677627,"HANDEEL"
26289,"MARCA",1677628,"NEXTHEA"
26289,"MARCA",1677629,"DIFFERENCE INDUSTRIAL"
26289,"MARCA",1677630,"KENYA"
26289,"MARCA",1677631,"STARBOARD"
26289,"MARCA",1677632,"HAIER"
26289,"MARCA",1677633,"VASTEC"
26289,"MARCA",1677634,"BENQ"
26289,"MARCA",1677635,"TRIUMPH BOARD"
26289,"MARCA",1677636,"INSOMED"
26289,"MARCA",1677637,"SMART"
26289,"MARCA",1677638,"SHARP"
26289,"MARCA",1677639,"PANASONIC"
26289,"MARCA",1677640,"VIEWSONIC"
26289,"MARCA",1677641,"SAMSUNG"
26289,"MARCA",1677642,"PROMETHEAN"
26289,"MARCA",1677643,"BOXLIGHT MIMIO"
26289,"MARCA",1677644,"UNIVIEW"
26289,"MARCA",1677645,"RHINOBOX"
26289,"MARCA",1677646,"QOMO"
26289,"MARCA",1677647,"DAHUA"
26289,"MARCA",1677648,"NEXORUS"
26289,"MARCA",1677649,"NEC"
26289,"MARCA",1677650,"HORION"
26289,"MARCA",1677651,"M4X"
26289,"MARCA",1677652,"MAXTIC"
26289,"MARCA",1677653,"HUAWEI"
26289,"MARCA",4223444,"TCL"
26289,"MARCA",3916485,"MEGA CHAMBI"
26289,"MARCA",2769463,"PROVISUAL"
26289,"MARCA",2769465,"IQTOUCH"
26289,"MARCA",2745822,"YEALINK"
26289,"MARCA",3861383,"MINDBOARD"
26289,"MARCA",2534490,"TEROS"
26289,"MARCA",2534491,"ONESCREEN"
26289,"MARCA",1937433,"ARTEC"
26289,"MARCA",1937456,"JFA TECHNOLOGY"
26289,"MARCA",3780054,"H HANERT"
26289,"MARCA",3135906,"BOXLIGHT"
26289,"MARCA",3135978,"MIMIO"
26289,"MARCA",4136778,"SURCO"
26289,"MARCA",4103488,"EBSAN"
26289,"MARCA",4319503,"QNT TECHNOLOGIES"
26289,"MARCA",4129643,"QUINYX"
26289,"MARCA",4045325,"LMV"
26289,"MARCA",3332035,"i3"
26289,"MARCA",1835922,"ALLWIYA"
26289,"MARCA",4222124,"i3CONNECT"
26289,"MARCA",2611063,"WORLDLIFE"
26289,"MARCA",3731679,"VALHALLA"
26289,"MARCA",2011129,"BTOUCH"
26289,"MARCA",1730125,"HAITECH"
26290,"MODELO",2528422,"FLIP PRO WM75B–N5–C-RM-IAC-RM"
26290,"MODELO",2528426,"FLIP PRO WM75B–N5–C-RP-IAC-RM"
26290,"MODELO",2528430,"FLIP PRO WM75B–N7-C-RM-IAC-RM"
26290,"MODELO",2895842,"TL7105O7TW100OFHBW11"
26290,"MODELO",1937236,"RE6501"
26290,"MODELO",2625897,"FLIP ANDROID WAD 65"
26290,"MODELO",2625904,"FLIP ANDROID WAD 65"" - RM"
26290,"MODELO",2625908,"ANDROID WAD 65"" - RP"
26290,"MODELO",2905189,"DW86HT"
26290,"MODELO",1834889,"65WMB-C30"
26290,"MODELO",1974161,"5652RK9.0."
26290,"MODELO",2626204,"FLIP ANDROID WAD 86-N7"
26290,"MODELO",2626353,"TE-7602G"
26290,"MODELO",1834991,"IFP7550-5-WRM"
26290,"MODELO",1835024,"IFP8650-5-WRM"
26290,"MODELO",2587313,"98TR3DK"
26290,"MODELO",1834848,"55WMB-N5RP"
26290,"MODELO",1834857,"F-LH55WMBWB-1-N7RP"
26290,"MODELO",1834947,"65WMB-N5MU"
26290,"MODELO",1834795,"55WMB-N7"
26290,"MODELO",1834862,"55WMB-N7RP"
26290,"MODELO",2905195,"HFPDW86HT-D"
26290,"MODELO",2501148,"DS-D5C75RB/B"
26290,"MODELO",2501145,"DS-D5C75RB/A"
26290,"MODELO",2501153,"DS-D5C86RB/A"
26290,"MODELO",2780053,"ADV-5534"
26290,"MODELO",2554245,"3652RKRV-OPS3-I5-TPM9.0"
26290,"MODELO",2817885,"MB65-A001-RM"
26290,"MODELO",2817895,"MB65-A001-RM/C6X"
26290,"MODELO",2817896,"MB65-A001-RM/C12X"
26290,"MODELO",2817902,"MB65-A001-RM/OPS/C6X"
26290,"MODELO",2817914,"MB86-A001-RM/OPS"
26290,"MODELO",2817915,"MB86-A001-RM/C6X"
26290,"MODELO",2817918,"MB86-A001-RM/OPS/C12X"
26290,"MODELO",4232268,"BT-65LKTHUB"
26290,"MODELO",4099958,"5653RK-RM-OPS7-GEN12-8R"
26290,"MODELO",4099980,"5653RK-RM-OPS7-GEN12-16R"
26290,"MODELO",3950329,"IDEAHUB B3 75"
26290,"MODELO",1999202,"IFP8650-5-MJAVPC"
26290,"MODELO",3306536,"BT105EMU"
26290,"MODELO",2152398,"FLIPANDROID WAC 75”-N1"
26290,"MODELO",4232210,"IFP110-MCAM7"
26290,"MODELO",4232246,"IFP7541-RCAM7"
26290,"MODELO",4232298,"IFP105UW-RCAM7"
26290,"MODELO",4232327,"BT-65LKTR"
26290,"MODELO",2489487,"X2-75 O711"
26290,"MODELO",4019057,"CT PRO SERIES 75"""
26290,"MODELO",3306559,"BT105EMUHUB"
26290,"MODELO",2817890,"MB65-A001-RM/OPS"
26290,"MODELO",2817909,"MB86-A001"
26290,"MODELO",2817913,"MB86-A001-RM"
26290,"MODELO",2817917,"MB86-A001-RM/OPS/C6X"
26290,"MODELO",4232263,"IFP8641-RCAM7"
26290,"MODELO",4232265,"BT-65LKTHUB OPS"
26290,"MODELO",4232278,"IFP9851-RCAM7"
26290,"MODELO",4232310,"IFP110-RCAM7"
26290,"MODELO",4232312,"BT65-LKTHUBR"
26290,"MODELO",4019111,"5653RK-RM-SC-OPS7-GEN12-16R"
26290,"MODELO",4231579,"DS-D5C98RB/B"
26290,"MODELO",1999201,"IFP8650-5- MJAVPC"
26290,"MODELO",2817905,"MB65-A001-RM/OPS/C12X"
26290,"MODELO",2817916,"MB86-A001-RM/C12X"
26290,"MODELO",2152493,"FLIPANDROID WAC 75”-RP-C"
26290,"MODELO",4232345,"IFP9841-RCAM7"
26290,"MODELO",4232419,"BT-86LKTHUBR"
26290,"MODELO",3789259,"TRIUMPH BOARD 75“IFP BLACK G"
26290,"MODELO",4019206,"5753RK-RM-OPS5-GEN12-16R"
26290,"MODELO",4019252,"CT PRO SERIES 86"""
26290,"MODELO",1779385,"IDEAHUB S2 86 - O"
26290,"MODELO",2555487,"FLIP ANDROID WAC 75"" - 1EW - RM"
26290,"MODELO",2555601,"3652RKRV-SC26B"
26290,"MODELO",2555629,"FLIP ANDROID WAC 75"" - 1EW"
26290,"MODELO",4232292,"TE-8614W"
26290,"MODELO",4232515,"B3B86.RM"
26290,"MODELO",4099913,"5653RK-RV-OPS7-GEN12-16R"
26290,"MODELO",4231644,"TRIUMPH BOARD 75” IFP BLACK PRO"
26290,"MODELO",2630198,"ANDROID WAD 75-RP-N5"
26290,"MODELO",2555649,"3862RKRV-SC26B"
26290,"MODELO",4232379,"IH2-75SA"
26290,"MODELO",4232388,"BT-75LKTR"
26290,"MODELO",4232436,"BT-86LKTRHUB"
26290,"MODELO",4232440,"BT-86LKTHUB"
26290,"MODELO",4232442,"DS-D5C86RB/A2L"
26290,"MODELO",4232451,"IHB3-86AA"
26290,"MODELO",1719308,"TRIUMPH BOARD 65“ IFP BLACK"
26290,"MODELO",1719315,"TRIUMPH BOARD 86“IFP BLACK"
26290,"MODELO",4019167,"5653RK-RE-SC-BOX-OPS5-12GEN"
26290,"MODELO",4116977,"5653RK-OPS7-GEN12-8R"
26290,"MODELO",4117005,"5653RK-OPS7-GEN12-16R"
26290,"MODELO",1886274,"85WMB-N5"
26290,"MODELO",1806313,"E-ONE 75 RO7 PC20"
26290,"MODELO",4046669,"CT PRO SERIES 86"
26290,"MODELO",4019309,"5753RK-RM-SC-OPS7-GEN12-16R"
26290,"MODELO",4019349,"5753RK-RE-SC-BOX-OPS5-12GEN"
26290,"MODELO",2528623,"FLIP ANDROID WAC 75"" - N5C - RM"
26290,"MODELO",2528632,"FLIP ANDROID WAC 75"" - N5C -RP"
26290,"MODELO",2528672,"FLIP ANDROID WAC 75""-N7C-RM"
26290,"MODELO",2528681,"FLIP ANDROID WAC 75"" -N7C-RP"
26290,"MODELO",2528704,"FLIP ANDROID WAC 75"" -N7C"
26290,"MODELO",2465954,"RE8603"
26290,"MODELO",2790749,"QA1300PRO"
26290,"MODELO",3955229,"IDEAHUB BOARD 3 PRO 75 - O"
26290,"MODELO",3955236,"IDEAHUB BOARD 3 PRO 86 - O"
26290,"MODELO",2528640,"FLIP ANDROID WAC 75"" - N5"
26290,"MODELO",2528720,"FLIP PRO WM85B-N5-C-RP"
26290,"MODELO",2528729,"FLIP PRO WM82B-C-RM"
26290,"MODELO",2797351,"I3TOUCH X2-75"
26290,"MODELO",2501138,"DS-D5C65RB/B"
26290,"MODELO",2501155,"DS-D5C86RB/B"
26290,"MODELO",2818394,"65TR3PN"
26290,"MODELO",2528645,"FLIP ANDROID WAC 75"" - N5C"
26290,"MODELO",2528746,"FLIP PRO WM85B-C"
26290,"MODELO",2528753,"FLIP PRO WM85B-N7-C-RP"
26290,"MODELO",2528762,"FLIP PRO WM85B-N7-C-RM"
26290,"MODELO",2528775,"FLIP PRO WM85B-N7-C"
26290,"MODELO",2528812,"FLIP PRO WM85B-C-RM-IAC-RM"
26290,"MODELO",3132755,"5863RK-RM-A50E-OPSI7"
26290,"MODELO",3132761,"5863RK-RM-SC26B-OPSI7"
26290,"MODELO",3132779,"5863RK-RM-V200C-OPSI5"
26290,"MODELO",3132785,"5863RK-RM-OPSI7"
26290,"MODELO",3132789,"5863RK-RM-OPSI5"
26290,"MODELO",3132803,"5863RK-SC26B-OPSI5"
26290,"MODELO",3132821,"5863RK-RM-A50E"
26290,"MODELO",2528660,"FLIP ANDROID WAC 75""- C- 1"
26290,"MODELO",2528692,"FLIP ANDROID WAC 75"" -N7"
26290,"MODELO",2528826,"FLIP PRO WM85B-N5-C-RP-IAC-RM"
26290,"MODELO",2501120,"DS-D5B86RB/C"
26290,"MODELO",2501129,"DS-D5C65RB/A"
26290,"MODELO",2528932,"FLIP PRO WM85B-C-RM"
26290,"MODELO",2528942,"FLIP PRO WM85B-C-RP"
26290,"MODELO",2528950,"FLIP PRO WM75B-C-RM"
26290,"MODELO",2528817,"FLIP PRO WM85B-N7-RM-IAC-RM"
26290,"MODELO",2528414,"FLIP PRO WM75B-C"
26290,"MODELO",3956205,"PN-LM431"
26290,"MODELO",4055314,"SC02-I386A-RM-OPS07"
26290,"MODELO",4052110,"65TR3DQ"
26290,"MODELO",3956289,"PN-LM551"
26290,"MODELO",1754037,"IDEAHUB BOARD 2 86-O"
26290,"MODELO",1778205,"5652RK9.0"
26290,"MODELO",1778208,"IDEAHUB B2 65-O"
26290,"MODELO",1778210,"5652RKPM9.0"
26290,"MODELO",1778220,"5652RKPMCAM9.0"
26290,"MODELO",1778149,"TRIUMPH BOARD 98“ IFP BLACK"
26290,"MODELO",2490558,"X2-86 O711 MEETUP"
26290,"MODELO",2552477,"3862RKRV"
26290,"MODELO",2552444,"3652RKRVPM"
26290,"MODELO",2552492,"3862RK-1"
26290,"MODELO",4052551,"TRIUMPH BOARD 98""IFP BLACK PRO"
26290,"MODELO",1778061,"TRIUMPH BOARD 86“ IFP BLACK"
26290,"MODELO",4100623,"DS-D5B86RB-FL"
26290,"MODELO",2552459,"3652RKRV"
26290,"MODELO",2552493,"3862RKRVPM"
26290,"MODELO",2809210,"QITBB86-H."
26290,"MODELO",1841706,"FLIP ANDROID WA75C"
26290,"MODELO",4100627,"DS-D5B75RB-FL"
26290,"MODELO",3142165,"RE6504"
26290,"MODELO",3142185,"RE7504"
26290,"MODELO",2552531,"3752RKRVPM"
26290,"MODELO",1839887,"D7510BK"
26290,"MODELO",2770805,"IFP7550-5F"
26290,"MODELO",4046676,"CT PRO SERIES 75"
26290,"MODELO",4046780,"86TR3DQ"
26290,"MODELO",1834824,"55WMB-N7MU"
26290,"MODELO",3142716,"SC02-I375A"
26290,"MODELO",3892630,"IDEHUB BOARD 3 PRO 65"
26290,"MODELO",1999343,"IFP7533-W"
26290,"MODELO",3761276,"MINDBOARD 75ABV11 / TODO EN UNO"
26290,"MODELO",1827048,"QITBB86-H"
26290,"MODELO",4046684,"CT PRO SERIES 65"
26290,"MODELO",1834834,"55WMB-N3RP"
26290,"MODELO",1999438,"IFP8633-WR"
26290,"MODELO",1999450,"IFP8633-WRM"
26290,"MODELO",2029226,"TRIUMPH BOARD 65 “IFP BLACK"
26290,"MODELO",1999286,"IFP9850-4-R JAVPC"
26290,"MODELO",1999359,"IFP7533-WR"
26290,"MODELO",2770870,"MEETINGBOARD 65"
26290,"MODELO",2773347,"PANTALLA TÁCTIL CAPACITIVO 15.6” - FHD ANDROID 11 - PARA INTERIORES (CON APROBACIONES CE, FCC, ROHS)"
26290,"MODELO",2773364,"PANTALLA TÁCTIL CAPACITIVO 15” - ANDROID 11 - PARA INTERIORES"
26290,"MODELO",2773233,"PODIO TÁCTIL CAPACITIVO 49” -  FHD WINDOWS - PARA INTERIORES"
26290,"MODELO",2773355,"PANTALLA TÁCTIL CAPACITIVO 21.5” - FHD ANDROID 7.1 - PARA EXTERIORES"
26290,"MODELO",1744293,"86TR3PJ"
26290,"MODELO",2626159,"FLIP ANDROID WAD 86 -N5-RP"
26290,"MODELO",2626169,"FLIP ANDROID WAD 86-N5"
26290,"MODELO",2811977,"HEP-LT86D3SI"
26290,"MODELO",2503441,"I3TOUCH X2"
26290,"MODELO",2626145,"FLIP ANDROID WAD 86 -N5-RM"
26290,"MODELO",2626197,"FLIP ANDROID WAD 86 -N7-RP"
26290,"MODELO",2626342,"TE-7601G"
26290,"MODELO",2626193,"ANDROID WAD 86 -N7-RM"
26290,"MODELO",1999375,"IFP7533-WRM"
26290,"MODELO",2035359,"JTOUCH INF8610"
26290,"MODELO",2629645,"MODELO: ANDROID WAD86-CG-RP-N5"
26290,"MODELO",2035323,"JTOUCH INF6510"
26290,"MODELO",2035341,"JTOUCH INF7510"
26290,"MODELO",2749533,"PANTALLA TÁCTIL15” -  ANDROID 11 - PARA INTERIORES"
26290,"MODELO",2749534,"PANTALLA TÁCTIL 21.5” - FHD ANDROID 7.1 - PARA EXTERIORES"
26290,"MODELO",2749539,"PANTALLA TÁCTIL 21.5” - FHD ANDROID 7.1 - PARA EXTERIORES (CON APROBACIONES CE, FCC, ROHS)"
26290,"MODELO",2749546,"PODIO CAPACITIVO 49” -  FHD WINDOWS - PARA INTERIORES"
26290,"MODELO",2629670,"MODELO: ANDROID WAD86-CP-RP-N7"
26290,"MODELO",2901277,"QAWAY"
26290,"MODELO",2528382,"IFP7533-G-MCAM7"
26290,"MODELO",2749538,"PANTALLA TÁCTIL15” -  ANDROID 11 - PARA INTERIORES (CON APROBACIONES CE, FCC, ROHS)"
26290,"MODELO",2628875,"3862RKRVPM-OPS3-I7-TPM9.0-A50E"
26290,"MODELO",2629597,"MODELO: ANDROID WAD86-CP-RP-N5"
26290,"MODELO",2629603,"TL7-65-WC"
26290,"MODELO",2629704,"TL7-65-WC-AVA1800-70"
26290,"MODELO",2939959,"IDEAHUB BOARD 2 75 - O"
26290,"MODELO",2749542,"PANTALLA TÁCTIL15.6” -  FHD ANDROID 11 - PARA INTERIORES (CON APROBACIONES CE, FCC, ROHS)"
26290,"MODELO",2629657,"MODELO: ANDROID WAD86-CG-RM-N5"
26290,"MODELO",2629671,"ANDROID WAD86-CP-RP-N7"
26290,"MODELO",2629679,"ANDROID WAD86-CP-RM-N7"
26290,"MODELO",2939892,"IDEAHUB BOARD 2 86 - O"
26290,"MODELO",1839340,"D6520BK"
26290,"MODELO",3134952,"3752RK-OPSI5"
26290,"MODELO",3135050,"3752RK-RM-V200C"
26290,"MODELO",3135085,"3652RK-A50E-OPSI7"
26290,"MODELO",3135110,"3652RK-V200C"
26290,"MODELO",2944901,"3752RKRV-OPS-I5-A50E 3752RK-15"
26290,"MODELO",2945247,"3862RKRV-OPS-I5 3862RK-9"
26290,"MODELO",2945265,"3862RKRV-OPS-I7 3862RK-10"
26290,"MODELO",2945281,"3862RKRV-OPS-I5-V200C 3862RK-11"
26290,"MODELO",2945290,"3862RKRV-OPS-I7-V200C 3862RK-12"
26290,"MODELO",2562323,"ZK-IWB86BP-OPS"
26290,"MODELO",2562375,"ZK-IWB65BP-OPS-MS"
26290,"MODELO",4229372,"TRIUMPH BOARD 86” IFP BLACK PRO"
26290,"MODELO",2778849,"IMPERIUM"
26290,"MODELO",3135095,"3652RK-V200C-OPSI5"
26290,"MODELO",3135098,"3652RK-OPSI5"
26290,"MODELO",2944979,"3752RKRPM-OPS-I7-SC26B 3752RK-22"
26290,"MODELO",2945199,"3862RKRV-A50E 3862RK-5"
26290,"MODELO",2945206,"3862RKRVPM-V200C 3862RK-6"
26290,"MODELO",2945328,"3862RKRV-OPS-I7-SC26B 3862RK-14"
26290,"MODELO",2945342,"3862RKRV-OPS-I5-A50E 3862RK-15"
26290,"MODELO",2562299,"ZK-IWB86BP"
26290,"MODELO",2629774,"ANDROID WAD 86-CG-RP-N7"
26290,"MODELO",2630710,"LH75WADXCZA-CG-RP-N5"
26290,"MODELO",4229308,"TRIUMPH BOARD 86 “IFP BLACK PRO"
26290,"MODELO",4227306,"3863RK-RM-V200C"
26290,"MODELO",2945151,"3862RKRVPM 3862RK-2"
26290,"MODELO",2945306,"3862RKRV-OPS-I5-SC26B 3862RK-13"
26290,"MODELO",2945362,"3862RKRVPM-OPS-I5 3862RK-17"
26290,"MODELO",2945382,"3862RKRPM-OPS-I5-V200C 3862RK-19"
26290,"MODELO",2945397,"3862RKRPM-OPS-I7-V200C 3862RK-20"
26290,"MODELO",2562316,"ZK-IWB65BP-OPS"
26290,"MODELO",2562320,"ZK-IWB75BP-OPS"
26290,"MODELO",2562363,"ZK-IWB65BP-MS"
26290,"MODELO",2562370,"ZK-IWB75BP-MS"
26290,"MODELO",2562373,"ZK-IWB86BP-MS"
26290,"MODELO",2945428,"3862RKRPM-OPS-I5-A50E 3862RK-23"
26290,"MODELO",2945434,"3862RKRPM-OPS-I7-A50E 3862RK-24"
26290,"MODELO",2562379,"ZK-IWB75BP-OPS-MS"
26290,"MODELO",2562385,"ZK-IWB86BP-OPS-MS"
26290,"MODELO",2779108,"IFP7552-2ED"
26290,"MODELO",2779128,"IFP7552-2ED-R"
26290,"MODELO",4225405,"IHK3-98"
26290,"MODELO",4227333,"3863RK-RM-SC26C-BM21-OPSI7"
26290,"MODELO",2945160,"3862RKRV-SC26B 3862RK-4"
26290,"MODELO",2945352,"3862RKRV-OPS-I7-A50E 3862RK-16"
26290,"MODELO",2779158,"IFP7552-2ED-RM"
26290,"MODELO",3135204,"4W-B55FT5U"
26290,"MODELO",2945371,"3862RKRVPM-OPS-I7 3862RK-18"
26290,"MODELO",2945407,"3862RKRPM-OPS-I5-SC26B 3862RK-21"
26290,"MODELO",2945416,"3862RKRPM-OPS-I7-SC26B 3862RK-22"
26290,"MODELO",1834589,"85WM-N5"
26290,"MODELO",1834594,"85WMB-N7"
26290,"MODELO",1834601,"85WMB-N5MU"
26290,"MODELO",1834616,"85WMB-N5RP"
26290,"MODELO",2798398,"MEETINGBOARD 65 (MB65-A001-RM/C6X)"
26290,"MODELO",2798404,"MEETINGBOARD 65 (MB65-A001-RM/OPS/C12X)"
26290,"MODELO",2778980,"75TR3PN"
26290,"MODELO",4227267,"3863RK-RM-SC26C-BM21"
26290,"MODELO",2745579,"WAD 86-EW"
26290,"MODELO",2745587,"WAD 86-RP-EW"
26290,"MODELO",2745593,"WAD 86-RM-EW"
26290,"MODELO",2745597,"ANDROID WAD 75-EW"
26290,"MODELO",2745603,"ANDROID WAD 75-RP-EW"
26290,"MODELO",2798397,"MEETINGBOARD 65 (MB65-A001-RM/OPS)"
26290,"MODELO",2945659,"5653RKRV 5653RK-1"
26290,"MODELO",2745613,"ANDROID WAD 75-RM-EW"
26290,"MODELO",2644936,"ANDROID WAD 65-RM"
26290,"MODELO",2644940,"ANDROID WAD 65"
26290,"MODELO",4221645,"WAFX-P"
26290,"MODELO",4102642,"5753RK-RM-OPS7-GEN12-8R"
26290,"MODELO",4102650,"5753RK-RM-OPS7-GEN12-16R"
26290,"MODELO",1781887,"HTV - IBTEQS75"
26290,"MODELO",2558689,"MIMIOPRO-G 655"
26290,"MODELO",2558716,"MIMIOPRO-G 865"
26290,"MODELO",2798430,"I3TOUCH  X2-75"
26290,"MODELO",2798433,"I3TOUCH E-ONE 65-711"
26290,"MODELO",2798444,"I3TOUCH E-ONE 86-711"
26290,"MODELO",2798478,"I3TOUCH E-ONE 65-711BR"
26290,"MODELO",1732939,"VAIP8-86"
26290,"MODELO",1732956,"VAIP8-75"
26290,"MODELO",1799228,"QITBB86_H"
26290,"MODELO",2031859,"E-ONE 65 O711 BRIO"
26290,"MODELO",4223521,"IHB2-86PB"
26290,"MODELO",2798450,"I3TOUCH E-ONE 75-711"
26290,"MODELO",1799217,"QITBB65_H"
26290,"MODELO",4102747,"5863RK-RV-OPS7-GEN12-8R"
26290,"MODELO",4102799,"5863RK-RM-OPS7-GEN12-16R"
26290,"MODELO",2554390,"3752RKRV-OPS3-I7-TPM9.0"
26290,"MODELO",2558701,"MIMIOPRO-G 755"
26290,"MODELO",2798423,"I3TOUCH  X2-86"
26290,"MODELO",2798528,"I3TOUCH E-ONE 86-711BR"
26290,"MODELO",2798571,"I3TOUCH E-ONE 65-R711BR"
26290,"MODELO",2588522,"MW3565-U-E-PM"
26290,"MODELO",2635244,"ANDROID WAD 86-CG-RP-N5"
26290,"MODELO",2555268,"3752RKRVPM-SC26B"
26290,"MODELO",2798591,"I3TOUCH E-ONE 86-R711BR"
26290,"MODELO",2798619,"MEETINGBOARD 65 (MB86-A001)"
26290,"MODELO",2798635,"MEETINGBOARD 86 (MB86-A001-RM)"
26290,"MODELO",2798640,"MEETINGBOARD 86 (MB86-A001)"
26290,"MODELO",2798658,"MEETINGBOARD 86 (MB86-A001-RM/C6X)"
26290,"MODELO",2798670,"MEETINGBOARD 86 (MB86-A001-RM/C12X)"
26290,"MODELO",1732830,"IP8VA-75"
26290,"MODELO",1732849,"IP8VA-86"
26290,"MODELO",2554261,"3652RKRVPM-OPS3-I5-TPM9.0"
26290,"MODELO",2630820,"ANDROID WAD 75-CG-RP-N7"
26290,"MODELO",2644938,"ANDROID WAD 65-RP"
26290,"MODELO",4223936,"WAF 86"
26290,"MODELO",2798681,"MEETINGBOARD 86 (MB86-A001-RM/OPS/C6X)"
26290,"MODELO",2798740,"PODIO TACTIL CAPACITIVO 49” - FHD WINDOWS - PARA INTERIORES"
26290,"MODELO",2554351,"3652RKRVPM-OPS3-I7-TPM9.0"
26290,"MODELO",2554381,"3752RKRVPM-OPS3-I5-TPM9.0"
26290,"MODELO",2031889,"E-ONE 55 RO511 BRIO"
26290,"MODELO",2798522,"I3TOUCH E-ONE 75-711BR"
26290,"MODELO",2798581,"I3TOUCH E-ONE 75-R711BR"
26290,"MODELO",2798691,"MEETINGBOARD 86 (MB86-A001-RM/OPS/C12X)"
26290,"MODELO",2554402,"3752RKRVPM-OPS3-I7-TPM9.0"
26290,"MODELO",2554434,"3862RKRVPM-OPS3-I5-TPM9.0"
26290,"MODELO",2554440,"3862RKRVPM-OPS3-I7-TPM9.0"
26290,"MODELO",4102776,"5863RK-RM-OPS7-GEN12-8R"
26290,"MODELO",2798650,"MEETINGBOARD 86 (MB86-A001-RM/OPS)"
26290,"MODELO",2803126,"IFP7550-5-WRM2"
26290,"MODELO",2803147,"IFP8650-5-W2"
26290,"MODELO",2803165,"IFP8650-5-WR1"
26290,"MODELO",2588443,"MW3565-U-C"
26290,"MODELO",4226032,"3863RK-RM"
26290,"MODELO",2528380,"FLIP PRO WM75B–N5–C"
26290,"MODELO",4002115,"55151108BN36"
26290,"MODELO",4066684,"1200 SERIES"
26290,"MODELO",2943975,"3652RKRV-A50E 3652RK-5"
26290,"MODELO",2943988,"3652RKRVPM-V200C 3652RK-6"
26290,"MODELO",2588514,"MW3565-U-C-PM"
26290,"MODELO",1753422,"IDEAHUB BOARD 2 75-O"
26290,"MODELO",2503788,"TE-DP8601DN"
26290,"MODELO",2803238,"IFP7550-5-MVPCI5"
26290,"MODELO",2803322,"IFP8650-5-MVPCI5"
26290,"MODELO",2803341,"IFP7533-W2"
26290,"MODELO",2560704,"ZK-IWB75BP"
26290,"MODELO",2555119,"3862RKRV-OPS3-I5-TPM9.0"
26290,"MODELO",2555151,"3862RKRVOPS3-I7-TPM9.0"
26290,"MODELO",2555209,"3652RKRVPM-SC26B"
26290,"MODELO",4226058,"TRIUMPH BOARD 98” IFP BLACK PRO"
26290,"MODELO",1677654,"86TR3BF-3-WRM"
26290,"MODELO",1677655,"IDEAHUB B2 86"
26290,"MODELO",1677656,"IDEAHUB B2 65"
26290,"MODELO",1677657,"OP651RK+G4CAM-V"
26290,"MODELO",1677658,"I3 TOUCH X-ONE"
26290,"MODELO",1677659,"OP651RK+G3CAM-V-PM"
26290,"MODELO",1677660,"IDEAHUB BOARD 2 65"
26290,"MODELO",1677661,"INK8650"
26290,"MODELO",1677662,"IFP7550-3-WSD"
26290,"MODELO",1677663,"IFP6550-3-WRBR"
26290,"MODELO",1677664,"IFP7550-3-RMSD"
26290,"MODELO",1677665,"IFP7550-WRBR"
26290,"MODELO",1677666,"INS8650-T"
26290,"MODELO",1677667,"INK8650TT"
26290,"MODELO",1677668,"WM75A"
26290,"MODELO",1677669,"PROCOLOR653U+WP"
26290,"MODELO",1677670,"I3 TOUCH"
26290,"MODELO",1677671,"I3 TOUCH ES"
26290,"MODELO",1677672,"86TR3DJ"
26290,"MODELO",1677673,"WM75B"
26290,"MODELO",1677674,"WM85B"
26290,"MODELO",1677675,"PROCOLOR 652UV3+WR"
26290,"MODELO",1677676,"I3TOUCH X-ONE"
26290,"MODELO",1677677,"75 IFP PRO"
26290,"MODELO",1677678,"TRIUMPH BOARD 75 IFP PRO"
26290,"MODELO",1677679,"MW3575-T36"
26290,"MODELO",1677680,"TRIUMPH BOARD 65 IFP PRO"
26290,"MODELO",1677681,"5752RKPM-CAM"
26290,"MODELO",1677682,"IFP8650-3-WR"
26290,"MODELO",1677683,"IFP5550-3"
26290,"MODELO",2033514,"IFP7550-5-MVPC5"
26290,"MODELO",4054614,"98"" IFP-BLACK PRO-G5"
26290,"MODELO",2944063,"3652RKRVPM-A50E 3652RK-8"
26290,"MODELO",2944082,"3652RKRV-OPS-I7 3652RK-10"
26290,"MODELO",2944113,"3652RKRV-OPS-I5-SC26B 3652RK-13"
26290,"MODELO",3142610,"SC02-I386A"
26290,"MODELO",1677684,"IFP5550-3-WRM"
26290,"MODELO",1677685,"IFP5550-3-WR"
26290,"MODELO",1677686,"5652RKPM-CAM"
26290,"MODELO",1677687,"IFP5550-3-TSCAM"
26290,"MODELO",1677688,"75TR3DJ-B-2022-WRM-11-WOPSCAM-4"
26290,"MODELO",1677689,"IFP7560-RM"
26290,"MODELO",1677690,"432618CL"
26290,"MODELO",1677691,"IFP7550-3-RMMETP"
26290,"MODELO",1677692,"I3 TOUCH E-ONE"
26290,"MODELO",1677693,"IFP8650-3-WRM"
26290,"MODELO",1677694,"QITBB86 G"
26290,"MODELO",1677695,"PROCOLOR863U+WP"
26290,"MODELO",1677696,"I3TOUCH ES"
26290,"MODELO",1677697,"IFP7532-W"
26290,"MODELO",1677698,"PROCOLOR863UL+WR"
26290,"MODELO",1677699,"IFP7550-3-RMETP"
26290,"MODELO",1677700,"TRIUMPH BOARD 86 IFP PRO"
26290,"MODELO",1677701,"86TR3BF-B-2022-1-WRM"
26290,"MODELO",1677702,"PROCOLOR753U+WP"
26290,"MODELO",1677703,"IFP8632-W"
26290,"MODELO",1677704,"5652RK"
26290,"MODELO",1677705,"PROCOLOR753UL+WP"
26290,"MODELO",1677706,"PROCOLOR753U+WR"
26290,"MODELO",1677707,"PROCOLOR753UL+W"
26290,"MODELO",1677708,"IFP6552-WR"
26290,"MODELO",1677709,"SPNL-4055"
26290,"MODELO",1677710,"SPNL-6055"
26290,"MODELO",1677711,"PN-L802B"
26290,"MODELO",1677712,"PROCOLOR753U+W"
26290,"MODELO",1677713,"ACTIVPANEL TOUCH 70"
26290,"MODELO",1677714,"SPNL-4065"
26290,"MODELO",1677715,"SPNL-4070"
26290,"MODELO",1677716,"KAPP-IQ75"
26290,"MODELO",1677717,"SPNL-6065"
26290,"MODELO",1677718,"KAPP-IQPRO55"
26290,"MODELO",1677719,"KAPP-IQPRO65"
26290,"MODELO",1677720,"TH-80LFB70U"
26290,"MODELO",1677721,"DM65E-BR"
26290,"MODELO",1677722,"KAPP-IQ55"
26290,"MODELO",1677723,"I3654KICORE7"
26290,"MODELO",1677724,"I3864KICORE7"
26290,"MODELO",1677725,"I3754KICORE7"
26290,"MODELO",1677726,"I3654KICORE5"
26290,"MODELO",1677727,"I3554KICORE5"
26290,"MODELO",1677728,"I3 TOUCH E1086 ICORE3"
26290,"MODELO",1677729,"I3TOUCH E1065 T10"
26290,"MODELO",1677730,"I3TOUCH E1055 4K"
26290,"MODELO",1677731,"I3TOUCH E1075 T10"
26290,"MODELO",1677732,"I3TOUCH E1086 T10"
26290,"MODELO",1677733,"I3 TOUCH E1065 4K"
26290,"MODELO",1677734,"I3TOUCH E1065 4K"
26290,"MODELO",1677735,"I3 TOUCH E1086 4K"
26290,"MODELO",1677736,"I3 TOUCH E1055 4K"
26290,"MODELO",1677737,"I3 TOUCH E1075 4K"
26290,"MODELO",1677738,"I3TOUCH E1075 4K"
26290,"MODELO",1677739,"I3TOUCH E1086 4K"
26290,"MODELO",1677740,"86TR3D"
26290,"MODELO",1677741,"IFP6560"
26290,"MODELO",1677742,"CDE 5510"
26290,"MODELO",1677743,"IFP 7560"
26290,"MODELO",1677744,"LASER SKY 65 PULGADAS (UHD)"
26290,"MODELO",1677745,"OP751RK"
26290,"MODELO",2537412,"DS-D5C65RB/BLED"
26290,"MODELO",2503782,"TE-DP7501DN"
26290,"MODELO",2803286,"IFP8650-5-RVPCI5"
26290,"MODELO",2944009,"3652RKRVPM-SC26B 3652RK-7"
26290,"MODELO",2944071,"3652RKRV-OPS-I5 3652RK-9"
26290,"MODELO",2944144,"3652RKRV-OPS-I5-A50E 3652RK-15"
26290,"MODELO",2555243,"3752RKRVPM-A50E"
26290,"MODELO",3142729,"SC02-I365A"
26290,"MODELO",1677746,"OP861RK"
26290,"MODELO",1677747,"ACTIVPANEL TOUCH"
26290,"MODELO",1677748,"ACTIVEPANEL TOUCH"
26290,"MODELO",1677749,"LASER SKY 86 PULGADAS (UHD)"
26290,"MODELO",1677750,"10052075"
26290,"MODELO",1677751,"LASER SKY 75 PULGADAS (UHD)"
26290,"MODELO",1677752,"OP651RK"
26290,"MODELO",1677753,"10052165"
26290,"MODELO",1677754,"LASER NOVA 65 PULGADAS (UHD)"
26290,"MODELO",1677755,"LASER  NOVA 75 PULGADAS (UHD)"
26290,"MODELO",1677756,"LASER NOVA 86 PULGADAS (UHD)"
26290,"MODELO",1677757,"55LV35A"
26290,"MODELO",1677758,"PROCOLOR 862U"
26290,"MODELO",1677759,"QB75H-TR"
26290,"MODELO",1677760,"QB65H-TR"
26290,"MODELO",1677761,"WM55H"
26290,"MODELO",1677762,"IFP7500"
26290,"MODELO",1677763,"CDE7561T"
26290,"MODELO",1677764,"AP5-70"
26290,"MODELO",1677765,"CDE8452T"
26290,"MODELO",1677766,"IFP8650"
26290,"MODELO",1677767,"IFP5550"
26290,"MODELO",1677768,"DM82E-BR"
26290,"MODELO",1677769,"E1075R"
26290,"MODELO",1677770,"E1075"
26290,"MODELO",1677771,"86TR3BF"
26290,"MODELO",1677772,"E1055R"
26290,"MODELO",1677773,"86TR3BF-B"
26290,"MODELO",1677774,"65TR3BF"
26290,"MODELO",1677775,"49TA3E"
26290,"MODELO",1677776,"E10R"
26290,"MODELO",1677777,"E1065R 4K"
26290,"MODELO",1677778,"E1065R"
26290,"MODELO",1677779,"E1086R"
26290,"MODELO",1677780,"E1075 4K 2019"
26290,"MODELO",1677781,"E1075R 2019"
26290,"MODELO",1677782,"86TN3F"
26290,"MODELO",1677783,"V1165"
26290,"MODELO",1677784,"V1175"
26290,"MODELO",1677785,"V1186"
26290,"MODELO",1677786,"TE-SN-75A"
26290,"MODELO",1677787,"TE-SN-86"
26290,"MODELO",1677788,"TE-SN-65A"
26290,"MODELO",1677789,"NXTL86EB"
26290,"MODELO",1677790,"NXTL65EB"
26290,"MODELO",1677791,"NXTL70EB"
26290,"MODELO",1677792,"NXTL55EB"
26290,"MODELO",1677793,"NXTL75EB"
26290,"MODELO",1677794,"NXTL98EB"
26290,"MODELO",1677795,"FIT-TVI86H8"
26290,"MODELO",1677796,"FIT-TVI75H8"
26290,"MODELO",1677797,"EK65"
26290,"MODELO",1677798,"PROCOLOR 653U"
26290,"MODELO",1677799,"PROCOLOR 863U"
26290,"MODELO",1677800,"55TC3D"
26290,"MODELO",1677801,"I3TOUCH V1165 4K (2019)"
26290,"MODELO",1677802,"I3TOUCH V1175 4K (2019)"
26290,"MODELO",1677803,"43TA3E"
26290,"MODELO",1677804,"32TA3E"
26290,"MODELO",1677805,"MPII86"
26290,"MODELO",1677806,"I3TOUCH V1186 4K LATAM"
26290,"MODELO",1677807,"QB43R"
26290,"MODELO",1677808,"WM55R"
26290,"MODELO",2803361,"IFP7533-WRM2"
26290,"MODELO",2122978,"FLIP ANDROID WAC 75”-N1C-RP"
26290,"MODELO",2122984,"FLIP ANDROID WAC 75”-RM-C"
26290,"MODELO",2122991,"FLIP ANDROID WAC 75”-RP-C"
26290,"MODELO",2944156,"3652RKRV-OPS-I7-A50E 3652RK-16"
26290,"MODELO",2944208,"3652RKRPM-OPS-I7-V200C 3652RK-20"
26290,"MODELO",2944220,"3652RKRPM-OPS-I5-SC26B 3652RK-21"
26290,"MODELO",2944229,"3652RKRPM-OPS-I7-SC26B 3652RK-22"
26290,"MODELO",2944241,"3652RKRPM-OPS-I7-A50E 3652RK-24"
26290,"MODELO",2555223,"3652RKRVPM-A50E"
26290,"MODELO",2555354,"3862RKRVPM-SC26B"
26290,"MODELO",4223470,"BT-86LKT HUBR"
26290,"MODELO",4223476,"BT-86LKTR"
26290,"MODELO",4223487,"BT-98LKTR"
26290,"MODELO",4099883,"5653RK-RV-OPS7-GEN12-8R"
26290,"MODELO",1677809,"IFP5550-2-WR"
26290,"MODELO",1677810,"IFP6550-2-WRM"
26290,"MODELO",1677811,"IFP8650-2-WRM"
26290,"MODELO",1677812,"IFP5550-2-WRM"
26290,"MODELO",1677813,"MPII"
26290,"MODELO",1677814,"PROCOLOR 653UV3"
26290,"MODELO",1677815,"PROCOLOR 652UV3"
26290,"MODELO",1677816,"LASER NOVA 86"" 4K"
26290,"MODELO",1677817,"LASER SKY 86"" 4K"
26290,"MODELO",1677818,"LASER SKY 65"" 4K"
26290,"MODELO",1677819,"LASER SKY 75"" 4K"
26290,"MODELO",1677820,"IFP9850"
26290,"MODELO",1677821,"LASER NOVA 75"" 4K"
26290,"MODELO",1677822,"LASER NOVA 65"" 4K"
26290,"MODELO",1677823,"75TR3BF-2-WR"
26290,"MODELO",1677824,"65TR3BF-2-WR"
26290,"MODELO",1677825,"IFP8652-W"
26290,"MODELO",1677826,"86TR3BF-2-WR"
26290,"MODELO",1677827,"IFP8650-2-WR"
26290,"MODELO",1677828,"RIVA 55"" 4K"
26290,"MODELO",1677829,"RIVA 86"" 4K"
26290,"MODELO",1677830,"IFP7550-2-WRM"
26290,"MODELO",1677831,"IFP6550-2-WR"
26290,"MODELO",1677832,"RIVA 65"" 4K"
26290,"MODELO",1677833,"RIVA 75"" 4K"
26290,"MODELO",1677834,"I3554KICORE3"
26290,"MODELO",1677835,"I3864KICORE5"
26290,"MODELO",1677836,"I3754KICORE5"
26290,"MODELO",1677837,"I3554KICORE7"
26290,"MODELO",1677838,"I3754KICORE3"
26290,"MODELO",1677839,"I3654KICORE3"
26290,"MODELO",1677840,"CDE5561T"
26290,"MODELO",1677841,"SPNL-4084"
26290,"MODELO",1677842,"KAPP-IQPRO75"
26290,"MODELO",1677843,"PN-C703B"
26290,"MODELO",1677844,"KAPP-IQ65"
26290,"MODELO",1677845,"PN-L603B"
26290,"MODELO",1677846,"TH-50LFB70U"
26290,"MODELO",1677847,"QM85D-BR"
26290,"MODELO",1677848,"LH85QMD"
26290,"MODELO",1677849,"PN-C805B"
26290,"MODELO",1677850,"PN-C705B"
26290,"MODELO",1677851,"CDE7061T"
26290,"MODELO",1677852,"CDE6561T"
26290,"MODELO",1677853,"IFP7550"
26290,"MODELO",1677854,"IFP6550"
26290,"MODELO",1677855,"AP5-75-4K"
26290,"MODELO",1677856,"ACTIVPANEL"
26290,"MODELO",1677857,"DM75E-BR"
26290,"MODELO",1677858,"PN-L702B"
26290,"MODELO",1677859,"ACTIVPANEL TOUCH 84"
26290,"MODELO",1677860,"PN-L703B"
26290,"MODELO",1677861,"LASER 86"" 4K"
26290,"MODELO",1677862,"NOVA 86"" 4K"
26290,"MODELO",1677863,"IFP7550-2-WR"
26290,"MODELO",1677864,"EKII"
26290,"MODELO",1677865,"TRIUMPH BOARD 65"" IFP"
26290,"MODELO",1677866,"TRIUMPH BOARD 86.0"" IFP"
26290,"MODELO",1677867,"TRIUMPH BOARD 75.0"" IFP"
26290,"MODELO",1677868,"TRIUMPH BOARD 65.0"" IFP"
26290,"MODELO",1677869,"I3SIXTY"
26290,"MODELO",1677870,"I3TOUCH EX"
26290,"MODELO",4102498,"5753RK-RV-OPS7-GEN12-16R"
26290,"MODELO",2803358,"IFP7533-WR2"
26290,"MODELO",3132847,"5863RK-RM"
26290,"MODELO",2628690,"3752RKRV- OPS3-I7-TPM9.0-A50E"
26290,"MODELO",2628885,"3862RKRVPM-OPS3-I7-TPM9.0-SC26B"
26290,"MODELO",2122972,"FLIP ANDROID WAC 75”-N1C-RM"
26290,"MODELO",4066951,"IDEAHUB BOARD 3 PRO O"
26290,"MODELO",2944104,"3652RKRV-OPS-I7-V200C 3652RK-12"
26290,"MODELO",2555332,"3862RKRVPM-A50E"
26290,"MODELO",4223458,"BT-86LKT HUB"
26290,"MODELO",4223498,"WAFX-P 75"
26290,"MODELO",4226278,"IFP6551-R"
26290,"MODELO",1677871,"MT05-75"
26290,"MODELO",1677872,"MT05-86"
26290,"MODELO",1677873,"TRIUMPH BOARD 75"" IFP"
26290,"MODELO",1677874,"TRIUMPH BOARD 65"" IFP- R"
26290,"MODELO",1677875,"TRIUMPH BOARD 86"" IFP-R"
26290,"MODELO",1677876,"TRIUMPH BOARD 86"" IFP"
26290,"MODELO",1677877,"TRIUMPH BOARD 75"" IFP- R"
26290,"MODELO",1677878,"TRIUMPH BOARD 65? IFP- R"
26290,"MODELO",1677879,"CTOUCH RIVA 55"" 4K"
26290,"MODELO",1677880,"65TC3D"
26290,"MODELO",1677881,"75TC3D"
26290,"MODELO",1677882,"PROCOLOR 753U"
26290,"MODELO",1677883,"MP"
26290,"MODELO",1677884,"ACTIVPANEL NICKEL"
26290,"MODELO",1677885,"RP6501K"
26290,"MODELO",1677886,"RP860K"
26290,"MODELO",1677887,"RP7501K"
26290,"MODELO",1677888,"ACTIVPANEL TITANIUM"
26290,"MODELO",1677889,"55TA3E"
26290,"MODELO",1677890,"EK"
26290,"MODELO",1677891,"QB75N-W"
26290,"MODELO",1677892,"PROCOLOR 652U"
26290,"MODELO",1677893,"PROCOLOR 752U"
26290,"MODELO",1677894,"PROCOLOR 702U"
26290,"MODELO",1677895,"86TR3E"
26290,"MODELO",1677896,"I3TOUCH V1186 4K"
26290,"MODELO",1677897,"I3TOUCH V1175 4K"
26290,"MODELO",1677898,"I3TOUCH V1165 4K"
26290,"MODELO",1677899,"WM65R"
26290,"MODELO",1677900,"AP7-U75"
26290,"MODELO",1677901,"AP7-B70"
26290,"MODELO",1677902,"TOUCHIT86Z10"
26290,"MODELO",1677903,"PNL651H"
26290,"MODELO",1677904,"PNL751H"
26290,"MODELO",1677905,"75TR3BF"
26290,"MODELO",1677906,"IFP5550-2"
26290,"MODELO",1677907,"PN-L851H"
26290,"MODELO",1677908,"IFP6550-2"
26290,"MODELO",1677909,"IFP7550-2"
26290,"MODELO",1677910,"IFP8650-2"
26290,"MODELO",1677911,"OP751RK+G3"
26290,"MODELO",1677912,"OP861RK+G3"
26290,"MODELO",1677913,"OP651RK+G3"
26290,"MODELO",1677914,"RP8601K"
26290,"MODELO",1677915,"E1086 4K 2020"
26290,"MODELO",1677916,"IFP6552-W"
26290,"MODELO",1677917,"PROCOLOR 653U+R"
26290,"MODELO",1677918,"PROCOLOR 653U+P"
26290,"MODELO",1677919,"IFP7532-WR"
26290,"MODELO",1677920,"IFP8632-WR"
26290,"MODELO",1677921,"IFP7532-WRM"
26290,"MODELO",1677922,"MW3565-T36"
26290,"MODELO",1677923,"PROCOLOR753UI+WR"
26290,"MODELO",1677924,"PROCOLOR753UI+WP"
26290,"MODELO",1677925,"PROCOLOR753U+WRLBRIO"
26290,"MODELO",1677926,"PROCOLOR753U+WPLBRIO"
26290,"MODELO",1677927,"INS86LED"
26290,"MODELO",1677928,"INS8650"
26290,"MODELO",1677929,"PROCOLOR 863U+P"
26290,"MODELO",1677930,"IDEAHUB S2 86"
26290,"MODELO",1677931,"IFP5550-3-MEETUP"
26290,"MODELO",1677932,"IFP8632-WRM"
26290,"MODELO",2528376,"FLIP PRO WM75B–N5–C-RM"
26290,"MODELO",2528434,"FLIP PRO WM75B–N7-C-RP-IAC-RM"
26290,"MODELO",3132792,"5863RK-A50E-OPSI7"
26290,"MODELO",3132799,"5863RK-SC26B-OPSI7"
26290,"MODELO",3132808,"5863RK-V200C-OPSI5"
26290,"MODELO",3132816,"5863RK-OPSI7"
26290,"MODELO",3132876,"5753RK-RM-V200C-OPSI5"
26290,"MODELO",2629781,"ANDROID WAD86-CG-RM-N7"
26290,"MODELO",2629905,"ANDROID WAD 75-N5"
26290,"MODELO",2629951,"TL7-86-P200"
26290,"MODELO",2944090,"3652RKRV-OPS-I5-V200C 3652RK-11"
26290,"MODELO",2944130,"3652RKRV-OPS-I7-SC26B 3652RK-14"
26290,"MODELO",2944165,"3652RKRVPM-OPS-I5 3652RK-17"
26290,"MODELO",4223600,"WAF 75"
26290,"MODELO",4100017,"5753RK-RV-OPS7-GEN12-8R"
26290,"MODELO",1677933,"IFP6532-WRM"
26290,"MODELO",1677934,"IDEAHUB S2 75"
26290,"MODELO",1677935,"IFP7550-3-HUBZ"
26290,"MODELO",1677936,"IFP5550-3-HUBZ"
26290,"MODELO",1677937,"IFP7552-W"
26290,"MODELO",1677938,"IFP6550-3-HUBZ"
26290,"MODELO",1677939,"IFP6550-3-MEETUP"
26290,"MODELO",1677940,"IFP6550-3-TSCAM"
26290,"MODELO",1677941,"75TR3DJ-B-2022-WR-11"
26290,"MODELO",1677942,"IFP6550-3-HUBT"
26290,"MODELO",1677943,"IFP5550-3-HUBT"
26290,"MODELO",1677944,"IDEAHUB B2 75"
26290,"MODELO",1677945,"IFP7550-3-HUBT"
26290,"MODELO",1677946,"IFP6550-3-WMVPC"
26290,"MODELO",1677947,"PROCOLOR 753U+R"
26290,"MODELO",1677948,"PROCOLOR 753U+P"
26290,"MODELO",1677949,"IDEAHUB BOARD 2 75"
26290,"MODELO",1677950,"IDEAHUB BOARD 2 86"
26290,"MODELO",1677951,"QIT1465"
26290,"MODELO",1677952,"PROCOLOR863UI+WP"
26290,"MODELO",1677953,"PROCOLOR753UI+W"
26290,"MODELO",1677954,"BUNDLEBOARD G 75"""
26290,"MODELO",1677955,"BUNDLEBOARD G 65"""
26290,"MODELO",1677956,"BUNDLEBOARD G 55"""
26290,"MODELO",1677957,"BUNDLEBOARD G 86"""
26290,"MODELO",1677958,"IFP7552-WR"
26290,"MODELO",1677959,"IFP7552-WRM"
26290,"MODELO",1677960,"IFP8652-WR"
26290,"MODELO",1677961,"PNC751H"
26290,"MODELO",1677962,"IFP8652-WRM"
26290,"MODELO",1677963,"55CT5WJ"
26290,"MODELO",1677964,"RIVA 65"" 4K RACK MOVIL"
26290,"MODELO",1677965,"RIVA 55"" 4K RACK MOVIL"
26290,"MODELO",1677966,"IFP6552-WRM"
26290,"MODELO",1677967,"RIVA 86"" 4K RACK MOVIL"
26290,"MODELO",1677968,"MW3575-U-S-PM"
26290,"MODELO",1677969,"5652RKPM"
26290,"MODELO",1677970,"5752RK"
26290,"MODELO",1677971,"5862RK"
26290,"MODELO",1677972,"5752RKPM"
26290,"MODELO",1677973,"IFP6532-W"
26290,"MODELO",1677974,"RIVA 75"" 4K RACK MOVIL"
26290,"MODELO",1677975,"PROCOLOR653U+W"
26290,"MODELO",1677976,"IFP7550-3-WMVPC"
26290,"MODELO",1677977,"PB 505"
26290,"MODELO",1677978,"F-LH65WMRWB-2"
26290,"MODELO",1677979,"TRIUMPH BOARD 86 “IFP"
26290,"MODELO",1677980,"5862RKPM"
26290,"MODELO",1677981,"IFP8650-3-WRBR"
26290,"MODELO",1677982,"QITBB75 G"
26290,"MODELO",1677983,"QITBB65 G"
26290,"MODELO",1677984,"QITBB55 G"
26290,"MODELO",1677985,"WM85R"
26290,"MODELO",1677986,"EXI75-MTP"
26290,"MODELO",1677987,"IDEAHUB PRO 65"
26290,"MODELO",1677988,"D8600"
26290,"MODELO",1677989,"MW3565-U-S"
26290,"MODELO",1677990,"IDEAHUB PRO 86"
26290,"MODELO",1677991,"D7500"
26290,"MODELO",1677992,"MW3575-U-S"
26290,"MODELO",1677993,"MW3586-U-S"
26290,"MODELO",1677994,"JOURNEY 14 SERIES 55"""
26290,"MODELO",3999693,"75TR3DQ"
26290,"MODELO",1744211,"75TR3PJ"
26290,"MODELO",1677995,"QIT1486"
26290,"MODELO",1677996,"QIT1475"
26290,"MODELO",1677997,"JOURNEY 14 SERIES 65"""
26290,"MODELO",1677998,"JOURNEY 14 SERIES 75"""
26290,"MODELO",1677999,"JOURNEY 14 SERIES 86"""
26290,"MODELO",1678000,"98M3A"
26290,"MODELO",1678001,"QIT1455"
26290,"MODELO",1678002,"EX86-O5-PC20"
26290,"MODELO",1678003,"I3 TOUCH EX"
26290,"MODELO",1678004,"IFP7550-3-W"
26290,"MODELO",1678005,"MW3565-T36-V200C"
26290,"MODELO",1678006,"CB651Q"
26290,"MODELO",1678007,"PROCOLOR863U+WR"
26290,"MODELO",1678008,"CB861Q"
26290,"MODELO",1678009,"IFP6532-WR"
26290,"MODELO",1678010,"PROCOLOR753UL+WR"
26290,"MODELO",1678011,"PROCOLOR863UL+WP"
26290,"MODELO",1678012,"PROCOLOR863UL+W"
26290,"MODELO",1678013,"CB751Q"
26290,"MODELO",1678014,"75TR3DJ"
26290,"MODELO",1678015,"55M3A"
26290,"MODELO",1678016,"86M3A"
26290,"MODELO",1678017,"PROCOLOR863U+W"
26290,"MODELO",1678018,"5751RK"
26290,"MODELO",1678019,"D5530"
26290,"MODELO",1678020,"75TR3BF-B-2022-1"
26290,"MODELO",1678021,"D7510"
26290,"MODELO",1678022,"5651RK"
26290,"MODELO",1678023,"432545RK"
26290,"MODELO",1678024,"TRIUMPH BOARD 75 “IFP"
26290,"MODELO",1678025,"E1065 4K 2020"
26290,"MODELO",1678026,"PN-C751H"
26290,"MODELO",1678027,"5861RK"
26290,"MODELO",1678028,"5651RK-SM"
26290,"MODELO",1678029,"5751RK-SM"
26290,"MODELO",1678030,"5861RK-SM"
26290,"MODELO",1678031,"75TR3BF-B"
26290,"MODELO",1678032,"N65EE"
26290,"MODELO",1678033,"IFP8650-3-WRVPC"
26290,"MODELO",1678034,"IFP7550-3-WRVPC"
26290,"MODELO",1678035,"IFP6550-3-WRVPC"
26290,"MODELO",1678036,"TRIUMPH BOARD 75 IFP"
26290,"MODELO",1678037,"MW3565-U-S-PM"
26290,"MODELO",1678038,"IDEAHUB S2 65"
26290,"MODELO",1678039,"TRIUMPH BOARD 75  IFP"
26290,"MODELO",1678040,"MW3586-U-S-PM"
26290,"MODELO",1678041,"IFP7550-3-WR"
26290,"MODELO",1678042,"MW3565-US-PM-OPS"
26290,"MODELO",1678043,"PROCOLOR 863U+R"
26290,"MODELO",1678044,"IFP6550-3"
26290,"MODELO",1678045,"IFP6550-3-WRM"
26290,"MODELO",1678046,"IFP6550-3-WR"
26290,"MODELO",1678047,"IFP8650-3"
26290,"MODELO",1678048,"MW3575-US-PM-OPS"
26290,"MODELO",1678049,"I3TOUCH ER"
26290,"MODELO",1678050,"E1086 4K 2019- RACK"
26290,"MODELO",1678051,"IFP7550-3"
26290,"MODELO",1678052,"MW3586-US-PM-OPS"
26290,"MODELO",1678053,"IFP7550-3-TSCAM"
26290,"MODELO",1678054,"IFP7550-3-WRM"
26290,"MODELO",1678055,"D5520"
26290,"MODELO",1678056,"D6520"
26290,"MODELO",2905529,"BUSINESS 6500"
26290,"MODELO",2035488,"MIMIOPRO 864"
26290,"MODELO",2023893,"BT-86XTD PRO"
26290,"MODELO",1744179,"65TR3PJ"
26290,"MODELO",1678057,"MW3565-T-C-PM-OPS"
26290,"MODELO",1678058,"MW3586-T-C-PM-OPS"
26290,"MODELO",1678059,"HIBOARD-IA65-C"
26290,"MODELO",1678060,"PROCOLOR653UL+WR"
26290,"MODELO",1678061,"PROCOLOR653U+WR"
26290,"MODELO",1678062,"PROCOLOR653UL+W"
26290,"MODELO",1678063,"PROCOLOR653UL+WP"
26290,"MODELO",1678064,"TRIUMPH BOARD 65 “IFP"
26290,"MODELO",1678065,"MW3575-T-C-PM-OPS"
26290,"MODELO",1678066,"HIBOARD-IA75-C"
26290,"MODELO",1678067,"IFP6550-3-W"
26290,"MODELO",1678068,"IFP8650-3-W"
26290,"MODELO",1678069,"HIBOARD-IA86-C"
26290,"MODELO",1678070,"IFP5550-3-W"
26290,"MODELO",1678071,"IFP9850-3-W"
26290,"MODELO",1678072,"IFP9850-W"
26290,"MODELO",1678073,"IFP8650-3-WMVPC"
26290,"MODELO",1678074,"PROCOLOR863UI+W"
26290,"MODELO",1678075,"PROCOLOR863UI+WR"
26290,"MODELO",1678076,"MIMIOPRO 754+R"
26290,"MODELO",1678077,"MIMIOPRO 754+P"
26290,"MODELO",1678078,"MIMIOPRO 864+R"
26290,"MODELO",1678079,"MIMIOPRO 864+P"
26290,"MODELO",1678080,"MW3565-T"
26290,"MODELO",1678081,"MW3575-T"
26290,"MODELO",1678082,"MIMIOPRO 654+R"
26290,"MODELO",1678083,"PROCOLOR753U+WRBIOCHEM"
26290,"MODELO",1678084,"PROCOLOR753U+WRENVIRO"
26290,"MODELO",1678085,"PROCOLOR753U+WRGENSCI"
26290,"MODELO",1678086,"PROCOLOR753U+WPVIEW"
26290,"MODELO",1678087,"MIMIOPRO 654+P"
26290,"MODELO",1678088,"65M3A"
26290,"MODELO",1678089,"75M3A"
26290,"MODELO",1678090,"5862RKPM-CAM"
26290,"MODELO",1678091,"75TR3BF-3-WRM"
26290,"MODELO",1678092,"65TR3BF-3-WRM"
26290,"MODELO",1678093,"TRIUMPH BOARD 86 “ IFP"
26290,"MODELO",1678094,"PN-L803C"
26290,"MODELO",1678095,"SPNL-6075"
26290,"MODELO",1678096,"5861RK-SM-V200C"
26290,"MODELO",1678097,"PROCOLOR753U+WRVIEW"
26290,"MODELO",1678098,"PROCOLOR753U+WRPHYSIO"
26290,"MODELO",1678099,"PROCOLOR652UV3+WP"
26290,"MODELO",1678100,"PROCOLOR 753U+WPVIEW"
26290,"MODELO",1678101,"PROCOLOR653U+R"
26290,"MODELO",1678102,"MW3575-T-A"
26290,"MODELO",1678103,"MW3586-T-A"
26290,"MODELO",1678104,"5861RK-V200C"
26290,"MODELO",1678105,"5751RK-V200C"
26290,"MODELO",1678106,"5751RK-SM-V200C"
26290,"MODELO",1678107,"MW3565-T-A"
26290,"MODELO",1678108,"5651RK-SM-V200C"
26290,"MODELO",1678109,"A6500"
26290,"MODELO",1678110,"A7500"
26290,"MODELO",1678111,"OP651RK+G4CAM-V-PM"
26290,"MODELO",1678112,"5651RK-V200C"
26290,"MODELO",1678113,"A8600"
26290,"MODELO",1678114,"86TR3DJ-2022"
26290,"MODELO",3951967,"IDEAHUB B3 75 - O"
26290,"MODELO",3306365,"10010652"
26290,"MODELO",3306366,"I3TOUCH V-ONE"
26290,"MODELO",3306526,"BT105EMUPRO"
26290,"MODELO",3306532,"BT110GLHPRO"
26290,"MODELO",3306534,"BT110GLH"
26290,"MODELO",3306545,"BT75LKTHUB"
26290,"MODELO",1838420,"5862RKPM-OPS3-I5-TPM9.0"
26290,"MODELO",1744353,"98TR3PJ"
26290,"MODELO",1838361,"5652RKPM-OPS3-I5-TPM9.0"
26290,"MODELO",2627060,"TL7-75-AVA1800-70-5KMT"
26290,"MODELO",4143595,"IFP9851-RM"
26290,"MODELO",4143599,"IFP9851-R"
26290,"MODELO",4019474,"5863RK-RM-OPS5-GEN12-16R"
26290,"MODELO",4019509,"5863RK-RM-SC-OPS7-GEN12-16R"
26290,"MODELO",2823946,"BT-110GLH PRO"
26290,"MODELO",2562572,"E-ONE 86 R711 P20"
26290,"MODELO",4224493,"BT-98LKTHUBR"
26290,"MODELO",2895250,"TE-75W83BW"
26290,"MODELO",2895271,"RIVA R2 110 INCH"
26290,"MODELO",4019469,"5863RK- 17"
26290,"MODELO",4019553,"5863RK-RE-SC-BOX-OPS5-12GEN"
26290,"MODELO",4224480,"IHB2-75PB"
26290,"MODELO",1974580,"5652RKPM-OPS3-I5-TPM9.0."
26290,"MODELO",2899816,"HEP-LT98"
26290,"MODELO",2895315,"QA1300"
26290,"MODELO",1866755,"FLIP ANDROID WAC 75”-RP"
26290,"MODELO",4019630,"DS-D5B65RB-EL"
26290,"MODELO",1974785,"5752RKPM-OPS3-I7-TPM9.0."
26290,"MODELO",2644501,"RIVA D2 65 INCH"
26290,"MODELO",2895217,"TE-75W83BF"
26290,"MODELO",1866749,"FLIP ANDROID WAC 75”-N1-RP"
26290,"MODELO",2631439,"IFP8650-5F-MVPCI7"
26290,"MODELO",2129119,"TSCREEN98"
26290,"MODELO",2856239,"QITBB86_H."
26290,"MODELO",1974621,"5752RKPM-OPS3-I5-TPM9.0."
26290,"MODELO",4230090,"QITBB75-I"
26290,"MODELO",4230091,"QITBB75-IC"
26290,"MODELO",2557203,"RIVA R2 65 INCH"
26290,"MODELO",4139414,"QTX-TE-YL5W"
26290,"MODELO",4019663,"DS-D5B75RB-EL"
26290,"MODELO",4019708,"DS-D5B86RB-EL"
26290,"MODELO",4019721,"DS-D5C98RB-A"
26290,"MODELO",4224712,"ELM2-65"
26290,"MODELO",4224717,"10010731"
26290,"MODELO",4224718,"ELM2-75"
26290,"MODELO",4224723,"ELM2-86"
26290,"MODELO",4224732,"ELM 2-75"
26290,"MODELO",4224733,"ELM 2-86"
26290,"MODELO",2895487,"FLIP WAD 86”–CP-RM-N7-OHB"
26290,"MODELO",2557187,"RIVA R2 75 INCH"
26290,"MODELO",4224731,"ELM 2-65"
26290,"MODELO",1974591,"5862RKPM-OPS3-I7-TPM9.0."
26290,"MODELO",1974608,"5652RKPM-OPS3-I7-TPM9.0."
26290,"MODELO",2776056,"IFP7550-5F-W"
26290,"MODELO",2895571,"FLIP WAD 86”–CP-RM-N7-OP"
26290,"MODELO",4118110,"5753RK-OPS7-GEN12-8R"
26290,"MODELO",4118116,"5753RK-OPS7-GEN12-16R"
26290,"MODELO",2589062,"MW3586-U-E-PM"
26290,"MODELO",3807879,"INNEX CT86"
26290,"MODELO",3807887,"INNEX EU65"
26290,"MODELO",4118203,"5753RK- 12"
26290,"MODELO",3865931,"IDEAHUB K3 65 - O"
26290,"MODELO",3865966,"IDEAHUB K3 65"
26290,"MODELO",1745029,"WM65B"
26290,"MODELO",2554525,"3652RKRV-OPS3-I7-TPM9.0"
26290,"MODELO",4143334,"WAFX-P 75-RM"
26290,"MODELO",4118607,"5863RK-OPS7-GEN12-8R"
26290,"MODELO",3967376,"T786TC4K"
26290,"MODELO",3807892,"INNEX EU75"
26290,"MODELO",2631469,"IFP8650-5F-MCAMI7"
26290,"MODELO",4118740,"DS-D5C75RB-A2L"
26290,"MODELO",2555617,"FLIP ANDROID WAC 75"" - 1EW - RP"
26290,"MODELO",3865963,"55151105HP12K"
26290,"MODELO",2823606,"BT-86LKT PRO"
26290,"MODELO",4143310,"WAFX-P 86-RM"
26290,"MODELO",2555540,"3652RKRV-A50E"
26290,"MODELO",4118628,"5863RK-OPS7-GEN12-16R"
26290,"MODELO",4118729,"DS-D5C65RB-A2L"
26290,"MODELO",2750919,"ANDROID WAD 86-N7-1"
26290,"MODELO",2823565,"BT-75LKT PRO"
26290,"MODELO",2823578,"BT-65LKT PRO"
26290,"MODELO",2823625,"BT-98LKT PRO"
26290,"MODELO",4118763,"5653RK-SC26C"
26290,"MODELO",1745007,"WM55B"
26290,"MODELO",4017975,"5653RK-RM-OPS5-GEN12-16R"
26290,"MODELO",3807906,"INNEX EU86"
26290,"MODELO",2636018,"WAD 75-N5"
26290,"MODELO",2636022,"WAD 75-CP-RP-N7"
26290,"MODELO",2635793,"WAD 86-RM"
26290,"MODELO",2636050,"WAD 75-CP-RM-N7"
26290,"MODELO",4118781,"DS-D5C75RB-B2L"
26290,"MODELO",4118808,"5653RK-RM-SC26C"
26290,"MODELO",4118896,"5753RK-06.1"
26290,"MODELO",4118897,"5753RK-RM-SC26C"
26290,"MODELO",4142059,"IDEAHUB B3 65"
26290,"MODELO",1718733,"TRIUMPH BOARD 75 “IFP BLACK"
26290,"MODELO",2636104,"WAD 75-CG-RM-N7"
26290,"MODELO",2748863,"PANTALLA TÁCTIL - FHD ANDROID 7.1 - PARA EXTERIORES"
26290,"MODELO",2630215,"ANDROID WAD 75-CP-RP-N5"
26290,"MODELO",2030594,"IFP8650-5-MCAM"
26290,"MODELO",2030597,"IFP7550-5-RCAM"
26290,"MODELO",2030599,"IFP8650-5-RCAM"
26290,"MODELO",2465961,"RP6502"
26290,"MODELO",2636042,"WAD 75-CP-RP-N5"
26290,"MODELO",4053986,"IDEAHUB BOARD 3 PRO - O"
26290,"MODELO",4053987,"IDEAHUB BOARD 3 PRO"
26290,"MODELO",4263201,"10010822-I7"
26290,"MODELO",2030592,"IFP7550-5-MCAM"
26290,"MODELO",2030601,"IFP7533-RCAM"
26290,"MODELO",1778226,"5652RKPMCAM-OPS3-I5-TPM9.0"
26290,"MODELO",1778238,"5752RK9.0"
26290,"MODELO",2030605,"IFP7533-MCAM"
26290,"MODELO",2050045,"FLIPANDROID WAC 75”-C"
26290,"MODELO",2050046,"FLIP ANDROID WAC 75”-C"
26290,"MODELO",1778245,"5752RKPM9.0"
26290,"MODELO",2030603,"IFP8633-RCAM"
26290,"MODELO",2030607,"IFP8633-MCAM"
26290,"MODELO",2131988,"TSCREEN98OPS"
26290,"MODELO",1736673,"HTV-IB86C"
26290,"MODELO",2033489,"IFP8650-5-WVPC5"
26290,"MODELO",1778266,"5862RK9.0"
26290,"MODELO",1778276,"5862RKPMCAM9.0"
26290,"MODELO",1778278,"5862RKPMCAM-OPS3-I5-TPM9.0"
26290,"MODELO",1778299,"IDEAHUB B2 75-O"
26290,"MODELO",1778333,"IDEAHUB B2 86-O"
26290,"MODELO",2050053,"FLIP ANDROID WAC 75”-N1C"
26290,"MODELO",2538676,"ZK-IWB65BP"
26290,"MODELO",1778251,"5752RKPMCAM9.0"
26290,"MODELO",1778259,"5752RKPMCAM-OPS3-I5-TPM9.0"
26290,"MODELO",2528388,"FLIP PRO WM75B–N7-C-RP"
26290,"MODELO",1835087,"JTOUCH INF7555"
26290,"MODELO",1835096,"JTOUCH INF8655"
26290,"MODELO",1835102,"JTOUCH INF9855P"
26290,"MODELO",1835125,"IFP8650-5-WPVPC"
26290,"MODELO",1834564,"85WMB-C30"
26290,"MODELO",2844057,"BT-65LKT"
26290,"MODELO",2635792,"MODELO: WAD 86"
26290,"MODELO",2636094,"WAD 75-CG-RP-N7"
26290,"MODELO",2776621,"IFP8650-5F-W"
26290,"MODELO",3951980,"IDEAHUB B3 86 - O"
26290,"MODELO",3952017,"55150939P36BOS"
26290,"MODELO",2627185,"RIVA R2 86 INCH"
26290,"MODELO",1835100,"JTOUCH INF9855"
26290,"MODELO",1834148,"75WMB-C30"
26290,"MODELO",2635867,"WAD 75"
26290,"MODELO",2635873,"WAD 75-RP"
26290,"MODELO",2635876,"WAD 75-RM"
26290,"MODELO",2636009,"WAD 75-RM-N5"
26290,"MODELO",2893943,"I3TOUCH ULTRA"
26290,"MODELO",1834608,"85WMB-N7MU"
26290,"MODELO",1834610,"85WMB-N3RP"
26290,"MODELO",2844184,"BT-86LKT"
26290,"MODELO",4225028,"IHS3-75SA"
26290,"MODELO",2893733,"E-ONE 65"
26290,"MODELO",3398696,"A6510"
26290,"MODELO",1866745,"FLIP ANDROID WAC 75”-N1"
26290,"MODELO",2490075,"IFP7533-RVPC5"
26290,"MODELO",1834581,"85WMB-C20"
26290,"MODELO",2501124,"DS-D5B86RB/D"
26290,"MODELO",1866752,"FLIP ANDROID WAC 75”-RM"
26290,"MODELO",2528032,"IFP7550-5-MCAM7"
26290,"MODELO",2844139,"BT-75LKT"
26290,"MODELO",2844193,"BT-98LKT"
26290,"MODELO",1834543,"75WMB-N5RP-RM"
26290,"MODELO",2776651,"IFP8650-5F-WR"
26290,"MODELO",2799196,"I3TOUCH V-ONE 75"
26290,"MODELO",2799208,"I3TOUCH V-ONE 86"
26290,"MODELO",1866747,"FLIP ANDROID WAC 75”-N1-RM"
26290,"MODELO",1834573,"85WMB-C25"
26290,"MODELO",4225020,"IHS3-86SA"
26290,"MODELO",1738509,"65TR3DJ-B-2023-WRM"
26290,"MODELO",2560060,"3862RKRV-OPS3-I7-TPM9.0"
26290,"MODELO",3826210,"TE8612W-OPSI7-RACK"
26290,"MODELO",3133287,"3752RK-SC26B-OPSI5"
26290,"MODELO",4118918,"5863RK-SC26C"
26290,"MODELO",3333658,"BT86LKTPROI5"
26290,"MODELO",3717189,"MINDBOARD 86ABV11 / OPS Y RACK MOVIL"
26290,"MODELO",4118752,"DS-D5C86RB-A2L"
26290,"MODELO",4118948,"5863RK-RM-SC26C"
26290,"MODELO",3717151,"MINDBOARD 75ABV11"
26290,"MODELO",3717152,"MINDBOARD 86ABV11"
26290,"MODELO",3717186,"MINDBOARD 75ABV11 / OPS Y RACK MOVIL"
26290,"MODELO",3717201,"MINDBOARD 86ABV11 / TODO EN UNO"
26290,"MODELO",1719304,"TRIUMPH BOARD 65“IFP BLACK"
26290,"MODELO",2625479,"FLIP ANDROID WAD 75"""
26290,"MODELO",2625506,"FLIP ANDROID WAD 86 + RP"
26290,"MODELO",4118806,"DS-D5C86RB-B2L"
26290,"MODELO",2531716,"TL7-75"
26290,"MODELO",4118760,"5653RK-04.1"
26290,"MODELO",4118766,"DS-D5C65RB-B2L"
26290,"MODELO",1999420,"IFP8633-W"
26290,"MODELO",4118916,"5863RK-04.1"
26290,"MODELO",3855822,"RIUMPH BOARD 75“IFP BLACK G"
26290,"MODELO",1914363,"IDEAHUB S2 65 - O"
26290,"MODELO",2631456,"IFP8650-5 F-MVPC5"
26290,"MODELO",2625483,"FLIP ANDROID WAD 75 -RP"
26290,"MODELO",2625491,"FLIP ANDROID WAD 75 -RM"
26290,"MODELO",2629803,"TL7-105"
26290,"MODELO",4118839,"5753RK-SC26C"
26290,"MODELO",2152491,"LH75WACWLGCXZA-RP-C-2"
26290,"MODELO",1753343,"IDEAHUB BOARD 2 65-O"
26290,"MODELO",2610612,"TL7-65-5000M"
26290,"MODELO",2610613,"TL7-65"
26290,"MODELO",2528961,"FLIP PRO WM75B-C-RP"
26290,"MODELO",1999287,"IFP9850-4-RJAVPC"
26290,"MODELO",3763128,"I3TOUCH ULTRA 105"
26290,"MODELO",2635984,"WAD 75-RP-N7"
26290,"MODELO",2636109,"WAD 75-CG-RM-N5"
26290,"MODELO",2635982,"WAD 86-CP-RP-N7"
26290,"MODELO",2528737,"FLIP PRO WM85B-N5-C"
26290,"MODELO",2528831,"FLIP PRO WM85B-N7-C-RP-IAC-RM"
26290,"MODELO",2771204,"RIVA86R2-13MP2-RM"
26290,"MODELO",1834431,"LH75WMBWLGCXZA-N5MU-RM"
26290,"MODELO",1834438,"75WMB-N7MU-RM"
26290,"MODELO",1834451,"75WMB-N3RP"
26290,"MODELO",1834472,"LH75WMBWLGCXZA-N5RP"
26290,"MODELO",1834524,"75WMB-N3RP-RM"
26290,"MODELO",1834597,"85WMB-N3MU"
26290,"MODELO",1834624,"85WMB-N7RP"
26290,"MODELO",2033919,"86 IFP– 2023- G3- BLACK-RM1-OPSI7-WEBTRIUMPH-8GB"
26290,"MODELO",3132818,"5863RK-OPSI5"
26290,"MODELO",3132833,"5863RK-A50E"
26290,"MODELO",3132840,"5863RK-V200C"
26290,"MODELO",2745090,"WAD 86-N5-1"
26290,"MODELO",2745092,"WAD 86-RP-N5-1"
26290,"MODELO",1834754,"55WMB-C30"
26290,"MODELO",1834804,"55WMB-N3MU"
26290,"MODELO",1834898,"65WMB-C25"
26290,"MODELO",1834975,"65WMB-N7RP"
26290,"MODELO",2032394,"86 IFP – 2023- G3- BLACK-RM1-8GB-OPSI7"
26290,"MODELO",4121441,"IDEAHUB K3 65 - A"
26290,"MODELO",2940377,"IDEAHUB BOARD 2 65 - O"
26290,"MODELO",3132758,"5863RK-RM-A50E-OPSI5"
26290,"MODELO",3132768,"5863RK-RM-SC26B-OPSI5"
26290,"MODELO",3132770,"5863RK-RM-V200C-OPSI7"
26290,"MODELO",3132797,"5863RK-A50E-OPSI5"
26290,"MODELO",3132806,"5863RK-V200C-OPSI7"
26290,"MODELO",3132824,"5863RK-RM-SC26B"
26290,"MODELO",3132831,"5863RK-RM-V200C"
26290,"MODELO",3132837,"5863RK-SC26B"
26290,"MODELO",3132854,"5753RK-RM-SC26B-OPSI7"
26290,"MODELO",3132864,"5753RK-RM-V200C-OPSI7"
26290,"MODELO",3132883,"5753RK-RM-OPSI7"
26290,"MODELO",4053301,"10010551-712-V12F"
26290,"MODELO",3132885,"5753RK-RM-OPSI5"
26290,"MODELO",3132894,"5753RK-A50E-OPSI7"
26290,"MODELO",3132900,"5753RK-SC26B-OPSI5"
26290,"MODELO",3132942,"5753RK-SC26B"
26290,"MODELO",3133056,"5653RK-RM-SC26B-OPSI5"
26290,"MODELO",3133058,"5653RK-RM-V200C-OPSI7"
26290,"MODELO",3133060,"5653RK-RM-V200C-OPSI5"
26290,"MODELO",3133066,"5653RK-A50E-OPSI7"
26290,"MODELO",3133070,"5653RK-SC26B-OPSI7"
26290,"MODELO",3133080,"5653RK-OPSI7"
26290,"MODELO",3090378,"3652R"
26290,"MODELO",3090452,"3752RK"
26290,"MODELO",1738422,"65TR3DJ"
26290,"MODELO",3132895,"5753RK-A50E-OPSI5"
26290,"MODELO",3132905,"5753RK-V200C-OPSI7"
26290,"MODELO",3132946,"5753RK-V200C"
26290,"MODELO",3132950,"5753RK-RM"
26290,"MODELO",3133051,"5653RK-RM-A50E-OPSI7"
26290,"MODELO",3133052,"5653RK-RM-A50E-OPSI5"
26290,"MODELO",3133054,"5653RK-RM-SC26B-OPSI7"
26290,"MODELO",3133069,"5653RK-A50E-OPSI5"
26290,"MODELO",3133076,"5653RK-V200C-OPSI7"
26290,"MODELO",3133077,"5653RK-V200C-OPSI5"
26290,"MODELO",3133089,"5653RK-RM-A50E"
26290,"MODELO",3133090,"5653RK-RM-SC26B"
26290,"MODELO",3133065,"5653RK-RM-OPSI5"
26290,"MODELO",3133105,"5653RK-RM"
26290,"MODELO",3133130,"3862RK-RM-OPSI7"
26290,"MODELO",3133136,"3862RK-A50E-OPSI7"
26290,"MODELO",3133155,"3862RK-V200C-OPSI5"
26290,"MODELO",3133164,"3862RK-OPSI7"
26290,"MODELO",3133170,"3862RK-RM-A50E"
26290,"MODELO",3133180,"3862RK-SC26B"
26290,"MODELO",3133181,"3862RK-V200C"
26290,"MODELO",1835145,"IFP7550-5-WPVPC"
26290,"MODELO",3881511,"55151106BR60"
26290,"MODELO",1838375,"5652RKPM-OPS3-I7-TPM9.0"
26290,"MODELO",1838407,"5752RKPM-OPS3-I7-TPM9.0"
26290,"MODELO",2490113,"IFP7533-MVPC5"
26290,"MODELO",2490153,"IFP8633-MVPC5"
26290,"MODELO",3824229,"5753RK-DVDO C6-1"
26290,"MODELO",1835143,"IFP9850-4-WPVPC"
26290,"MODELO",2943549,"3652RKRV-SC26B 3652RK-4"
26290,"MODELO",1838396,"5752RKPM-OPS3-I5-TPM9.0"
26290,"MODELO",2796455,"TE-7603G"
26290,"MODELO",2796470,"TE-7604G"
26290,"MODELO",2490179,"IFP7550-5-RVPC5"
26290,"MODELO",4248262,"BT75LKTHUBSR"
26290,"MODELO",4248298,"BT65LKTHUBSR"
26290,"MODELO",4248260,"BT-75LKTHUBSR"
26290,"MODELO",3881554,"IDEAHUB 3 PRO 75"
26290,"MODELO",2490232,"IFP8650-5-RVPC5"
26290,"MODELO",1778268,"5862RKPM9.0"
26290,"MODELO",3334860,"BT110GLHHUBI5R"
26290,"MODELO",3334871,"BT110GLHHUBR"
26290,"MODELO",3881515,"BOARD 3 PRO 65"
26290,"MODELO",3881574,"IDEAHUB 3 PRO 86"
26290,"MODELO",2818721,"86TR3PN"
26290,"MODELO",3968682,"TRIUMPH BOARD 110""IFP BLACK"
26290,"MODELO",3824185,"5753RK-V200CX"
26290,"MODELO",1834562,"LH85WMBWLGCXZA-C30"
26290,"MODELO",1834585,"85WMB-N3"
26290,"MODELO",3923214,"TRIUMPH BOARD 105"" IFP BLACK"
26290,"MODELO",3824706,"5863RK-RM-V200CX"
26290,"MODELO",3824739,"5863RK-RM-DVDO C6-1"
26290,"MODELO",2528155,"IFP7550-5- RCAM7"
26290,"MODELO",2528408,"FLIP PRO WM75B–N7-C"
26290,"MODELO",4070421,"IDEAHUB BOARD 3 PRO 65 - O"
26290,"MODELO",3306549,"BT86LKTHUB"
26290,"MODELO",3306564,"I3TOUCH X3"
26290,"MODELO",3306693,"DS-D5C98RB-B"
26290,"MODELO",2527554,"IFP7533-G-W"
26290,"MODELO",2527561,"IFP7533-G-WRM"
26290,"MODELO",2528357,"FLIP PRO WM75B–N5–C-RP"
26290,"MODELO",1748442,"TRIUMPH BOARD 75“ IFP BLACK"
26290,"MODELO",2527559,"IFP7533-G-WR"
26290,"MODELO",2527564,"IFP8633-G-W"
26290,"MODELO",2527568,"IFP8633-G-WR"
26290,"MODELO",2527570,"IFP8633-G-WRM"
26290,"MODELO",2588908,"MW3575-U-C"
26290,"MODELO",2588917,"MW3575-U-E"
26290,"MODELO",2588978,"MW3575-U-C-PM"
26290,"MODELO",2779335,"IFP8652-2ED-R"
26290,"MODELO",2035459,"MIMIOPRO 654"
26290,"MODELO",3306555,"BT98LKTHUB"
26290,"MODELO",3306566,"BT110GLHHUB"
26290,"MODELO",2589037,"MW3586-U-E"
26290,"MODELO",2589053,"MW3586-U-C-PM"
26290,"MODELO",2779392,"IFP9850-4-WRM"
26290,"MODELO",2779417,"IFP9850-4-WR"
26290,"MODELO",2033278,"E-ONE 55 RO711 BRIO"
26290,"MODELO",2784196,"MEETINGBOARD 86"
26290,"MODELO",2779437,"IFP9850-4-MVPC5"
26290,"MODELO",2779461,"IFP9850-4-RVPC5"
26290,"MODELO",2779318,"IFP8652-2ED"
26290,"MODELO",4119851,"QITBB86 I"
26290,"MODELO",2644137,"IFP8650-5F-MVPC5"
26290,"MODELO",2804031,"MONITOR TÁCTIL INTERACTIVO 86” 4K DELL – P8624QT"
26290,"MODELO",1927181,"RM8602K"
26290,"MODELO",2779352,"IFP8652-2ED-RM"
26290,"MODELO",2793966,"I3TOUCH"
26290,"MODELO",2794099,"I3TOUCH E-ONE 86"
26290,"MODELO",2794104,"I3TOUCH E-ONE 65"
26290,"MODELO",3950368,"TRIUMPH BOARD 86""IFP BLACK G"
26290,"MODELO",1927214,"RE7501"
26290,"MODELO",2589003,"MW3575-U-E-PM"
26290,"MODELO",1740202,"86TR3DK"
26290,"MODELO",1827930,"E-ONE 86 EDU RO511"
26290,"MODELO",1827934,"E-ONE 86 EDU RO711"
26290,"MODELO",2513095,"IDEAHUB BOARD 2 75"""
26290,"MODELO",2895581,"FLIP WAD 86”–RM-N7-OP"
26290,"MODELO",2559133,"3752RKRV-OPS3-I5-TPM9.0"
26290,"MODELO",4140581,"IFP8651-R"
26290,"MODELO",4098892,"WAD86-RM"
26290,"MODELO",4098893,"WAF86-RM"
26290,"MODELO",4228774,"IFP5551-R"
26290,"MODELO",2890817,"TE1300"
26290,"MODELO",2895636,"FLIP WAD 86”–CM-RM-N7-OHB"
26290,"MODELO",2776206,"HA1100PRO"
26290,"MODELO",4140644,"IFP8634-R"
26290,"MODELO",4140646,"IFP7534-RM"
26290,"MODELO",3780051,"5653RK-DVDOC6-1"
26290,"MODELO",3879156,"55151107HP60K"
26290,"MODELO",2635789,"MODELO: WAD 86-CP-RP-N5"
26290,"MODELO",2636062,"WAD 75-CP-RM-N5"
26290,"MODELO",2489100,"X2"
26290,"MODELO",2776258,"IFP7550-5F-WR"
26290,"MODELO",3780117,"5653RK-RM-V200CX"
26290,"MODELO",4228884,"IFP6541-R"
26290,"MODELO",1974792,"5862RKPM-OPS3-I5-TPM9.0."
26290,"MODELO",2635795,"WAD 86-CG-RP-N5"
26290,"MODELO",2635797,"WAD 86-CG-RM-N5"
26290,"MODELO",2635805,"WAD 86-RP"
26290,"MODELO",2635989,"WAD 75-CG-RP-N5"
26290,"MODELO",2797367,"I3TOUCH X2-86"
26290,"MODELO",2776282,"IFP7550-5F-WRM"
26290,"MODELO",4140614,"IFP7551-R"
26290,"MODELO",4140648,"IFP7534-R"
26290,"MODELO",3780195,"5753RK-02"
26290,"MODELO",3780255,"5753RK-DVDOC6-1"
26290,"MODELO",4228789,"IFP5551-RM"
26290,"MODELO",4228827,"IFP5541-RM"
26290,"MODELO",4228893,"IFP6541-RM"
26290,"MODELO",4228908,"IFP7541-R"
26290,"MODELO",3134940,"3752RK-V200C-OPSI7"
26290,"MODELO",3134941,"3752RK-V200C-OPSI5"
26290,"MODELO",3134949,"3752RK-OPSI7"
26290,"MODELO",2797266,"ANDROID WAD"
26290,"MODELO",3780353,"5863RK-DVDOC6-1"
26290,"MODELO",4228822,"IFP5541-R"
26290,"MODELO",4229005,"IFP8641-R"
26290,"MODELO",3135047,"3752RK-RM-A50E"
26290,"MODELO",3135049,"3752RK-RM-SC26B"
26290,"MODELO",3135052,"3752RK-SC26B"
26290,"MODELO",2895614,"FLIP WAD 86”–RM-N7-OHB"
26290,"MODELO",4140606,"IFP7551-RM"
26290,"MODELO",3780407,"5863RK-OPSI5-11GEN"
26290,"MODELO",3780431,"5863RK-OPSI7-11GEN"
26290,"MODELO",2803051,"IFP7550-5-W2"
26290,"MODELO",2803155,"IFP8650-5-WR2"
26290,"MODELO",4229056,"IFP8641-RM"
26290,"MODELO",1740179,"75TR3DK"
26290,"MODELO",3135051,"3752RK-A50E"
26290,"MODELO",1839077,"IFP9850-4-RPVPC"
26290,"MODELO",2797590,"I3TOUCH X2-65"
26290,"MODELO",4140634,"IFP8634-RM"
26290,"MODELO",3780449,"5653RK-RM-DVDO C6-1"
26290,"MODELO",1740141,"65TR3DK"
26290,"MODELO",2803095,"IFP7550-5-WR2"
26290,"MODELO",2803195,"IFP7550-5-RVPCI5"
26290,"MODELO",2803218,"TL7-65-PC-P200"
26290,"MODELO",4229095,"IFP9841-R"
26290,"MODELO",3135083,"3652RK-RM-OPSI7"
26290,"MODELO",3135088,"3652RK-SC26B-OPSI7"
26290,"MODELO",3135089,"3652RK-SC26B-OPSI5"
26290,"MODELO",3135107,"3652RK-A50E"
26290,"MODELO",2895647,"FLIP WAD 86” -CM-RM-N7-OP"
26290,"MODELO",4096287,"DS-D5B65RB-FL"
26290,"MODELO",3779503,"A8610"
26290,"MODELO",4121209,"IDEAHUB BOARD S2 65"
26290,"MODELO",2490138,"IFP8633-RVPC5"
26290,"MODELO",2774456,"RIVA D2 86 INCH"
26290,"MODELO",2744990,"ANDROID WAD 86-N7"
26290,"MODELO",2744995,"WAD 86-RP-N7-1"
26290,"MODELO",2535966,"FLIP PRO WM85B-N7-C-RM-IAC-RM"
26290,"MODELO",2748862,"PANTALLA TÁCTIL - FHD ANDROID 7.1"
26290,"MODELO",2535935,"FLIP PRO WM85B–N5-C-RM-IAC-RM"
26290,"MODELO",2535986,"FLIP PRO WM85B-N5-C-RM"
26290,"MODELO",2745084,"WAD 86-RM-N7-1"
26290,"MODELO",4039277,"QITBB75 I"
26290,"MODELO",2745097,"WAD 86-RM-N5-1"
26290,"MODELO",3779985,"5653RK-V200CX"
26290,"MODELO",2748861,"PANTALLA TÁCTIL"
26290,"MODELO",2745124,"WAD 86-RM-N5-1A"
26290,"MODELO",4230275,"T7"
26290,"MODELO",2501115,"DS-D5B75RB/C"
26290,"MODELO",2628704,"3752RKRVPM- OPS3-I5-TPM9.0-A50E"
26290,"MODELO",2528244,"IFP8650-5-RCAMI7"
26290,"MODELO",3333371,"BRIGHT 3000"
26290,"MODELO",2501113,"DS-D5B65RB/D"
26290,"MODELO",2628549,"3652RKRPM-OPS3-I7-TPM9.0-SC26B"
26290,"MODELO",2628698,"3752RKRV- OPS3-I7-TPM9.0-SC26B"
26290,"MODELO",3807636,"INNEX CT65"
26290,"MODELO",2131123,"FLIP ANDROID WAC 75”"
26290,"MODELO",3333533,"LT86D3SI-A"
26290,"MODELO",3333535,"LT86D3SI"
26290,"MODELO",2628492,"3652RKRV-OPS3-I7-TPM9.0-A50E"
26290,"MODELO",2628501,"3652RKRPM-OPS3-I5-TPM9.0-SC26B"
26290,"MODELO",2628658,"3752RKRV- OPS3-I5-TPM9.0-A50E"
26290,"MODELO",2628817,"3862RKRV-OPS3-I7-TPM9.0-A50E"
26290,"MODELO",4230521,"BT75-LKTHUBR"
26290,"MODELO",4230524,"BT-75LKTHUBR"
26290,"MODELO",3333539,"BT65LKTHUBR"
26290,"MODELO",3333562,"BT65LKTR"
26290,"MODELO",3333571,"BT75LKTHUBI5"
26290,"MODELO",3333580,"BT75LKTHUBI5R"
26290,"MODELO",3333587,"BT75LKTHUBR"
26290,"MODELO",3333593,"BT75LKTPROI5"
26290,"MODELO",3333605,"BT75LKTR"
26290,"MODELO",3333623,"BT86LKTHUBI5"
26290,"MODELO",4230513,"BT-75LKTHUB"
26290,"MODELO",3333544,"BT65LKTPROI5"
26290,"MODELO",3333555,"BT65LKTPROR"
26290,"MODELO",3333597,"BT75LKTPROI5R"
26290,"MODELO",3333615,"BT75LKTPROR"
26290,"MODELO",3333631,"BT86LKTHUBI5R"
26290,"MODELO",2628545,"3652RKRVPM-OPS3-I5-TPM9.0-A50E"
26290,"MODELO",2628552,"3652RKRVPM-OPS3-I7-TPM9.0-A50E"
26290,"MODELO",2628684,"3752RKRV- OPS3-I5-TPM9.0-SC26B"
26290,"MODELO",2628854,"3862RKRVPM-OPS3-I5-TPM9.0-A50E"
26290,"MODELO",1799146,"QITBB75-H"
26290,"MODELO",4230497,"BT-65LKT HUB"
26290,"MODELO",3333665,"BT86LKTR"
26290,"MODELO",3333679,"BT86LKTPROR"
26290,"MODELO",2629619,"MODELO: ANDROID WAD86-CP-RM-N5"
26290,"MODELO",3333550,"BT65LKTPROI5R"
26290,"MODELO",3333646,"BT86LKTHUBR"
26290,"MODELO",3333671,"BT86LKTPROI5R"
26290,"MODELO",3333690,"BT98LKTHUBI5"
26290,"MODELO",3333701,"BT98LKTHUBI5R"
26290,"MODELO",4221602,"QITBB86-I"
26290,"MODELO",1748582,"TRIUMPH BOARD 75“IFP BLACK"
26290,"MODELO",2944236,"3652RKRPM-OPS-I5-A50E 3652RK-23"
26290,"MODELO",2944362,"3752RKRV 3652RK-1"
26290,"MODELO",2944369,"3752RKRV 3752RK-1"
26290,"MODELO",1834158,"75WMB-C25"
26290,"MODELO",3824292,"5753RK-RM-V200CX"
26290,"MODELO",2944183,"3652RKRVPM-OPS-I7 3652RK-18"
26290,"MODELO",2944387,"3752RKRVPM 3752RK-2"
26290,"MODELO",2939972,"3652RK-1"
26290,"MODELO",2940085,"IDEAHUB K3 86 - O"
26290,"MODELO",2940140,"IDEAHUB K3 75 - O"
26290,"MODELO",1834774,"55WMB-N3"
26290,"MODELO",1834814,"55WMB-N5MU"
26290,"MODELO",1834923,"65WMB-N5"
26290,"MODELO",1834959,"65WMB-N3RP"
26290,"MODELO",4221636,"IMPACT LUX 2 86"""
26290,"MODELO",1745652,"IFP9850-4-W"
26290,"MODELO",2944195,"3652RKRPM-OPS-I5-V200C 3652RK-19"
26290,"MODELO",2940184,"IDEAHUB K3 86"
26290,"MODELO",2940214,"IDEAHUB K3 75"
26290,"MODELO",2050052,"FLIPANDROID WAC 75”-N1C"
26290,"MODELO",2944417,"3752RKRV-V200C 3752RK-3"
26290,"MODELO",2944531,"3752RKRVPM-SC26B 3752RK-7"
26290,"MODELO",2939966,"3652RK"
26290,"MODELO",2943521,"3652RKRVPM 3652RK-2"
26290,"MODELO",2908537,"HFPDW86HT"
26290,"MODELO",3824582,"5863RK-V200CX"
26290,"MODELO",2944436,"3752RKRV-SC26B 3752RK-4"
26290,"MODELO",4221605,"QITBB86-IPO"
26290,"MODELO",2799326,"I3TOUCH V-ONE 75-R"
26290,"MODELO",2799338,"I3TOUCH V-ONE 86-R"
26290,"MODELO",2943542,"3652RKRV-V200C 3652RK-3"
26290,"MODELO",4222605,"WAFX-P 86"
26290,"MODELO",3824659,"5863RK-DVDO C6-1"
26290,"MODELO",2555619,"3752RKRV-SC26B"
26290,"MODELO",2555636,"3862RKRV-A50E"
26290,"MODELO",4120350,"MODELO: BOARD 3 PRO 86-RR-60M"
26290,"MODELO",1834340,"75WMB-N7"
26290,"MODELO",1834355,"LH75WMBWLGCXZA-C25-RM"
26290,"MODELO",1834356,"75WMB-C25-RM"
26290,"MODELO",1834375,"75WMB-N3-RM"
26290,"MODELO",1834383,"75WMB-N5-RM"
26290,"MODELO",3779291,"MINDBOARD I-86ABV11-B"
26290,"MODELO",3779304,"MINDBOARD I-75ABV11-C"
26290,"MODELO",3779314,"MINDBOARD I-86ABV11-C"
26290,"MODELO",3779329,"MINDBOARD I-75ABV11-A"
26290,"MODELO",2944635,"3752RKRV-OPS-I7-SC26B 3752RK-14"
26290,"MODELO",2776667,"IFP8650-5F-WRM"
26290,"MODELO",4231157,"DS-D5C75RB/B2L"
26290,"MODELO",4231164,"DS-D5C86RB/B2L"
26290,"MODELO",2552526,"3752RKRV"
26290,"MODELO",2555609,"3752RKRV-A50E"
26290,"MODELO",4120463,"MODELO: BOARD 3 PRO 75-RP-O-60M"
26290,"MODELO",1834323,"75WMB-C20"
26290,"MODELO",1834329,"LH75WMB-N3"
26290,"MODELO",1834331,"75WMB-N3"
26290,"MODELO",1834332,"75WMB-N5"
26290,"MODELO",1834366,"75WMB-C20-RM"
26290,"MODELO",1834391,"75WMB-N7-RM"
26290,"MODELO",1834397,"75WMB-N3MU"
26290,"MODELO",2531582,"IFP8633-G-MCAM7"
26290,"MODELO",2531599,"IFP8633-G-RCAM7"
26290,"MODELO",2531608,"IFP7533-G-RCAM7"
26290,"MODELO",2531619,"IFP7533-G-RCAM5"
26290,"MODELO",2531625,"IFP8633-G-MCAM5"
26290,"MODELO",2531629,"IFP8633-G-RCAM5"
26290,"MODELO",2531634,"IFP7533-G-MCAM5"
26290,"MODELO",2944925,"3752RKRVPM-OPS-I7 3752RK-18"
26290,"MODELO",2944940,"3752RKRPM-OPS-I5-V200C 3752RK-19"
26290,"MODELO",2944967,"3752RKRPM-OPS-I5-SC26B 3752RK-21"
26290,"MODELO",4230506,"BT-65LKTHUBR"
26290,"MODELO",4230758,"IFP8635-R"
26290,"MODELO",4120473,"MODELO: BOARD 3 PRO 75-RR-36M"
26290,"MODELO",4120507,"MODELO: BOARD 3 PRO 75-RR-O-36M"
26290,"MODELO",1834350,"75WMB-C30-RM"
26290,"MODELO",1834374,"LH75WMBWLGCXZA-N3-RM"
26290,"MODELO",1834416,"75WMB-N7MU"
26290,"MODELO",1834424,"75WMB-N3MU-RM"
26290,"MODELO",1834475,"75WMB-N5RP"
26290,"MODELO",2531661,"IFP7533-G-MVPC7"
26290,"MODELO",2944995,"3752RKRPM-OPS-I5-A50E 3752RK-23"
26290,"MODELO",2945021,"3752RKRPM-OPS-I7-A50E 3752RK-24"
26290,"MODELO",4230772,"IFP8635-RM"
26290,"MODELO",4230794,"IFP105UW-RM"
26290,"MODELO",4230802,"IFP110-R"
26290,"MODELO",4230811,"IFP110-RM"
26290,"MODELO",1834402,"75WMB-N5MU"
26290,"MODELO",1834768,"55WMB-C20"
26290,"MODELO",3779322,"MINDBOARD I-75ABV11-B"
26290,"MODELO",2531669,"IFP8633-G-MVPC7"
26290,"MODELO",2531682,"IFP7533-G-RVPC5"
26290,"MODELO",2531689,"IFP8633-G-RVPC5"
26290,"MODELO",2531744,"IFP8650-5-MVPCI7"
26290,"MODELO",2944958,"3752RKRPM-OPS-I7-V200C 3752RK-20"
26290,"MODELO",2800295,"QA1300PRO SERIES"
26290,"MODELO",2032386,"IFP8650-5-MVPC7"
26290,"MODELO",2777033,"TE1200PRO"
26290,"MODELO",4230979,"I"
26290,"MODELO",3332861,"BT65LKTHUBI5"
26290,"MODELO",4211326,"SC02-I586A"
26290,"MODELO",4120452,"MODELO: BOARD 3 PRO 75-RP-O-36M"
26290,"MODELO",1834432,"75WMB-N5MU-RM"
26290,"MODELO",1834938,"65WMB-N3MU"
26290,"MODELO",2531646,"IFP7533-G-RVPC7"
26290,"MODELO",2531652,"IFP8633-G-RVPC7"
26290,"MODELO",2531718,"IFP7550-5-MVPCI7"
26290,"MODELO",2531720,"IFP7550-5-RVPCI7"
26290,"MODELO",2531725,"IFP8650-5-RVPCI7"
26290,"MODELO",2945088,"3862RKRV 3862RK-1"
26290,"MODELO",4231140,"DS-D5C65RB/B2L"
26290,"MODELO",4231141,"PANTALLA INTERACTIVA BUSINESS TOP"
26290,"MODELO",4120498,"MODELO: BOARD 3 PRO 75-RR-60M"
26290,"MODELO",4120525,"MODELO: BOARD 3 PRO 75-RR-O-60M"
26290,"MODELO",1834906,"65WMB-C20"
26290,"MODELO",2531794,"IFP8650-5-RBRI7"
26290,"MODELO",2800435,"QA1300PROSERIES"
26290,"MODELO",2800453,"QA1300PRO_SERIES"
26290,"MODELO",2777205,"IFP86G1-RM"
26290,"MODELO",2777222,"IFP8633-G-WRM2"
26290,"MODELO",2777229,"IFP8633-G-WR5"
26290,"MODELO",2777249,"IFP86G1-RMA31"
26290,"MODELO",4120723,"TE1410D PRO"
26290,"MODELO",1834483,"75WMB-N7RP"
26290,"MODELO",1834552,"75WMB-N7RP-RM"
26290,"MODELO",1834914,"65WMB-N3"
26290,"MODELO",1835069,"JTOUCH INF6555"
26290,"MODELO",2531780,"IFP7550-5-RBRI7"
26290,"MODELO",2531828,"IFP7550-5-MBRI5"
26290,"MODELO",2531835,"IFP8650-5-MBRI5"
26290,"MODELO",2944907,"3752RKRV-OPS-I7-A50E 3752RK-16"
26290,"MODELO",2944914,"3752RKRVPM-OPS-I5 3752RK-17"
26290,"MODELO",2945158,"3862RKRV-V200C 3862RK-3"
26290,"MODELO",4230780,"IFP105UW-R"
26290,"MODELO",2777266,"IFP86G1-RA31-5"
26290,"MODELO",2777273,"IFP86G1-RMA31-5"
26290,"MODELO",3332878,"BT65LKTHUBI5R"
26290,"MODELO",2531802,"IFP7550-5-MBRI7"
26290,"MODELO",2531813,"IFP8650-5-MBRI7"
26290,"MODELO",2945216,"3862RKRVPM-SC26B 3862RK-7"
26290,"MODELO",2945233,"3862RKRVPM-A50E 3862RK-8"
26290,"MODELO",4231481,"CORE-98"
26290,"MODELO",2501118,"DS-D5B75RB/D"
26290,"MODELO",2945667,"5653RKRVPM 5653RK-2"
26290,"MODELO",2945673,"5653RKRV-V200C 5653RK-3"
26290,"MODELO",2945685,"5653RK-3"
26290,"MODELO",2940897,"IFP7550-5F-MCAM5"
26290,"MODELO",2940908,"IFP7550-5F-RCAM5"
26290,"MODELO",2940940,"IFP7550-5F-RVPC5"
26290,"MODELO",2940970,"IFP8650-5F-RVPC5"
26290,"MODELO",2945686,"5653RK"
26290,"MODELO",2940926,"RICOH A6500"
26290,"MODELO",2940958,"IFP8650-5F-RCAM5"
26290,"MODELO",2940953,"IFP8650-5F-MCAM5"
26290,"MODELO",2945934,"5753RK"
26290,"MODELO",2816672,"WAD 86-CP-RM-N7"
26290,"MODELO",2940922,"IFP7550-5F-MVPC5"
26290,"MODELO",2777620,"T7-86"
26290,"MODELO",2777631,"T7-86-O7-TW100"
26290,"MODELO",4232653,"IFP7541-MC5"
26290,"MODELO",4232660,"PROVISUAL-CI7-1355U-8"
26290,"MODELO",4232668,"PROVISUAL-CI7-1355U-16-P"
26290,"MODELO",4232673,"BT86LKTHUBSR"
26290,"MODELO",4232674,"IFP8641-MC5"
26290,"MODELO",4232680,"PROVISUAL-CI7-1355U-16"
26290,"MODELO",4232681,"PROVISUAL-CI7-1355U-32-P"
26290,"MODELO",4232696,"BT98LKTHUBSR"
26290,"MODELO",1779204,"IDEAHUB  S2 75"
26290,"MODELO",4232587,"BT-86LKTHUBS"
26290,"MODELO",4232609,"IFP8635-RCAM7"
26290,"MODELO",4232620,"IFP7551-MCAM7"
26290,"MODELO",4232657,"PROVISUAL-CI7-1355U-8-P"
26290,"MODELO",1804578,"IFP8650-5-W"
26290,"MODELO",1804600,"IFP6550-5-W"
26290,"MODELO",1804615,"IFP5550-5-W"
26290,"MODELO",1804636,"IFP8650-5-WR"
26290,"MODELO",3778631,"A7510"
26290,"MODELO",4232601,"BT-86LKTHUBSR"
26290,"MODELO",4232625,"IN7513H"
26290,"MODELO",4232633,"BT86LKTHUBS"
26290,"MODELO",4232664,"BT98LKTHUBS"
26290,"MODELO",4232686,"PROVISUAL-CI7-1355U-64-P"
26290,"MODELO",1804655,"IFP6550-5-WR"
26290,"MODELO",4232628,"IFP8651-MCAM7"
26290,"MODELO",4232642,"IFP8635-MC5"
26290,"MODELO",4232689,"PROVISUAL-CI7-1355U-32"
26290,"MODELO",4226455,"IFP6551-RM"
26290,"MODELO",1804676,"IFP5550-5-WR"
26290,"MODELO",1780124,"IDEAHUB S2 65-O"
26290,"MODELO",1804980,"E-ONE"
26290,"MODELO",1804982,"I3TOUCH E-ONE"
26290,"MODELO",2823641,"BT-105EMU PRO"
26290,"MODELO",2844302,"BT-110GLH"
26290,"MODELO",3090551,"3862RK"
26290,"MODELO",2844287,"BT-105EMU"
26290,"MODELO",1780110,"IDEAHUB S2 75 - O"
26290,"MODELO",2143347,"IFP8650-5-MCAM7"
26290,"MODELO",2123144,"IFP8650-5-MVPC5"
26290,"MODELO",3156025,"4W-B75FT5U"
26290,"MODELO",2131121,"LH75WACWLGCXZA_1"
26290,"MODELO",2131122,"FLIPANDROID WAC 75”"
26290,"MODELO",4221841,"BT-98LKT HUB"
26290,"MODELO",3851517,"T1200PRO"
26290,"MODELO",3156021,"4W-B65FT5U"
26290,"MODELO",2938659,"JTOUCH IN8613"
26290,"MODELO",3078085,"5863RK"
26290,"MODELO",2745618,"ANDROID WAD 75-1"
26290,"MODELO",3156050,"4W-B86FT5U"
26290,"MODELO",3852069,"TL7105TC4K"
26290,"MODELO",2589017,"MW3586-U-C"
26290,"MODELO",2628867,"3862RKRVPM-OPS3-I5-TPM9.0-SC26B"
26290,"MODELO",1838049,"D5530BK"
26290,"MODELO",2926265,"TL786O5WCOS200"
26290,"MODELO",1838434,"5862RKPM-OPS3-I7-TPM9.0"
26290,"MODELO",1843573,"I3SIXTY 2"
26290,"MODELO",2628418,"3652RKRV-OPS3-I5-TPM9.0-SC26B"
26290,"MODELO",2628447,"3652RKRV-OPS3-I5-TPM9.0-A50E"
26290,"MODELO",1834761,"55WMB-C25"
26290,"MODELO",1834787,"55WMB-N5"
26290,"MODELO",1834793,"F-LH55WMBWB-1-N7"
26290,"MODELO",4141858,"PRO SERIES 3 75"""
26290,"MODELO",2628469,"3652RKRV-OPS3-I7-TPM9.0-SC26B"
26290,"MODELO",2628767,"3752RKRVPM- OPS3-I7-TPM9.0-A50E"
26290,"MODELO",4141903,"IDEAHUB S3 86 - O"
26290,"MODELO",4141907,"IDEAHUB S3 65 - O"
26290,"MODELO",3950415,"IDEAHUB B3 86"
26290,"MODELO",2624740,"FLIP ANDROID WAD 86"""
26290,"MODELO",2628837,"3862RKRV-OPS3-I7-TPM9.0-SC26B"
26290,"MODELO",4141846,"PRO SERIES 3 65"""
26290,"MODELO",4141870,"PRO SERIES 3 86"""
26290,"MODELO",4141915,"IDEAHUB B3 65 - O"
26290,"MODELO",4142047,"WAF 86-RM-CG"
26290,"MODELO",4140559,"IFP8651-RM"
26290,"MODELO",1834974,"F-LH65WMBWB-1-N7RP"
26290,"MODELO",3133063,"5653RK-RM-OPSI7"
26290,"MODELO",3133074,"5653RK-SC26B-OPSI5"
26290,"MODELO",3133095,"5653RK-A50E"
26290,"MODELO",3133098,"5653RK-SC26B"
26290,"MODELO",3133127,"3862RK-RM-V200C-OPSI5"
26290,"MODELO",3133132,"3862RK-RM-OPSI5"
26290,"MODELO",3133139,"3862RK-A50E-OPSI5"
26290,"MODELO",3133186,"3862RK-RM"
26290,"MODELO",3133194,"3752RK-RM-A50E-OPSI7"
26290,"MODELO",3133198,"3752RK-RM-A50E-OPSI5"
26290,"MODELO",3133209,"3752RK-RM-V200C-OPSI7"
26290,"MODELO",3133216,"3752RK-RM-OPSI5"
26290,"MODELO",3306149,"BT75LKTPRO"
26290,"MODELO",3306167,"BT86LKT"
26290,"MODELO",2630208,"ANDROID WAD 75-RM-N5"
26290,"MODELO",1834967,"65WMB-N5RP"
26290,"MODELO",1835038,"IFP6550-5-WRM"
26290,"MODELO",3133085,"5653RK-OPSI5"
26290,"MODELO",3133100,"5653RK-V200C"
26290,"MODELO",3133154,"3862RK-V200C-OPSI7"
26290,"MODELO",3133176,"3862RK-RM-V200C"
26290,"MODELO",3133178,"3862RK-A50E"
26290,"MODELO",3133202,"3752RK-RM-SC26B-OPSI7"
26290,"MODELO",3133206,"3752RK-RM-SC26B-OPSI5"
26290,"MODELO",3306145,"BT86LKTPRO"
26290,"MODELO",3306155,"BT75LKT"
26290,"MODELO",3306161,"BT65LKT"
26290,"MODELO",3306171,"BT98LKT"
26290,"MODELO",3306180,"BT98LKTPRO"
26290,"MODELO",3142197,"RE8604"
26290,"MODELO",2635054,"ANDROID WAD 86-RM-N5-1"
26290,"MODELO",2636003,"WAD 75-RM-N7"
26290,"MODELO",3133092,"5653RK-RM-V200C"
26290,"MODELO",3133112,"3862RK-RM-A50E-OPSI7"
26290,"MODELO",3133116,"3862RK-RM-A50E-OPSI5"
26290,"MODELO",3133142,"3862RK-SC26B-OPSI7"
26290,"MODELO",3133172,"3862RK-RM-SC26B"
26290,"MODELO",3763364,"I3TOUCH X3-98"
26290,"MODELO",2635698,"3652RKRVPM-OPS3-I7-TPM9.0-SC26B"
26290,"MODELO",3133277,"3752RK-A50E-OPSI7"
26290,"MODELO",3133284,"3752RK-SC26B-OPSI7"
26290,"MODELO",2635053,"ANDROID WAD 86-RM"
26290,"MODELO",3133117,"3862RK-RM-SC26B-OPSI7"
26290,"MODELO",3133120,"3862RK-RM-SC26B-OPSI5"
26290,"MODELO",3133122,"3862RK-RM-V200C-OPSI7"
26290,"MODELO",3133151,"3862RK-SC26B-OPSI5"
26290,"MODELO",3133168,"3862RK-OPSI5"
26290,"MODELO",3133192,"3752RK-V200C"
26290,"MODELO",3133211,"3752RK-RM-V200C-OPSI5"
26290,"MODELO",3133213,"3752RK-RM-OPSI7"
26290,"MODELO",3763365,"I3TOUCH X3-75"
26290,"MODELO",2635245,"ANDROID WAD 75-CG-RP-N5"
26290,"MODELO",3763360,"I3TOUCH X3-65"
26290,"MODELO",3763363,"I3TOUCH X3-86"
26290,"MODELO",3333162,"TE-86W82B"
26290,"MODELO",4055679,"55151108BP36OR"
26290,"MODELO",3306456,"BT65LKTPRO"
26290,"MODELO",3135068,"3752RK-RM"
26290,"MODELO",3135070,"3652RK-RM-A50E-OPSI7"
26290,"MODELO",3135075,"3652RK-RM-A50E-OPSI5"
26290,"MODELO",3135076,"3652RK-RM-SC26B-OPSI7"
26290,"MODELO",3135079,"3652RK-RM-V200C-OPSI7"
26290,"MODELO",3135086,"3652RK-A50E-OPSI5"
26290,"MODELO",3135092,"3652RK-V200C-OPSI7"
26290,"MODELO",4141340,"CORE"
26290,"MODELO",3133279,"3752RK-A50E-OPSI5"
26290,"MODELO",3306541,"BT65LKTHUB"
26290,"MODELO",3306638,"DS-D5C98RB/A"
26290,"MODELO",3135077,"3652RK-RM-SC26B-OPSI5"
26290,"MODELO",3135080,"3652RK-RM-V200C-OPSI5"
26290,"MODELO",3135084,"3652RK-RM-OPSI5"
26290,"MODELO",3135096,"3652RK-OPSI7"
26290,"MODELO",3135102,"3652RK-RM-A50E"
26290,"MODELO",3135105,"3652RK-RM-SC26B"
26290,"MODELO",3135106,"3652RK-RM-V200C"
26290,"MODELO",3135108,"3652RK-SC26B"
26290,"MODELO",3135112,"3652RK-RM"
26290,"MODELO",1713478,"X-ONE 75 RACK 07"
26290,"MODELO",1713479,"X-ONE"
26290,"MODELO",3334866,"BT110GLHPROR"
26290,"MODELO",4231687,"S386.RP.O"
26290,"MODELO",2794089,"I3TOUCH E-ONE 55"
26290,"MODELO",2794103,"I3TOUCH E-ONE 75"
26290,"MODELO",3334196,"BT98LKTHUBR"
26290,"MODELO",3334221,"BT98LKTPROI5"
26290,"MODELO",4119870,"BOARD 3 PRO 86-36M"
26290,"MODELO",3881039,"55151107BP60"
26290,"MODELO",3881044,"IDEAHUB BOARD 3 PRO 65"""
26290,"MODELO",3881047,"IDEAHUB BOARD 3 PRO 65"
26290,"MODELO",3881056,"IDEAHUB BOARD 3 PRO 75"
26290,"MODELO",4225734,"3753RK-RM-V200C"
26290,"MODELO",4232020,"IFP7535-RCAM7"
26290,"MODELO",2798395,"MEETINGBOARD 65 (MB65-A001-RM)"
26290,"MODELO",2798401,"MEETINGBOARD 65 (MB65-A001-RM/C12X)"
26290,"MODELO",3334284,"BT98LKTR"
26290,"MODELO",2528196,"IFP8650-5-MCAMI7"
26290,"MODELO",2528397,"FLIP PRO WM75B–N7-C-RM"
26290,"MODELO",3881069,"IDEAHUB BOARD 3 PRO 86"
26290,"MODELO",4225623,"3753RK-RV"
26290,"MODELO",4225691,"3753RK-RM"
26290,"MODELO",2632874,"TL7-98"
26290,"MODELO",2798403,"MEETINGBOARD 65 (MB65-A001-RM/OPS/C6X)"
26290,"MODELO",3334308,"BT98LKTPROR"
26290,"MODELO",3334320,"BT105EMUPROI5"
26290,"MODELO",3334337,"BT105EMUR"
26290,"MODELO",3334345,"BT105EMUPROI5R"
26290,"MODELO",3334352,"BT105EMUPROR"
26290,"MODELO",3334358,"BT105EMUHUBR"
26290,"MODELO",4225782,"3753RK-RM-SC26C-BM21"
26290,"MODELO",4232036,"IFP7535-MCAM7"
26290,"MODELO",4232049,"ASPEN 4-65"
26290,"MODELO",3334364,"BT110GLHPROI5"
26290,"MODELO",3334376,"BT110GLHR"
26290,"MODELO",3334380,"BT110GLHPROI5R"
26290,"MODELO",2528170,"IFP7550-5-RCAM7"
26290,"MODELO",2531705,"IFP8633-G-MVPC5"
26290,"MODELO",4225833,"3753RK-RM-SC26C-BM21-OPSI7"
26290,"MODELO",1752236,"55150692R12"
26290,"MODELO",4232053,"T7-105"
26290,"MODELO",4232069,"IFP8635-MCAM7"
26290,"MODELO",4232075,"ASPEN 4-75"
26290,"MODELO",4232086,"ASPEN 4-86"
26290,"MODELO",4232110,"IFP7541-MCAM7"
26290,"MODELO",3334349,"BT105EMUHUBI5R"
26290,"MODELO",2635991,"WAD 75-RP-N5"
26290,"MODELO",4120279,"MODELO: BOARD 3 PRO 86-60M"
26290,"MODELO",4120308,"MODELO: BOARD 3 PRO 86-RP-60M"
26290,"MODELO",4120333,"MODELO: BOARD 3 PRO 86-RP-O-60M"
26290,"MODELO",2531699,"IFP7533-G-MVPC5"
26290,"MODELO",4225864,"3863RK-RV"
26290,"MODELO",1752249,"IDEAHUB BOARD 2 85"
26290,"MODELO",4232124,"IFP8641-MCAM7"
26290,"MODELO",4232133,"ASPEN 4-98"
26290,"MODELO",4232175,"10010822-R"
26290,"MODELO",3334330,"BT105EMUHUBI5"
26290,"MODELO",3334369,"BT110GLHHUBI5"
26290,"MODELO",4120363,"MODELO: BOARD 3 PRO 86-RR-O-60M"
26290,"MODELO",4120385,"MODELO: BOARD 3 PRO 75-36M"
26290,"MODELO",2531709,"TL7-86"
26290,"MODELO",4232143,"IFP9841-MCAM7"
26290,"MODELO",4232173,"IFP9851-MCAM7"
26290,"MODELO",4232197,"IFP105UW-MCAM7"
26290,"MODELO",3334297,"BT98LKTPROI5R"
26290,"MODELO",2588498,"MW3565-U-E"
26290,"MODELO",4120410,"MODELO: BOARD 3 PRO 75-60M"
26290,"MODELO",4120429,"MODELO: BOARD 3 PRO 75-RP-36M"
26290,"MODELO",4120441,"MODELO: BOARD 3 PRO 75-RP-60M"
26290,"MODELO",1806428,"X-ONE 86 EDU RO5"
26290,"MODELO",3825972,"TE7511W"
26290,"MODELO",3825998,"TE7511W-OPSI5-RACK"
26290,"MODELO",3826009,"TE7511W-OPSI7-RACK"
26290,"MODELO",3078078,"5753RK-24"
26290,"MODELO",4267083,"10010822-I7-B"
26290,"MODELO",4246654,"BT86LKT HUB"
26290,"MODELO",3826096,"TE8612W"
26290,"MODELO",3826113,"TE8612W-OPSI5-RACK"
26290,"MODELO",4227767,"IMPACT LUX 2 75"""
26290,"MODELO",2630751,"ANDROID WAD 75-RP-N7"
26290,"MODELO",2630792,"ANDROID WAD 75-CP-RM-N7"
26290,"MODELO",2487679,"DS-D5B65RB/C"
26290,"MODELO",4246623,"BT98LKT HUB"
26290,"MODELO",4227893,"MIMIOPRO G 755"
26290,"MODELO",2630838,"ANDROID WAD 75-CG-RM-N7"
26290,"MODELO",2817880,"MB65-A001"
26290,"MODELO",2630763,"ANDROID WAD 75-RM-N7"
26290,"MODELO",2632465,"DS-D5C86RB/B_OT5_Y2B"
26290,"MODELO",2632508,"DS-D5C86RB/B_OT5_Y2B_C4F0"
26290,"MODELO",2774008,"RIVA D2 75 INCH"
26290,"MODELO",1835048,"IFP5550-5-WRM"
26290,"MODELO",2800565,"I3TOUCH V-ONE 86-711"
26290,"MODELO",2625832,"FLIP ANDROID WAD 86"" + RM"
26290,"MODELO",4228954,"IFP7541-RM"
26290,"MODELO",2632453,"DS-D5C86RB/B_OT5"
26290,"MODELO",2632512,"DS-D5C86RB/B_OT7"
26290,"MODELO",2632528,"DS-D5C86RB/B_OT7_Y2B"
26290,"MODELO",4229277,"IFP7535-R"
26290,"MODELO",2632548,"DS-D5C86RB/B_Y2B"
26290,"MODELO",2800558,"I3TOUCH V-ONE 75-711"
26290,"MODELO",4229298,"IFP7535-RM"
26290,"MODELO",2632542,"DS-D5C86RB/B_OT7_Y2B_C4F0"
26290,"MODELO",2513082,"IDEAHUB BOARD 2 65"""
26290,"MODELO",2628749,"3752RKRVPM- OPS3-I5-TPM9.0-SC26B"
26290,"MODELO",2628784,"3862RKRV-OPS3-I5-TPM9.0-A50E"
26290,"MODELO",1803814,"QITBB65-H"
26290,"MODELO",4229153,"IFP9841-RM"
26290,"MODELO",4229220,"IFP6535-R"
26290,"MODELO",4229256,"IFP6535-RM"
26290,"MODELO",3807668,"INNEX CT75"
26290,"MODELO",3807606,"INNEX CM55"
26290,"MODELO",2630221,"ANDROID WAD 75-CP-RM-N5"
26290,"MODELO",2628776,"3752RKRVPM- OPS3-I7-TPM9.0-SC26B"
26290,"MODELO",2628806,"3862RKRV-OPS3-I5-TPM9.0-SC26B"
26290,"MODELO",2795222,"PANTALLA TÁCTIL CAPACITIVO 15.6” - FHD ANDROID 11 - PARA INTERIORES"
26290,"MODELO",2944485,"3752RKRVPM-V200C 3752RK-6"
26290,"MODELO",2944553,"3752RKRVPM-A50E 3752RK-8"
26290,"MODELO",2944565,"3752RKRV-OPS-I5 3752RK-9"
26290,"MODELO",2630727,"ANDROID WAD 75-CG-RM-N5"
26290,"MODELO",2630736,"ANDROID WAD 75-N7"
26290,"MODELO",2630782,"ANDROID WAD 75-CP-RP-N7"
26290,"MODELO",1842251,"FLIP ANDROID WAC 75"
26290,"MODELO",1834929,"65WMB-N7"
26290,"MODELO",2777234,"IFP8633-G-WRM5"
26290,"MODELO",2777244,"IFP86G1-RA31"
26290,"MODELO",2944583,"3752RKRV-OPS-I5-V200C 3752RK-11"
26290,"MODELO",2944591,"3752RKRV-OPS-I7-V200C 3752RK-12"
26290,"MODELO",2944608,"3752RKRV-OPS-I5-SC26B 3752RK-13"
26290,"MODELO",3780390,"5863RK-RM-DVDOC6-1"
26290,"MODELO",1834911,"IFP7550-5-W"
26290,"MODELO",1834952,"65WMB-N7MU"
26290,"MODELO",1834963,"IFP7550-5-WR"
26290,"MODELO",2777194,"IFP86G1-R"
26290,"MODELO",2777217,"IFP8633-G-WR2"
26290,"MODELO",2777295,"T7-65"
26290,"MODELO",2035474,"MIMIOPRO 754"
26290,"MODELO",2944461,"3752RKRV-A50E 3752RK-5"
26290,"MODELO",2944576,"3752RKRV-OPS-I7 3752RK-10"
26290,"MODELO",3780470,"5653RK-OPSI5-11GEN"
26290,"MODELO",3780482,"5653RK-OPSI7-11GEN"
26290,"MODELO",2465952,"RE7503"
26290,"MODELO",3780581,"5753RK-RM-DVDO C6-1"
26290,"MODELO",2778628,"IFP75G1-RA31-5"
26290,"MODELO",2778658,"IFP75G1-RMA31-5"
26290,"MODELO",3780618,"5753RK-OPSI7-11GEN"
26290,"MODELO",2778488,"IFP75G1-RA31"
26290,"MODELO",3780600,"5753RK-OPSI5-11GEN"
26290,"MODELO",2778565,"IFP75G1-RMA31"
26290,"MODELO",1753939,"IDEAHUB BOARD 2 85-O"
26290,"MODELO",3132856,"5753RK-RM-SC26B-OPSI5"
26290,"MODELO",3132908,"5753RK-V200C-OPSI5"
26290,"MODELO",3132916,"5753RK-OPSI7"
26290,"MODELO",2777591,"T7-75"
26290,"MODELO",1999239,"IFP8650-5-RJAVPC"
26290,"MODELO",3779218,"MINDBOARD I-86ABV11-A"
26290,"MODELO",3132850,"5753RK-RM-A50E-OPSI7"
26290,"MODELO",3132852,"5753RK-RM-A50E-OPSI5"
26290,"MODELO",3132899,"57532RK-SC26B-OPSI7"
26290,"MODELO",3132926,"5753RK-OPSI5"
26290,"MODELO",3132929,"5753RK-RM-A50E"
26290,"MODELO",3132933,"5753RK-RM-SC26B"
26290,"MODELO",3132934,"5753RK-RM-V200C"
26290,"MODELO",3132937,"5753RK-A50E"
26291,"NRO_PARTE",3807607,"INNEXCM55"
26291,"NRO_PARTE",2528432,"LH75WMBWLGCXZA-N7-C-RM-IAC-RM"
26291,"NRO_PARTE",3951276,"86"" IFP-BLACK-G-RM-G3"
26291,"NRO_PARTE",3951356,"86"" IFP-BLACK-G-RM-WEB-G3"
26291,"NRO_PARTE",4120724,"75TE1410DPRO-RM"
26291,"NRO_PARTE",4120741,"86TE1410DPRO-OPSI716256-RM"
26291,"NRO_PARTE",3923514,"105"" IFP BLACK-RF-OPSI7-WEB-G3-ON"
26291,"NRO_PARTE",2587334,"98TR3DK-B-2024-WR"
26291,"NRO_PARTE",1834816,"F-LH55WMBWB-1-N5MU"
26291,"NRO_PARTE",1835039,"IFP6550-5-WRM"
26291,"NRO_PARTE",1835050,"IFP5550-5-WRM"
26291,"NRO_PARTE",4120735,"86TE1410DPRO-RM"
26291,"NRO_PARTE",4120749,"98TE1410DPRO-OPSI716256-RM"
26291,"NRO_PARTE",4120752,"110TE1410DPRO-RM"
26291,"NRO_PARTE",4120754,"110TE1410DPRO-OPSI716256-RM"
26291,"NRO_PARTE",1834776,"F-LH55WMBWB-1-N3"
26291,"NRO_PARTE",1834907,"F-LH65WMBWB-1-C20"
26291,"NRO_PARTE",1834912,"IFP7550-5-W"
26291,"NRO_PARTE",1834917,"F-LH65WMBWB-1-N3"
26291,"NRO_PARTE",1834976,"F-LH65WMBWB-1-N7RP"
26291,"NRO_PARTE",1834992,"IFP7550-5-WRM"
26291,"NRO_PARTE",1835025,"IFP8650-5-WRM"
26291,"NRO_PARTE",3951374,"86"" IFP-BLACK-G-RM-WEB-G5"
26291,"NRO_PARTE",3923503,"105"" IFP BLACK-RF-OPSI7-G3-ON"
26291,"NRO_PARTE",2587314,"98TR3DK-B-2024"
26291,"NRO_PARTE",2587390,"98TR3DK-B-2024-WROPS"
26291,"NRO_PARTE",2587400,"98TR3DK-B-2024-WRMOPS"
26291,"NRO_PARTE",2587423,"98TR3DK-B-2024-WRMOPSCAM"
26291,"NRO_PARTE",2529887,"MIMIOPRO654R-4"
26291,"NRO_PARTE",1937245,"9H.F6YTK.DP6"
26291,"NRO_PARTE",1834835,"F-LH55WMBWB-1-N3RP"
26291,"NRO_PARTE",2905192,"DW86HT-D"
26291,"NRO_PARTE",3951436,"86"" IFP-BLACK-G-G5-RM-OPSI7"
26291,"NRO_PARTE",4120746,"98TE1410DPRO-RM"
26291,"NRO_PARTE",3923536,"105"" IFP BLACK-RM-G3-ON"
26291,"NRO_PARTE",2587372,"98TR3DK-B-2024-WRM"
26291,"NRO_PARTE",2529899,"MIMIOPRO654P-4"
26291,"NRO_PARTE",3128558,"55150692PB36O"
26291,"NRO_PARTE",1834890,"F-LH65WMBWB-1-C30"
26291,"NRO_PARTE",4066356,"98"" IFP-BLACK PRO-G5-ON"
26291,"NRO_PARTE",3951420,"86"" IFP-BLACK-G-G3-RM-OPSI7"
26291,"NRO_PARTE",2529912,"MIMIOPRO754P-4"
26291,"NRO_PARTE",3128500,"55150652RS36O"
26291,"NRO_PARTE",3128546,"55150691PB60O"
26291,"NRO_PARTE",3136206,"TL786O5OS200"
26291,"NRO_PARTE",3136208,"T786O5OS200"
26291,"NRO_PARTE",2501126,"321000275"
26291,"NRO_PARTE",2035466,"MIMIOPRO654P-2"
26291,"NRO_PARTE",4121050,"B3P8655151108-C1-RM-O-36M"
26291,"NRO_PARTE",4121057,"B3P8655151108-RP-O-36M"
26291,"NRO_PARTE",4121058,"B3P8655151108-C2-RM-36M"
26291,"NRO_PARTE",2587413,"98TR3DK-B-2024-WROPSCAM"
26291,"NRO_PARTE",3128576,"55150692PB60"
26291,"NRO_PARTE",2748047,"TL7-65-O5-WC-AVA1800-70-5Y"
26291,"NRO_PARTE",3759723,"86 IFP-BLACK-RM-G3-WEB-8G-ON"
26291,"NRO_PARTE",4121068,"B3P8655151108-C1-RP-36M"
26291,"NRO_PARTE",2587569,"86 IFP-BLACK-G3-OPSI7-2024-8G"
26291,"NRO_PARTE",2587589,"86 IFP-BLACK-RM-G5-OPSI7-2024-8G"
26291,"NRO_PARTE",3128541,"55150691PB36"
26291,"NRO_PARTE",4066584,"98"" IFP-BLACK PRO-G3-WEB"
26291,"NRO_PARTE",4121042,"B3P8655151108-C2-RM-O-36M"
26291,"NRO_PARTE",4121048,"B3P8655151108-C2-RP-O-36M"
26291,"NRO_PARTE",4121053,"B3P8655151108-C1-RP-O-36M"
26291,"NRO_PARTE",4121055,"B3P8655151108-RM-O-36M"
26291,"NRO_PARTE",2587575,"86 IFP-BLACK-G5-OPSI7-2024-8G"
26291,"NRO_PARTE",2748128,"TL7-75-O5-AVA1800-70-5Y"
26291,"NRO_PARTE",2748144,"TL7-86-O5-5Y"
26291,"NRO_PARTE",2152442,"LH75WACWLGCXZA-N1C-RP-2"
26291,"NRO_PARTE",4232136,"10010824"
26291,"NRO_PARTE",4232236,"QTX-TE-YL5W-110-OP-R-V2"
26291,"NRO_PARTE",4232262,"DS-D5C86RB/B2L86-RM-OPS7-13-32-OS"
26291,"NRO_PARTE",4232270,"BT-65LKTHUB26OPS"
26291,"NRO_PARTE",4232272,"BT-65LKTHUBR26OPS"
26291,"NRO_PARTE",4232279,"IFP9851-RCAM7"
26291,"NRO_PARTE",4232285,"DS-D5C86RB/B2L86-RM-OPS7-13-32S-OS"
26291,"NRO_PARTE",4150629,"3752RK-02"
26291,"NRO_PARTE",4045762,"110QA1300PRO-RM"
26291,"NRO_PARTE",2489496,"X2-86 O711"
26291,"NRO_PARTE",1779163,"55150650P60"
26291,"NRO_PARTE",4231261,"DS-D5C86RB/B2L-RM"
26291,"NRO_PARTE",4231374,"LEGENDARY TIN72"
26291,"NRO_PARTE",4231378,"P86AE01"
26291,"NRO_PARTE",4231417,"P75AF07"
26291,"NRO_PARTE",4231420,"P86AF01"
26291,"NRO_PARTE",4005338,"55150652NR36SO"
26291,"NRO_PARTE",3306367,"10010652-A"
26291,"NRO_PARTE",3306381,"10010653-712"
26291,"NRO_PARTE",3306382,"10010652-712R"
26291,"NRO_PARTE",3306535,"BT110GLH24"
26291,"NRO_PARTE",3306537,"BT105EMU24"
26291,"NRO_PARTE",2033250,"E-ONE 86 RO511 BRIO"
26291,"NRO_PARTE",3858434,"75 IFP-BLACK-G-G5-OPSI7-WEB-RM-ON"
26291,"NRO_PARTE",4232264,"IFP8641-RCAM7"
26291,"NRO_PARTE",4232294,"BT-65LKTHUB"
26291,"NRO_PARTE",4232295,"DS86UHDTE8614W"
26291,"NRO_PARTE",4232297,"BT65LKTHUB26"
26291,"NRO_PARTE",4232303,"DS-D5C86RB/B2L86-RM-OPS7-13-OS"
26291,"NRO_PARTE",4232304,"10010821-R7"
26291,"NRO_PARTE",4232308,"QTX-TE-YL5W-75-OP-V2"
26291,"NRO_PARTE",4232311,"IFP110-RCAM7"
26291,"NRO_PARTE",4232313,"10010822-R7"
26291,"NRO_PARTE",4232326,"QTX-TE-YL5W-75-R-V2"
26291,"NRO_PARTE",4232328,"BT-65LKTR26"
26291,"NRO_PARTE",4232341,"BT-65LKT26OPS"
26291,"NRO_PARTE",4232347,"DS-D5C86RB/B2L86-RM-OPS7-32S-OS"
26291,"NRO_PARTE",4232351,"BT-65LKTR26OPS"
26291,"NRO_PARTE",3136482,"75S8DWPO1V9109"
26291,"NRO_PARTE",1804981,"E-ONE 65 EDU"
26291,"NRO_PARTE",1779167,"IDEAHUB S2 65"
26291,"NRO_PARTE",1779242,"55150652P60S"
26291,"NRO_PARTE",1779291,"55150652R36S"
26291,"NRO_PARTE",4231382,"P86AE02"
26291,"NRO_PARTE",4231449,"P86AF06"
26291,"NRO_PARTE",4231561,"1200SERIES-75-RF"
26291,"NRO_PARTE",4231573,"1200SERIES-75-OPSI716512GB-RF"
26291,"NRO_PARTE",1718860,"75 IFP – 2023- G5- BLACK"
26291,"NRO_PARTE",3306533,"BT110GLHPRO24"
26291,"NRO_PARTE",3306556,"BT98LKTHUB24"
26291,"NRO_PARTE",3306623,"10010353-712WB"
26291,"NRO_PARTE",3306624,"10010352-712WB"
26291,"NRO_PARTE",3306627,"10010354-712M"
26291,"NRO_PARTE",3306628,"10010353-712M"
26291,"NRO_PARTE",3306631,"10010352-712M"
26291,"NRO_PARTE",2033293,"E-ONE 55 RACK"
26291,"NRO_PARTE",3858362,"75 IFP-BLACK-G-G5-OPSI7-WEB-RM"
26291,"NRO_PARTE",1806292,"E-ONE 65 RO5 PC20"
26291,"NRO_PARTE",1806296,"E-ONE 75 RO5 PC20"
26291,"NRO_PARTE",2152414,"LH75WACWLGCXZA-N1C-RM-2"
26291,"NRO_PARTE",4232181,"S375.RM.O-IP"
26291,"NRO_PARTE",4232200,"10010824-R"
26291,"NRO_PARTE",4232241,"DS-D5C86RB/B2L86-RM-OPS7-13-16S-OS"
26291,"NRO_PARTE",4232248,"IFP7541-RCAM7"
26291,"NRO_PARTE",4232300,"IFP105UW-RCAM7"
26291,"NRO_PARTE",4232325,"10010823-I7"
26291,"NRO_PARTE",4232344,"10010824-R7"
26291,"NRO_PARTE",1805305,"E-ONE 65 O5 PC20"
26291,"NRO_PARTE",1805311,"E-ONE 75 O5 PC20"
26291,"NRO_PARTE",1805315,"E-ONE 86 O5 PC20"
26291,"NRO_PARTE",1805321,"E-ONE 65 O7 PC20"
26291,"NRO_PARTE",1803815,"QITBB65"
26291,"NRO_PARTE",2489486,"X2-65 O711"
26291,"NRO_PARTE",2489490,"X2-75 O711"
26291,"NRO_PARTE",2489508,"X2-98 O711"
26291,"NRO_PARTE",4019172,"5653RK-37"
26291,"NRO_PARTE",1779171,"55150650R36S"
26291,"NRO_PARTE",1779184,"55150651P36S"
26291,"NRO_PARTE",1779289,"IDEAHUB S2 86"
26291,"NRO_PARTE",1779299,"55150652R60S"
26291,"NRO_PARTE",4231375,"P86"
26291,"NRO_PARTE",4231385,"P86AE03"
26291,"NRO_PARTE",4231388,"P110AF01"
26291,"NRO_PARTE",4231405,"P110AE06"
26291,"NRO_PARTE",4231414,"P75AF04"
26291,"NRO_PARTE",4231415,"P75AF05"
26291,"NRO_PARTE",4231416,"P75AF06"
26291,"NRO_PARTE",4231584,"DS-D5C98RB/B-RM-OPS7"
26291,"NRO_PARTE",4231587,"1200SERIES-75-RM"
26291,"NRO_PARTE",4005408,"55150652HR36SO"
26291,"NRO_PARTE",2629681,"LH86WADXCZA-CP-RM-N7"
26291,"NRO_PARTE",2629807,"TL7-105"
26291,"NRO_PARTE",3306561,"BT105EMUHUB24"
26291,"NRO_PARTE",1827917,"E-ONE 75 O511"
26291,"NRO_PARTE",1827920,"E-ONE 75 O711"
26291,"NRO_PARTE",1827928,"E-ONE 65 EDU RO511"
26291,"NRO_PARTE",1827931,"E-ONE 86 EDU RO511"
26291,"NRO_PARTE",1827933,"E-ONE 75 EDU RO711"
26291,"NRO_PARTE",2555488,"LH75WACWLGCXZA-1EW-RM"
26291,"NRO_PARTE",1806299,"E-ONE 86 RO5 PC20"
26291,"NRO_PARTE",4232225,"DS-D5C86RB/B2L86-RM-OPS7"
26291,"NRO_PARTE",4232329,"S375.RM-IP"
26291,"NRO_PARTE",4232346,"IFP9841-RCAM7"
26291,"NRO_PARTE",4232348,"S375.RP-IP"
26291,"NRO_PARTE",4232354,"BT-75LKTHUB26OPS"
26291,"NRO_PARTE",4232357,"BT-75LKTHUBR26OPS"
26291,"NRO_PARTE",4232376,"BT-75LKTHUBROPS"
26291,"NRO_PARTE",4232385,"BT-75LKT26"
26291,"NRO_PARTE",4232389,"BT-75LKTR26"
26291,"NRO_PARTE",4232397,"BT-75LKTR26OPS"
26291,"NRO_PARTE",4232403,"10010821-I7-MR"
26291,"NRO_PARTE",4232411,"10010822-I7-MR"
26291,"NRO_PARTE",4232415,"10010823-I7-MR"
26291,"NRO_PARTE",4232416,"BT-86LKTHUBR26OPS"
26291,"NRO_PARTE",4232432,"QTX-TE-YL5W-86AIO-OP-R-V2"
26291,"NRO_PARTE",3865866,"55151106HP12KO"
26291,"NRO_PARTE",1866753,"LH75WACWLGCXZA-RM"
26291,"NRO_PARTE",4019213,"5753RK- 17"
26291,"NRO_PARTE",1779367,"55150650P12SO"
26291,"NRO_PARTE",1779396,"55150650P60O"
26291,"NRO_PARTE",4231445,"P86AF05"
26291,"NRO_PARTE",4231454,"P86AF07"
26291,"NRO_PARTE",4231605,"1200SERIES-86-RF"
26291,"NRO_PARTE",4231618,"S375.RM1"
26291,"NRO_PARTE",4231620,"DS-D5C98RB/B-RM"
26291,"NRO_PARTE",4231621,"S3.75.RM"
26291,"NRO_PARTE",4231622,"1200SERIES-86-RM"
26291,"NRO_PARTE",4231639,"S3.75.RM.O"
26291,"NRO_PARTE",4005466,"55150652HP36SO"
26291,"NRO_PARTE",1999203,"IFP8650-5-MJAVPC"
26291,"NRO_PARTE",2780054,"AD5534GCS"
26291,"NRO_PARTE",2555620,"3752RK-6"
26291,"NRO_PARTE",1806257,"E-ONE 75 O7 PC20"
26291,"NRO_PARTE",1806261,"E-ONE 86 O7 PC20"
26291,"NRO_PARTE",2152399,"LH75WACWLGCXZA-N1-2"
26291,"NRO_PARTE",4232318,"DS-D5C86RB/B2L86-RM-OPS7-16S-OS"
26291,"NRO_PARTE",4232319,"BT-65LKT26"
26291,"NRO_PARTE",4232332,"DS-D5C86RB/B2L86-RM-OPS7-32-OS"
26291,"NRO_PARTE",4232459,"10010653-I7"
26291,"NRO_PARTE",4232462,"DS-D5C86RB/A2L86-RM-OPS7"
26291,"NRO_PARTE",4232470,"DS-D5C86RB/A2L86-RM-OPS5"
26291,"NRO_PARTE",4232478,"DS-D5C86RB/A2L86-OPS7"
26291,"NRO_PARTE",4232480,"DS-D5C86RB/A2L-OPS7"
26291,"NRO_PARTE",4232485,"B3B86.C.RP"
26291,"NRO_PARTE",4232486,"T7105TCRM"
26291,"NRO_PARTE",4232491,"QTX-TE-YL5W-75AIO-OP-V2"
26291,"NRO_PARTE",4232506,"10010653-I7-RM"
26291,"NRO_PARTE",4232512,"QTX-TE-YL5W-86AIO-OP-V2"
26291,"NRO_PARTE",3789339,"75 IFP-BLACK-G-G5"
26291,"NRO_PARTE",3789352,"75 IFP-BLACK-G-G5-ON"
26291,"NRO_PARTE",4019060,"1541351-R"
26291,"NRO_PARTE",1779209,"IDEAHUB S2 75"
26291,"NRO_PARTE",1779211,"55150651R36S"
26291,"NRO_PARTE",1779225,"55150652P12S"
26291,"NRO_PARTE",1779232,"55150652P36S"
26291,"NRO_PARTE",4231625,"P75AG16"
26291,"NRO_PARTE",4231632,"1200SERIES-86-OPSI716512GB-RM"
26291,"NRO_PARTE",4231646,"10010730-I5-B"
26291,"NRO_PARTE",4231650,"S3.75.RP"
26291,"NRO_PARTE",4231663,"75” IFP BLACK PRO-ON-G3"
26291,"NRO_PARTE",4231665,"10010732-I5-B"
26291,"NRO_PARTE",4231667,"1200SERIES-98-RM"
26291,"NRO_PARTE",4231685,"10010731-I7-B"
26291,"NRO_PARTE",4231693,"75” IFP BLACK PRO-ON-G5"
26291,"NRO_PARTE",4231697,"10010732-I7-B"
26291,"NRO_PARTE",4231707,"10010730-I5-BR"
26291,"NRO_PARTE",4231715,"10010731-I5-BR"
26291,"NRO_PARTE",4231729,"75” IFP BLACK PRO-RM-G5"
26291,"NRO_PARTE",2629784,"LH86WADXCZA-CG-RM-N7"
26291,"NRO_PARTE",1749204,"432618RK01-CAM01"
26291,"NRO_PARTE",2555650,"3862RKRV-SC26B"
26291,"NRO_PARTE",1806307,"E-ONE 65 RO7 PC20"
26291,"NRO_PARTE",2152495,"LH75WACWLGCXZA-RP-2"
26291,"NRO_PARTE",2152503,"LH75WACWLGCXZA-RM-2"
26291,"NRO_PARTE",1719343,"86 IFP– 2023- G5- BLACK-RM"
26291,"NRO_PARTE",4232360,"10010823-R7"
26291,"NRO_PARTE",4232366,"DS-D5C86RB/B2L86-RM-OPS7-OP"
26291,"NRO_PARTE",4232381,"S275.RM.IC.60M"
26291,"NRO_PARTE",4232410,"QTX-TE-YL5W-75AIO-OP-R-V2"
26291,"NRO_PARTE",4232425,"1001024-I7-MR"
26291,"NRO_PARTE",4232426,"10010824-I7-MR"
26291,"NRO_PARTE",3789320,"75 IFP-BLACK-G-G3-ON"
26291,"NRO_PARTE",4019280,"1541352-P"
26291,"NRO_PARTE",4019311,"5753RK- 36"
26291,"NRO_PARTE",4231642,"1200SERIES-98-RF"
26291,"NRO_PARTE",4231654,"1200SERIES-98-OPSI716512-RF"
26291,"NRO_PARTE",4231655,"10010731-I5-B"
26291,"NRO_PARTE",4231678,"1200SERIES-98-OPSI716512-RM"
26291,"NRO_PARTE",4231679,"75” IFP BLACK PRO-G5"
26291,"NRO_PARTE",4231692,"1200SERIES-110-RF"
26291,"NRO_PARTE",4231712,"75” IFP BLACK PRO-RM-G3"
26291,"NRO_PARTE",4231722,"75” IFP BLACK PRO-RM-ON-G3"
26291,"NRO_PARTE",4231736,"10010731-I7-BR"
26291,"NRO_PARTE",4231740,"75” IFP BLACK PRO-RM-ON-G5"
26291,"NRO_PARTE",4231762,"1200SERIES-110-OPSI716512-RF"
26291,"NRO_PARTE",2629932,"TL7-105-O5-WC-TW100"
26291,"NRO_PARTE",2630222,"LH75WADXCZA-CP-RM-N5"
26291,"NRO_PARTE",1749232,"432618RK01-CAM02"
26291,"NRO_PARTE",1749258,"432618RK01CL-CAM01"
26291,"NRO_PARTE",1749283,"432618RK02-CAM01"
26291,"NRO_PARTE",4123335,"T786O7SC2RMWOV2"
26291,"NRO_PARTE",1806309,"E-ONE 86 RO7 PC20"
26291,"NRO_PARTE",4232409,"BT-75LKT26OPS"
26291,"NRO_PARTE",4232443,"DS-D5C86RB/A2L86"
26291,"NRO_PARTE",4232453,"B3B86.C.RM"
26291,"NRO_PARTE",4232454,"BT-86LKT-HUB"
26291,"NRO_PARTE",4232471,"T7105TC"
26291,"NRO_PARTE",4232472,"B3B86.C.RM.O"
26291,"NRO_PARTE",4232490,"10010653-I7-RB"
26291,"NRO_PARTE",4232500,"T7105I7TCRM"
26291,"NRO_PARTE",4232501,"B3B86.C.RP.O"
26291,"NRO_PARTE",4232516,"B3B86.RM"
26291,"NRO_PARTE",4232518,"10010653-I7-M"
26291,"NRO_PARTE",4232522,"B3B86.RM.O"
26291,"NRO_PARTE",4232528,"B3B86.RP"
26291,"NRO_PARTE",4232530,"10010653-R7"
26291,"NRO_PARTE",3789260,"75 IFP-BLACK-G-G3"
26291,"NRO_PARTE",4019114,"5653RK-36"
26291,"NRO_PARTE",4019232,"1541351-P"
26291,"NRO_PARTE",4231564,"S375"
26291,"NRO_PARTE",4231725,"10010732-I5-BR"
26291,"NRO_PARTE",4231730,"10010730-I7-BR"
26291,"NRO_PARTE",4231777,"1200SERIES-110-RM"
26291,"NRO_PARTE",4231799,"1200SERIES-86-G5-RM"
26291,"NRO_PARTE",2630209,"LH75WADXCZA-RM-N5"
26291,"NRO_PARTE",2630700,"LH86WADXCZA-CP-RP-N7"
26291,"NRO_PARTE",1749296,"432618RK02-CAM02"
26291,"NRO_PARTE",1749307,"432618RK02CL-CAM01"
26291,"NRO_PARTE",4123369,"T786V2"
26291,"NRO_PARTE",4232534,"B3B86.RP.O"
26291,"NRO_PARTE",4232555,"K398.RM.OPSD.IC"
26291,"NRO_PARTE",4232565,"10010653-I7-B"
26291,"NRO_PARTE",4232576,"K398.RP.OPSD.IC"
26291,"NRO_PARTE",4232588,"10010770-I7-R"
26291,"NRO_PARTE",4232590,"BT-86LKTHUBS26"
26291,"NRO_PARTE",4046635,"1541350-R"
26291,"NRO_PARTE",4046646,"1541350-P"
26291,"NRO_PARTE",4046694,"75TR3DQ-B-2025-WRMOPSCAM"
26291,"NRO_PARTE",1731468,"432620RK01-CAM01"
26291,"NRO_PARTE",3789376,"75 IFP-BLACK-G-G3-RM"
26291,"NRO_PARTE",3789390,"75 IFP-BLACK-G-G3-RM-ON"
26291,"NRO_PARTE",3789402,"75 IFP-BLACK-G-G5-RM"
26291,"NRO_PARTE",3789418,"75 IFP-BLACK-G-G5-RM-ON"
26291,"NRO_PARTE",1974162,"5652RK9.0."
26291,"NRO_PARTE",4231596,"1200SERIES-75-OPSI716512GB-RM"
26291,"NRO_PARTE",4231600,"DS-D5C98RB/B-OPS7"
26291,"NRO_PARTE",4231614,"1200SERIES-86-OPSI716512GB-RF"
26291,"NRO_PARTE",4231637,"P75AE16"
26291,"NRO_PARTE",4231643,"75” IFP BLACK PRO-G3"
26291,"NRO_PARTE",4231812,"1200SERIES-86-OPSI716512GB-G5-RM"
26291,"NRO_PARTE",3955927,"86"" IFP-BLACK-G-RM-WEB-G5-ON"
26291,"NRO_PARTE",3955939,"86"" IFP-BLACK-G-G3-RM-OPSI7-ON"
26291,"NRO_PARTE",3955948,"86"" IFP-BLACK-G-G5-RM-OPSI7-ON"
26291,"NRO_PARTE",3955970,"86"" IFP-BLACK-G-G5-RM-OPSI7-WEB-ON"
26291,"NRO_PARTE",2528633,"LH75WACWLGCXZA-N5C-RP"
26291,"NRO_PARTE",2528646,"LH75WACWLGCXZA-N5C"
26291,"NRO_PARTE",3089518,"5863RK-15"
26291,"NRO_PARTE",3089553,"5863RK-20"
26291,"NRO_PARTE",2501146,"321000447"
26291,"NRO_PARTE",2528625,"LH75WACWLGCXZA-N5C-RM"
26291,"NRO_PARTE",2528695,"LH75WACWLGCXZA-N7"
26291,"NRO_PARTE",2528721,"LH85WMBWLGCXZA-N5-C-RP"
26291,"NRO_PARTE",2528732,"LH85WMBWLGCXZA-N5-C-RM"
26291,"NRO_PARTE",1839939,"432545RK01CL"
26291,"NRO_PARTE",3089514,"5863RK-14"
26291,"NRO_PARTE",3089523,"5863RK-16"
26291,"NRO_PARTE",3089530,"5863RK-17"
26291,"NRO_PARTE",3089535,"5863RK-18"
26291,"NRO_PARTE",3089541,"5863RK-19"
26291,"NRO_PARTE",2465953,"9H.F86TC.DE1"
26291,"NRO_PARTE",3955960,"86"" IFP-BLACK-G-G3-RM-OPSI7-WEB-ON"
26291,"NRO_PARTE",2818429,"65TR3PN-B-2024-WRM"
26291,"NRO_PARTE",2818443,"65TR3PN-B-2024-WRMOPS"
26291,"NRO_PARTE",2528755,"LH85WMBWLGCXZA-N7-C-RP"
26291,"NRO_PARTE",2528814,"LH85WMBWLGCXZA-N5-C-RM-IAC-RM"
26291,"NRO_PARTE",3974566,"10010653-712-B"
26291,"NRO_PARTE",1839955,"432545RK01CL-CAM01"
26291,"NRO_PARTE",4001174,"55151106BN36"
26291,"NRO_PARTE",1839349,"432526CL-CAM01"
26291,"NRO_PARTE",1839363,"432526CL-CAM02"
26291,"NRO_PARTE",1839381,"432526RK01CL-CAM01"
26291,"NRO_PARTE",2528706,"LH75WACWLGCXZA-N7C"
26291,"NRO_PARTE",2528738,"LH85WMBWLGCXZA-N5-C"
26291,"NRO_PARTE",4055182,"55151106B36T"
26291,"NRO_PARTE",4055199,"55151106B36OT"
26291,"NRO_PARTE",2797591,"10010354-711"
26291,"NRO_PARTE",1839393,"432526RK01CL-CAM02"
26291,"NRO_PARTE",1839401,"432526RK02CL"
26291,"NRO_PARTE",2818465,"75TR3PN-B-2024"
26291,"NRO_PARTE",2528662,"LH75WACWLGCXZA-C-1"
26291,"NRO_PARTE",2528674,"LH75WACWLGCXZA-N7C-RM"
26291,"NRO_PARTE",2528682,"LH75WACWLGCXZA-N7C-RP"
26291,"NRO_PARTE",2528943,"LH85WMBWLGCXZA-C-RP"
26291,"NRO_PARTE",2505722,"75 IFP – 2023- G3- BLACK-8G+RM+OPSI7"
26291,"NRO_PARTE",4272000,"QITBB86-IO"
26291,"NRO_PARTE",4272003,"QITBB86-ICPO"
26291,"NRO_PARTE",4272006,"QITBB86-ICP"
26291,"NRO_PARTE",4052085,"SC02-I365A-OPS0702-MSBA01B-OFFICEHB2024-3AG-CPDK"
26291,"NRO_PARTE",4001236,"55151106BN60"
26291,"NRO_PARTE",1839427,"432526RK02CL-CAM02"
26291,"NRO_PARTE",2818396,"65TR3PN-B-2024"
26291,"NRO_PARTE",2528641,"LH75WACWLGCXZA-N5"
26291,"NRO_PARTE",2528827,"LH85WMBWLGCXZA-N5-C-RP-IAC-RM"
26291,"NRO_PARTE",3793575,"QITBB86-H13CO"
26291,"NRO_PARTE",4055214,"55151106BR36T"
26291,"NRO_PARTE",4055257,"55151108BRK60OER"
26291,"NRO_PARTE",2528398,"LH75WMBWLGCXZA-N7-C-RM"
26291,"NRO_PARTE",4272016,"QITBB86-IC"
26291,"NRO_PARTE",4001246,"55151107BN36"
26291,"NRO_PARTE",1839373,"432526RK01CL"
26291,"NRO_PARTE",3956207,"PN-LM431"
26291,"NRO_PARTE",2528776,"LH85WMBWLGCXZA-N7-C"
26291,"NRO_PARTE",2528933,"LH85WMBWLGCXZA-C-RM"
26291,"NRO_PARTE",4271994,"QITBB86-IP"
26291,"NRO_PARTE",4052111,"65TR3DQ-B-2025"
26291,"NRO_PARTE",4001280,"55151107BN60"
26291,"NRO_PARTE",1839408,"432526RK02CL-CAM01"
26291,"NRO_PARTE",3956290,"PN-LM551"
26291,"NRO_PARTE",2818694,"75TR3PN-B-2024-WRMOPS"
26291,"NRO_PARTE",2528747,"LH85WMBWLGCXZA-C"
26291,"NRO_PARTE",2528798,"LH85WMBWLGCXZA-N7-C-RM-IAC-RM"
26291,"NRO_PARTE",4055233,"55151106B36OTE"
26291,"NRO_PARTE",4055250,"55151108BRK36OER"
26291,"NRO_PARTE",4055268,"SC02-I386A-"
26291,"NRO_PARTE",4055305,"SC02-I386A-RM"
26291,"NRO_PARTE",4055315,"SC02-I386A-RM-OPS07"
26291,"NRO_PARTE",3923596,"105"" IFP BLACK-RM-OPSI7-G3-ON"
26291,"NRO_PARTE",3923602,"105"" IFP BLACK-RM-OPSI7-WEB-G3-ON"
26291,"NRO_PARTE",3923628,"105"" IFP BLACK-RF-OPSI7-G5-ON"
26291,"NRO_PARTE",1914396,"55150650R60SEO"
26291,"NRO_PARTE",1914405,"55150652P12SEO"
26291,"NRO_PARTE",1902415,"86N8CA1N1VA90C"
26291,"NRO_PARTE",3744262,"98TR3DK-BM-2025"
26291,"NRO_PARTE",3744292,"98TR3DK-BM-2025-WR"
26291,"NRO_PARTE",3744314,"98TR3DK-BM-2025-WRM"
26291,"NRO_PARTE",3744356,"98TR3DK-BM-2025-WRMOPS"
26291,"NRO_PARTE",3744384,"98TR3DK"
26291,"NRO_PARTE",1778077,"86 IFP– 2023- G5- BLACK-1- WEBTRIUMPH"
26291,"NRO_PARTE",1778147,"98 IFP– 2023- G3- BLACK"
26291,"NRO_PARTE",1778168,"98 IFP– 2023- G5- BLACK"
26291,"NRO_PARTE",1778175,"98 IFP– 2023- G5- BLACK-RM"
26291,"NRO_PARTE",1778207,"5652RK9.0"
26291,"NRO_PARTE",1778222,"55150703P60SO"
26291,"NRO_PARTE",1778227,"5652RKPMCAM-OPS3-I5-TPM9.0"
26291,"NRO_PARTE",1778231,"55150703R12O"
26291,"NRO_PARTE",3100901,"3862RK-21"
26291,"NRO_PARTE",1753901,"55150692P36O"
26291,"NRO_PARTE",1753923,"55150692R36O"
26291,"NRO_PARTE",1753952,"55150693P36O"
26291,"NRO_PARTE",1753960,"55150693R60O"
26291,"NRO_PARTE",1732689,"75S80DX2WX1HO0"
26291,"NRO_PARTE",4052342,"SC02-I365A-OPS0702-MSBA01B-OFFICE365-3AG-CPDK"
26291,"NRO_PARTE",2905527,"BUSINESS 6500"
26291,"NRO_PARTE",2801771,"TL7-86-O7"
26291,"NRO_PARTE",3923619,"105"" IFP BLACK-RF-G5-ON"
26291,"NRO_PARTE",3923624,"105"" IFP BLACK-RF-WEB-G5-ON"
26291,"NRO_PARTE",1765882,"X-ONE 65 RACK O7"
26291,"NRO_PARTE",1778098,"86 IFP– 2023- G3- BLACK-RM1-OPSI7-WEBTRIUMPH"
26291,"NRO_PARTE",2490490,"X2-65 O711 BRIO"
26291,"NRO_PARTE",2552426,"75 IFP–11-2024-G3-BLACK-8G-OPSI7"
26291,"NRO_PARTE",2552436,"75 IFP–11-2024-G3-BLACK-8G-RM-OPSI7"
26291,"NRO_PARTE",2552445,"3652RK-2"
26291,"NRO_PARTE",2552447,"75 IFP–11- 2024- G5- BLACK-8G"
26291,"NRO_PARTE",3923753,"105"" IFP BLACK-RF-OPSI7-WEB-G5-ON"
26291,"NRO_PARTE",3923765,"105"" IFP BLACK-RM-WEB-G5-ON"
26291,"NRO_PARTE",3923770,"105"" IFP BLACK-RM-OPSI7-G5-ON"
26291,"NRO_PARTE",3923774,"105"" IFP BLACK-RM-OPSI7-WEB-G5-ON"
26291,"NRO_PARTE",2490513,"X2-98 O711 BRIO"
26291,"NRO_PARTE",2490543,"X2-65 O711 MEETUP"
26291,"NRO_PARTE",2490551,"X2-75 O711 MEETUP"
26291,"NRO_PARTE",2490559,"X2-86 O711 MEETUP"
26291,"NRO_PARTE",2490563,"X2-98 O711 MEETUP"
26291,"NRO_PARTE",1753955,"55150693R12O"
26291,"NRO_PARTE",1732693,"75N8CA1N1VA001"
26291,"NRO_PARTE",1732694,"75S8DW1H1VA003"
26291,"NRO_PARTE",2490495,"X2-75 O711 BRIO"
26291,"NRO_PARTE",2801809,"TL7-86-TC4K"
26291,"NRO_PARTE",2801864,"TL7-86-O7-TC4K"
26291,"NRO_PARTE",2552379,"75 IFP –11-2024- G3- BLACK-8G-RM"
26291,"NRO_PARTE",2552452,"75 IFP–11-2024-G5-BLACK-8G-RM"
26291,"NRO_PARTE",3923755,"105"" IFP BLACK-RM-G5-ON"
26291,"NRO_PARTE",2809146,"QITBB86-H13OSM"
26291,"NRO_PARTE",4052553,"98"" IFP-BLACK PRO-G3"
26291,"NRO_PARTE",1778070,"86 IFP– 2023- G3- BLACK-RM-1- WEBTRIUMPH"
26291,"NRO_PARTE",4100630,"DS-D5B75RB-FL75"
26291,"NRO_PARTE",4100657,"DS-D5B86RB-FL86"
26291,"NRO_PARTE",2501114,"321000273"
26291,"NRO_PARTE",2552397,"75 IFP–11-2024-G3-BLACK-8G-OPSI7-WEBTRIUMPH"
26291,"NRO_PARTE",2552411,"75 IFP –11-2024-G3-BLACK-8G-RM-OPSI7- WEBTRIUMPH"
26291,"NRO_PARTE",2552461,"3652RK-1"
26291,"NRO_PARTE",2552464,"75 IFP–11-2024-G5-BLACK-8G-OPSI7-WEBTRIUMPH"
26291,"NRO_PARTE",2552470,"75 IFP –11-2024-G5-BLACK-8G-RM-OPSI7- WEBTRIUMPH"
26291,"NRO_PARTE",2552478,"3862RK-1"
26291,"NRO_PARTE",2552480,"75 IFP–11-2024-G5-BLACK-8G-OPSI7"
26291,"NRO_PARTE",2552485,"75 IFP–11-2024-G5-BLACK-8G-RM-OPSI7"
26291,"NRO_PARTE",2552494,"3862RK-2"
26291,"NRO_PARTE",3923911,"SC02-I386A-5AG-CPDK"
26291,"NRO_PARTE",3923915,"SC02-I386A-OPS127-MSBA01B-OFFICEHB2024-5AG-CPDK"
26291,"NRO_PARTE",3923937,"SC02-I386A-OPS127-MSBA01B-OFFICEHB2024-3AG-CPDK"
26291,"NRO_PARTE",3923944,"SC02-I375A-3AG-CPDK"
26291,"NRO_PARTE",3923951,"SC02-I375A-MSBA01B-5AG-CPDK"
26291,"NRO_PARTE",3923960,"SC02-I365A-3AG1-CPDK"
26291,"NRO_PARTE",1777338,"55150703R60"
26291,"NRO_PARTE",1777350,"55150704P12S"
26291,"NRO_PARTE",3785971,"86 IFP-BLACK-G3-OPSI7-1TB-ON"
26291,"NRO_PARTE",2801947,"TL7-86-O7-TW100"
26291,"NRO_PARTE",2802043,"TL7-86-O7-TC4K-TW100"
26291,"NRO_PARTE",2802058,"TL7-86-O7-TC4K-P200"
26291,"NRO_PARTE",3142186,"9H.F9FTK.DA3"
26291,"NRO_PARTE",3923899,"SC02-I386A-3AG-CPDK"
26291,"NRO_PARTE",3923938,"SC02-I386A-MSBA01B-3AG-CPDK"
26291,"NRO_PARTE",3923939,"SC02-I386A-MSBA01B-5AG-CPDK"
26291,"NRO_PARTE",3923945,"SC02-I375A-5AG-CPDK"
26291,"NRO_PARTE",3923948,"SC02-I375A-MSBA01B-3AG-CPDK"
26291,"NRO_PARTE",3923952,"SC02-I375A-OPS127-MSBA01B-OFFICEHB2024-3AG-CPDK"
26291,"NRO_PARTE",3923955,"SC02-I375A-OPS127-MSBA01B-OFFICEHB2024-5AG-CPDK"
26291,"NRO_PARTE",1839903,"432545CL-CAM01"
26291,"NRO_PARTE",1839918,"432545CL-CAM02"
26291,"NRO_PARTE",4087479,"DS-D5C98RB-B98"
26291,"NRO_PARTE",1777364,"55150704R36"
26291,"NRO_PARTE",1777367,"55150704R60"
26291,"NRO_PARTE",1777370,"55150705P12S"
26291,"NRO_PARTE",3867332,"55151105HP60KO"
26291,"NRO_PARTE",2770640,"RIVA75R2-13MP2-RF"
26291,"NRO_PARTE",3809220,"1"
26291,"NRO_PARTE",4046781,"86TR3DQ-B-2025"
26291,"NRO_PARTE",3811497,"75 IFP-BLACK-G-G5-OPSI7-1TB"
26291,"NRO_PARTE",2029968,"98 IFP– 2023- G3- BLACK-OPSI7"
26291,"NRO_PARTE",2029972,"98 IFP– 2023- G5- BLACK-OPSI7"
26291,"NRO_PARTE",2029977,"98 IFP– 2023- G3- BLACK-RM-OPSI7"
26291,"NRO_PARTE",2029984,"98 IFP– 2023- G5- BLACK-RM-OPSI7"
26291,"NRO_PARTE",4128532,"DS-D5C86RB-A2L86-RM-OPS5"
26291,"NRO_PARTE",3857322,"75 IFP-BLACK-G-G3-OPSI7"
26291,"NRO_PARTE",3897774,"SC02-I386A-OPS127-MSBA01B-OFFICEHB2024-5AG-CD"
26291,"NRO_PARTE",4046722,"IN8613R"
26291,"NRO_PARTE",4046794,"86TR3DQ-B-2025-WR"
26291,"NRO_PARTE",4046822,"75TR3DQ-B-2025-WRMCAM"
26291,"NRO_PARTE",3156216,"10010354-712R"
26291,"NRO_PARTE",4065791,"55151108BR36OR"
26291,"NRO_PARTE",4128526,"DS-D5C75RB-A2L75-RM-OPS5"
26291,"NRO_PARTE",4128636,"DS-D5C86RB-B2L86-OPS5"
26291,"NRO_PARTE",3857366,"75 IFP-BLACK-G-G5-OPSI7-ON"
26291,"NRO_PARTE",3857416,"75 IFP-BLACK-G-G3-OPSI7-RM"
26291,"NRO_PARTE",3850893,"TE1200P75-RF"
26291,"NRO_PARTE",1834794,"F-LH55WMBWB-1-N7"
26291,"NRO_PARTE",1834825,"F-LH55WMBWB-1-N7MU"
26291,"NRO_PARTE",1827049,"QITBB86-H"
26291,"NRO_PARTE",1827054,"QITBB65-H"
26291,"NRO_PARTE",4046826,"86TR3DQ-B-2025-WRMCAM"
26291,"NRO_PARTE",4046831,"86TR3DQ-B-2025-WRMOPS"
26291,"NRO_PARTE",4046837,"86TR3DQ-B-2025-WRMOPSCAM"
26291,"NRO_PARTE",2513302,"55150692AR12O"
26291,"NRO_PARTE",4065705,"55151108BP60OR"
26291,"NRO_PARTE",1744203,"65TR3PJ-B-2023-WRM"
26291,"NRO_PARTE",4128538,"DS-D5C65RB-A2L65-RM-OP7"
26291,"NRO_PARTE",4128541,"DS-D5C75RB-A2L75-RM-OPS7"
26291,"NRO_PARTE",4128574,"DS-D5C65RB-B2L65-OPS7"
26291,"NRO_PARTE",1834924,"F-LH65WMBWB-1-N5"
26291,"NRO_PARTE",1834953,"F-LH65WMBWB-1-N7MU"
26291,"NRO_PARTE",1834970,"F-LH65WMBWB-1-N5RP"
26291,"NRO_PARTE",3809185,"2"
26291,"NRO_PARTE",2770806,"IFP7550-5F"
26291,"NRO_PARTE",2770871,"MB65-001"
26291,"NRO_PARTE",3897761,"SC02-I386A-5AG"
26291,"NRO_PARTE",4065853,"55151108BR60OR"
26291,"NRO_PARTE",1744346,"86TR3PJ-B-2023-WRM"
26291,"NRO_PARTE",1744367,"98TR3PJ-B-2023-WR"
26291,"NRO_PARTE",1999451,"IFP8633-WRM"
26291,"NRO_PARTE",2030124,"86 IFP – 2023- G3- BLACK-8GB"
26291,"NRO_PARTE",2030139,"86 IFP – 2023- G5- BLACK-8GB"
26291,"NRO_PARTE",2030148,"86 IFP – 2023- G3- BLACK-RM1-8GB"
26291,"NRO_PARTE",2030161,"86 IFP – 2023- G5- BLACK-RM1-8GB"
26291,"NRO_PARTE",3857341,"75 IFP-BLACK-G-G5-OPSI7"
26291,"NRO_PARTE",3857487,"75 IFP-BLACK-G-G3-OPSI7-RM-ON"
26291,"NRO_PARTE",2029244,"65 IFP– 2023- G5- BLACK- OPSI7"
26291,"NRO_PARTE",2029273,"75 IFP– 2023- G5- BLACK-OPSI7"
26291,"NRO_PARTE",3809231,"4"
26291,"NRO_PARTE",3809256,"5"
26291,"NRO_PARTE",3837728,"TE8612W-OPSI5-RACK."
26291,"NRO_PARTE",4046604,"75TR3DQ-B-2025-WRMOPS"
26291,"NRO_PARTE",2773238,"PI_POD.TC_49""_INDOOR"
26291,"NRO_PARTE",4128622,"DS-D5C65RB-B2L65-OPS5"
26291,"NRO_PARTE",4128632,"DS-D5C75RB-B2L75-OPS5"
26291,"NRO_PARTE",3857377,"75 IFP-BLACK-G-G3-OPSI7-ON"
26291,"NRO_PARTE",2029281,"75 IFP– 2023- G5- BLACK-RM-OPSI"
26291,"NRO_PARTE",2029291,"86 IFP– 2023- G3- BLACK-OPSI7"
26291,"NRO_PARTE",3809313,"6"
26291,"NRO_PARTE",3809334,"7"
26291,"NRO_PARTE",4046812,"86TR3DQ-B-2025-WRM"
26291,"NRO_PARTE",4269442,"SC02-I386A-OPS0701-OFFICEHB2024-3AG-CPDK-SE"
26291,"NRO_PARTE",2771012,"RIVA75R2-OPSI716256-8MP1-RF"
26291,"NRO_PARTE",2771013,"RIVA75R2-OPSI716256-8MP2-RF"
26291,"NRO_PARTE",2771023,"RIVA75R2-13MP1-RM"
26291,"NRO_PARTE",2771027,"RIVA75R2-13MP2-RM"
26291,"NRO_PARTE",2771048,"RIVA75R2-OPSI716256-8MP1-RM"
26291,"NRO_PARTE",3837714,"98 IFP-BLACK-G3-WEBPOLY-8G-128G-ON"
26291,"NRO_PARTE",2773357,"PI_PANT.TC_21.5""_OUTDOOR"
26291,"NRO_PARTE",1749743,"NONE"
26291,"NRO_PARTE",3857446,"75 IFP-BLACK-G-G5-OPSI7-RM"
26291,"NRO_PARTE",3857503,"75 IFP-BLACK-G-G5-OPSI7-RM-ON"
26291,"NRO_PARTE",2029225,"65 IFP– 2023- G3- BLACK- OPSI7"
26291,"NRO_PARTE",2029265,"75 IFP– 2023- G3- BLACK-RM-OPSI7"
26291,"NRO_PARTE",2029310,"86 IFP– 2023- G5- BLACK-OPSI7"
26291,"NRO_PARTE",2771033,"RIVA75R2-OPSI716256-RM"
26291,"NRO_PARTE",2771059,"RIVA75R2-OPSI716256-8MP2-RM"
26291,"NRO_PARTE",3837732,"TE8612W."
26291,"NRO_PARTE",3837737,"TE7511W."
26291,"NRO_PARTE",2773365,"PI_PANT.TC_15""_INDOOR"
26291,"NRO_PARTE",2035489,"MIMIOPRO864R-2"
26291,"NRO_PARTE",2557161,"86 IFP-BLACK-RM-G5-WEB-2024-8G"
26291,"NRO_PARTE",2551917,"75 IFP-BLACK-G3-WEB-2024-8G"
26291,"NRO_PARTE",2626147,"LH86WADWLGCXZA-N5-RM"
26291,"NRO_PARTE",2626160,"LH86WADWLGCXZA-N5-RP"
26291,"NRO_PARTE",2626170,"LH86WADWLGCXZA-N5"
26291,"NRO_PARTE",2811979,"LT86D3SI"
26291,"NRO_PARTE",2035324,"INF6510"
26291,"NRO_PARTE",2035353,"INF7510P"
26291,"NRO_PARTE",2557110,"86 IFP-BLACK-RM-G3- WEB-OPSI7-2024-8G-ON"
26291,"NRO_PARTE",3775492,"98 IFP-BLACK-G3-WEB-OPSI7-8G-128G-ON"
26291,"NRO_PARTE",4222979,"BT86LKTHUBR26"
26291,"NRO_PARTE",2626199,"LH86WADWLGCXZA-N7-RP"
26291,"NRO_PARTE",2939766,"55150693P36."
26291,"NRO_PARTE",2539028,"86S8DWPO1VA10X"
26291,"NRO_PARTE",3775514,"98 IFP-BLACK-RM-G3- WEB-OPSI7-8G-128G-ON"
26291,"NRO_PARTE",3775529,"98 IFP-BLACK-RM-G5-WEB-OPSI7-8G-128G-ON"
26291,"NRO_PARTE",4222969,"BT86LKTHUB26"
26291,"NRO_PARTE",2626205,"LH86WADWLGCXZA-N7"
26291,"NRO_PARTE",1999376,"IFP7533-WRM"
26291,"NRO_PARTE",2796114,"10010450 R"
26291,"NRO_PARTE",2035336,"INF6510P"
26291,"NRO_PARTE",2035365,"INF8610P"
26291,"NRO_PARTE",2628876,"3862RK-17"
26291,"NRO_PARTE",2629604,"TL7-65-WC"
26291,"NRO_PARTE",2626194,"LH86WADWLGCXZA-N7-RM"
26291,"NRO_PARTE",2939701,"55150693P60."
26291,"NRO_PARTE",4040110,"QITBB75-IDO"
26291,"NRO_PARTE",2796149,"10010353 R"
26291,"NRO_PARTE",2796157,"10010352 R"
26291,"NRO_PARTE",2035344,"INF7510"
26291,"NRO_PARTE",2770254,"RIVA65R2-8MP1-RF"
26291,"NRO_PARTE",2939856,"55150692P36."
26291,"NRO_PARTE",2939893,"55150693P60O."
26291,"NRO_PARTE",2796142,"10010354 R"
26291,"NRO_PARTE",2035360,"INF8610"
26291,"NRO_PARTE",2901279,"ALLPACH240105"
26291,"NRO_PARTE",2528409,"LH75WMBWLGCXZA-N7-C"
26291,"NRO_PARTE",4223160,"LH86WAFPLGCXZX-RP"
26291,"NRO_PARTE",2770269,"RIVA65R2-8MP2-RF"
26291,"NRO_PARTE",2629588,"TL7-65"
26291,"NRO_PARTE",2629598,"LH86WADXCZA-CP-RP-N5"
26291,"NRO_PARTE",2629776,"LH86WADXCZA-CG-RP-N7"
26291,"NRO_PARTE",2938711,"T775TC4KOS200"
26291,"NRO_PARTE",2770247,"RIVA65R2-RF"
26291,"NRO_PARTE",2770322,"RIVA65R2-OPSI716256-RF"
26291,"NRO_PARTE",2770366,"RIVA65R2-OPSI716256-8MP2-RF"
26291,"NRO_PARTE",2770375,"RIVA65R2-OPSI716256-13MP1-RF"
26291,"NRO_PARTE",2629668,"TL7-65-O5-AVA1800-70"
26291,"NRO_PARTE",2629692,"TL7-65-O5-WC-AVA1800-70"
26291,"NRO_PARTE",2629780,"TL7-O5-WC-AVA1800-70"
26291,"NRO_PARTE",2629883,"TL7-105-TW100"
26291,"NRO_PARTE",2773865,"RIVA65D2-OPSI716256-8MP1-RF"
26291,"NRO_PARTE",3856894,"75 IFP-BLACK-G-G3-WEB"
26291,"NRO_PARTE",2939816,"55150692P60."
26291,"NRO_PARTE",4227037,"LH86WAFWLGCXZX-RM-N7-CG"
26291,"NRO_PARTE",2530549,"E-ONE 75 RO711 BR2"
26291,"NRO_PARTE",2562321,"ZK-IWB75BP-OPS"
26291,"NRO_PARTE",2562386,"ZK-IWB86BP-OPS-MS"
26291,"NRO_PARTE",4045430,"10010552-712-V12F"
26291,"NRO_PARTE",4045441,"10010691-712-V12F"
26291,"NRO_PARTE",4045447,"10010552-712R-V12F"
26291,"NRO_PARTE",4045449,"10010691-712R-V12F"
26291,"NRO_PARTE",3313584,"10010551-712"
26291,"NRO_PARTE",3313596,"10010552-712"
26291,"NRO_PARTE",3313606,"10010691-712"
26291,"NRO_PARTE",4117015,"5653RK- 10"
26291,"NRO_PARTE",2778922,"P0I886A02"
26291,"NRO_PARTE",4227071,"LH86WAFWLGCXZX-RP-N7-CP"
26291,"NRO_PARTE",3398751,"432697RK01NL-CAMJ2"
26291,"NRO_PARTE",3780701,"T786O7SC2OS200OF365"
26291,"NRO_PARTE",3780766,"TL786O7TC4KOS200OF365"
26291,"NRO_PARTE",4277196,"3752RK-012"
26291,"NRO_PARTE",4277198,"3752RK- 01"
26291,"NRO_PARTE",4277201,"3752RK-001"
26291,"NRO_PARTE",4277208,"3752RK.001"
26291,"NRO_PARTE",2629743,"TL7-75-WC-AVA1800-70"
26291,"NRO_PARTE",2629762,"TL7-75-O5-AVA1800-70"
26291,"NRO_PARTE",2629974,"TL7-86-WC-P200"
26291,"NRO_PARTE",2630737,"LH75WADXCZA-N7"
26291,"NRO_PARTE",2552527,"3752RK-1"
26291,"NRO_PARTE",2900268,"55150652P36SO."
26291,"NRO_PARTE",3313560,"10010552-R"
26291,"NRO_PARTE",4229471,"86” IFP BLACK PRO-OPS-G5"
26291,"NRO_PARTE",2630839,"LH75WADXCZA-CG-RM-N7"
26291,"NRO_PARTE",4227269,"3863RK-3"
26291,"NRO_PARTE",2562317,"ZK-IWB65BP-OPS"
26291,"NRO_PARTE",2562324,"ZK-IWB86BP-OPS"
26291,"NRO_PARTE",2562364,"ZK-IWB65BP-MS"
26291,"NRO_PARTE",2562374,"ZK-IWB86BP-MS"
26291,"NRO_PARTE",2551947,"75 IFP-BLACK-RM-G3-WEB-2024-8G"
26291,"NRO_PARTE",2551957,"75 IFP-BLACK-RM-G5-WEB-2024-8G"
26291,"NRO_PARTE",2589335,"TL7-75-AVA1800-70"
26291,"NRO_PARTE",4116980,"5653RK-09"
26291,"NRO_PARTE",2778915,"P0I875A02"
26291,"NRO_PARTE",4227309,"3863RK-4"
26291,"NRO_PARTE",2562376,"ZK-IWB65BP-OPS-MS"
26291,"NRO_PARTE",2562380,"ZK-IWB75BP-OPS-MS"
26291,"NRO_PARTE",2562372,"ZK-IWB75BP-MS"
26291,"NRO_PARTE",2745581,"LH86WADWLGCXZA-EW"
26291,"NRO_PARTE",2745588,"LH86WADWLGCXZA-RP-EW"
26291,"NRO_PARTE",1834587,"LH85WMBWLGCXZA-N3"
26291,"NRO_PARTE",2629910,"TL7-105-WC-TW100"
26291,"NRO_PARTE",4272011,"QITBB86-ICO"
26291,"NRO_PARTE",4272018,"QITBB86-I"
26291,"NRO_PARTE",4117126,"5653RK- 12"
26291,"NRO_PARTE",4225406,"K398.RM.OA."
26291,"NRO_PARTE",4227334,"3863RK-5"
26291,"NRO_PARTE",1777312,"55150703P12S"
26291,"NRO_PARTE",1777318,"55150703P36S"
26291,"NRO_PARTE",1777325,"55150703P60S"
26291,"NRO_PARTE",1777328,"55150703R12"
26291,"NRO_PARTE",1777332,"55150703R36"
26291,"NRO_PARTE",1777357,"55150704P36S"
26291,"NRO_PARTE",1777358,"55150704P60S"
26291,"NRO_PARTE",1777362,"55150704R12"
26291,"NRO_PARTE",1777381,"55150705R36"
26291,"NRO_PARTE",1777371,"55150705P36S"
26291,"NRO_PARTE",4045448,"10010553-712R-V12F"
26291,"NRO_PARTE",4045463,"10010652-712-V12F"
26291,"NRO_PARTE",4045468,"10010653-712-V12F"
26291,"NRO_PARTE",4045478,"10010653-712R-V12F"
26291,"NRO_PARTE",4117082,"5653RK- 11"
26291,"NRO_PARTE",2778850,"P0I875A01"
26291,"NRO_PARTE",2778897,"P0I886A01"
26291,"NRO_PARTE",2778981,"75TR3PN-B-2024-WRM"
26291,"NRO_PARTE",2779159,"IFP7552-2ED-RM"
26291,"NRO_PARTE",3156210,"10010450-R"
26291,"NRO_PARTE",3156212,"10010353-R"
26291,"NRO_PARTE",3156215,"10010352-R"
26291,"NRO_PARTE",3156217,"10010353-712R"
26291,"NRO_PARTE",3156218,"10010352-712R"
26291,"NRO_PARTE",4045475,"10010652-712R-V12F"
26291,"NRO_PARTE",4046589,"75TR3DQ-B-2025-WRM"
26291,"NRO_PARTE",2798251,"MB65-A001"
26291,"NRO_PARTE",2798354,"MB65-A001-RM/OPS"
26291,"NRO_PARTE",2798366,"MB65-A001-RM/C6X"
26291,"NRO_PARTE",2798383,"MB65-A001-RM/OPS/C6X"
26291,"NRO_PARTE",2798387,"MB65-A001-RM/OPS/C12X"
26291,"NRO_PARTE",2798394,"10010353-711"
26291,"NRO_PARTE",2798407,"10010352-711"
26291,"NRO_PARTE",4225407,"K398.RM.OA"
26291,"NRO_PARTE",2745598,"LH75WADWLGCXZA-EW"
26291,"NRO_PARTE",2745604,"LH75WADWLGCXZA-RP-EW"
26291,"NRO_PARTE",2798372,"MB65-A001-RM/C12X"
26291,"NRO_PARTE",2779109,"IFP7552-2ED"
26291,"NRO_PARTE",2779131,"IFP7552-2ED-R"
26291,"NRO_PARTE",1738424,"65TR3DJ-B-2023"
26291,"NRO_PARTE",4221604,"QITBB86 IPO"
26291,"NRO_PARTE",4221662,"IMPACTLUX286-RO"
26291,"NRO_PARTE",4221665,"IMPACTLUX286-PO"
26291,"NRO_PARTE",4223510,"LH75WAFPLGCXZX-EW4"
26291,"NRO_PARTE",4223548,"LH75WAFPLGCXZX-EW5"
26291,"NRO_PARTE",4223555,"LH75WAFPLGCXZX-RM-N7"
26291,"NRO_PARTE",4223601,"LH75WAFWLGCXZX"
26291,"NRO_PARTE",2588500,"MW3565-2"
26291,"NRO_PARTE",2588515,"MW3565-3"
26291,"NRO_PARTE",1781889,"01"
26291,"NRO_PARTE",2558690,"MIMIOPROG65R"
26291,"NRO_PARTE",2558695,"MIMIOPROG65P"
26291,"NRO_PARTE",2558702,"MIMIOPROG75P"
26291,"NRO_PARTE",2558718,"MIMIOPROG86P"
26291,"NRO_PARTE",4040117,"QITBB75-IP"
26291,"NRO_PARTE",4040139,"QITBB75-ICP"
26291,"NRO_PARTE",4040144,"QITBB75-ICPO"
26291,"NRO_PARTE",4040165,"QITBB75-IC"
26291,"NRO_PARTE",1732710,"86S8DW1H1VA004"
26291,"NRO_PARTE",1732760,"86S8DW1O1VA00I"
26291,"NRO_PARTE",1799218,"QITBB65_H"
26291,"NRO_PARTE",1799229,"QITBB86_H"
26291,"NRO_PARTE",2564770,"86 IFP-BLACK-G3-OPSI7-2024-8G-ON"
26291,"NRO_PARTE",2555244,"3752RK-9"
26291,"NRO_PARTE",2031830,"E-ONE 55 O511 BRIO"
26291,"NRO_PARTE",2031860,"E-ONE 65 O711 BRIO"
26291,"NRO_PARTE",2558708,"MIMIOPROG75R"
26291,"NRO_PARTE",2558721,"MIMIOPROG86R"
26291,"NRO_PARTE",2798480,"10010354-711BR"
26291,"NRO_PARTE",4040121,"QITBB75-IPO"
26291,"NRO_PARTE",3034006,"5753RK-16"
26291,"NRO_PARTE",2555152,"3862RK-8"
26291,"NRO_PARTE",2031845,"E-ONE 75 O511 BRIO"
26291,"NRO_PARTE",2031864,"E-ONE 75 O711 BRIO"
26291,"NRO_PARTE",2031890,"E-ONE 55 RO511 BRIO"
26291,"NRO_PARTE",1738426,"65TR3DJ-B-2023-WR"
26291,"NRO_PARTE",4223564,"LH75WAFPLGCXZX-RP-N5"
26291,"NRO_PARTE",2558693,"MIMIOPRO-G 65P"
26291,"NRO_PARTE",2798523,"10010353-711BR"
26291,"NRO_PARTE",2630823,"LH75WADXCZA-CG-RP-N7"
26291,"NRO_PARTE",2555355,"3862RK-10"
26291,"NRO_PARTE",1738512,"65TR3DJ-B-2023-WRM"
26291,"NRO_PARTE",4223839,"LH75WAFWLGCXZX-EW5"
26291,"NRO_PARTE",4223848,"LH75WAFWLGCXZX-RM-N5"
26291,"NRO_PARTE",4223871,"LH75WAFWLGCXZX-RM-N7"
26291,"NRO_PARTE",2798526,"10010352-711BR"
26291,"NRO_PARTE",2798661,"MB86-A001-RM/C6X"
26291,"NRO_PARTE",4040157,"QITBB75-ICO"
26291,"NRO_PARTE",1732715,"86S8DW1O1VA008"
26291,"NRO_PARTE",1732767,"86S8DWPO1VA00K"
26291,"NRO_PARTE",2031857,"E-ONE 55 O711 BRIO"
26291,"NRO_PARTE",4269093,"SC02-I386A-3AG-CPDK-SE"
26291,"NRO_PARTE",4223896,"LH75WAFWLGCXZX-RP-N5"
26291,"NRO_PARTE",4223922,"LH75WAFWLGCXZX-RP-N7"
26291,"NRO_PARTE",4223951,"LH86WAFWLGCXZX-RM"
26291,"NRO_PARTE",4040171,"QITBB75-ID"
26291,"NRO_PARTE",1732690,"75S80DX2WXPHO0"
26291,"NRO_PARTE",2939028,"55150650P60S"
26291,"NRO_PARTE",2939074,"T775O5WCOS200"
26291,"NRO_PARTE",2939087,"55150650P36SO."
26291,"NRO_PARTE",2554246,"3652RK-7"
26291,"NRO_PARTE",2554353,"3652RK-4"
26291,"NRO_PARTE",2554382,"3752RK-3"
26291,"NRO_PARTE",2031836,"E-ONE 65 O511 BRIO"
26291,"NRO_PARTE",2031849,"E-ONE 86 O511 BRIO"
26291,"NRO_PARTE",4223786,"LH75WAFWLGCXZX-RM"
26291,"NRO_PARTE",4223824,"LH75WAFWLGCXZX-EW4"
26291,"NRO_PARTE",2798651,"MB86-A001-RM/OPS"
26291,"NRO_PARTE",2798683,"MB86-A001-RM/OPS/C6X"
26291,"NRO_PARTE",1732698,"75N8CA1N1VA00B"
26291,"NRO_PARTE",1732705,"75S8DWPO1VA00J"
26291,"NRO_PARTE",2939093,"55150651P60SO."
26291,"NRO_PARTE",2939134,"55150650P60SO"
26291,"NRO_PARTE",2939174,"T775O5WCRME"
26291,"NRO_PARTE",2554403,"3752RK-4"
26291,"NRO_PARTE",2588527,"MW3565-4"
26291,"NRO_PARTE",2031871,"E-ONE 86 O711 BRIO"
26291,"NRO_PARTE",4223796,"LH75WAFWLGCXZX-RP"
26291,"NRO_PARTE",4223956,"LH86WAFWLGCXZX-RP"
26291,"NRO_PARTE",4223965,"LH86WAFWLGCXZX-EW4"
26291,"NRO_PARTE",2798572,"10010354-R711BR"
26291,"NRO_PARTE",2798592,"10010352-R711BR"
26291,"NRO_PARTE",2798620,"MB86-A001"
26291,"NRO_PARTE",1732688,"75N8CXX8AX1N00"
26291,"NRO_PARTE",1732692,"75S80DX2WXPOP0"
26291,"NRO_PARTE",1732695,"75S8DWPH1VA005"
26291,"NRO_PARTE",1732701,"75S8DW1H1VA00D"
26291,"NRO_PARTE",1732703,"75S8DWPH1VA00F"
26291,"NRO_PARTE",3078033,"5753RK-18"
26291,"NRO_PARTE",2939008,"T775TC4KRME"
26291,"NRO_PARTE",2939050,"55150650P36S."
26291,"NRO_PARTE",2554469,"75 IFP-BLACK-G5-WEB-OPSI7-2024-8G-ON"
26291,"NRO_PARTE",2554575,"75 IFP-BLACK-RM-G5-OPSI7-2024-8G"
26291,"NRO_PARTE",4269236,"SC02-I386A-MSBA01B-3AG-CPDK-SE"
26291,"NRO_PARTE",4269353,"SC02-I386A-OPS0701-MSBA01B-OFFICEHB2024-3AG-CPDK-SE"
26291,"NRO_PARTE",4223937,"LH86WAFWLGCXZX"
26291,"NRO_PARTE",4223981,"LH86WAFWLGCXZX-RM-N5"
26291,"NRO_PARTE",4223991,"LH86WAFWLGCXZX-RM-N7"
26291,"NRO_PARTE",4223999,"LH86WAFWLGCXZX-RP-N5"
26291,"NRO_PARTE",4224005,"LH86WAFWLGCXZX-RP-N7"
26291,"NRO_PARTE",2798583,"10010353-R711BR"
26291,"NRO_PARTE",2798636,"MB86-A001-RM"
26291,"NRO_PARTE",2798693,"MB86-A001-RM/OPS/C12X"
26291,"NRO_PARTE",2939083,"55150651P60S."
26291,"NRO_PARTE",2939113,"55150651P36SO."
26291,"NRO_PARTE",2152498,"LH75WACWLGCXZA-RM-C-2"
26291,"NRO_PARTE",2803128,"IFP7550-5-WRM2"
26291,"NRO_PARTE",2803148,"IFP8650-5-W2"
26291,"NRO_PARTE",2803166,"IFP8650-5-WR1"
26291,"NRO_PARTE",2803287,"IFP8650-5-RVPCI5"
26291,"NRO_PARTE",4069823,"98"" IFP-BLACK PRO-G3-RM-OPSI7-1TB-ON"
26291,"NRO_PARTE",4069869,"98"" IFP-BLACK PRO-G5-OPSI7-1TB-ON"
26291,"NRO_PARTE",2537961,"75S8DWPH1VA105"
26291,"NRO_PARTE",3732807,"432697RK02-CAMJ1"
26291,"NRO_PARTE",3732856,"432697RK02NL-CAMJ1"
26291,"NRO_PARTE",3967094,"10010352-5"
26291,"NRO_PARTE",2033515,"IFP7550-5-MVPC5"
26291,"NRO_PARTE",2937389,"TL7105O7TC4K"
26291,"NRO_PARTE",2560705,"ZK-IWB75BP"
26291,"NRO_PARTE",2890818,"TE130075-RM"
26291,"NRO_PARTE",3723898,"98 IFP-BLACK-OPI7-G5-8G-128G"
26291,"NRO_PARTE",3723914,"98 IFP-BLACK-RM-OPI7-G5-8G-128G"
26291,"NRO_PARTE",2528381,"LH75WMBWLGCXZA-N5-C"
26291,"NRO_PARTE",2528427,"LH75WMBWLGCXZA-N5-C-RP-IAC-RM"
26291,"NRO_PARTE",2803196,"IFP7550-5-RVPCI5"
26291,"NRO_PARTE",2803290,"TL7-75-P-P200"
26291,"NRO_PARTE",4002116,"55151108BN36"
26291,"NRO_PARTE",4002154,"55151108BN60"
26291,"NRO_PARTE",2538002,"75S8DWPO1VA109"
26291,"NRO_PARTE",2538012,"86S8DWPO1VA10A"
26291,"NRO_PARTE",2538020,"75S8DW1H1VA10D"
26291,"NRO_PARTE",2538042,"75S8DWPH1VA10F"
26291,"NRO_PARTE",2538053,"86S8DWPH1VA10G"
26291,"NRO_PARTE",3732829,"432697RK02-CAMJ2"
26291,"NRO_PARTE",3732844,"432697RK02NL"
26291,"NRO_PARTE",3732862,"432697RK02NL-CAMJ2"
26291,"NRO_PARTE",3967124,"10010353-R-5"
26291,"NRO_PARTE",4149675,"3752RK - 1"
26291,"NRO_PARTE",3852085,"TL7105TC4KRME"
26291,"NRO_PARTE",3852127,"TL7105RM3"
26291,"NRO_PARTE",4066406,"98"" IFP-BLACK PRO-G5-WEB"
26291,"NRO_PARTE",1777376,"55150705P60S"
26291,"NRO_PARTE",1777378,"55150705R12"
26291,"NRO_PARTE",1777384,"55150705R60"
26291,"NRO_PARTE",2588478,"MW3565-1"
26291,"NRO_PARTE",1753366,"55150691P60O"
26291,"NRO_PARTE",1753393,"55150691R36O"
26291,"NRO_PARTE",4226033,"3863RK-2"
26291,"NRO_PARTE",2803239,"IFP7550-5-MVPCI5"
26291,"NRO_PARTE",3089505,"5863RK-13"
26291,"NRO_PARTE",2537967,"86S8DWPH1VA106"
26291,"NRO_PARTE",2537975,"75S8DW1O1VA107"
26291,"NRO_PARTE",2538081,"75S8DWPO1VA10J"
26291,"NRO_PARTE",2538089,"86S8DWPO1VA10K"
26291,"NRO_PARTE",2538098,"86N8CA1N1VA10C"
26291,"NRO_PARTE",3967067,"10010354-5"
26291,"NRO_PARTE",3967083,"10010353-5"
26291,"NRO_PARTE",3967113,"10010354-R-5"
26291,"NRO_PARTE",3967172,"10010354-712R-WB-5"
26291,"NRO_PARTE",4149684,"5653RK-98"
26291,"NRO_PARTE",4149685,"3752RK -1"
26291,"NRO_PARTE",4066646,"98"" IFP-BLACK PRO-G3-OPSI7-WEB"
26291,"NRO_PARTE",2555210,"3652RK-10"
26291,"NRO_PARTE",4226054,"LH75WAFWLGCXZX-CP"
26291,"NRO_PARTE",4226060,"98” IFP BLACK PRO-G3-1"
26291,"NRO_PARTE",4226093,"LH75WAFWLGCXZX-RM-CM"
26291,"NRO_PARTE",4226104,"98” IFP BLACK PRO-ON-G5-1"
26291,"NRO_PARTE",4226105,"LH75WAFWLGCXZX-RM-CG"
26291,"NRO_PARTE",3142611,"SC02-I386A-OPS127-MSBA01B-OFFICEHB2024-3AG"
26291,"NRO_PARTE",3763543,"10010551-712R-M"
26291,"NRO_PARTE",3763553,"10010553-712R-M"
26291,"NRO_PARTE",2803349,"TL7-75-PC-P200"
26291,"NRO_PARTE",3967186,"10010353-712R-WB-5"
26291,"NRO_PARTE",3967222,"10010354-712R-M-5"
26291,"NRO_PARTE",3723925,"98 IFP-BLACK-RM-OPI7-G3-8G-128G"
26291,"NRO_PARTE",3723933,"98 IFP-BLACK-RM-WEB-G5-8G-128G"
26291,"NRO_PARTE",4066605,"98"" IFP-BLACK PRO-G3-OPSI7"
26291,"NRO_PARTE",1753424,"55150692P12O"
26291,"NRO_PARTE",2555121,"3862RK-7"
26291,"NRO_PARTE",2555269,"3752RK-10"
26291,"NRO_PARTE",4223428,"LH86WAFPLGCXZX-EW4"
26291,"NRO_PARTE",4226121,"98” IFP BLACK PRO-RM-G3-1"
26291,"NRO_PARTE",4226124,"LH75WAFWLGCXZX-RP-CP"
26291,"NRO_PARTE",4226143,"LH75WAFWLGCXZX-RP-CM"
26291,"NRO_PARTE",4226157,"LH75WAFWLGCXZX-RP-CG"
26291,"NRO_PARTE",4226189,"LH75WAFWLGCXZX-RM-N5-CM"
26291,"NRO_PARTE",4226195,"98” IFP BLACK PRO-WEB-G3-1"
26291,"NRO_PARTE",2537414,"DS-D5C65RB/BLED"
26291,"NRO_PARTE",2503783,"MONTEDP7501DN"
26291,"NRO_PARTE",2503792,"MONTEDP8601DN"
26291,"NRO_PARTE",2803294,"TL7-75-P200PC"
26291,"NRO_PARTE",2803324,"IFP8650-5-MVPCI5"
26291,"NRO_PARTE",2803371,"IFP7533-WR2"
26291,"NRO_PARTE",3967134,"10010352-R-5"
26291,"NRO_PARTE",3967233,"10010353-712R-M-5"
26291,"NRO_PARTE",3967243,"10010352-712R-M-5"
26291,"NRO_PARTE",4066620,"98"" IFP-BLACK PRO-G5-OPSI7"
26291,"NRO_PARTE",4066695,"1200SERIES75-RF"
26291,"NRO_PARTE",4066775,"1200SERIES75-RM"
26291,"NRO_PARTE",1914375,"55150650P60SEO"
26291,"NRO_PARTE",1914425,"55150652R12SEO"
26291,"NRO_PARTE",4054924,"10010482-R712UW-V12F"
26291,"NRO_PARTE",2555225,"3652RK-9"
26291,"NRO_PARTE",4223446,"LH86WAFPLGCXZX-RM-N5"
26291,"NRO_PARTE",4223447,"BT86LKT26"
26291,"NRO_PARTE",4223459,"BT-86LKTHUB26"
26291,"NRO_PARTE",4223460,"LH86WAFPLGCXZX-RM-N7"
26291,"NRO_PARTE",4226070,"98” IFP BLACK PRO-ON-G3-1"
26291,"NRO_PARTE",4226079,"LH75WAFWLGCXZX-RM-CP"
26291,"NRO_PARTE",4226172,"98” IFP BLACK PRO-RM-ON-G5-1"
26291,"NRO_PARTE",4226206,"98” IFP BLACK PRO-WEB-ON-G3-1"
26291,"NRO_PARTE",4226216,"LH75WAFWLGCXZX-RM-N7-CP"
26291,"NRO_PARTE",4226220,"98” IFP BLACK PRO-WEB-G5-1"
26291,"NRO_PARTE",3142717,"SC02-I375A-OPS127-MSBA01B-OFFICEHB2024-3AG"
26291,"NRO_PARTE",3142730,"SC02-I365A-OPS127-MSBA01B-OFFICEHB2024-3AG"
26291,"NRO_PARTE",2528383,"IFP7533-G-MCAM7"
26291,"NRO_PARTE",2528415,"LH75WMBWLGCXZA-C"
26291,"NRO_PARTE",2528423,"LH75WMBWLGCXZA-N5-C-RM-IAC-RM"
26291,"NRO_PARTE",3763562,"10010691-712R-M"
26291,"NRO_PARTE",2803342,"IFP7533-W2"
26291,"NRO_PARTE",2803362,"IFP7533-WRM2"
26291,"NRO_PARTE",3967202,"10010352-712R-WB-5"
26291,"NRO_PARTE",4149711,"3752RK-01"
26291,"NRO_PARTE",2122973,"LH75WACWLGCXZA-N1C-RM"
26291,"NRO_PARTE",2122985,"LH75WACWLGCXZA-RM-C"
26291,"NRO_PARTE",2122992,"LH75WACWLGCXZA-RP-C"
26291,"NRO_PARTE",3723863,"98 IFP-BLACK-WEB-G5-8G-128G"
26291,"NRO_PARTE",4066877,"98"" IFP-BLACK PRO-G5-RM-OPSI7"
26291,"NRO_PARTE",2555335,"3862RK-9"
26291,"NRO_PARTE",4223430,"LH86WAFPLGCXZX-EW5"
26291,"NRO_PARTE",4223450,"BT86LKTR26"
26291,"NRO_PARTE",4223472,"BT-86LKT26"
26291,"NRO_PARTE",4223477,"BT-86LKTR26"
26291,"NRO_PARTE",4223481,"LH86WAFPLGCXZX-RP-N5"
26291,"NRO_PARTE",4223482,"BT-98LKT26"
26291,"NRO_PARTE",4223489,"BT-98LKTR26"
26291,"NRO_PARTE",4223495,"LH86WAFPLGCXZX-RP-N7"
26291,"NRO_PARTE",4223500,"LH75WAFPLGCXZX"
26291,"NRO_PARTE",4226136,"98” IFP BLACK PRO-RM-ON-G3-1"
26291,"NRO_PARTE",4226156,"98” IFP BLACK PRO-RM-G5-1"
26291,"NRO_PARTE",4226177,"LH75WAFWLGCXZX-RM-N5-CP"
26291,"NRO_PARTE",4226201,"LH75WAFWLGCXZX-RM-N5-CG"
26291,"NRO_PARTE",4226246,"98” IFP BLACK PRO-WEB-ON-G5-1"
26291,"NRO_PARTE",3923221,"105"" IFP BLACK-RF-WEB-G3-ON"
26291,"NRO_PARTE",4002360,"75TR3DQ-B-2025-WR"
26291,"NRO_PARTE",2628705,"3752RK-15"
26291,"NRO_PARTE",2628838,"3862RK-14"
26291,"NRO_PARTE",2629646,"LH86WADXCZA-CG-RP-N5"
26291,"NRO_PARTE",2630765,"LH75WADXCZA-RM-N7"
26291,"NRO_PARTE",4066757,"98"" IFP-BLACK PRO-G5-OPSI7-WEB"
26291,"NRO_PARTE",4066789,"98"" IFP-BLACK PRO-G3-RM"
26291,"NRO_PARTE",4066933,"1200SERIES75-OPSI716256-RM"
26291,"NRO_PARTE",4223471,"BT-86LKTHUBR26"
26291,"NRO_PARTE",4223523,"B3P86.C.RM"
26291,"NRO_PARTE",4226279,"IFP6551-R"
26291,"NRO_PARTE",4226291,"LH75WAFWLGCXZX-RP-N5-CM"
26291,"NRO_PARTE",4226301,"LH75WAFWLGCXZX-RP-N5-CG"
26291,"NRO_PARTE",4226311,"LH75WAFWLGCXZX-RP-N7-CP"
26291,"NRO_PARTE",4226346,"LH75WAFWLGCXZX-RP-N7-CG"
26291,"NRO_PARTE",1827916,"E-ONE 65 O511"
26291,"NRO_PARTE",1827921,"E-ONE 86 O711"
26291,"NRO_PARTE",1827936,"E-ONE 65 RO511 PC20"
26291,"NRO_PARTE",2782243,"MEETINGBOARD 65"
26291,"NRO_PARTE",2628768,"3752RK-17"
26291,"NRO_PARTE",2629859,"TL7-105-WC"
26291,"NRO_PARTE",2122979,"LH75WACWLGCXZA-N1C-RP"
26291,"NRO_PARTE",2629993,"TL7-86-O5-W-P200"
26291,"NRO_PARTE",3723937,"98 IFP-BLACK-RM-WEB-G3-8G-128G"
26291,"NRO_PARTE",2555637,"3862RK-5"
26291,"NRO_PARTE",2555659,"3862RK-6"
26291,"NRO_PARTE",4223505,"LH75WAFPLGCXZX-RP"
26291,"NRO_PARTE",4223536,"B3P86.C.RM.O"
26291,"NRO_PARTE",4223543,"B3P86.C.RP"
26291,"NRO_PARTE",4223550,"LH75WAFPLGCXZX-RM-N5"
26291,"NRO_PARTE",4223553,"B3P86.C.RP.O"
26291,"NRO_PARTE",4223561,"B3P86.RM"
26291,"NRO_PARTE",4223570,"B3P86.RM.O"
26291,"NRO_PARTE",4223581,"LH75WAFPLGCXZX-RP-N7"
26291,"NRO_PARTE",4223597,"B3P86.RP"
26291,"NRO_PARTE",4226374,"LH86WAFWLGCXZX-RM-CM"
26291,"NRO_PARTE",4226385,"LH86WAFWLGCXZX-RP-CP"
26291,"NRO_PARTE",4226395,"LH86WAFWLGCXZX-RP-CM"
26291,"NRO_PARTE",4072998,"55151108B60CK"
26291,"NRO_PARTE",3785254,"86 IFP-BLACK-G3-OPSI7-16G-ON"
26291,"NRO_PARTE",3079490,"5863RK-10"
26291,"NRO_PARTE",2939236,"T775O7WCTW100"
26291,"NRO_PARTE",4129098,"DS-D5C86RB-B2L86-RM"
26291,"NRO_PARTE",1744180,"65TR3PJ-B-2023"
26291,"NRO_PARTE",1744294,"86TR3PJ-B-2023"
26291,"NRO_PARTE",2513083,"55150691AP36O"
26291,"NRO_PARTE",2513084,"55150691AP12O"
26291,"NRO_PARTE",2513086,"55150691AR12O"
26291,"NRO_PARTE",2513091,"55150691AP60"
26291,"NRO_PARTE",2513093,"55150691AR36"
26291,"NRO_PARTE",1678115,"55150703P12"
26291,"NRO_PARTE",1678116,"55150703P36"
26291,"NRO_PARTE",1678117,"55150703P60"
26291,"NRO_PARTE",1678118,"55150704P12"
26291,"NRO_PARTE",4129081,"DS-D5C65RB-B2L65-RM"
26291,"NRO_PARTE",4129095,"DS-D5C75RB-B2L75-RM"
26291,"NRO_PARTE",2033238,"E-ONE 65 RO511 BRIO"
26291,"NRO_PARTE",2033287,"E-ONE 75 RO711 BRIO"
26291,"NRO_PARTE",3785307,"86 IFP-BLACK-G3-RM-OPSI7-16G-ON"
26291,"NRO_PARTE",1744303,"86TR3PJ-B-2023-WR"
26291,"NRO_PARTE",3306362,"10010354-712R-M"
26291,"NRO_PARTE",3306380,"10010652-712"
26291,"NRO_PARTE",3306383,"10010653-712R"
26291,"NRO_PARTE",3306542,"BT65LKTHUB24"
26291,"NRO_PARTE",1678119,"65TR3BF-3-WRM-B"
26291,"NRO_PARTE",1678120,"55150704P60"
26291,"NRO_PARTE",1678121,"55150705P12"
26291,"NRO_PARTE",1678122,"55150705P36"
26291,"NRO_PARTE",1678123,"55150705P60"
26291,"NRO_PARTE",1678124,"55150704P36"
26291,"NRO_PARTE",1678125,"432618RK01"
26291,"NRO_PARTE",1678126,"432620RK01"
26291,"NRO_PARTE",1678127,"X-ONE 75 RACK"
26291,"NRO_PARTE",1678128,"432622RK01"
26291,"NRO_PARTE",1678129,"X-ONE 86 RACK"
26291,"NRO_PARTE",1678130,"X-ONE 75 RACK O5"
26291,"NRO_PARTE",1678131,"X-ONE 75 RACK O7"
26291,"NRO_PARTE",1678132,"75TR3DJ-B-2022-WR"
26291,"NRO_PARTE",1678133,"X-ONE 86 RACK O5"
26291,"NRO_PARTE",1678134,"X-ONE 86 RACK O7"
26291,"NRO_PARTE",1678135,"432620RK02"
26291,"NRO_PARTE",1678136,"55150693P60"
26291,"NRO_PARTE",1678137,"PROCOLOR753UIWR"
26291,"NRO_PARTE",1678138,"75TR3DJ-B-2022-WRM-11-3"
26291,"NRO_PARTE",1678139,"OP651RK+G4"
26291,"NRO_PARTE",1678140,"55150691P12"
26291,"NRO_PARTE",1678141,"IFP7550-3-WSD"
26291,"NRO_PARTE",1678142,"IFP7550-3-RMSD"
26291,"NRO_PARTE",1678143,"IFP7550-WRBR"
26291,"NRO_PARTE",1678144,"INK8650LED"
26291,"NRO_PARTE",1678145,"INS8650-TT"
26291,"NRO_PARTE",1678146,"INK8650-T"
26291,"NRO_PARTE",1678147,"LH75WMAWLGCXZA"
26291,"NRO_PARTE",1678148,"ES75-RACK 2022"
26291,"NRO_PARTE",1678149,"65 '' IFP PRO-2022-G3-RM-WEB"
26291,"NRO_PARTE",1678150,"75 "" IFP PRO-2022- G3-WEB"
26291,"NRO_PARTE",1678151,"75 '' IFP PRO-2022-G3-RM-WEB"
26291,"NRO_PARTE",1678152,"ES75-2022"
26291,"NRO_PARTE",1678153,"86TR3DJ-B"
26291,"NRO_PARTE",1678154,"EX75 2022"
26291,"NRO_PARTE",1678155,"LH75WMBWLGCXZA"
26291,"NRO_PARTE",1678156,"LH85WMBWLGCXZA"
26291,"NRO_PARTE",1678157,"65 '' IFP PRO-2022-G5"
26291,"NRO_PARTE",1678158,"E-ONE 75 RACK"
26291,"NRO_PARTE",1678159,"65 '' IFP PRO-2022-G5-RM"
26291,"NRO_PARTE",1678160,"65 IFP – 2022- G5"
26291,"NRO_PARTE",1678161,"75 "" IFP PRO-2022- G5"
26291,"NRO_PARTE",1678162,"75 '' IFP PRO-2022-G5-RM"
26291,"NRO_PARTE",1678163,"X-ONE 75"
26291,"NRO_PARTE",1678164,"X-ONE 86"
26291,"NRO_PARTE",1678165,"75 IFP PRO-2021-G3"
26291,"NRO_PARTE",1678166,"75¨ IFP PRO-2021-G3"
26291,"NRO_PARTE",1678167,"75 "" IFP PRO-2021-G3"
26291,"NRO_PARTE",1678168,"86 IFP PRO-2022-G3"
26291,"NRO_PARTE",1678169,"86 IFP PRO-2022-G3-RM"
26291,"NRO_PARTE",1678170,"75  IFP PRO-2022- G3"
26291,"NRO_PARTE",1678171,"75  IFP PRO-2022-G3-RM"
26291,"NRO_PARTE",1678172,"75 "" IFP PRO-2021-RM-G3"
26291,"NRO_PARTE",1678173,"5752RKPM-CAM"
26291,"NRO_PARTE",1678174,"432526"
26291,"NRO_PARTE",1678175,"IFP5550-3-WRM"
26291,"NRO_PARTE",1678176,"IFP5550-3-WR"
26291,"NRO_PARTE",1678177,"EXI86-PC50"
26291,"NRO_PARTE",1678178,"432206RK"
26291,"NRO_PARTE",1678179,"432526RK"
26291,"NRO_PARTE",1838408,"5752RKPM-OPS3-I7-TPM9.0"
26291,"NRO_PARTE",4129103,"DS-D5C65RB-B2L65-RM-OPS5"
26291,"NRO_PARTE",4129108,"DS-D5C75RB-B2L75-RM-OPS5"
26291,"NRO_PARTE",2804032,"4P8624QT3-SOL"
26291,"NRO_PARTE",1678180,"432526RKCL"
26291,"NRO_PARTE",1678181,"432526CL"
26291,"NRO_PARTE",1678182,"EXI65-RMTP"
26291,"NRO_PARTE",1678183,"EXI86-RMTP"
26291,"NRO_PARTE",1678184,"EXI75-PC50"
26291,"NRO_PARTE",1678185,"86 IFP – 2022- G5-RM"
26291,"NRO_PARTE",1678186,"IPF5550-3"
26291,"NRO_PARTE",1678187,"EXI65-PC50"
26291,"NRO_PARTE",1678188,"PROCOLOR863UR"
26291,"NRO_PARTE",1678189,"75 IFP – 2022-G5-RM"
26291,"NRO_PARTE",1678190,"5862RKPM-CAM"
26291,"NRO_PARTE",1678191,"86 IFP – 2022- G5"
26291,"NRO_PARTE",1678192,"86"" IFP PRO-2022-G5"
26291,"NRO_PARTE",1678193,"65 IFP – 2022- G5 - RM"
26291,"NRO_PARTE",1678194,"EXI65-RPC50"
26291,"NRO_PARTE",1678195,"75TR3DJ-B-2022-WRM-11-WOPSCAM-5"
26291,"NRO_PARTE",1678196,"86TR3DJ-B-2022-WRM-11-WOPSCAM-5"
26291,"NRO_PARTE",1678197,"432618RK"
26291,"NRO_PARTE",1678198,"432620RK"
26291,"NRO_PARTE",1678199,"75 IFP – 2022- G5"
26291,"NRO_PARTE",1678200,"432622RK"
26291,"NRO_PARTE",1678201,"86"" IFP PRO-2022-G5-RM"
26291,"NRO_PARTE",1678202,"IFP7560-RM"
26291,"NRO_PARTE",1678203,"432620CL"
26291,"NRO_PARTE",1678204,"432622CL"
26291,"NRO_PARTE",1678205,"432620RKCL"
26291,"NRO_PARTE",1678206,"E-ONE 75 O5"
26291,"NRO_PARTE",1678207,"5652RKPM-CAM"
26291,"NRO_PARTE",1678208,"E-ONE 65"
26291,"NRO_PARTE",1678209,"E-ONE 75"
26291,"NRO_PARTE",1678210,"E-ONE 86"
26291,"NRO_PARTE",1678211,"86TR3DJ-B-2022-WRM-11-WOPSCAM"
26291,"NRO_PARTE",1678212,"86TR3DJ-B-2022-WRM-11-WOPSCAM-1"
26291,"NRO_PARTE",1678213,"86TR3DJ-B-2022-WRM-11-WOPSCAM-2"
26291,"NRO_PARTE",1678214,"86TR3DJ-B-2022-WRM-11-WOPSCAM-3"
26291,"NRO_PARTE",1678215,"86TR3DJ-B-2022-WRM-11-WOPSCAM-4"
26291,"NRO_PARTE",1678216,"E-ONE 65 RO5"
26291,"NRO_PARTE",1678217,"E-ONE 86 RO5"
26291,"NRO_PARTE",1678218,"E-ONE 65 RACK"
26291,"NRO_PARTE",1678219,"E-ONE 86 RACK"
26291,"NRO_PARTE",1678220,"E-ONE 75 RO5"
26291,"NRO_PARTE",1678221,"75TR3BF-3-WRM-B2021"
26291,"NRO_PARTE",1678222,"75TR3BF-B2021"
26291,"NRO_PARTE",1678223,"IFP7550-3-RMMETP"
26291,"NRO_PARTE",1678224,"E-ONE 75 RO7"
26291,"NRO_PARTE",1678225,"EX65-O5-PC20"
26291,"NRO_PARTE",1678226,"75TR3DJ-B-2022-WRM-11-WCAM"
26291,"NRO_PARTE",1678227,"EX65-O7"
26291,"NRO_PARTE",1678228,"EX86-RO5"
26291,"NRO_PARTE",1678229,"75 IFP-RM- 2020-G5"
26291,"NRO_PARTE",1678230,"65 IFP-RM-2020-G3"
26291,"NRO_PARTE",1678231,"EX86-O5"
26291,"NRO_PARTE",1678232,"EX75-O7"
26291,"NRO_PARTE",1678233,"EX86-RO7"
26291,"NRO_PARTE",1678234,"75 IFP- 2020-G5"
26291,"NRO_PARTE",1678235,"65 IFP- 2020-G5"
26291,"NRO_PARTE",1678236,"65 IFP-RM- 2020-G5"
26291,"NRO_PARTE",1678237,"86TR3DJ-B-2022-WRM-11-WCAM"
26291,"NRO_PARTE",1678238,"86 IFP-2020-G5"
26291,"NRO_PARTE",1678239,"EX75-RO5"
26291,"NRO_PARTE",1678240,"86 IFP- RM- 2020-G5"
26291,"NRO_PARTE",1838398,"5752RKPM-OPS3-I5-TPM9.0"
26291,"NRO_PARTE",1838436,"5862RKPM-OPS3-I7-TPM9.0"
26291,"NRO_PARTE",1838507,"432523CL-CAM02"
26291,"NRO_PARTE",2554391,"3752RK-8"
26291,"NRO_PARTE",3951974,"55150938P36BOS"
26291,"NRO_PARTE",3785277,"86 IFP-BLACK-G5-OPSI7-16G-ON"
26291,"NRO_PARTE",2627061,"TL7-75-AVA1800-70-5KMT"
26291,"NRO_PARTE",1678241,"MW3565-T."
26291,"NRO_PARTE",1678242,"ES86"
26291,"NRO_PARTE",1678243,"EX65-RC"
26291,"NRO_PARTE",1678244,"65 IFP PRO-2022-G3"
26291,"NRO_PARTE",1678245,"65 IFP PRO-2022-G3-RM"
26291,"NRO_PARTE",1678246,"QITBB65 G"
26291,"NRO_PARTE",1678247,"QITBB55 G"
26291,"NRO_PARTE",1678248,"QITBB86 G"
26291,"NRO_PARTE",1678249,"86TR3BF-B-2022-1-WR"
26291,"NRO_PARTE",1678250,"86TR3BF-B-2022-WRM"
26291,"NRO_PARTE",1678251,"ES75"
26291,"NRO_PARTE",1678252,"ES75-RACK"
26291,"NRO_PARTE",1678253,"ES86-RACK"
26291,"NRO_PARTE",1678254,"IFP7532-W"
26291,"NRO_PARTE",1678255,"75TR3BF-2-WR-B2021"
26291,"NRO_PARTE",1678256,"IFP7550-3-RMETP"
26291,"NRO_PARTE",1678257,"86TR3BF-B-2022-2"
26291,"NRO_PARTE",1678258,"86TR3DJ-B-2022-11-2"
26291,"NRO_PARTE",1678259,"86TR3DJ-B-2022-11-3"
26291,"NRO_PARTE",1678260,"86TR3DJ-B-2022-11-4"
26291,"NRO_PARTE",1678261,"86TR3DJ-B-2022-WRM-11-2"
26291,"NRO_PARTE",1678262,"86TR3BF-B-2022-WR"
26291,"NRO_PARTE",1678263,"86TR3BF-B-2022-2-WR"
26291,"NRO_PARTE",1678264,"86TR3BF-B-2022-1-WRM"
26291,"NRO_PARTE",1678265,"IFP8632-W"
26291,"NRO_PARTE",1678266,"PROCOLOR753ULWR"
26291,"NRO_PARTE",1678267,"5652RK"
26291,"NRO_PARTE",1678268,"5652RKPM"
26291,"NRO_PARTE",1678269,"PROCOLOR863UW"
26291,"NRO_PARTE",1678270,"IFP7552-WR"
26291,"NRO_PARTE",1678271,"86TR3E-B"
26291,"NRO_PARTE",1678272,"PROCOLOR702U"
26291,"NRO_PARTE",1678273,"PROCOLOR862U"
26291,"NRO_PARTE",1678274,"PROCOLOR752U"
26291,"NRO_PARTE",1678275,"PROCOLOR652U"
26291,"NRO_PARTE",1678276,"PROCOLOR 652U"
26291,"NRO_PARTE",1678277,"LH75QBNWLGC/ZA"
26291,"NRO_PARTE",1678278,"EK75"
26291,"NRO_PARTE",1678279,"EK86"
26291,"NRO_PARTE",1678280,"55TA3E-B"
26291,"NRO_PARTE",1678281,"AP7-B70-NA-1"
26291,"NRO_PARTE",1678282,"AP7-B75-NA-1"
26291,"NRO_PARTE",1678283,"AP7-B86-NA-1"
26291,"NRO_PARTE",1678284,"AP7-U65-NA-1"
26291,"NRO_PARTE",1678285,"AP7-U86-NA-1"
26291,"NRO_PARTE",1678286,"9H.F4STK.DE2"
26291,"NRO_PARTE",1678287,"9H.F4VTK.DC2"
26291,"NRO_PARTE",1678288,"9H.F3VTC.DE5"
26291,"NRO_PARTE",1678289,"EK-75"
26291,"NRO_PARTE",1678290,"EK-65"
26291,"NRO_PARTE",1678291,"MP86"
26291,"NRO_PARTE",1678292,"9H.F4STK.DC2"
26291,"NRO_PARTE",1678293,"EK65"
26291,"NRO_PARTE",1678294,"AP7-U75-NA-1"
26291,"NRO_PARTE",1678295,"MP75"
26291,"NRO_PARTE",1678296,"86TR3E-B."
26291,"NRO_PARTE",1678297,"H-EK-65"
26291,"NRO_PARTE",1678298,"10062455"
26291,"NRO_PARTE",1678299,"10072465"
26291,"NRO_PARTE",1678300,"10072475"
26291,"NRO_PARTE",1678301,"10072486"
26291,"NRO_PARTE",1678302,"10062475"
26291,"NRO_PARTE",1678303,"10062486"
26291,"NRO_PARTE",1838666,"432523RK01CL-CAM01"
26291,"NRO_PARTE",2939388,"T775O7RME"
26291,"NRO_PARTE",2926373,"TL775"
26291,"NRO_PARTE",2926601,"55150650R12SO."
26291,"NRO_PARTE",1744188,"65TR3PJ-B-2023-WR"
26291,"NRO_PARTE",1678304,"10072075AA"
26291,"NRO_PARTE",1678305,"10072175AA"
26291,"NRO_PARTE",1678306,"10072086AA"
26291,"NRO_PARTE",1678307,"10072186AA"
26291,"NRO_PARTE",1678308,"10072165AA"
26291,"NRO_PARTE",1678309,"10072065AA"
26291,"NRO_PARTE",1678310,"5752RK"
26291,"NRO_PARTE",1678311,"PROCOLOR753ULWP"
26291,"NRO_PARTE",1678312,"PROCOLOR753UWR"
26291,"NRO_PARTE",1678313,"MPII75"
26291,"NRO_PARTE",1678314,"32TA3E-B"
26291,"NRO_PARTE",1678315,"PROCOLOR863U"
26291,"NRO_PARTE",1678316,"43TA3E-B"
26291,"NRO_PARTE",1678317,"MP65"
26291,"NRO_PARTE",1678318,"PROCOLOR653U"
26291,"NRO_PARTE",1678319,"PROCOLOR753U"
26291,"NRO_PARTE",1678320,"VSV00058042019"
26291,"NRO_PARTE",1678321,"VSV00058052019"
26291,"NRO_PARTE",1678322,"VSV00058032019"
26291,"NRO_PARTE",1678323,"PROCOLOR 863U"
26291,"NRO_PARTE",1678324,"PROCOLOR 653U"
26291,"NRO_PARTE",1678325,"PROCOLOR 753U"
26291,"NRO_PARTE",1678326,"55TC3D-B"
26291,"NRO_PARTE",1678327,"65TC3D-B"
26291,"NRO_PARTE",1678328,"75TC3D-B"
26291,"NRO_PARTE",1678329,"FIT-TVI75H8"
26291,"NRO_PARTE",1678330,"TVI86H8"
26291,"NRO_PARTE",1678331,"NXTL70EB"
26291,"NRO_PARTE",1678332,"NXTL55EB"
26291,"NRO_PARTE",1678333,"NXTL75EB"
26291,"NRO_PARTE",1678334,"NXTL86EB"
26291,"NRO_PARTE",1678335,"NXTL98EB"
26291,"NRO_PARTE",1678336,"NXTL65EB"
26291,"NRO_PARTE",1678337,"TVI75H8"
26291,"NRO_PARTE",1678338,"TESN65A"
26291,"NRO_PARTE",1678339,"TESN86"
26291,"NRO_PARTE",1678340,"TESN75A"
26291,"NRO_PARTE",1678341,"TESN65A1"
26291,"NRO_PARTE",1678342,"V1186 4K 2019"
26291,"NRO_PARTE",1678343,"V1175 4K 2019"
26291,"NRO_PARTE",1678344,"V1165 4K 2019"
26291,"NRO_PARTE",1678345,"86TN3F-B"
26291,"NRO_PARTE",1678346,"E1075 2019"
26291,"NRO_PARTE",1678347,"E1065 4K 2019"
26291,"NRO_PARTE",1678348,"E1055 4K 2019"
26291,"NRO_PARTE",1678349,"86TR3BF-B"
26291,"NRO_PARTE",1678350,"E1086R 4K"
26291,"NRO_PARTE",1678351,"E1086 4K 2019"
26291,"NRO_PARTE",1678352,"E1075 4K 2019"
26291,"NRO_PARTE",1678353,"75TR3BF-B"
26291,"NRO_PARTE",1678354,"9H.F4STK.DE1"
26291,"NRO_PARTE",1678355,"9H.F4VTK.DE1"
26291,"NRO_PARTE",1678356,"9H.F4TTK.DE3"
26291,"NRO_PARTE",1678357,"OP651RK+"
26291,"NRO_PARTE",1678358,"OP751RK+"
26291,"NRO_PARTE",1678359,"OP861RK+"
26291,"NRO_PARTE",1678360,"IFP8650-2"
26291,"NRO_PARTE",1678361,"IFP5550-2"
26291,"NRO_PARTE",1678362,"IFP6550-2"
26291,"NRO_PARTE",1678363,"PN-L851H"
26291,"NRO_PARTE",1678364,"IFP7550-2"
26291,"NRO_PARTE",1678365,"PNL751H"
26291,"NRO_PARTE",1678366,"49TA3E-B"
26291,"NRO_PARTE",1727887,"432620RK01."
26291,"NRO_PARTE",4129111,"DS-D5C86RB-B2L86-RM-OPS5"
26291,"NRO_PARTE",4129124,"DS-D5C65RB-B2L65-RM-OPS7"
26291,"NRO_PARTE",4129125,"DS-D5C75RB-B2L75-RM-OPS7"
26291,"NRO_PARTE",4129131,"DS-D5C86RB-B2L86-RM-OPS7"
26291,"NRO_PARTE",3785329,"86 IFP-BLACK-G5-RM-OPSI7-16G-ON"
26291,"NRO_PARTE",1678367,"PNL651H"
26291,"NRO_PARTE",1678368,"65TR3BF-B"
26291,"NRO_PARTE",1678369,"0608641030501"
26291,"NRO_PARTE",1678370,"F-LH55WMRWB-1"
26291,"NRO_PARTE",1678371,"F-LH65WMRWB-1"
26291,"NRO_PARTE",1678372,"AP7-U75"
26291,"NRO_PARTE",1678373,"AP7-U65"
26291,"NRO_PARTE",1678374,"10072455"
26291,"NRO_PARTE",1678375,"10062465"
26291,"NRO_PARTE",1678376,"65 IFP-RM- 2020"
26291,"NRO_PARTE",1678377,"86 IFP-R- 2020"
26291,"NRO_PARTE",1678378,"75 IFP- 2020"
26291,"NRO_PARTE",1678379,"65 IFP-R- 2020"
26291,"NRO_PARTE",1678380,"86 IFP-RM- 2020"
26291,"NRO_PARTE",1678381,"75 IFP-RM- 2020"
26291,"NRO_PARTE",1678382,"65 IFP- 2020"
26291,"NRO_PARTE",1678383,"75 IFP-R- 2020"
26291,"NRO_PARTE",1678384,"86 IFP- 2020"
26291,"NRO_PARTE",1678385,"E1065 4K 2019 RACK"
26291,"NRO_PARTE",1678386,"E1086 4K 2019 RACK"
26291,"NRO_PARTE",1678387,"IPVA75000601"
26291,"NRO_PARTE",1678388,"E1075 4K 2019 RACK"
26291,"NRO_PARTE",1678389,"IPVA86000602"
26291,"NRO_PARTE",1678390,"EX65"
26291,"NRO_PARTE",1678391,"EX86"
26291,"NRO_PARTE",1678392,"EX75-RACK"
26291,"NRO_PARTE",1678393,"EX65-RACK"
26291,"NRO_PARTE",1678394,"EX86-RACK"
26291,"NRO_PARTE",1678395,"EX75"
26291,"NRO_PARTE",1678396,"S4300"
26291,"NRO_PARTE",1678397,"8592580115363"
26291,"NRO_PARTE",1678398,"8592580115387"
26291,"NRO_PARTE",1678399,"8592580115370"
26291,"NRO_PARTE",1678400,"10042165"
26291,"NRO_PARTE",1678401,"10042175"
26291,"NRO_PARTE",1678402,"10042086"
26291,"NRO_PARTE",1678403,"10042186"
26291,"NRO_PARTE",1678404,"10042065"
26291,"NRO_PARTE",1678405,"10042075"
26291,"NRO_PARTE",1678406,"EKII65"
26291,"NRO_PARTE",1678407,"EKII75"
26291,"NRO_PARTE",1678408,"EKII86"
26291,"NRO_PARTE",1678409,"IFP7550-2-WR"
26291,"NRO_PARTE",1678410,"10072186"
26291,"NRO_PARTE",1678411,"IFP9850"
26291,"NRO_PARTE",1678412,"IFP8652-W"
26291,"NRO_PARTE",1678413,"PROCOLOR753UW"
26291,"NRO_PARTE",1678414,"APT2-84"
26291,"NRO_PARTE",1678415,"PN-C703B"
26291,"NRO_PARTE",1678416,"KAPP-IQPRO75"
26291,"NRO_PARTE",1678417,"SPNL-4070"
26291,"NRO_PARTE",1678418,"TH-50LFB70U"
26291,"NRO_PARTE",1678419,"TH-80LFB70U"
26291,"NRO_PARTE",1678420,"10052075"
26291,"NRO_PARTE",1678421,"10052086"
26291,"NRO_PARTE",1678422,"IFP 7560"
26291,"NRO_PARTE",1678423,"E1086 4K (MODELO 2018)"
26291,"NRO_PARTE",1678424,"E1075 4K (MODELO 2018)"
26291,"NRO_PARTE",1678425,"E1065 4K (MODELO 2018)"
26291,"NRO_PARTE",1678426,"E1055 4K (MODELO 2018)"
26291,"NRO_PARTE",1678427,"AP6-75A-4K"
26291,"NRO_PARTE",1678428,"AP6-65A-4K"
26291,"NRO_PARTE",1678429,"AP6-70A"
26291,"NRO_PARTE",1744280,"75TR3PJ-B-2023-WR"
26291,"NRO_PARTE",1678430,"86TR3D-B"
26291,"NRO_PARTE",1678431,"OP861RK"
26291,"NRO_PARTE",1678432,"OP751RK"
26291,"NRO_PARTE",1678433,"IFP8650-2-WRM"
26291,"NRO_PARTE",1678434,"IFP6550-2-WR"
26291,"NRO_PARTE",1678435,"10052065"
26291,"NRO_PARTE",1678436,"CDE 5510"
26291,"NRO_PARTE",1678437,"IFP6560"
26291,"NRO_PARTE",1678438,"86TR3D"
26291,"NRO_PARTE",1678439,"E1086 4K"
26291,"NRO_PARTE",1678440,"E1065 4K (MODEL 2018)"
26291,"NRO_PARTE",1678441,"E1075 4K (MODEL 2018)"
26291,"NRO_PARTE",1678442,"E1055 4K"
26291,"NRO_PARTE",1678443,"E1075 4K"
26291,"NRO_PARTE",1678444,"E1065 4K"
26291,"NRO_PARTE",1678445,"E1055 4K (MODEL 2018)"
26291,"NRO_PARTE",1678446,"E1086 4K (MODEL 2018)"
26291,"NRO_PARTE",1678447,"I3864KICORE3"
26291,"NRO_PARTE",1678448,"I3864K"
26291,"NRO_PARTE",1678449,"I3754K"
26291,"NRO_PARTE",1678450,"I3654K"
26291,"NRO_PARTE",1678451,"I3554K"
26291,"NRO_PARTE",1678452,"I3 TOUCH E1055 ICORE5"
26291,"NRO_PARTE",1678453,"I3 TOUCH E1065 ICORE5"
26291,"NRO_PARTE",1678454,"I3 TOUCH E1075 ICORE7"
26291,"NRO_PARTE",1678455,"I3 TOUCH E1075 ICORE5"
26291,"NRO_PARTE",1678456,"I3 TOUCH E1075 ICORE3"
26291,"NRO_PARTE",1678457,"I3 TOUCH E1055 ICORE7"
26291,"NRO_PARTE",1678458,"I3 TOUCH E1086 ICORE7"
26291,"NRO_PARTE",1678459,"I3 TOUCH E1065 ICORE7"
26291,"NRO_PARTE",1678460,"I3 TOUCH E1086 ICORE5"
26291,"NRO_PARTE",1678461,"I3 TOUCH E1055 ICORE3"
26291,"NRO_PARTE",1678462,"I3 TOUCH E1065 ICORE3"
26291,"NRO_PARTE",1678463,"LH75QBHRTBC ZA"
26291,"NRO_PARTE",1678464,"LH65QBHRTBCZA"
26291,"NRO_PARTE",1678465,"LH65QBHRTBC ZA"
26291,"NRO_PARTE",1678466,"IFP8650-2-WR"
26291,"NRO_PARTE",1678467,"IFP7550-2-WRM"
26291,"NRO_PARTE",1678468,"10052475"
26291,"NRO_PARTE",1678469,"10052455"
26291,"NRO_PARTE",1678470,"10052465"
26291,"NRO_PARTE",1678471,"86TR3BF-2-WR-B"
26291,"NRO_PARTE",1678472,"65TR3BF-2-WR-B"
26291,"NRO_PARTE",1678473,"10052486"
26291,"NRO_PARTE",1678474,"75TR3BF-2-WR-B"
26291,"NRO_PARTE",1678475,"10072165"
26291,"NRO_PARTE",1678476,"10072086"
26291,"NRO_PARTE",1678477,"10072075"
26291,"NRO_PARTE",1678478,"10072065"
26291,"NRO_PARTE",1678479,"10072175"
26291,"NRO_PARTE",1678480,"10072180"
26291,"NRO_PARTE",1678481,"PROCOLOR 652UV3"
26291,"NRO_PARTE",1678482,"MPII65"
26291,"NRO_PARTE",1678483,"MPII86"
26291,"NRO_PARTE",1678484,"IFP6550-2-WRM"
26291,"NRO_PARTE",1678485,"IFP5550-2-WRM"
26291,"NRO_PARTE",1678486,"IFP5550-2-WR"
26291,"NRO_PARTE",1678487,"LH65WMRWBGCXZA-1"
26291,"NRO_PARTE",1678488,"LH43QBREBGCXGO"
26291,"NRO_PARTE",1678489,"AP7-U86"
26291,"NRO_PARTE",1678490,"AP7-B75"
26291,"NRO_PARTE",1678491,"AP7-B70"
26291,"NRO_PARTE",4143600,"IFP9851-R"
26291,"NRO_PARTE",1835631,"E-ONE 75 RO511 PC20"
26291,"NRO_PARTE",1835638,"E-ONE 86 RO711 PC20"
26291,"NRO_PARTE",1835646,"E-ONE 65 RO511"
26291,"NRO_PARTE",1835647,"E-ONE 75 RO511"
26291,"NRO_PARTE",1835655,"E-ONE 75 RO711"
26291,"NRO_PARTE",3855764,"75 IFP-BLACK-G-G3-OPSI7-1TB-WEB"
26291,"NRO_PARTE",3855824,"75 IFP-BLACK-G-G5-OPSI7-1TB-WEB"
26291,"NRO_PARTE",4019554,"5863RK- 37"
26291,"NRO_PARTE",2844350,"BT75LKTPRO"
26291,"NRO_PARTE",2844371,"BT98LKTPRO"
26291,"NRO_PARTE",3100623,"3862RK- 4"
26291,"NRO_PARTE",3100648,"3862RK- 9"
26291,"NRO_PARTE",3100652,"3862RK- 10"
26291,"NRO_PARTE",3100655,"3862RK- 11"
26291,"NRO_PARTE",3100662,"3862RK- 13"
26291,"NRO_PARTE",1678492,"AP7-B86"
26291,"NRO_PARTE",1678493,"LH55WMRWBGCXZA-1"
26291,"NRO_PARTE",1678494,"VSV0005803"
26291,"NRO_PARTE",1678495,"VSV0005805"
26291,"NRO_PARTE",1678496,"VSV0005804"
26291,"NRO_PARTE",1678497,"PROCOLOR 752U"
26291,"NRO_PARTE",1678498,"PROCOLOR 702U"
26291,"NRO_PARTE",1678499,"LH65QBHRTBC/GO"
26291,"NRO_PARTE",1678500,"LH65QBHRTBC"
26291,"NRO_PARTE",1678501,"LH75QBHRTBC"
26291,"NRO_PARTE",1678502,"PROCOLOR 862U"
26291,"NRO_PARTE",1678503,"55LV35A-5B"
26291,"NRO_PARTE",1678504,"10052165"
26291,"NRO_PARTE",1678505,"10052175"
26291,"NRO_PARTE",1678506,"10052186"
26291,"NRO_PARTE",1678507,"AP6-86A-4K"
26291,"NRO_PARTE",1678508,"OP651RK"
26291,"NRO_PARTE",1678509,"75 IFP – 2022- G3-OPSI7-WEB"
26291,"NRO_PARTE",1678510,"75 IFP–2022-G3-RM-OPSI7-WEB"
26291,"NRO_PARTE",1678511,"LH43QBREBGC/GO"
26291,"NRO_PARTE",1678512,"E1075 4K 2020"
26291,"NRO_PARTE",1678513,"IFP6552-W"
26291,"NRO_PARTE",1678514,"86TR3DJ-B-2022-WRM-11-WNUC"
26291,"NRO_PARTE",1678515,"75TR3DJ-B-2022-WRM-11-WOPS"
26291,"NRO_PARTE",1678516,"75TR3DJ-B-2022-WRM-11-WNUC"
26291,"NRO_PARTE",1678517,"86TR3DJ-B-2022-WRM-11-WOPS"
26291,"NRO_PARTE",1678518,"BUNDLEBOARD G 75"""
26291,"NRO_PARTE",1678519,"PROCOLOR863UIWP"
26291,"NRO_PARTE",1678520,"55150650R36"
26291,"NRO_PARTE",1678521,"55150650P36"
26291,"NRO_PARTE",1678522,"INS8650-22"
26291,"NRO_PARTE",1678523,"PROCOLOR653UR"
26291,"NRO_PARTE",1678524,"IFP7532-WRM"
26291,"NRO_PARTE",1678525,"55150651P12"
26291,"NRO_PARTE",1678526,"55150652R36"
26291,"NRO_PARTE",1678527,"75TR3DJ-B-2022-WR-11-6"
26291,"NRO_PARTE",1678528,"IFP8632-WRM"
26291,"NRO_PARTE",1678529,"75TR3DJ-B-2022-WRM-11-WOPS-6"
26291,"NRO_PARTE",1678530,"86TR3DJ-B-2022-WR-11-6"
26291,"NRO_PARTE",1678531,"86TR3DJ-B-2022-WRM-11-6"
26291,"NRO_PARTE",1678532,"86TR3DJ-B-2022-WRM-11-WOPS-6"
26291,"NRO_PARTE",1678533,"55150652P36"
26291,"NRO_PARTE",1678534,"IFP6532-WRM"
26291,"NRO_PARTE",1678535,"55150651R12"
26291,"NRO_PARTE",1678536,"55150652P12"
26291,"NRO_PARTE",1678537,"IFP7550-3-HUBZ"
26291,"NRO_PARTE",1678538,"IFP6550-3-HUBZ"
26291,"NRO_PARTE",1678539,"55150651P36"
26291,"NRO_PARTE",1678540,"IFP5550-3-MEETUP"
26291,"NRO_PARTE",1678541,"55150651R36"
26291,"NRO_PARTE",1678542,"55150652R12"
26291,"NRO_PARTE",1678543,"IFP7552-W"
26291,"NRO_PARTE",1678544,"75 IFP–2022-G3-RM-OPSI3-WEB"
26291,"NRO_PARTE",1678545,"75TR3DJ-B-2022-WR-11-4"
26291,"NRO_PARTE",1678546,"75TR3DJ-B-2022-WRM-11-1"
26291,"NRO_PARTE",1678547,"IFP5550-3-HUBZ"
26291,"NRO_PARTE",1678548,"IFP6550-3-MEETUP"
26291,"NRO_PARTE",1678549,"EXI86-RPC50"
26291,"NRO_PARTE",1678550,"EXI75-RPC50"
26291,"NRO_PARTE",1678551,"EX86-RC"
26291,"NRO_PARTE",1678552,"75TR3DJ-B-2022-11"
26291,"NRO_PARTE",2562577,"E-ONE 86 R7 P20"
26291,"NRO_PARTE",4224474,"B3P86.RP.O"
26291,"NRO_PARTE",4224481,"B3P75.C.RM"
26291,"NRO_PARTE",4224484,"B3P75.C.RM.O"
26291,"NRO_PARTE",4224490,"B3P75.C.RP"
26291,"NRO_PARTE",4224494,"B3P75.C.RP.O"
26291,"NRO_PARTE",4224496,"BT-98LKTHUBR26"
26291,"NRO_PARTE",4224501,"2994"
26291,"NRO_PARTE",4224509,"B3P75.RM.O"
26291,"NRO_PARTE",2895272,"RIVA110R2-OPSI716512-13MP2-RM"
26291,"NRO_PARTE",1835634,"E-ONE 86 RO511 PC20"
26291,"NRO_PARTE",2129121,"GCSTSCREEN001-98"
26291,"NRO_PARTE",4019511,"5863RK- 36"
26291,"NRO_PARTE",3315560,"10010553-712-B"
26291,"NRO_PARTE",3315697,"SC02-I365A-OPS127-MSBA01B-OFFICEHB2024-5AG"
26291,"NRO_PARTE",1678553,"86TR3DJ-B-2022-WRM-11"
26291,"NRO_PARTE",1678554,"PROCOLOR753UWRLBRIO"
26291,"NRO_PARTE",1678555,"PROCOLOR753UWPLBRIO"
26291,"NRO_PARTE",1678556,"75 IFP – 2022- G3-OPSI3-WEB"
26291,"NRO_PARTE",1678557,"E-ONE 75 O7"
26291,"NRO_PARTE",1678558,"86TR3DJ-B-2022-11"
26291,"NRO_PARTE",1678559,"E-ONE 86 O7"
26291,"NRO_PARTE",1678560,"EX65 2021"
26291,"NRO_PARTE",1678561,"EX86-C"
26291,"NRO_PARTE",1678562,"IFP5550-3-TSCAM"
26291,"NRO_PARTE",1678563,"IFP6550-3-HUBT"
26291,"NRO_PARTE",1678564,"IFP6550-3-WMVPC"
26291,"NRO_PARTE",1678565,"86TR3BF-B-2022-2-WRM"
26291,"NRO_PARTE",1678566,"75TR3DJ-B-2022-WR-11"
26291,"NRO_PARTE",1678567,"E-ONE 86 O5"
26291,"NRO_PARTE",1678568,"I3TOUCH EX"
26291,"NRO_PARTE",1678569,"75TR3DJ-B-2022-WRM-11"
26291,"NRO_PARTE",1678570,"86TR3DJ-B-2022-WR-11"
26291,"NRO_PARTE",1678571,"EX75-RC"
26291,"NRO_PARTE",1678572,"EX65-C"
26291,"NRO_PARTE",1678573,"EX75-C"
26291,"NRO_PARTE",1678574,"432523RK"
26291,"NRO_PARTE",1678575,"75TR3DJ-B-2022-WR-11-2"
26291,"NRO_PARTE",1678576,"IFP7550-3-HUBT"
26291,"NRO_PARTE",1678577,"432618CL"
26291,"NRO_PARTE",1678578,"55150691P60"
26291,"NRO_PARTE",1678579,"55150693P36"
26291,"NRO_PARTE",1678580,"IFP5550-3-HUBT"
26291,"NRO_PARTE",1678581,"432622RKCL"
26291,"NRO_PARTE",1678582,"75TR3DJ-B-2022-11-3"
26291,"NRO_PARTE",1678583,"432618RKCL"
26291,"NRO_PARTE",1678584,"55150692P12"
26291,"NRO_PARTE",1678585,"55150692P36"
26291,"NRO_PARTE",1678586,"55150691P36"
26291,"NRO_PARTE",1678587,"55150692P60"
26291,"NRO_PARTE",1678588,"55150693P12"
26291,"NRO_PARTE",1678589,"PROCOLOR753UP"
26291,"NRO_PARTE",1678590,"75TR3DJ-B-2022-WRM-11-5"
26291,"NRO_PARTE",1678591,"86TR3DJ-B-2022-WR-11-4"
26291,"NRO_PARTE",1678592,"86TR3DJ-B-2022-WR-11-5"
26291,"NRO_PARTE",1678593,"PROCOLOR753UR"
26291,"NRO_PARTE",1678594,"75TR3DJ-B-2022-11-5"
26291,"NRO_PARTE",1678595,"75TR3DJ"
26291,"NRO_PARTE",1678596,"75TR3DJ-B-2022-WRM-11-2"
26291,"NRO_PARTE",1678597,"10162486"
26291,"NRO_PARTE",1678598,"75TR3DJ-B-2022-WRM-11-6"
26291,"NRO_PARTE",1678599,"QIT1486"
26291,"NRO_PARTE",1678600,"QIT1475"
26291,"NRO_PARTE",1678601,"PROCOLOR753UIW"
26291,"NRO_PARTE",1678602,"PROCOLOR753UIWP"
26291,"NRO_PARTE",1678603,"BUNDLEBOARD G 55"""
26291,"NRO_PARTE",1678604,"55CT5WJ-B-WSST"
26291,"NRO_PARTE",1678605,"55CT5WJ-B"
26291,"NRO_PARTE",1678606,"BUNDLEBOARD G 65"""
26291,"NRO_PARTE",1678607,"BUNDLEBOARD G 86"""
26291,"NRO_PARTE",1678608,"75TR3DJ-B-2022-WR-11-12"
26291,"NRO_PARTE",1678609,"75TR3DJ-B-2022-WRM-11-12"
26291,"NRO_PARTE",1678610,"IFP6552-WRM"
26291,"NRO_PARTE",1678611,"IFP8652-WR"
26291,"NRO_PARTE",1678612,"55CT5WJ-B-WST"
26291,"NRO_PARTE",1678613,"IFP7552-WRM"
26291,"NRO_PARTE",4224514,"B3P75.RP"
26291,"NRO_PARTE",4224517,"B3P75.RP.O"
26291,"NRO_PARTE",4139441,"75RIVAR2-13MP2-RF"
26291,"NRO_PARTE",2895220,"DSTEDP75W83BF"
26291,"NRO_PARTE",2895282,"RIVA110R2-OPSI716512-RM"
26291,"NRO_PARTE",2895319,"QA1300PRO110-OPSI716512-RM"
26291,"NRO_PARTE",1835636,"E-ONE 65 RO711 PC20"
26291,"NRO_PARTE",1835637,"E-ONE 75 RO711 PC20"
26291,"NRO_PARTE",1835649,"E-ONE 86 RO511"
26291,"NRO_PARTE",1835652,"E-ONE 65 RO711"
26291,"NRO_PARTE",4019631,"DS-D5B65RB-EL"
26291,"NRO_PARTE",3100603,"3862RK- 3"
26291,"NRO_PARTE",3100630,"3862RK- 5"
26291,"NRO_PARTE",3100644,"3862RK- 8"
26291,"NRO_PARTE",3100659,"3862RK- 12"
26291,"NRO_PARTE",3100745,"3862RK- 14"
26291,"NRO_PARTE",3100757,"3862RK- 16"
26291,"NRO_PARTE",3100761,"3862RK- 17"
26291,"NRO_PARTE",1678614,"PNC751H"
26291,"NRO_PARTE",1678615,"IFP8652-WRM"
26291,"NRO_PARTE",1678616,"E-ONE 65 O7"
26291,"NRO_PARTE",1678617,"IFP6552-WR"
26291,"NRO_PARTE",1678618,"55CT5WJ-B-WS"
26291,"NRO_PARTE",1678619,"E-ONE 65 O5"
26291,"NRO_PARTE",1678620,"10162475"
26291,"NRO_PARTE",1678621,"MW3586-U-S-PM"
26291,"NRO_PARTE",1678622,"5862RK"
26291,"NRO_PARTE",1678623,"5862RKPM"
26291,"NRO_PARTE",1678624,"PROCOLOR653UW"
26291,"NRO_PARTE",1678625,"PROCOLOR653ULW"
26291,"NRO_PARTE",1678626,"PROCOLOR653UWR"
26291,"NRO_PARTE",1678627,"PROCOLOR653ULWR"
26291,"NRO_PARTE",1678628,"432567"
26291,"NRO_PARTE",1678629,"F-LH55WMRWB-2"
26291,"NRO_PARTE",1678630,"5752RKPM"
26291,"NRO_PARTE",1678631,"IFP6532-W"
26291,"NRO_PARTE",1678632,"F-LH65WMRWB-2"
26291,"NRO_PARTE",1678633,"86 IFP – 2022- G3"
26291,"NRO_PARTE",1678634,"WM65R"
26291,"NRO_PARTE",1678635,"IFP6550-3-WRBR"
26291,"NRO_PARTE",1678636,"75 IFP – 2022-G3-RM"
26291,"NRO_PARTE",1678637,"86 IFP – 2022- G3-RM"
26291,"NRO_PARTE",1678638,"75TR3BF-B-2022-1"
26291,"NRO_PARTE",1678639,"86TR3DJ-B-2022-WR"
26291,"NRO_PARTE",1678640,"86TR3DJ-B-2022-1-WR"
26291,"NRO_PARTE",1678641,"86TR3DJ-B-2022"
26291,"NRO_PARTE",1678642,"86TR3DJ-B-2022-WRM"
26291,"NRO_PARTE",1678643,"86TR3DJ-B-2022-1"
26291,"NRO_PARTE",1678644,"86TR3DJ-B-2022-1-WRM"
26291,"NRO_PARTE",1678645,"MW3586-T-A-SMV200C"
26291,"NRO_PARTE",1678646,"IFP8650-3-WRBR"
26291,"NRO_PARTE",1678647,"75TR3BF-B-2022-2"
26291,"NRO_PARTE",1678648,"QITBB75 G"
26291,"NRO_PARTE",1678649,"86 IFP – 2022- G3-OPSI7-WEB"
26291,"NRO_PARTE",1678650,"IFP9850-3-W"
26291,"NRO_PARTE",1678651,"65 IFP – 2022- G3 – RM- OPSI7-WEB"
26291,"NRO_PARTE",1678652,"LH85WMRWLGCXZA"
26291,"NRO_PARTE",1678653,"86TR3DJ - B"
26291,"NRO_PARTE",1678654,"02313HLRN36"
26291,"NRO_PARTE",1678655,"02313HLNN36"
26291,"NRO_PARTE",1678656,"432329RK"
26291,"NRO_PARTE",1678657,"02313HLNN12"
26291,"NRO_PARTE",1678658,"432224RKCL"
26291,"NRO_PARTE",1678659,"432329CL"
26291,"NRO_PARTE",1678660,"432224RK"
26291,"NRO_PARTE",1678661,"432224CL"
26291,"NRO_PARTE",1678662,"432447RKCL"
26291,"NRO_PARTE",1678663,"MW3586-U-S"
26291,"NRO_PARTE",1678664,"EXI75-RMTP"
26291,"NRO_PARTE",1678665,"02313HLRN12"
26291,"NRO_PARTE",1678666,"MW3565-U-S"
26291,"NRO_PARTE",1678667,"432329"
26291,"NRO_PARTE",1678668,"432447"
26291,"NRO_PARTE",1678669,"432447CL"
26291,"NRO_PARTE",1678670,"432447RK"
26291,"NRO_PARTE",1678671,"MW3575-U-S"
26291,"NRO_PARTE",1678672,"432329RKCL"
26291,"NRO_PARTE",1678673,"JOURNEY 14 SERIES 55"""
26291,"NRO_PARTE",1678674,"JOURNEY 14 SERIES 65"""
26291,"NRO_PARTE",1678675,"QIT1465"
26291,"NRO_PARTE",1974786,"5752RKPM-OPS3-I7-TPM9.0."
26291,"NRO_PARTE",1974622,"5752RKPM-OPS3-I5-TPM9.0."
26291,"NRO_PARTE",4143466,"75RIVAR2-13MP2-RM"
26291,"NRO_PARTE",2644502,"RIVA65D2-RF"
26291,"NRO_PARTE",2644517,"RIVA65D2-8MP2-RF"
26291,"NRO_PARTE",2895252,"DSTEDP75W83BW"
26291,"NRO_PARTE",1866748,"LH75WACWLGCXZA-N1-RM"
26291,"NRO_PARTE",1835656,"E-ONE 86 RO711"
26291,"NRO_PARTE",4019476,"5863RK- 17"
26291,"NRO_PARTE",4019710,"DS-D5B86RB-EL"
26291,"NRO_PARTE",4019725,"DS-D5C98RB-A"
26291,"NRO_PARTE",3100633,"3862RK- 6"
26291,"NRO_PARTE",3100637,"3862RK- 7"
26291,"NRO_PARTE",3100753,"3862RK- 15"
26291,"NRO_PARTE",1678676,"EX65-RO5"
26291,"NRO_PARTE",1678677,"FICHA86TR3DJ-B-2022-11-12"
26291,"NRO_PARTE",1678678,"EX65-RACK-WC"
26291,"NRO_PARTE",1678679,"JOURNEY 14 SERIES 75"""
26291,"NRO_PARTE",1678680,"JOURNEY 14 SERIES 86"""
26291,"NRO_PARTE",1678681,"EX75-RO5-PC20"
26291,"NRO_PARTE",1678682,"86M3A"
26291,"NRO_PARTE",1678683,"EX65-O5"
26291,"NRO_PARTE",1678684,"EX86-RO5-PC20"
26291,"NRO_PARTE",1678685,"EX65-RO7-PC20"
26291,"NRO_PARTE",1678686,"EX75-RO7-PC20"
26291,"NRO_PARTE",1678687,"EX75-O5-PC20"
26291,"NRO_PARTE",1678688,"EX86-O7-PC20"
26291,"NRO_PARTE",1678689,"75TR3DJ-B-2022-11-1"
26291,"NRO_PARTE",1678690,"EX86-RACK-WC"
26291,"NRO_PARTE",1678691,"75TR3DJ-B-2022"
26291,"NRO_PARTE",1678692,"86TR3DJ-B-2022-11-12"
26291,"NRO_PARTE",1678693,"EX65-WC"
26291,"NRO_PARTE",1678694,"QIT1455"
26291,"NRO_PARTE",1678695,"EX75-O5"
26291,"NRO_PARTE",1678696,"EX86-RO7-PC20"
26291,"NRO_PARTE",1678697,"EX86-O5-PC20"
26291,"NRO_PARTE",1678698,"EX65-O7-PC20"
26291,"NRO_PARTE",1678699,"EX86-O7"
26291,"NRO_PARTE",1678700,"EX75-O7-PC20"
26291,"NRO_PARTE",1678701,"IFP6550-3-TSCAM"
26291,"NRO_PARTE",1678702,"65 '' IFP PRO-2022-G3 -WEB"
26291,"NRO_PARTE",1678703,"86"" IFP PRO-2022-G3 -WEB"
26291,"NRO_PARTE",1678704,"86"" IFP PRO-2022-G3-RM-WEB"
26291,"NRO_PARTE",1678705,"EX65-RO7"
26291,"NRO_PARTE",1678706,"EX65-RO5-PC20"
26291,"NRO_PARTE",1678707,"86TR3DJ-B-2022-WR-11-12"
26291,"NRO_PARTE",1678708,"86TR3DJ-B-2022-WRM-11-12"
26291,"NRO_PARTE",1678709,"65 IFP- 2021-G3-RM"
26291,"NRO_PARTE",1678710,"02313HLRN12R"
26291,"NRO_PARTE",1678711,"432224"
26291,"NRO_PARTE",1678712,"PROCOLOR863UWP"
26291,"NRO_PARTE",1678713,"IFP7532-WR"
26291,"NRO_PARTE",1678714,"IFP8632-WR"
26291,"NRO_PARTE",1678715,"75 IFP- 2021-G3-RM"
26291,"NRO_PARTE",1678716,"86 IFP-2021-G3-RM"
26291,"NRO_PARTE",1678717,"PROCOLOR863ULWP"
26291,"NRO_PARTE",1678718,"ES98"
26291,"NRO_PARTE",1678719,"EX75 2021"
26291,"NRO_PARTE",1678720,"EX86 2021"
26291,"NRO_PARTE",1678721,"EX86-RACK 2021"
26291,"NRO_PARTE",1678722,"EX65-RACK 2021"
26291,"NRO_PARTE",1678723,"EX75-RACK 2021"
26291,"NRO_PARTE",1678724,"75 IFP – 2022-G3-RM-OPS"
26291,"NRO_PARTE",1678725,"75 "" IFP PRO-2022- G3- MPC"
26291,"NRO_PARTE",1678726,"75 '' IFP PRO-2022-G3-RM-MPC"
26291,"NRO_PARTE",1678727,"CB651Q"
26291,"NRO_PARTE",1678728,"CB861Q"
26291,"NRO_PARTE",1678729,"75 IFP- 2021-G3"
26291,"NRO_PARTE",1678730,"10162455"
26291,"NRO_PARTE",1678731,"10162465"
26291,"NRO_PARTE",1678732,"IFP6532-WR"
26291,"NRO_PARTE",1678733,"65 IFP-2021-G3"
26291,"NRO_PARTE",1678734,"86 IFP-2021-G3"
26291,"NRO_PARTE",1678735,"PROCOLOR863ULWR"
26291,"NRO_PARTE",1678736,"PROCOLOR863ULW"
26291,"NRO_PARTE",2564737,"86 IFP-BLACK-RM-G5-OPSI7-2024-8G-ON"
26291,"NRO_PARTE",4224508,"B3P75.RM"
26291,"NRO_PARTE",2644510,"RIVA65D2-8MP1-RF"
26291,"NRO_PARTE",4139376,"75RIVAR2-RF"
26291,"NRO_PARTE",2895363,"RIVA110R2-OPSI716512-13MP2RM"
26291,"NRO_PARTE",1866756,"LH75WACWLGCXZA-RP"
26291,"NRO_PARTE",2557189,"8719481481759"
26291,"NRO_PARTE",1678737,"CB751Q"
26291,"NRO_PARTE",1678738,"75 '' IFP PRO-2022-G3-RM-MPC-WEB"
26291,"NRO_PARTE",1678739,"EX75-WC"
26291,"NRO_PARTE",1678740,"EX86-WC"
26291,"NRO_PARTE",1678741,"EX75-RACK-WC"
26291,"NRO_PARTE",1678742,"75TR3DJ-B"
26291,"NRO_PARTE",1678743,"PROCOLOR753UWP"
26291,"NRO_PARTE",1678744,"PROCOLOR753ULW"
26291,"NRO_PARTE",1678745,"PROCOLOR863UWR"
26291,"NRO_PARTE",1678746,"86"" IFP PRO-2022-G3-RM-MPC-WEB"
26291,"NRO_PARTE",1678747,"75 "" IFP PRO-2022- G5- MPC-WEB"
26291,"NRO_PARTE",1678748,"75 '' IFP PRO-2022-G5-RM-MPC-WEB"
26291,"NRO_PARTE",1678749,"5861RK-SM"
26291,"NRO_PARTE",1678750,"75TR3DJ-B-2022-11-12"
26291,"NRO_PARTE",1678751,"432523CL"
26291,"NRO_PARTE",1678752,"86"" IFP PRO-2022-G3 – MPC-WEB"
26291,"NRO_PARTE",1678753,"65 '' IFP PRO-2022-G5 - MPC-WEB"
26291,"NRO_PARTE",1678754,"432545"
26291,"NRO_PARTE",1678755,"432545CL"
26291,"NRO_PARTE",1678756,"432545RKCL"
26291,"NRO_PARTE",1678757,"EX65 -RACK"
26291,"NRO_PARTE",1678758,"EX65-CAM"
26291,"NRO_PARTE",1678759,"EX86-CAM"
26291,"NRO_PARTE",1678760,"EXI75-RACK"
26291,"NRO_PARTE",1678761,"EX75-RCAM"
26291,"NRO_PARTE",1678762,"65 '' IFP PRO-2022-G5-RM-MPC-WEB"
26291,"NRO_PARTE",1678763,"432545RK"
26291,"NRO_PARTE",1678764,"EXI75"
26291,"NRO_PARTE",1678765,"EXI65-RACK"
26291,"NRO_PARTE",1678766,"75 IFP – 2022- G3"
26291,"NRO_PARTE",1678767,"5861RK"
26291,"NRO_PARTE",1678768,"EX75 -RACK"
26291,"NRO_PARTE",1678769,"EX 65"
26291,"NRO_PARTE",1678770,"E1065 4K 2020"
26291,"NRO_PARTE",1678771,"EX65-RCAM"
26291,"NRO_PARTE",1678772,"EX86-RCAM"
26291,"NRO_PARTE",1678773,"EX75-CAM"
26291,"NRO_PARTE",1678774,"PN-C751H"
26291,"NRO_PARTE",1678775,"432523"
26291,"NRO_PARTE",1678776,"EXI86-RACK"
26291,"NRO_PARTE",1678777,"65 IFP – 2022- G3"
26291,"NRO_PARTE",1678778,"65 IFP – 2022- G3 - RM"
26291,"NRO_PARTE",1678779,"5751RK"
26291,"NRO_PARTE",1678780,"5651RK-SM"
26291,"NRO_PARTE",1678781,"5751RK-SM"
26291,"NRO_PARTE",1678782,"432523RKCL"
26291,"NRO_PARTE",1678783,"IPVA86000802"
26291,"NRO_PARTE",1678784,"IPVA75000801"
26291,"NRO_PARTE",1678785,"E1065 4K 2020 RACK"
26291,"NRO_PARTE",1678786,"EX86 -RACK"
26291,"NRO_PARTE",1678787,"EXI65"
26291,"NRO_PARTE",1678788,"EXI86"
26291,"NRO_PARTE",1678789,"5651RK"
26291,"NRO_PARTE",1678790,"75TR3BF-B-2022-2-WRM"
26291,"NRO_PARTE",1678791,"86TR3BF-B-2022"
26291,"NRO_PARTE",1678792,"75TR3DJ-B-2022-WRM-11-WOPSCAM"
26291,"NRO_PARTE",1678793,"86TR3BF-B-2022-1"
26291,"NRO_PARTE",1678794,"75TR3DJ-B-2022-WRM"
26291,"NRO_PARTE",1678795,"75TR3BF-B-2022-1-WR"
26291,"NRO_PARTE",1678796,"E-ONE 86 RO7"
26291,"NRO_PARTE",1678797,"75TR3BF-B-2022-1-WRM"
26291,"NRO_PARTE",1678798,"75TR3BF-B-2022-2-WR"
26291,"NRO_PARTE",2776058,"IFP7550-5F-W"
26291,"NRO_PARTE",4230142,"QITBB86 I"
26291,"NRO_PARTE",4139434,"75RIVAR2-13MP1-RF"
26291,"NRO_PARTE",2900262,"55150652P60SO."
26291,"NRO_PARTE",2747143,"75TR3DK-BM-2024"
26291,"NRO_PARTE",4019666,"DS-D5B75RB-EL"
26291,"NRO_PARTE",3101080,"3862RK-24"
26291,"NRO_PARTE",3999694,"75TR3DQ-B-2025"
26291,"NRO_PARTE",1678799,"IFP7550-3"
26291,"NRO_PARTE",1678800,"E1086 4K 2020"
26291,"NRO_PARTE",1678801,"PROCOLOR863UIWR"
26291,"NRO_PARTE",1678802,"N65EE"
26291,"NRO_PARTE",1678803,"IFP7550-3-WRVPC"
26291,"NRO_PARTE",1678804,"IFP8650-3-WRVPC"
26291,"NRO_PARTE",1678805,"IFP8650-3-WMVPC"
26291,"NRO_PARTE",1678806,"IFP6550-3-WRVPC"
26291,"NRO_PARTE",1678807,"75 "" IFP PRO-2022- G3- MPC-WEB"
26291,"NRO_PARTE",1678808,"86"" IFP PRO-2022-G5-RM-MPC-WEB"
26291,"NRO_PARTE",1678809,"86"" IFP PRO-2022-G5 – MPC-WEB"
26291,"NRO_PARTE",1678810,"E-ONE 65 RO7"
26291,"NRO_PARTE",1678811,"12345"
26291,"NRO_PARTE",1678812,"MW3565-U-S-PM"
26291,"NRO_PARTE",1678813,"MW3575-U-S-PM"
26291,"NRO_PARTE",1678814,"EX75-RO7"
26291,"NRO_PARTE",1678815,"IFP6550-3"
26291,"NRO_PARTE",1678816,"IFP6550-3-WRM"
26291,"NRO_PARTE",1678817,"55150650R12"
26291,"NRO_PARTE",1678818,"55150650P12"
26291,"NRO_PARTE",1678819,"75 IFP – 2022- G3-OPS"
26291,"NRO_PARTE",1678820,"MIMIOPRO654R-1"
26291,"NRO_PARTE",1678821,"MIMIOPRO654P-1"
26291,"NRO_PARTE",1678822,"MIMIOPRO754R-1"
26291,"NRO_PARTE",1678823,"MIMIOPRO754P-1"
26291,"NRO_PARTE",1678824,"02313HLNN36R"
26291,"NRO_PARTE",1678825,"MIMIOPRO864R-1"
26291,"NRO_PARTE",1678826,"MIMIOPRO864P-1"
26291,"NRO_PARTE",1678827,"123456"
26291,"NRO_PARTE",1678828,"IFP7550-3-WRM"
26291,"NRO_PARTE",1678829,"IFP6550-3-WR"
26291,"NRO_PARTE",1678830,"IFP8650-3"
26291,"NRO_PARTE",1678831,"MIMIOPRO864R"
26291,"NRO_PARTE",1678832,"MW3565-US-PM-OPS"
26291,"NRO_PARTE",1678833,"MW3575-US-PM-OPS"
26291,"NRO_PARTE",1678834,"EX 75"
26291,"NRO_PARTE",1678835,"EX 65-RACK"
26291,"NRO_PARTE",1678836,"EX 75-RACK"
26291,"NRO_PARTE",1678837,"EX 86-RACK"
26291,"NRO_PARTE",1678838,"S 4300"
26291,"NRO_PARTE",1678839,"02313HLNN12R"
26291,"NRO_PARTE",1678840,"MW3586-US-PM-OPS"
26291,"NRO_PARTE",1678841,"02313HLRN36R"
26291,"NRO_PARTE",1678842,"EXI65-MTP"
26291,"NRO_PARTE",1678843,"EXI86-MTP"
26291,"NRO_PARTE",1678844,"86 IFP – 2022- O- G3-RM"
26291,"NRO_PARTE",1678845,"86 IFP – 2022- O- G5"
26291,"NRO_PARTE",1678846,"IFP7550-3-TSCAM"
26291,"NRO_PARTE",1678847,"IFP7550-3-WR"
26291,"NRO_PARTE",1678848,"EXI75-MTP"
26291,"NRO_PARTE",1678849,"432206"
26291,"NRO_PARTE",1678850,"432206CL"
26291,"NRO_PARTE",1678851,"432206RKCL"
26291,"NRO_PARTE",1678852,"MW3575-T-C-PM-OPS"
26291,"NRO_PARTE",1678853,"MW3586-T-C-PM-OPS"
26291,"NRO_PARTE",1678854,""
26291,"NRO_PARTE",1678855,"PROCOLOR653ULWP"
26291,"NRO_PARTE",1678856,"PROCOLOR653UWP"
26291,"NRO_PARTE",1678857,"MW3565-T-C-PM-OPS"
26291,"NRO_PARTE",1678858,"1.0.01.14.10914"
26291,"NRO_PARTE",1678859,"IFP6550-3-W"
26291,"NRO_PARTE",1678860,"IFP9850-W"
26291,"NRO_PARTE",4224719,"10010731"
26291,"NRO_PARTE",4224724,"10010732"
26291,"NRO_PARTE",4224734,"10010730-R"
26291,"NRO_PARTE",4224747,"10010732-R"
26291,"NRO_PARTE",3759727,"86 IFP-BLACK-RM-G5-WEB-8G-ON"
26291,"NRO_PARTE",2895489,"LH86WADWLGCXZA-CP-RM-N7-OHB"
26291,"NRO_PARTE",2747164,"75TR3DK-BM-2023-WR"
26291,"NRO_PARTE",2557142,"86 IFP-BLACK-G5-WEB-2024-8G"
26291,"NRO_PARTE",3100774,"3862RK- 18"
26291,"NRO_PARTE",3100839,"3862RK-20"
26291,"NRO_PARTE",3101084,"5653RK-1"
26291,"NRO_PARTE",1678861,"1.0.01.14.10916"
26291,"NRO_PARTE",1678862,"1.0.01.14.10918"
26291,"NRO_PARTE",1678863,"IFP5550-3-W"
26291,"NRO_PARTE",1678864,"IFP8650-3-W"
26291,"NRO_PARTE",1678865,"IFP7550-3-W"
26291,"NRO_PARTE",1678866,"PROCOLOR863UIW"
26291,"NRO_PARTE",1678867,"MIMIOPRO754R"
26291,"NRO_PARTE",1678868,"MIMIOPRO754P"
26291,"NRO_PARTE",1678869,"MIMIOPRO864P"
26291,"NRO_PARTE",1678870,"MW3565-T"
26291,"NRO_PARTE",1678871,"MW3575-T"
26291,"NRO_PARTE",1678872,"86TR3DJ-B-2022-WRM-11-1"
26291,"NRO_PARTE",1678873,"86TR3DJ-B-2022-WR-11-2"
26291,"NRO_PARTE",1678874,"86TR3DJ-B-2022-WR-11-3"
26291,"NRO_PARTE",1678875,"MIMIOPRO654R"
26291,"NRO_PARTE",1678876,"86TR3DJ-B-2022-WRM-11-3"
26291,"NRO_PARTE",1678877,"86TR3DJ-B-2022-WRM-11-4"
26291,"NRO_PARTE",1678878,"86TR3DJ-B-2022-WRM-11-5"
26291,"NRO_PARTE",1678879,"75TR3DJ-B-2022-WRM-11-WOPSCAM-2"
26291,"NRO_PARTE",1678880,"75TR3DJ-B-2022-WRM-11-WOPSCAM-1"
26291,"NRO_PARTE",1678881,"75TR3DJ-B-2022-WRM-11-WOPSCAM-3"
26291,"NRO_PARTE",1678882,"EX 65"
26291,"NRO_PARTE",1678883,"E1065 4K 2019- RACK"
26291,"NRO_PARTE",1678884,"E1075 4K 2019- RACK"
26291,"NRO_PARTE",1678885,"I3TOUCH ER"
26291,"NRO_PARTE",1678886,"E1086 4K 2019- RACK"
26291,"NRO_PARTE",1678887,"PROCOLOR753UWRVIEW"
26291,"NRO_PARTE",1678888,"PROCOLOR652UV3WP"
26291,"NRO_PARTE",1678889,"PROCOLOR652UV3WR"
26291,"NRO_PARTE",1678890,"PROCOLOR753UWRENVIRO"
26291,"NRO_PARTE",1678891,"PROCOLOR753UWRPHYSIO"
26291,"NRO_PARTE",1678892,"PROCOLOR753UWPVIEW"
26291,"NRO_PARTE",1678893,"86TR3DJ-B-2022-11-1"
26291,"NRO_PARTE",1678894,"75TR3DJ-B-2022-WRM-11-WOPSCAM-4"
26291,"NRO_PARTE",1678895,"MIMIOPRO654P"
26291,"NRO_PARTE",1678896,"IFP8650-3-WRM"
26291,"NRO_PARTE",1678897,"65M3A"
26291,"NRO_PARTE",1678898,"98M3A"
26291,"NRO_PARTE",1678899,"EX-65"
26291,"NRO_PARTE",1678900,"EX-75"
26291,"NRO_PARTE",1678901,"EX-86"
26291,"NRO_PARTE",1678902,"EX 65"
26291,"NRO_PARTE",1678903,"EX 22"
26291,"NRO_PARTE",1678904,"EX- 65"
26291,"NRO_PARTE",1678905,"86TR3DJ-B-2022-11-5"
26291,"NRO_PARTE",1678906,"86TR3DJ-B-2022-WR-11-1"
26291,"NRO_PARTE",1678907,"55M3A"
26291,"NRO_PARTE",1678908,"EX 86"
26291,"NRO_PARTE",1678909,"75M3A"
26291,"NRO_PARTE",1678910,"E1086 4K 2020 RACK"
26291,"NRO_PARTE",1678911,"E1075 4K 2020 RACK"
26291,"NRO_PARTE",1678912,"86TR3BF-3-WRM-B"
26291,"NRO_PARTE",1678913,"75TR3DJ-B-2022-WR-11-1"
26291,"NRO_PARTE",1678914,"86 IFP – 2022-O- G3"
26291,"NRO_PARTE",1678915,"86 IFP – 2022- O- G5-RM"
26291,"NRO_PARTE",1678916,"75TR3BF-3-WRM-B"
26291,"NRO_PARTE",1678917,"75TR3DJ-B-2022-11-2"
26291,"NRO_PARTE",1678918,"PN-L603B"
26291,"NRO_PARTE",1678919,"LH65DMEMTBC/GO/PIM128/SW"
26291,"NRO_PARTE",1678920,"CDE5561T"
26291,"NRO_PARTE",1678921,"SPNL-6075"
26291,"NRO_PARTE",4224713,"10010730"
26291,"NRO_PARTE",4224742,"10010731-R"
26291,"NRO_PARTE",4224773,"10010731-I5"
26291,"NRO_PARTE",4224775,"10010732-I5"
26291,"NRO_PARTE",1974592,"5862RKPM-OPS3-I7-TPM9.0."
26291,"NRO_PARTE",1974609,"5652RKPM-OPS3-I7-TPM9.0."
26291,"NRO_PARTE",4230097,"QITBB75 I"
26291,"NRO_PARTE",2900265,"55150652P60S."
26291,"NRO_PARTE",2900272,"55150652P36S."
26291,"NRO_PARTE",2895572,"LH86WADWLGCXZA-CP-RM-N7-OP"
26291,"NRO_PARTE",2792883,"A24-001_OPS/CAM/TAB"
26291,"NRO_PARTE",3100775,"3862RK-19"
26291,"NRO_PARTE",3100996,"3862RK-22"
26291,"NRO_PARTE",3101041,"3862RK-23"
26291,"NRO_PARTE",3101086,"5653RK-2"
26291,"NRO_PARTE",1678922,"PN-L802B"
26291,"NRO_PARTE",1678923,"AP5-70"
26291,"NRO_PARTE",1678924,"AP5-75"
26291,"NRO_PARTE",1678925,"AP5-75-4K"
26291,"NRO_PARTE",1678926,"AP5-86-4K"
26291,"NRO_PARTE",1678927,"IFP6550"
26291,"NRO_PARTE",1678928,"IFP7550"
26291,"NRO_PARTE",1678929,"CDE6561T"
26291,"NRO_PARTE",1678930,"CDE7561T"
26291,"NRO_PARTE",1678931,"CDE7061T"
26291,"NRO_PARTE",1678932,"PN-C705B"
26291,"NRO_PARTE",1678933,"PN-C805B"
26291,"NRO_PARTE",1678934,"F-LH85QMDRT-01"
26291,"NRO_PARTE",1678935,"F-LH75DMERT-01"
26291,"NRO_PARTE",1678936,"KAPP-IQPRO65"
26291,"NRO_PARTE",1678937,"KAPP-IQ75"
26291,"NRO_PARTE",1678938,"PN-L703B"
26291,"NRO_PARTE",1678939,"KAPP-IQ55"
26291,"NRO_PARTE",1678940,"APT2-70"
26291,"NRO_PARTE",1678941,"PN-L803C"
26291,"NRO_PARTE",1678942,"SPNL-4055"
26291,"NRO_PARTE",1678943,"SPNL-6055"
26291,"NRO_PARTE",1678944,"SPNL-4065"
26291,"NRO_PARTE",1678945,"SPNL-6065"
26291,"NRO_PARTE",1678946,"KAPP-IQPRO55"
26291,"NRO_PARTE",1678947,"LH82DMEMTBC/GO/PIM128/SW"
26291,"NRO_PARTE",1678948,"PN-L702B"
26291,"NRO_PARTE",1678949,"KAPP-IQ65"
26291,"NRO_PARTE",1678950,"SPNL-4084"
26291,"NRO_PARTE",1678951,"LH75DMEMTBC/GO/PIM128/SW"
26291,"NRO_PARTE",1678952,"IFP 5550"
26291,"NRO_PARTE",1678953,"CDE 8452T"
26291,"NRO_PARTE",1678954,"IFP7500"
26291,"NRO_PARTE",1678955,"IFP8650"
26291,"NRO_PARTE",1678956,"F-LH55WMHPT-01"
26291,"NRO_PARTE",1678957,"LH75QBHRTBC/ZA"
26291,"NRO_PARTE",1678958,"LH65QBHRTBC/ZA"
26291,"NRO_PARTE",1678959,"75TR3DJ-B-2022-WR-11-3"
26291,"NRO_PARTE",1678960,"75TR3DJ-B-2022-WR-11-5"
26291,"NRO_PARTE",1678961,"55CT5WJ-B-WRM"
26291,"NRO_PARTE",1678962,"55CT5WJ-B-WR"
26291,"NRO_PARTE",1678963,"75TR3DJ-B-2022-11-4"
26291,"NRO_PARTE",1678964,"PROCOLOR753UWRBIOCHEM"
26291,"NRO_PARTE",1678965,"PROCOLOR753UWRGENSCI"
26291,"NRO_PARTE",1678966,"PROCOLOR653UP"
26291,"NRO_PARTE",1678967,"PROCOLOR863UP"
26291,"NRO_PARTE",1678968,"MW3575-T-A-V200C"
26291,"NRO_PARTE",1678969,"MW3575-T-A-SMV200C"
26291,"NRO_PARTE",1678970,"MW3586-T-A-V200C"
26291,"NRO_PARTE",1678971,"75TR3DJ-B-2022-WRM-11-4"
26291,"NRO_PARTE",1678972,"5861RK-SM-V200C"
26291,"NRO_PARTE",1678973,"5651RK-SM-V200C"
26291,"NRO_PARTE",1678974,"5751RK-V200C"
26291,"NRO_PARTE",1678975,"MW3565-T-A-V200C"
26291,"NRO_PARTE",1678976,"MW3565-T-A-SMV200C"
26291,"NRO_PARTE",1678977,"65 '' IFP PRO-2022-G3 - MPC-WEB"
26291,"NRO_PARTE",1678978,"65 '' IFP PRO-2022-G3-RM-MPC-WEB"
26291,"NRO_PARTE",1678979,"5861RK-V200C"
26291,"NRO_PARTE",1678980,"5751RK-SM-V200C"
26291,"NRO_PARTE",1678981,"IFP7550-3-WMVPC"
26291,"NRO_PARTE",1678982,"432618"
26291,"NRO_PARTE",1678983,"OP651RK+G3"
26291,"NRO_PARTE",2554448,"75 IFP-BLACK-G3-WEB-OPSI7-2024-8G-ON"
26291,"NRO_PARTE",2554488,"75 IFP-BLACK-RM-G3-WEB-OPSI7-2024-8G-ON"
26291,"NRO_PARTE",2554497,"3652RKRV-OPS3-I5-TPM9.0"
26291,"NRO_PARTE",2555541,"3652RK-5"
26291,"NRO_PARTE",2899821,"HEPLT98-M2"
26291,"NRO_PARTE",3865877,"55151106HP36KO"
26291,"NRO_PARTE",3865923,"55151106HP60KO"
26291,"NRO_PARTE",1719309,"65 IFP– 2023- G3- BLACK- RM"
26291,"NRO_PARTE",3758877,"86 IFP-BLACK-RM-G5-8G-ON"
26291,"NRO_PARTE",3758916,"86 IFP-BLACK-G5-WEB-8G-ON"
26291,"NRO_PARTE",3967289,"T786RME"
26291,"NRO_PARTE",2589063,"MW3586-4"
26291,"NRO_PARTE",1744212,"75TR3PJ-B-2023"
26291,"NRO_PARTE",1744284,"75TR3PJ-B-2023-WRM"
26291,"NRO_PARTE",3807889,"INNEXEU65"
26291,"NRO_PARTE",3807894,"INNEXEU75"
26291,"NRO_PARTE",4118192,"5753RK- 12"
26291,"NRO_PARTE",1678984,"5651RK-V200C"
26291,"NRO_PARTE",1678985,"432620"
26291,"NRO_PARTE",1678986,"432622"
26291,"NRO_PARTE",1678987,"65 IFP – 2022- G3-OPSI7-WEB"
26291,"NRO_PARTE",1678988,"86 IFP – 2022- G3-RM-OPSI7-WEB"
26291,"NRO_PARTE",1678989,"IFP8650-3-WR"
26291,"NRO_PARTE",1678990,"0000000"
26291,"NRO_PARTE",1678991,"86TR3DJ-2022"
26291,"NRO_PARTE",2554441,"3862RK-4"
26291,"NRO_PARTE",2554524,"75 IFP-BLACK-G5-OPSI7-2024-8G"
26291,"NRO_PARTE",3865933,"55151105HP12KO"
26291,"NRO_PARTE",3865965,"55151105HP12K"
26291,"NRO_PARTE",3967348,"T775SC20S200"
26291,"NRO_PARTE",2557137,"86 IFP-BLACK-G3-WEB-2024-8G"
26291,"NRO_PARTE",2557150,"86 IFP-BLACK-RM-G3-WEB-2024-8G"
26291,"NRO_PARTE",2557204,"8719481481742"
26291,"NRO_PARTE",1745030,"LH65WMBWBGCXZA"
26291,"NRO_PARTE",1745150,"F-LH55WMBWB-1"
26291,"NRO_PARTE",3807907,"INNEXEU86"
26291,"NRO_PARTE",2554435,"3862RK-3"
26291,"NRO_PARTE",2554526,"3652RK-8"
26291,"NRO_PARTE",2554619,"3752RK-7"
26291,"NRO_PARTE",4128324,"DS-D5C65RB-A2L65-OPS7"
26291,"NRO_PARTE",4128332,"DS-D5C75RB-A2L75-OPS7"
26291,"NRO_PARTE",4128336,"DS-D5C86RB-A2L86-OPS7"
26291,"NRO_PARTE",3967402,"TL798"
26291,"NRO_PARTE",3967431,"TL798-O7TC4KOS200"
26291,"NRO_PARTE",3315712,"SC02-I375A-OPS127-MSBA01B-OFFICEHB2024-5AG"
26291,"NRO_PARTE",2556712,"86 IFP-BLACK-RM-G3- WEB-OPSI7-2024-8G"
26291,"NRO_PARTE",1744354,"98TR3PJ-B-2023"
26291,"NRO_PARTE",1744377,"98TR3PJ-B-2023-WRM"
26291,"NRO_PARTE",4118610,"5863RK-09"
26291,"NRO_PARTE",4128381,"DS-D5C86RB-A2L86-OPS5"
26291,"NRO_PARTE",4128398,"DS-D5C75RB-A2L75-RM"
26291,"NRO_PARTE",1999345,"IFP7533-W"
26291,"NRO_PARTE",3865981,"55151105HP36K"
26291,"NRO_PARTE",3967379,"T786TC4K"
26291,"NRO_PARTE",3967455,"TL798-O7TC4KRME"
26291,"NRO_PARTE",4143312,"LH86WAFPLGCXZX-RM"
26291,"NRO_PARTE",3314438,"10010552-712R"
26291,"NRO_PARTE",2557121,"86 IFP-BLACK-RM-G5- WEB-OPSI7-2024-8G-ON"
26291,"NRO_PARTE",3807880,"INNEXCT86"
26291,"NRO_PARTE",2631470,"IFP8650-5F-MCAMI7"
26291,"NRO_PARTE",4118618,"5863RK- 10"
26291,"NRO_PARTE",4118730,"DS-D5C65RB-A2L65"
26291,"NRO_PARTE",4118741,"DS-D5C75RB-A2L75"
26291,"NRO_PARTE",2555610,"3752RK-5"
26291,"NRO_PARTE",2555618,"LH75WACWLGCXZA-1EW-RP"
26291,"NRO_PARTE",4128374,"DS-D5C75RB-A2L75-OPS5"
26291,"NRO_PARTE",4128403,"DS-D5C86RB-A2L86-RM"
26291,"NRO_PARTE",3967561,"T765"
26291,"NRO_PARTE",3967572,"T765OS200"
26291,"NRO_PARTE",1745008,"LH55WMBWBGCXZA"
26291,"NRO_PARTE",4118753,"DS-D5C86RB-A2L86"
26291,"NRO_PARTE",4118782,"DS-D5C75RB-B2L75"
26291,"NRO_PARTE",2750924,"LH75WADWLGCXZA-N7"
26291,"NRO_PARTE",4143335,"LH75WAFPLGCXZX-RM"
26291,"NRO_PARTE",4143408,"75RIVAR2-13MP1-RM"
26291,"NRO_PARTE",4143506,"75RIVAR2-OPSI716256-13MP1-RM"
26291,"NRO_PARTE",3314445,"10010553-712R"
26291,"NRO_PARTE",4017982,"5653RK- 17"
26291,"NRO_PARTE",2635798,"LH86WADWLGCXZA-CG-RM-N5"
26291,"NRO_PARTE",4118636,"5863RK- 11"
26291,"NRO_PARTE",4118644,"5863RK- 12"
26291,"NRO_PARTE",4128367,"DS-D5C65RB-A2L65-OPS5"
26291,"NRO_PARTE",4128391,"DS-D5C65RB-A2L65-RM"
26291,"NRO_PARTE",4128516,"DS-D5C65RB-A2L65-RM-OPS5"
26291,"NRO_PARTE",4128546,"DS-D5C86RB-A2L86-RM-OPS7"
26291,"NRO_PARTE",2913111,"BT-86LKTPRO"
26291,"NRO_PARTE",4143524,"75RIVAR2-OPSI716256-13MP2-RM"
26291,"NRO_PARTE",4143549,"86RIVAR2--RF"
26291,"NRO_PARTE",4143596,"IFP9851-RM"
26291,"NRO_PARTE",2554562,"75 IFP-BLACK-RM-G3-OPSI7-2024-8G"
26291,"NRO_PARTE",2555631,"LH75WACWLGCXZA-1EW"
26291,"NRO_PARTE",1745147,"F-LH65WMBWB-1"
26291,"NRO_PARTE",2635794,"WAD 86-CG-RP-N5"
26291,"NRO_PARTE",2635990,"LH75WADWLGCXZA-RP-N5"
26291,"NRO_PARTE",2631440,"IFP8650-5F-MVPCI7"
26291,"NRO_PARTE",4118765,"5653RK-0"
26291,"NRO_PARTE",4118804,"DS-D5C86RB-B2L86"
26291,"NRO_PARTE",4118812,"5653RK-06.1"
26291,"NRO_PARTE",4128589,"DS-D5C75RB-B2L75-OPS7"
26291,"NRO_PARTE",4128598,"DS-D5C86RB-B2L86-OPS7"
26291,"NRO_PARTE",3967523,"TL798-TC4KRME"
26291,"NRO_PARTE",4143485,"75RIVAR2-OPSI716256-RM"
26291,"NRO_PARTE",2635866,"LH75WADWLGCXZA1"
26291,"NRO_PARTE",2636041,"LH75WADWLGCXZA-CP-RP-N5"
26291,"NRO_PARTE",2636102,"LH75WADWLGCXZA-CG-RM-N7"
26291,"NRO_PARTE",4118898,"5753RK-06.1"
26291,"NRO_PARTE",4227873,"10010730-I5-M"
26291,"NRO_PARTE",4227909,"10010732-I5-M"
26291,"NRO_PARTE",4227953,"98” IFP BLACK PRO-OPS-G5-1"
26291,"NRO_PARTE",4142000,"CTPRO75-RO"
26291,"NRO_PARTE",4142008,"CTPRO86-RO"
26291,"NRO_PARTE",4263188,"10010821-I7"
26291,"NRO_PARTE",2636021,"LH75WADWLGCXZA-CP-RP-N7"
26291,"NRO_PARTE",2745594,"LH86WADWLGCXZA-RM-EW"
26291,"NRO_PARTE",3856932,"75 IFP-BLACK-G-G3-WEB-ON"
26291,"NRO_PARTE",2630216,"LH75WADXCZA-CP-RP-N5"
26291,"NRO_PARTE",1780239,"55150652R36SO"
26291,"NRO_PARTE",2030593,"IFP7550-5-MCAM"
26291,"NRO_PARTE",2030595,"IFP8650-5-MCAM"
26291,"NRO_PARTE",2030598,"IFP7550-5-RCAM"
26291,"NRO_PARTE",2030600,"IFP8650-5-RCAM"
26291,"NRO_PARTE",2030602,"IFP7533-RCAM"
26291,"NRO_PARTE",2030606,"IFP7533-MCAM"
26291,"NRO_PARTE",2938045,"55150652R60SO."
26291,"NRO_PARTE",4227769,"IMPACTLUX275-R"
26291,"NRO_PARTE",4227976,"98” IFP BLACK PRO-OPS-ON-G5-1"
26291,"NRO_PARTE",4228005,"10010730-I7-M"
26291,"NRO_PARTE",4228008,"98” IFP BLACK PRO-OPS-RM-ON-G3-1"
26291,"NRO_PARTE",4228014,"10010731-I7-M"
26291,"NRO_PARTE",4141990,"CTPRO65-RO"
26291,"NRO_PARTE",4141993,"CTPRO65-PO"
26291,"NRO_PARTE",4142066,"B355150939-RM-36M"
26291,"NRO_PARTE",4142069,"B355150938-RM-36M"
26291,"NRO_PARTE",2505306,"75 IFP – 2023- G3- BLACK-8G"
26291,"NRO_PARTE",2505336,"75 IFP – 2023- G5- BLACK-8G-RM"
26291,"NRO_PARTE",2033936,"86 IFP– 2023- G5- BLACK-RM1-OPSI7-WEBTRIUMPH-8GB"
26291,"NRO_PARTE",1718738,"75 IFP – 2023- G3- BLACK- RM"
26291,"NRO_PARTE",2635800,"WAD 86-RP"
26291,"NRO_PARTE",3138737,"QA1300PRO86-OPSI716256-5G-RM"
26291,"NRO_PARTE",3856831,"75 IFP-BLACK-G-G5-OPSI7-1TB-WEB-RM-ON"
26291,"NRO_PARTE",2630199,"LH75WADXCZA-RP-N5"
26291,"NRO_PARTE",1778062,"86 IFP– 2023- G3- BLACK-1- WEBTRIUMPH"
26291,"NRO_PARTE",1778084,"86 IFP– 2023- G5- BLACKRM-1- WEBTRIUMPH"
26291,"NRO_PARTE",3128524,"55150691PB36O"
26291,"NRO_PARTE",2465956,"9H.F87TC.DE1"
26291,"NRO_PARTE",4227912,"MIMIOPROG75P-2"
26291,"NRO_PARTE",4227914,"98” IFP BLACK PRO-OPS-G3-1"
26291,"NRO_PARTE",4228021,"10010732-I7-M"
26291,"NRO_PARTE",4228022,"98” IFP BLACK PRO-OPS-RM-G5-1"
26291,"NRO_PARTE",4228036,"98” IFP BLACK PRO-OPS-RM-ON-G5-1"
26291,"NRO_PARTE",4142017,"CTPRO86-PO"
26291,"NRO_PARTE",4070430,"55151106B36OTE2"
26291,"NRO_PARTE",4070434,"55151106BR36T2"
26291,"NRO_PARTE",3856910,"75 IFP-BLACK-G-G5-WEB"
26291,"NRO_PARTE",3856956,"75 IFP-BLACK-G-G5-WEB-ON"
26291,"NRO_PARTE",3856989,"75 IFP-BLACK-G-G3-WEB-RM"
26291,"NRO_PARTE",3128465,"55150651RS12O"
26291,"NRO_PARTE",2030608,"IFP8633-MCAM"
26291,"NRO_PARTE",4228085,"98” IFP BLACK PRO-OPS-WEB-ON-G3-1"
26291,"NRO_PARTE",4228098,"98” IFP BLACK PRO-OPS-WEB-G5-1"
26291,"NRO_PARTE",4054033,"55151108BK60"
26291,"NRO_PARTE",2050056,"LH75WACWLGCXZA-N1C"
26291,"NRO_PARTE",4122723,"K3A55151412S-36M"
26291,"NRO_PARTE",3857007,"75 IFP-BLACK-G-G5-WEB-RM"
26291,"NRO_PARTE",1778085,"86 IFP– 2023- G5- BLACK-RM-1- WEBTRIUMPH"
26291,"NRO_PARTE",1778158,"98 IFP– 2023- G3- BLACK-RM"
26291,"NRO_PARTE",1778209,"55150703P12SO"
26291,"NRO_PARTE",1778221,"5652RKPMCAM9.0"
26291,"NRO_PARTE",4140282,"75RIVAR2-OPSI7161TB-13MP2-RF"
26291,"NRO_PARTE",2938030,"55150652R36SO."
26291,"NRO_PARTE",4227993,"98” IFP BLACK PRO-OPS-RM-G3-1"
26291,"NRO_PARTE",4228113,"98” IFP BLACK PRO-OPS-WEB-ON-G5-1"
26291,"NRO_PARTE",4228146,"10010731-I5-MR"
26291,"NRO_PARTE",4228150,"98” IFP BLACK PRO-OPS-WEB-RM-ON-G3-1"
26291,"NRO_PARTE",4228154,"10010732-I5-MR"
26291,"NRO_PARTE",2033490,"IFP8650-5-WVPC5"
26291,"NRO_PARTE",3155686,"10010354-R"
26291,"NRO_PARTE",4070423,"55151106B36OT2"
26291,"NRO_PARTE",3138722,"QA1300PRO86-5G-RM"
26291,"NRO_PARTE",2538677,"ZK-IWB65BP"
26291,"NRO_PARTE",1778088,"86 IFP– 2023- G5- BLACK-OPSI7-WEBTRIUMPH"
26291,"NRO_PARTE",1778093,"86 IFP– 2023- G5- BLACK-RM1-OPSI7-WEBTRIUMPH"
26291,"NRO_PARTE",1778103,"86 IFP– 2023- G3- BLACK-OPSI7-WEBTRIUMPH"
26291,"NRO_PARTE",1778211,"5652RKPM9.0"
26291,"NRO_PARTE",1778239,"5752RK9.0"
26291,"NRO_PARTE",1778249,"55150703R36O"
26291,"NRO_PARTE",2030604,"IFP8633-RCAM"
26291,"NRO_PARTE",2938227,"55150650P12S."
26291,"NRO_PARTE",2528435,"LH75WMBWLGCXZA-N7-C-RP-IAC-RM"
26291,"NRO_PARTE",4228158,"10010730-I7-MR"
26291,"NRO_PARTE",4228175,"98” IFP BLACK PRO-OPS-WEB-RM-ON-G5-1"
26291,"NRO_PARTE",4228178,"10010732-I7-MR"
26291,"NRO_PARTE",4053988,"55151108BK36"
26291,"NRO_PARTE",2035482,"MIMIOPRO754P-2"
26291,"NRO_PARTE",2035502,"MIMIOPRO864P-2"
26291,"NRO_PARTE",4070418,"55151106B36T2"
26291,"NRO_PARTE",1778277,"5862RKPMCAM9.0"
26291,"NRO_PARTE",1778280,"5862RKPMCAM-OPS3-I5-TPM9.0"
26291,"NRO_PARTE",1778303,"55150704P12SO"
26291,"NRO_PARTE",1778307,"55150704P36SO"
26291,"NRO_PARTE",1778315,"5150704P60SO"
26291,"NRO_PARTE",1778324,"55150704R36O"
26291,"NRO_PARTE",1778328,"55150704R60O"
26291,"NRO_PARTE",1778334,"55150705P12SO"
26291,"NRO_PARTE",1778337,"55150705P36SO"
26291,"NRO_PARTE",4228137,"98” IFP BLACK PRO-OPS-WEB-RM-G3-1"
26291,"NRO_PARTE",4228164,"98” IFP BLACK PRO-OPS-WEB-RM-G5-1"
26291,"NRO_PARTE",2035476,"MIMIOPRO754R-2"
26291,"NRO_PARTE",4070447,"55151108BRK60OER2"
26291,"NRO_PARTE",4070487,"55151108BR36OR2"
26291,"NRO_PARTE",4070497,"55151108BR60OR2"
26291,"NRO_PARTE",4070511,"55151108BP60OR2"
26291,"NRO_PARTE",4070524,"55151108BK362"
26291,"NRO_PARTE",3857070,"75 IFP-BLACK-G-G5-WEB-RM-ON"
26291,"NRO_PARTE",3857109,"75 IFP-BLACK-G-G3-WEB-RM-ON"
26291,"NRO_PARTE",1778215,"55150703P36SO"
26291,"NRO_PARTE",1778340,"55150705P60SO"
26291,"NRO_PARTE",1778347,"55150705R36O"
26291,"NRO_PARTE",4140451,"QTX-TE-YL5W-75AIO-OP-R"
26291,"NRO_PARTE",2528377,"LH75WMBWLGCXZA-N5-C-RM"
26291,"NRO_PARTE",4070533,"55151108BK602"
26291,"NRO_PARTE",1719336,"65 IFP– 2023- G5- BLACK"
26291,"NRO_PARTE",1778246,"5752RKPM9.0"
26291,"NRO_PARTE",1778319,"55150704R12O"
26291,"NRO_PARTE",2938394,"MIMIOPROG65P-1"
26291,"NRO_PARTE",3952018,"55150939P36BOS"
26291,"NRO_PARTE",3952023,"86"" IFP-BLACK-G-G3-RM-OPSI7-WEB"
26291,"NRO_PARTE",2798671,"MB86-A001-RM/C12X"
26291,"NRO_PARTE",2627121,"RIVA75R2-8MP1-RF"
26291,"NRO_PARTE",2627126,"RIVA75R2-8MP2-RF"
26291,"NRO_PARTE",2627139,"RIVA75R2-RM"
26291,"NRO_PARTE",2627143,"RIVA75R2-8MP1-RM"
26291,"NRO_PARTE",2627152,"RIVA75R2-8MP2-RM"
26291,"NRO_PARTE",1835088,"INF7555"
26291,"NRO_PARTE",1835093,"INF7555P"
26291,"NRO_PARTE",1835098,"INF8655"
26291,"NRO_PARTE",4223971,"LH86WAFWLGCXZX-EW5"
26291,"NRO_PARTE",4224786,"10010730-I7"
26291,"NRO_PARTE",4224790,"10010731-I7"
26291,"NRO_PARTE",4224793,"10010732-I7"
26291,"NRO_PARTE",4224810,"10010731-R5"
26291,"NRO_PARTE",4224818,"10010732-R5"
26291,"NRO_PARTE",4224828,"10010730-R7"
26291,"NRO_PARTE",4224838,"10010732-R7"
26291,"NRO_PARTE",2636093,"LH75WADWLGCXZA-CG-RP-N7"
26291,"NRO_PARTE",2893870,"10010352-712"
26291,"NRO_PARTE",2893883,"10010354-712BR"
26291,"NRO_PARTE",2776623,"IFP8650-5F-W"
26291,"NRO_PARTE",3951981,"55150939P36BO"
26291,"NRO_PARTE",2505352,"75 IFP – 2023- G3- BLACK-8G+OPSI7"
26291,"NRO_PARTE",2627167,"RIVA75R2-20MP-RM"
26291,"NRO_PARTE",2627195,"RIVA86R2-8MP1-RF"
26291,"NRO_PARTE",2627214,"RIVA86R2-RM"
26291,"NRO_PARTE",2627225,"RIVA86R2-8MP2-RM"
26291,"NRO_PARTE",2627232,"RIVA86R2-20MP-RM"
26291,"NRO_PARTE",3954099,"86"" IFP-BLACK-G-G5-ON"
26291,"NRO_PARTE",4224771,"10010730-I5"
26291,"NRO_PARTE",4224805,"10010730-R5"
26291,"NRO_PARTE",2635981,"LH86WADWLGCXZA-CP-RP-N7"
26291,"NRO_PARTE",2636061,"LH75WADWLGCXZA-CP-RM-N5"
26291,"NRO_PARTE",2893898,"10010354-R712BR"
26291,"NRO_PARTE",2893926,"10010353-R712BR"
26291,"NRO_PARTE",2627118,"RIVA75R2-RF"
26291,"NRO_PARTE",2627130,"RIVA75R2-20MP-RF"
26291,"NRO_PARTE",2627200,"RIVA86R2-8MP2-RF"
26291,"NRO_PARTE",1835081,"INF6555P"
26291,"NRO_PARTE",1835097,"INF8655P"
26291,"NRO_PARTE",1835101,"INF9855"
26291,"NRO_PARTE",1835103,"INF9855P"
26291,"NRO_PARTE",1835126,"IFP8650-5-WPVPC"
26291,"NRO_PARTE",3954105,"86"" IFP-BLACK-G-G3-WEB-ON"
26291,"NRO_PARTE",3825674,"98 IFP-BLACK-G3-WEBPOLY-OPSI7-16G-8G-128G-ON"
26291,"NRO_PARTE",4224835,"10010731-R7"
26291,"NRO_PARTE",2893944,"10010482"
26291,"NRO_PARTE",2152369,"LH75WACWLGCXZA-C-2"
26291,"NRO_PARTE",2776669,"IFP8650-5F-WRM"
26291,"NRO_PARTE",3952089,"86"" IFP-BLACK-G-G5-RM-OPSI7-WEB"
26291,"NRO_PARTE",3398719,"432697RK01"
26291,"NRO_PARTE",3398736,"432697RK01-CAMJ2"
26291,"NRO_PARTE",3398745,"432697RK01NL-CAMJ1"
26291,"NRO_PARTE",3398757,"432697RK02"
26291,"NRO_PARTE",2799022,"QA1300PRO110-RF"
26291,"NRO_PARTE",2505331,"75 IFP – 2023- G3- BLACK-8G-RM"
26291,"NRO_PARTE",2627207,"RIVA86R2-20MP-RF"
26291,"NRO_PARTE",2627222,"RIVA86R2-8MP1-RM"
26291,"NRO_PARTE",2790750,"QA1300PRO65-RF"
26291,"NRO_PARTE",3775972,"86 IFP-BLACK-G3-WEB-OPSI7-16G-ON"
26291,"NRO_PARTE",1834611,"LH85WMBWLGCXZA-N3RP"
26291,"NRO_PARTE",4225022,"S386.RM"
26291,"NRO_PARTE",4225024,"S386.RM.O"
26291,"NRO_PARTE",4225025,"S386.RP"
26291,"NRO_PARTE",4225027,"S375.RP.O"
26291,"NRO_PARTE",4225031,"S375.RP"
26291,"NRO_PARTE",2893736,"10010354-712"
26291,"NRO_PARTE",2893864,"10010353-712"
26291,"NRO_PARTE",3952182,"55150938R36BO"
26291,"NRO_PARTE",3952223,"55150938R36BOS"
26291,"NRO_PARTE",3398698,"432697"
26291,"NRO_PARTE",3398709,"432697NL"
26291,"NRO_PARTE",2799089,"QA1300PRO65-OPSI716256-RF"
26291,"NRO_PARTE",2505312,"75 IFP – 2023- G5- BLACK-8G"
26291,"NRO_PARTE",2505361,"75 IFP – 2023- G5- BLACK-8G+OPSI7"
26291,"NRO_PARTE",2627186,"RIVA86R2-RF"
26291,"NRO_PARTE",3954088,"86"" IFP-BLACK-G-G3-ON"
26291,"NRO_PARTE",1866750,"LH75WACWLGCXZA-N1-RP"
26291,"NRO_PARTE",2490078,"IFP7533-RVPC5"
26291,"NRO_PARTE",3776085,"86 IFP-BLACK-RM-G5-WEB-OPSI7-16G-ON"
26291,"NRO_PARTE",2844321,"BT110GLH"
26291,"NRO_PARTE",2893888,"10010353-712BR"
26291,"NRO_PARTE",2893891,"10010352-712BR"
26291,"NRO_PARTE",1730281,"432622RK01CL"
26291,"NRO_PARTE",1730317,"432618RK01CL"
26291,"NRO_PARTE",3398728,"432697RK01-CAMJ1"
26291,"NRO_PARTE",2798993,"QA1300PRO98-RF"
26291,"NRO_PARTE",2799184,"QA1300PRO75-OPSI716256-RM"
26291,"NRO_PARTE",2501116,"321000249"
26291,"NRO_PARTE",2501130,"321000449"
26291,"NRO_PARTE",1866746,"LH75WACWLGCXZA-N1"
26291,"NRO_PARTE",1834575,"LH85WMBWLGCXZA-C25"
26291,"NRO_PARTE",1834755,"F-LH55WMBWB-1-C30"
26291,"NRO_PARTE",1834769,"F-LH55WMBWB-1-C20"
26291,"NRO_PARTE",2893902,"10010352-R712BR"
26291,"NRO_PARTE",2776653,"IFP8650-5F-WR"
26291,"NRO_PARTE",2799219,"QA1300PRO75-OPSI716256-RF"
26291,"NRO_PARTE",2790757,"QA1300PRO75-RF"
26291,"NRO_PARTE",2790761,"QA1300PRO86-RF"
26291,"NRO_PARTE",3776023,"86 IFP-BLACK-G5-WEB-OPSI7-16G-ON"
26291,"NRO_PARTE",3128364,"55150650RS12O"
26291,"NRO_PARTE",3128373,"55150650RS12"
26291,"NRO_PARTE",3128382,"55150650PS36"
26291,"NRO_PARTE",3128387,"55150650PS36O"
26291,"NRO_PARTE",3128425,"55150650RS36"
26291,"NRO_PARTE",3128432,"55150650R3S6O"
26291,"NRO_PARTE",3128433,"55150650RS6O"
26291,"NRO_PARTE",2844326,"BT105EMU"
26291,"NRO_PARTE",1834553,"LH75WMBWLGCXZA-N7RP-RM"
26291,"NRO_PARTE",4225021,"S386.RP.O"
26291,"NRO_PARTE",4225029,"S375.RM"
26291,"NRO_PARTE",4225030,"S375.RM.O"
26291,"NRO_PARTE",1730245,"432620RK01CL"
26291,"NRO_PARTE",3398741,"432697RK01NL"
26291,"NRO_PARTE",2799284,"QA1300PRO98-OPSI716256-RF"
26291,"NRO_PARTE",3776228,"86 IFP-BLACK-RM-G3-WEB-OPSI7-32G-ON"
26291,"NRO_PARTE",3128437,"55150650RS60"
26291,"NRO_PARTE",3128496,"55150652RS60"
26291,"NRO_PARTE",3128590,"55150693PB60O"
26291,"NRO_PARTE",2844341,"BT65LKT"
26291,"NRO_PARTE",2844368,"BT86LKTPRO"
26291,"NRO_PARTE",2844387,"BT110GLHPRO"
26291,"NRO_PARTE",1914355,"55150650P12SEO"
26291,"NRO_PARTE",1753918,"55150692R12O"
26291,"NRO_PARTE",2771015,"RIVA75R2-OPSI716256-13MP2-RF"
26291,"NRO_PARTE",2771016,"RIVA75R2-OPSI716256-20MP-RF"
26291,"NRO_PARTE",2771078,"RIVA75R2-OPSI716256-13MP2-RM"
26291,"NRO_PARTE",3333681,"BT86LKTPROR24"
26291,"NRO_PARTE",3333691,"BT98LKTHUBI524"
26291,"NRO_PARTE",2625494,"LH75WADWLGCXZA-RM"
26291,"NRO_PARTE",4118840,"5753RK-04.1"
26291,"NRO_PARTE",4118920,"5863RK-04.1"
26291,"NRO_PARTE",4118952,"5863RK-06.1"
26291,"NRO_PARTE",2771123,"RIVA86R2-13MP1-RF"
26291,"NRO_PARTE",2771129,"RIVA86R2-13MP2-RF"
26291,"NRO_PARTE",2771143,"RIVA86R2-OPSI716256-RF"
26291,"NRO_PARTE",2771155,"RIVA86R2-OPSI716256-8MP1-RF"
26291,"NRO_PARTE",2771163,"RIVA86R2-OPSI716256-8MP2-RF"
26291,"NRO_PARTE",1719305,"65 IFP– 2023- G3- BLACK"
26291,"NRO_PARTE",2505862,"75 IFP – 2023- G3- BLACK-8G+OPSI7+ WEBTRIUMPH"
26291,"NRO_PARTE",2505873,"75 IFP – 2023- G3- BLACK-8G+RM+OPSI7+ WEBTRIUMPH"
26291,"NRO_PARTE",2625507,"LH86WADWLGCXZA-RP"
26291,"NRO_PARTE",1753345,"55150691P12O"
26291,"NRO_PARTE",3855963,"75 IFP-BLACK-G-G5-OPSI7-1TB-WEB-RM"
26291,"NRO_PARTE",2771011,"RIVA75R2-OPSI716256-RF"
26291,"NRO_PARTE",2771014,"RIVA75R2-OPSI716256-13MP1-RF"
26291,"NRO_PARTE",2771067,"RIVA75R2-OPSI716256-13MP1-RM"
26291,"NRO_PARTE",2771088,"RIVA75R2-OPSI716256-20MP-RM"
26291,"NRO_PARTE",2771197,"RIVA86R2-13MP1-RM"
26291,"NRO_PARTE",2505875,"75 IFP – 2023- G5- BLACK-8G+RM+OPSI7+ WEBTRIUMPH"
26291,"NRO_PARTE",4118767,"5653RK-04.1"
26291,"NRO_PARTE",4118768,"DS-D5C65RB-B2L65"
26291,"NRO_PARTE",3855742,"TRIUMPH BOARD 75“IFP BLACK G"
26291,"NRO_PARTE",3855795,"75 IFP-BLACK-G-G3-OPSI7-1TB-WEB-RM-ON"
26291,"NRO_PARTE",1914387,"55150650R36SEO"
26291,"NRO_PARTE",2771190,"RIVA86R2-OPSI716256-13MP2-RF"
26291,"NRO_PARTE",2771205,"RIVA86R2-13MP2-RM"
26291,"NRO_PARTE",1719314,"86 IFP– 2023- G3- BLACK"
26291,"NRO_PARTE",1719317,"86 IFP– 2023- G3- BLACK-RM"
26291,"NRO_PARTE",1719333,"65 IFP– 2023- G5- BLACK- RM"
26291,"NRO_PARTE",1719341,"86 IFP– 2023- G5- BLACK"
26291,"NRO_PARTE",1999360,"IFP7533-WR"
26291,"NRO_PARTE",2505868,"75 IFP – 2023- G5- BLACK-8G+OPSI7+ WEBTRIUMPH"
26291,"NRO_PARTE",2629658,"LH86WADXCZA-CG-RM-N5"
26291,"NRO_PARTE",3855843,"75 IFP-BLACK-G-G5-OPSI7-1TB-WEB-ON"
26291,"NRO_PARTE",1914366,"55150650P36SEO"
26291,"NRO_PARTE",1914381,"55150650R12SEO"
26291,"NRO_PARTE",2152456,"LH75WACWLGCXZA-N1-RP-2"
26291,"NRO_PARTE",2771338,"RIVA86R2-OPSI716256-13MP1-RM"
26291,"NRO_PARTE",2631457,"IFP8650-5 F-MVPC5"
26291,"NRO_PARTE",2625480,"LH75WADWLGCXZA"
26291,"NRO_PARTE",2625484,"LH75WADWLGCXZA-RP"
26291,"NRO_PARTE",2926070,"55150650R36S."
26291,"NRO_PARTE",2926132,"55150650R60S."
26291,"NRO_PARTE",3763130,"10010482-712UW-M"
26291,"NRO_PARTE",2152385,"LH75WACWLGCXZA-N1C-2"
26291,"NRO_PARTE",2152427,"LH75WACWLGCXZA-N1-RM-2"
26291,"NRO_PARTE",2152494,"LH75WACWLGCXZA-RP-C-2"
26291,"NRO_PARTE",1753379,"55150691R12O"
26291,"NRO_PARTE",1753405,"55150691R60O"
26291,"NRO_PARTE",2610615,"TL7-65-AVA1800-70-5000M"
26291,"NRO_PARTE",2610616,"TL7-75-AVA1800-70-5000M"
26291,"NRO_PARTE",2528962,"LH75WMBWLGCXZA-C-RP"
26291,"NRO_PARTE",2771328,"RIVA86R2-OPSI716256-8MP1-RM"
26291,"NRO_PARTE",1999288,"IFP9850-4-RJAVPC"
26291,"NRO_PARTE",2642412,"TL7-86-O5-WC-P200"
26291,"NRO_PARTE",2926145,"55150651R60S"
26291,"NRO_PARTE",1753354,"55150691P36O"
26291,"NRO_PARTE",3974567,"10010653-712-M"
26291,"NRO_PARTE",2610611,"TL7-75-5000M"
26291,"NRO_PARTE",2610617,"TL7-65-M5000"
26291,"NRO_PARTE",2636001,"LH75WADWLGCXZA-RM-N7"
26291,"NRO_PARTE",2771174,"RIVA86R2-OPSI716256-13MP1-RF"
26291,"NRO_PARTE",2642419,"TL7-75-O5-WC-AVA1800-70"
26291,"NRO_PARTE",2926151,"55150652R60S."
26291,"NRO_PARTE",2926245,"TL786P200"
26291,"NRO_PARTE",2926247,"TL786TW100"
26291,"NRO_PARTE",3763283,"10010652-712-B"
26291,"NRO_PARTE",2610614,"TL7-65-5000M"
26291,"NRO_PARTE",2528764,"LH85WMBWLGCXZA-N7-C-RM"
26291,"NRO_PARTE",2771362,"RIVA86R2-OPSI716256-20MP-RM"
26291,"NRO_PARTE",4005539,"55150652NP36SO"
26291,"NRO_PARTE",3128435,"55150650RS36O"
26291,"NRO_PARTE",3128475,"55150651PS36O"
26291,"NRO_PARTE",3128479,"55150651RS36O"
26291,"NRO_PARTE",3128482,"55150651RS60O"
26291,"NRO_PARTE",3128483,"55150652RS12"
26291,"NRO_PARTE",3128490,"55150652RS60O"
26291,"NRO_PARTE",3128563,"55150692PB36"
26291,"NRO_PARTE",3128569,"55150692PB60O"
26291,"NRO_PARTE",3128584,"55150693PB36O"
26291,"NRO_PARTE",3128586,"55150693PB36"
26291,"NRO_PARTE",1834417,"LH75WMBWLGCXZA-N7MU"
26291,"NRO_PARTE",1834434,"LH75WMBWLGCXZA-N5MU-RM"
26291,"NRO_PARTE",1834590,"LH85WMBWLGCXZA-N5"
26291,"NRO_PARTE",1834595,"LH85WMBWLGCXZA-N7"
26291,"NRO_PARTE",1834618,"LH85WMBWLGCXZA-N5RP"
26291,"NRO_PARTE",2940186,"55151107P60K"
26291,"NRO_PARTE",2940526,"TE130075-RF"
26291,"NRO_PARTE",2032377,"86 IFP – 2023- G5- BLACK-8GB-OPSI7"
26291,"NRO_PARTE",2032389,"IFP8650-5-MVPC7"
26291,"NRO_PARTE",2032405,"86 IFP– 2023- G5- BLACK-RM1-8GB-OPSI7"
26291,"NRO_PARTE",4121442,"K3A55151412-36M"
26291,"NRO_PARTE",4121448,"P86AC01"
26291,"NRO_PARTE",3128477,"55150651PS36"
26291,"NRO_PARTE",3128552,"55150693PB60"
26291,"NRO_PARTE",1834900,"F-LH65WMBWB-1-C25"
26291,"NRO_PARTE",1834931,"F-LH65WMBWB-1-N7"
26291,"NRO_PARTE",1834940,"F-LH65WMBWB-1-N3MU"
26291,"NRO_PARTE",1834964,"IFP7550-5-WR"
26291,"NRO_PARTE",1835071,"INF6555"
26291,"NRO_PARTE",2559527,"65 IFP-BLACK-RM-G5-2024-8G"
26291,"NRO_PARTE",2940550,"T775O7TC4KOS200"
26291,"NRO_PARTE",2940552,"TE130086-RF"
26291,"NRO_PARTE",2940563,"TE130065-OPSI716256-RF"
26291,"NRO_PARTE",2940581,"TE130075-OPSI716256-RF"
26291,"NRO_PARTE",4121486,"P86AC03"
26291,"NRO_PARTE",3135207,"4W-B55FT5U"
26291,"NRO_PARTE",2940592,"TE130086-OPSI716256-RF"
26291,"NRO_PARTE",2940601,"T775O5WC"
26291,"NRO_PARTE",4121746,"B3P8655151106-O-36M"
26291,"NRO_PARTE",3956548,"P75C00"
26291,"NRO_PARTE",2940323,"T775O7SC2OS200"
26291,"NRO_PARTE",2940392,"55150691P36O."
26291,"NRO_PARTE",2940409,"T775O7SC2RME"
26291,"NRO_PARTE",4121467,"P86AC02"
26291,"NRO_PARTE",2844329,"BT98LKT"
26291,"NRO_PARTE",2844338,"BT86LKT"
26291,"NRO_PARTE",2844344,"BT75LKT"
26291,"NRO_PARTE",2033905,"86 IFP– 2023- G3- BLACK-OPSI7-WEBTRIUMPH-8GB"
26291,"NRO_PARTE",4097804,"55150652HR26SO"
26291,"NRO_PARTE",3956581,"P86C01"
26291,"NRO_PARTE",3956597,"P86C02"
26291,"NRO_PARTE",2940349,"55150691P60."
26291,"NRO_PARTE",2940469,"TE130065-RF"
26291,"NRO_PARTE",2844352,"BT65LKTPRO"
26291,"NRO_PARTE",3156280,"10010482-712UW"
26291,"NRO_PARTE",3758829,"86 IFP-BLACK-RM-G3-8G-ON"
26291,"NRO_PARTE",3855216,"75 IFP-BLACK-G-G5-OPSI7-1TB-RM-ON"
26291,"NRO_PARTE",2033918,"86 IFP– 2023- G3- BLACK-RM1-OPSI7-WEBTRIUMPH-8GB"
26291,"NRO_PARTE",4053303,"10010551-712-V12F"
26291,"NRO_PARTE",3090341,"5863RK-21"
26291,"NRO_PARTE",3090372,"5863RK-24"
26291,"NRO_PARTE",3090382,"3652RK- 1"
26291,"NRO_PARTE",3090384,"3652RK -2"
26291,"NRO_PARTE",3090390,"3652RK -3"
26291,"NRO_PARTE",3090399,"3652RK- 6"
26291,"NRO_PARTE",3090402,"3652RK- 7"
26291,"NRO_PARTE",3090404,"3652RK- 8"
26291,"NRO_PARTE",3090407,"3652RK- 9"
26291,"NRO_PARTE",3090415,"3652RK- 11"
26291,"NRO_PARTE",3090416,"3652RK- 12"
26291,"NRO_PARTE",3090420,"3652RK- 13"
26291,"NRO_PARTE",3090431,"3652RK- 17"
26291,"NRO_PARTE",3090437,"3652RK- 19"
26291,"NRO_PARTE",3723816,"98 IFP-BLACK-WEB-G3-8G-128G"
26291,"NRO_PARTE",2627774,"QITBB86-HCSM"
26291,"NRO_PARTE",3758892,"86 IFP-BLACK-G3-WEB-8G-ON"
26291,"NRO_PARTE",2033929,"86 IFP– 2023- G5- BLACK-OPSI7-WEBTRIUMPH-8GB"
26291,"NRO_PARTE",4097932,"55150652HR60SO"
26291,"NRO_PARTE",2940657,"T775O7SC2"
26291,"NRO_PARTE",2940673,"T775O5SC2"
26291,"NRO_PARTE",3090347,"5863RK-22"
26291,"NRO_PARTE",3090358,"5863RK-23"
26291,"NRO_PARTE",3090395,"3652RK- 4"
26291,"NRO_PARTE",3090397,"3652RK- 5"
26291,"NRO_PARTE",3090434,"3652RK- 18"
26291,"NRO_PARTE",3090449,"3652RK-24"
26291,"NRO_PARTE",3090460,"3752RK- 2"
26291,"NRO_PARTE",2530591,"E-ONE 86 R711 P20"
26291,"NRO_PARTE",2940712,"TE130086-RM"
26291,"NRO_PARTE",2940739,"TE130075-OPSI716256-RM"
26291,"NRO_PARTE",2940755,"TE130086-OPSI716256-RM"
26291,"NRO_PARTE",3090440,"3652RK-20"
26291,"NRO_PARTE",3090486,"3752RK- 8"
26291,"NRO_PARTE",3090488,"3752RK- 9"
26291,"NRO_PARTE",3090502,"3752RK- 13"
26291,"NRO_PARTE",3090507,"3752RK- 15"
26291,"NRO_PARTE",3090517,"3752RK- 17"
26291,"NRO_PARTE",3090522,"3752RK- 18"
26291,"NRO_PARTE",3090525,"3752RK- 19"
26291,"NRO_PARTE",3090534,"3752RK-21"
26291,"NRO_PARTE",3090539,"3752RK-22"
26291,"NRO_PARTE",3090543,"3752RK-23"
26291,"NRO_PARTE",3090550,"3752RK- 3"
26291,"NRO_PARTE",3723881,"98 IFP-BLACK-OPI7-G3-8G-128G"
26291,"NRO_PARTE",2895060,"T786O7SC2P200"
26291,"NRO_PARTE",2644887,"E-ONE 75 RO711 MT2"
26291,"NRO_PARTE",2773892,"RIVA65D2-8MP2-RM"
26291,"NRO_PARTE",2773894,"RIVA65D2-13MP1-RM"
26291,"NRO_PARTE",2773895,"RIVA65D2-13MP2-RM"
26291,"NRO_PARTE",2773896,"RIVA65D2-20MP-RM"
26291,"NRO_PARTE",2773897,"RIVA65D2-OPSI716256-RM"
26291,"NRO_PARTE",2773905,"RIVA65D2-OPSI716256-13MP1-RM"
26291,"NRO_PARTE",2773913,"RIVA65D2-OPSI716256-20MP-RM"
26291,"NRO_PARTE",3334373,"BT110GLHHUBI524"
26291,"NRO_PARTE",2557795,"98 IFP-BLACK-RM-G3-2024-8G-128G"
26291,"NRO_PARTE",2557815,"98 IFP-BLACK-G3- WEB-OPSI7-2024-8G-128G"
26291,"NRO_PARTE",2557832,"98 IFP-BLACK-RM-G5- WEB-OPSI7-2024-8G-128G"
26291,"NRO_PARTE",2818409,"65TR3PN-B-2024-WR"
26291,"NRO_PARTE",2818455,"65TR3PN-B-2024-WRMOPSCAM"
26291,"NRO_PARTE",2818676,"75TR3PN-B-2024-WR"
26291,"NRO_PARTE",2818732,"86TR3PN-B-2024-WR"
26291,"NRO_PARTE",2747354,"75TR3DK-BM-2023-WRM"
26291,"NRO_PARTE",2747411,"75TR3DK-BM-2024-WRMOPSCAM"
26291,"NRO_PARTE",2747422,"75TR3DK-BM-2024-WRM"
26291,"NRO_PARTE",2747432,"TL7-65-O5-5Y"
26291,"NRO_PARTE",2747449,"86TR3DK-BY-2024-WR"
26291,"NRO_PARTE",2747468,"86TR3DK-BY-2024-WRM"
26291,"NRO_PARTE",2528199,"IFP8650-5-MCAMI7"
26291,"NRO_PARTE",2644886,"E-ONE 75 RO711 MEETUP"
26291,"NRO_PARTE",2773875,"RIVA65D2-OPSI716256-13MP2-RF"
26291,"NRO_PARTE",2746256,"86 IFP-BLACK-G3-2024-8G-ON"
26291,"NRO_PARTE",2746272,"86 IFP-BLACK-G5-2024-8G-ON"
26291,"NRO_PARTE",2557779,"98 IFP-BLACK-G3-2024-8G-128G"
26291,"NRO_PARTE",3867407,"55151105HR12KO"
26291,"NRO_PARTE",2818706,"75TR3PN-B-2024-WRMOPSCAM"
26291,"NRO_PARTE",2818776,"86TR3PN-B-2024-WRMOPSCAM"
26291,"NRO_PARTE",1838363,"5652RKPM-OPS3-I5-TPM9.0"
26291,"NRO_PARTE",1838376,"5652RKPM-OPS3-I7-TPM9.0"
26291,"NRO_PARTE",2490139,"IFP8633-RVPC5"
26291,"NRO_PARTE",2490155,"IFP8633-MVPC5"
26291,"NRO_PARTE",3824187,"5753RK- 03"
26291,"NRO_PARTE",3969072,"TE1200PR86-RF"
26291,"NRO_PARTE",3969163,"TE1200PR86-OPSI716256-RM"
26291,"NRO_PARTE",1778822,"98 IFP– 2023- G3- BLACK- WEBTRIUMPH"
26291,"NRO_PARTE",1778834,"98 IFP– 2023- G5- BLACK- WEBTRIUMPH"
26291,"NRO_PARTE",1835146,"IFP7550-5-WPVPC"
26291,"NRO_PARTE",2747469,"TL7-65-O5-AVA1800-70-5Y"
26291,"NRO_PARTE",2747490,"86TR3DK-BY-2024-WRMOPS"
26291,"NRO_PARTE",2644888,"E-ONE 86 RO711 MT2"
26291,"NRO_PARTE",2644889,"E-ONE 86 RO711 MEETUP"
26291,"NRO_PARTE",2773909,"RIVA65D2-OPSI716256-13MP2-RM"
26291,"NRO_PARTE",2774332,"RIVA75D2-13MP1-RM"
26291,"NRO_PARTE",2557786,"98 IFP-BLACK-G5-2024-8G-128G"
26291,"NRO_PARTE",2818722,"86TR3PN-B-2024"
26291,"NRO_PARTE",1838488,"432523CL-CAM01"
26291,"NRO_PARTE",1838652,"432523RK01CL"
26291,"NRO_PARTE",2490180,"IFP7550-5-RVPC5"
26291,"NRO_PARTE",2490233,"IFP8650-5-RVPC5"
26291,"NRO_PARTE",3969141,"TE1200PR86-RM"
26291,"NRO_PARTE",4248261,"BT-75LKTHUBSR"
26291,"NRO_PARTE",4248263,"BT75LKTHUBSR"
26291,"NRO_PARTE",4248268,"BT75LKTR26"
26291,"NRO_PARTE",1835144,"IFP9850-4-WPVPC"
26291,"NRO_PARTE",1829556,"ISIXTY 2"
26291,"NRO_PARTE",1829557,"I3SIXTY 2"
26291,"NRO_PARTE",2747430,"86TR3DK-BY-2024"
26291,"NRO_PARTE",2557801,"98 IFP-BLACK-RM-G5-2024-8G-128G"
26291,"NRO_PARTE",2557827,"98 IFP-BLACK-RM-G3- WEB-OPSI7-2024-8G-128G"
26291,"NRO_PARTE",2557845,"98 IFP-BLACK-G5- WEB-OPSI7-2024-8G-128G"
26291,"NRO_PARTE",2818762,"86TR3PN-B-2024-WRMOPS"
26291,"NRO_PARTE",3968549,"P75C01"
26291,"NRO_PARTE",2490505,"X2-86 O711 BRIO"
26291,"NRO_PARTE",2635246,"LH86WADWLGCXZA-CG-RP-N7"
26291,"NRO_PARTE",4248299,"BT65LKTHUBSR26"
26291,"NRO_PARTE",1778267,"5862RK9.0"
26291,"NRO_PARTE",3881512,"55151106BR60"
26291,"NRO_PARTE",2796471,"DS75BKTE7604G"
26291,"NRO_PARTE",3969198,"SC02-I386A-OPS0702-MSBA01B-OFFICE365-3AG-NUPA"
26291,"NRO_PARTE",1778344,"55150705R12O"
26291,"NRO_PARTE",1778349,"55150705R60O"
26291,"NRO_PARTE",1778252,"5752RKPMCAM9.0"
26291,"NRO_PARTE",1778270,"5862RKPM9.0"
26291,"NRO_PARTE",2747424,"75TR3DK-BM-2024-WRMOPS"
26291,"NRO_PARTE",3334872,"BT110GLHHUBR24"
26291,"NRO_PARTE",3881586,"55151108BR36"
26291,"NRO_PARTE",2796456,"DS75BKTE7603G"
26291,"NRO_PARTE",3968684,"110 IFP-BLACK-G3-ON"
26291,"NRO_PARTE",3824230,"5753RK- 04"
26291,"NRO_PARTE",4248270,"BT75LKTR"
26291,"NRO_PARTE",4248315,"BT65LKTHUBR"
26291,"NRO_PARTE",1778253,"55150703R60O"
26291,"NRO_PARTE",1778260,"5752RKPMCAM-OPS3-I5-TPM9.0"
26291,"NRO_PARTE",2747378,"75TR3DK-BM-2023-WRMOPS"
26291,"NRO_PARTE",2747522,"86TR3DK-BY-2024-WRMOPSCAM"
26291,"NRO_PARTE",3881539,"55151106BR36"
26291,"NRO_PARTE",3881556,"55151107BR60"
26291,"NRO_PARTE",3881563,"55151107BR36"
26291,"NRO_PARTE",3881577,"55151108BR60"
26291,"NRO_PARTE",2926148,"55150652R12S."
26291,"NRO_PARTE",2926149,"55150652R36S."
26291,"NRO_PARTE",2818752,"86TR3PN-B-2024-WRM"
26291,"NRO_PARTE",3968743,"110"" IFP-BLACK-G3-RM-ON"
26291,"NRO_PARTE",3968779,"110"" IFP-BLACK-G3-RM-OPSI7-ON"
26291,"NRO_PARTE",2747419,"75TR3DK-BM-2024-WR"
26291,"NRO_PARTE",4124074,"INNEXEU75-OPS"
26291,"NRO_PARTE",3334867,"BT110GLHPROR24"
26291,"NRO_PARTE",3950515,"55150939P36BS"
26291,"NRO_PARTE",2926220,"T775WC"
26291,"NRO_PARTE",2926243,"TL786"
26291,"NRO_PARTE",2926258,"TL78605OS200"
26291,"NRO_PARTE",2926273,"TL786PTZOS200"
26291,"NRO_PARTE",2926274,"TL786PTZO5S200"
26291,"NRO_PARTE",3968807,"TE1200PR75-RF"
26291,"NRO_PARTE",1834598,"LH85WMBWLGCXZA-N3MU"
26291,"NRO_PARTE",4124075,"INNEXEU65-OPS"
26291,"NRO_PARTE",3923215,"105"" IFP BLACK-RF-G3-ON"
26291,"NRO_PARTE",3824744,"5863RK- 06"
26291,"NRO_PARTE",2528156,"IFP7550-5- RCAM7"
26291,"NRO_PARTE",2528391,"LH75WMBWLGCXZA-N7-C-RP"
26291,"NRO_PARTE",4117431,"B3P8655151106-C1-RP-36M"
26291,"NRO_PARTE",4117433,"B3P8655151106-C2-RP-36M"
26291,"NRO_PARTE",4117434,"B3P8655151106-C2-RM-36M"
26291,"NRO_PARTE",4117435,"B3P8655151106-RP-O-36M"
26291,"NRO_PARTE",4070457,"55151108BRK36OER2"
26291,"NRO_PARTE",4070504,"55151108BP36OR2"
26291,"NRO_PARTE",3306550,"BT86LKTHUB24"
26291,"NRO_PARTE",3306694,"DS-D5C98RB-B"
26291,"NRO_PARTE",2527560,"IFP7533-G-WR"
26291,"NRO_PARTE",2527562,"IFP7533-G-WRM"
26291,"NRO_PARTE",2925088,"55150650R12S."
26291,"NRO_PARTE",2588909,"MW3575-1"
26291,"NRO_PARTE",2588919,"MW3575-2"
26291,"NRO_PARTE",2035460,"MIMIOPRO654R-2"
26291,"NRO_PARTE",3824804,"5863RK- 07"
26291,"NRO_PARTE",3824815,"5863RK- 08"
26291,"NRO_PARTE",3824841,"5863RK-  03"
26291,"NRO_PARTE",2528033,"IFP7550-5-MCAM7"
26291,"NRO_PARTE",2528359,"LH75WMBWLGCXZA-N5-C-RP"
26291,"NRO_PARTE",4117436,"B3P8655151106-RM-O-36M"
26291,"NRO_PARTE",4117437,"B3P8655151106-C1-RP-O-36M"
26291,"NRO_PARTE",4119723,"SC02-I386A-3AG-CPDK-V2"
26291,"NRO_PARTE",3950392,"55150938R36B"
26291,"NRO_PARTE",3950450,"55150939R36B"
26291,"NRO_PARTE",2527555,"IFP7533-G-W"
26291,"NRO_PARTE",2527565,"IFP8633-G-W"
26291,"NRO_PARTE",2527569,"IFP8633-G-WR"
26291,"NRO_PARTE",2527571,"IFP8633-G-WRM"
26291,"NRO_PARTE",3866685,"55151105HP36KO"
26291,"NRO_PARTE",2779336,"IFP8652-2ED-R"
26291,"NRO_PARTE",2587581,"86 IFP-BLACK-RM-G3-OPSI7-2024-8G"
26291,"NRO_PARTE",3824707,"5863RK- 05"
26291,"NRO_PARTE",3824880,"5863RK-  05"
26291,"NRO_PARTE",3824891,"5863RK-  06"
26291,"NRO_PARTE",4117430,"B3P8655151106-RM-36M"
26291,"NRO_PARTE",4117432,"B3P8655151106-C1-RM-36M"
26291,"NRO_PARTE",1748446,"75 IFP– 2023- G3- BLACK-WEBTRIUMPH"
26291,"NRO_PARTE",3306565,"10010551"
26291,"NRO_PARTE",2589004,"MW3575-4"
26291,"NRO_PARTE",2589018,"MW3586-1"
26291,"NRO_PARTE",2589039,"MW3586-2"
26291,"NRO_PARTE",1973628,"75S8DW1O1VA20H"
26291,"NRO_PARTE",2779418,"IFP9850-4-WR"
26291,"NRO_PARTE",2033247,"E-ONE 75 RO511 BRO"
26291,"NRO_PARTE",2784197,"MB86-001"
26291,"NRO_PARTE",3824865,"5863RK-  04"
26291,"NRO_PARTE",4119668,"SC02-I386A-MS02-3AG-CPDK"
26291,"NRO_PARTE",1744765,"75 IFP PRO-2022-G3-1"
26291,"NRO_PARTE",1748465,"75 IFP– 2023- G3- BLACK-RM-WEBTRIUMPH"
26291,"NRO_PARTE",4051342,"SC02-I386A-OPS0702-MSBA01B-OFFICEHB2024-3AG-CPDK"
26291,"NRO_PARTE",1973592,"75S8DW1H1VA20D"
26291,"NRO_PARTE",1973602,"86S8DW1H1VA20E"
26291,"NRO_PARTE",1973612,"75S8DWPH1VA20F"
26291,"NRO_PARTE",1973643,"75S8DWPO1VA20J"
26291,"NRO_PARTE",2779320,"IFP8652-2ED"
26291,"NRO_PARTE",2779353,"IFP8652-2ED-RM"
26291,"NRO_PARTE",2779438,"IFP9850-4-MVPC5"
26291,"NRO_PARTE",4117438,"B3P8655151106-C1-RM-O-36M"
26291,"NRO_PARTE",4117439,"B3P8655151106-C2-RP-O-36M"
26291,"NRO_PARTE",4117440,"B3P8655151106-C2-RM-O-36M"
26291,"NRO_PARTE",4119852,"QITBB86-IPO"
26291,"NRO_PARTE",2793995,"I3TOUCH E-ONE 55"
26291,"NRO_PARTE",3950331,"55150938P36B"
26291,"NRO_PARTE",3950370,"86"" IFP-BLACK-G-G3"
26291,"NRO_PARTE",3950412,"86"" IFP-BLACK-G-G5"
26291,"NRO_PARTE",2644139,"IFP8650-5F-MVPC5"
26291,"NRO_PARTE",1927192,"9H.F5TTC.DA4"
26291,"NRO_PARTE",2779395,"IFP9850-4-WRM"
26291,"NRO_PARTE",2779462,"IFP9850-4-RVPC5"
26291,"NRO_PARTE",3034004,"5753RK-15"
26291,"NRO_PARTE",2794042,"I3TOUCH E-ONE 75"
26291,"NRO_PARTE",2784374,"MB65 001"
26291,"NRO_PARTE",1744773,"75 '' IFP PRO-2022-G3-RM-1"
26291,"NRO_PARTE",1748488,"75 IFP– 2023- G3- BLACK-OPSI7-WEBTRIUMPH"
26291,"NRO_PARTE",1748649,"75 IFP– 2023- G5- BLACK-RM-WEBTRIUMPH"
26291,"NRO_PARTE",4051418,"SC02-I386A-OPS0702-MSBA01B-OFFICE365-3AG-CPDK"
26291,"NRO_PARTE",2589054,"MW3586-3"
26291,"NRO_PARTE",4117359,"B3P8655151106-RP-36M"
26291,"NRO_PARTE",2794057,"I3TOUCH E-ONE 86"
26291,"NRO_PARTE",2794105,"10010354"
26291,"NRO_PARTE",3950371,"55150938P36BS"
26291,"NRO_PARTE",3950473,"86"" IFP-BLACK-G-G3-WEB"
26291,"NRO_PARTE",3950479,"55150939P36B"
26291,"NRO_PARTE",2635243,"LH86WADWLGCXZA-CP-RM-N7"
26291,"NRO_PARTE",2562300,"ZK-IWB86BP"
26291,"NRO_PARTE",1927227,"9H.F71TK.DA1"
26291,"NRO_PARTE",2588979,"MW3575-3"
26291,"NRO_PARTE",2505724,"75 IFP – 2023- G5- BLACK-8G+RM+OPSI7"
26291,"NRO_PARTE",4140521,"QTX-TE-YL5W-75-OP-R"
26291,"NRO_PARTE",2029283,"75 IFP– 2023- G5- BLACK-RM-OPSI7"
26291,"NRO_PARTE",3780009,"98 IFP-BLACK-RM-G5-WEB-OPSI7-16G-8G-128G-ON"
26291,"NRO_PARTE",3780055,"5653RK-04"
26291,"NRO_PARTE",3780057,"98 IFP-BLACK-RM-G3-WEB-OPSI7-16G-8G-128G-ON"
26291,"NRO_PARTE",1740213,"86TR3DK-B-2023-WRM"
26291,"NRO_PARTE",2802837,"TL7-98-O7-TW100"
26291,"NRO_PARTE",4228675,"98” IFP BLACK PRO-OPS1T-G3-1"
26291,"NRO_PARTE",4228694,"98” IFP BLACK PRO-OPS1T-ON-G3-1"
26291,"NRO_PARTE",4228704,"98” IFP BLACK PRO-OPS1T-G5-1"
26291,"NRO_PARTE",3879063,"55151107HP12KO"
26291,"NRO_PARTE",3879091,"55151107HP60KO"
26291,"NRO_PARTE",1827922,"E-ONE 65 O511 PC20"
26291,"NRO_PARTE",1827924,"E-ONE 86 O511 PC20"
26291,"NRO_PARTE",1827925,"E-ONE 65 O711 PC20"
26291,"NRO_PARTE",1827926,"E-ONE 75 O711 PC20"
26291,"NRO_PARTE",1827927,"E-ONE 86 O711 PC20"
26291,"NRO_PARTE",1827929,"E-ONE 75 EDU RO511"
26291,"NRO_PARTE",1827932,"E-ONE 65 EDU RO711"
26291,"NRO_PARTE",1827935,"E-ONE 86 EDU RO711"
26291,"NRO_PARTE",1806314,"E-ONE 75 RO7 PC20"
26291,"NRO_PARTE",4108811,"10010770-R"
26291,"NRO_PARTE",2644657,"X2-65 RO711"
26291,"NRO_PARTE",2513090,"55150691AP36"
26291,"NRO_PARTE",2513092,"55150691AR12"
26291,"NRO_PARTE",2513094,"55150691AR60"
26291,"NRO_PARTE",2513098,"55150692AP60"
26291,"NRO_PARTE",2513100,"55150692AR36"
26291,"NRO_PARTE",2513101,"55150692AR60"
26291,"NRO_PARTE",2513102,"55150692AP12O"
26291,"NRO_PARTE",2513105,"IDEAHUB BOARD 2 75"""
26291,"NRO_PARTE",2513106,"55150692AR36O"
26291,"NRO_PARTE",2770345,"RIVA65R2-OPSI716256-8MP1-RF"
26291,"NRO_PARTE",2895575,"T786O7WCP200"
26291,"NRO_PARTE",2895582,"LH86WADWLGCXZA-RM-N7-OP"
26291,"NRO_PARTE",1744756,"86"" IFP PRO-2022-G3-RM-1"
26291,"NRO_PARTE",2528832,"LH85WMBWLGCXZA-N7-C-RP-IAC-RM"
26291,"NRO_PARTE",2528951,"LH75WMBWLGCXZA-C-RM"
26291,"NRO_PARTE",2559124,"3652RK-21"
26291,"NRO_PARTE",1973485,"75S8DW1H1VA203"
26291,"NRO_PARTE",2624741,"LH86WADWLGCXZA"
26291,"NRO_PARTE",4140552,"QTX-TE-YL5W-86-OP-R"
26291,"NRO_PARTE",4140615,"IFP7551-R"
26291,"NRO_PARTE",3780129,"98 IFP-BLACK-RM-G3-WEB-OPSI7-1TB-8G-128G-ON"
26291,"NRO_PARTE",4228790,"IFP5551-RM"
26291,"NRO_PARTE",1740158,"65TR3DK-B-2023-WR"
26291,"NRO_PARTE",3879088,"55151107HP36KO"
26291,"NRO_PARTE",3826000,"TE7511W-OPSI5-RACK"
26291,"NRO_PARTE",1838858,"432523RK02CL-CAM01"
26291,"NRO_PARTE",2644704,"X2-75 RO711"
26291,"NRO_PARTE",2644707,"X2-86 RO711"
26291,"NRO_PARTE",2513099,"55150692AR12"
26291,"NRO_PARTE",2513103,"55150692AP36O"
26291,"NRO_PARTE",2513104,"55150692AP60O"
26291,"NRO_PARTE",2770300,"RIVA65R2-20MP-RF"
26291,"NRO_PARTE",2770354,"RIVA65D2-OPSI716256-8MP2-RF"
26291,"NRO_PARTE",2770424,"RIVA65R2-RM"
26291,"NRO_PARTE",2770431,"RIVA65R2-8MP1-RM"
26291,"NRO_PARTE",2554543,"75 IFP-BLACK-G3-OPSI7-2024-8G"
26291,"NRO_PARTE",2895618,"LH86WADWLGCXZA-RM-N7-OHB"
26291,"NRO_PARTE",2776213,"HA1100PRO86-RF"
26291,"NRO_PARTE",2530582,"E-ONE 75 R711 P20"
26291,"NRO_PARTE",1973469,"75N8CA1N1VA201"
26291,"NRO_PARTE",1973576,"75N8CA1N1VA20B"
26291,"NRO_PARTE",4140471,"QTX-TE-YL5W-75AIO-R"
26291,"NRO_PARTE",4140560,"IFP8651-RM"
26291,"NRO_PARTE",4140645,"IFP8634-R"
26291,"NRO_PARTE",4140647,"IFP7534-RM"
26291,"NRO_PARTE",4140669,"QTX-TE-YL5W-98"
26291,"NRO_PARTE",4019255,"1541352-R"
26291,"NRO_PARTE",4019351,"5753RK- 37"
26291,"NRO_PARTE",3780091,"T786O7SC2OS200OFHB"
26291,"NRO_PARTE",3780121,"5653RK-05"
26291,"NRO_PARTE",2802964,"TL7-98-O7-TC4K-TW100"
26291,"NRO_PARTE",4228823,"IFP5541-R"
26291,"NRO_PARTE",1740142,"65TR3DK-B-2023"
26291,"NRO_PARTE",3879126,"55151107HP12K"
26291,"NRO_PARTE",3879147,"55151107HP36K"
26291,"NRO_PARTE",1749267,"432618RK01CL-CAM02"
26291,"NRO_PARTE",1732184,"86 IFP– 2023- G3- BLACK-RM-1"
26291,"NRO_PARTE",2644708,"X2-98 RO711"
26291,"NRO_PARTE",2797268,"LH86WADWLGCXZA-CP-RM-N7-1"
26291,"NRO_PARTE",2895637,"LH86WADWLGCXZA-CM-RM-N7-OHB"
26291,"NRO_PARTE",2776233,"HA1100PRO75-RM"
26291,"NRO_PARTE",2776239,"HA1100PRO86-RM"
26291,"NRO_PARTE",2776247,"HA1100PRO75-OPSI716256-RM"
26291,"NRO_PARTE",2776259,"IFP7550-5F-WR"
26291,"NRO_PARTE",4142788,"75RIVAR2-RM"
26291,"NRO_PARTE",1973459,"EN: CAJA"
26291,"NRO_PARTE",1973477,"86N8CA1N1VA202"
26291,"NRO_PARTE",1973492,"86S8DW1H1VA204"
26291,"NRO_PARTE",1973504,"75S8DWPH1VA205"
26291,"NRO_PARTE",4140547,"QTX-TE-YL5W-86-R"
26291,"NRO_PARTE",3780140,"10010652-1000EG2"
26291,"NRO_PARTE",3780173,"5753RK-01"
26291,"NRO_PARTE",4228713,"98” IFP BLACK PRO-OPS1T-ON-G5-1"
26291,"NRO_PARTE",4228736,"98” IFP BLACK PRO-OPS1T-RM-G3-1"
26291,"NRO_PARTE",4228775,"IFP5551-R"
26291,"NRO_PARTE",4228885,"IFP6541-R"
26291,"NRO_PARTE",1740204,"86TR3DK-B-2023"
26291,"NRO_PARTE",1827918,"E-ONE 86 O511"
26291,"NRO_PARTE",1827919,"E-ONE 65 O711"
26291,"NRO_PARTE",1827923,"E-ONE 75 O511 PC20"
26291,"NRO_PARTE",2635796,"LH86WADWLGCXZA-CG-RP-N5"
26291,"NRO_PARTE",1838923,"432523RK02CL"
26291,"NRO_PARTE",2770419,"RIVA65R2-OPSI716256-20MP-RF"
26291,"NRO_PARTE",2770552,"RIVA65R2-13MP1-RM"
26291,"NRO_PARTE",2797370,"10010493"
26291,"NRO_PARTE",2489232,"X2-98 RO711 BR"
26291,"NRO_PARTE",2489291,"X2-98 RO711 MEETUP"
26291,"NRO_PARTE",2489151,"X2-86 R"
26291,"NRO_PARTE",2489213,"X2-65 RO711 BR"
26291,"NRO_PARTE",2489228,"X2-86 RO711 BR"
26291,"NRO_PARTE",2895723,"TL7-105-O7-TC4KOFHB"
26291,"NRO_PARTE",2895746,"TL7105O7TC4KOFHBW11"
26291,"NRO_PARTE",3784812,"98 IFP-BLACK-RM-G5-OPSI7-1TB-8G-128G-ON"
26291,"NRO_PARTE",2776207,"HA1100PRO75-RF"
26291,"NRO_PARTE",2776226,"HA1100PRO86-OPSI716256-RF"
26291,"NRO_PARTE",2776253,"HA1100PRO86-OPSI716256-RM"
26291,"NRO_PARTE",1973511,"86S8DWPH1VA206"
26291,"NRO_PARTE",1973553,"75S8DWPO1VA209"
26291,"NRO_PARTE",1973565,"86S8DWPO1VA20A"
26291,"NRO_PARTE",1973583,"86N8CA1N1VA20C"
26291,"NRO_PARTE",4140649,"IFP7534-R"
26291,"NRO_PARTE",2510837,"DS-D5B75RB/C"
26291,"NRO_PARTE",2510838,"DS-D5B75RB/D"
26291,"NRO_PARTE",2510840,"DS-D5B86RB/C"
26291,"NRO_PARTE",2510841,"DS-D5B86RB/D"
26291,"NRO_PARTE",2510844,"DS-D5C65RB/B"
26291,"NRO_PARTE",2510846,"DS-D5C75RB/B"
26291,"NRO_PARTE",2510847,"DS-D5C86RB/A"
26291,"NRO_PARTE",3780090,"98 IFP-BLACK-RM-G5-WEB-OPSI7-1TB-8G-128G-ON"
26291,"NRO_PARTE",3780202,"5753RK-02"
26291,"NRO_PARTE",3780235,"5753RK-03"
26291,"NRO_PARTE",3780257,"5753RK-04"
26291,"NRO_PARTE",1739984,"75TR3DJ-B-2023"
26291,"NRO_PARTE",1740100,"75TR3DJ-B-2023-WRM"
26291,"NRO_PARTE",4098902,"LH86WAFWLGCXZA-RM"
26291,"NRO_PARTE",2803052,"IFP7550-5-W2"
26291,"NRO_PARTE",2803058,"TL7-98-TC4K-TW100"
26291,"NRO_PARTE",4228828,"IFP5541-RM"
26291,"NRO_PARTE",4228909,"IFP7541-R"
26291,"NRO_PARTE",1740105,"86TR3DJ-B-2023"
26291,"NRO_PARTE",1740114,"86TR3DJ-B-2023-WRM"
26291,"NRO_PARTE",1740180,"75TR3DK-B-2023"
26291,"NRO_PARTE",1740190,"75TR3DK-B-2023-WRM"
26291,"NRO_PARTE",1740209,"86TR3DK-B-2023-WR"
26291,"NRO_PARTE",3879302,"55151107HR60KO"
26291,"NRO_PARTE",3879318,"55151107HR36K"
26291,"NRO_PARTE",1838689,"432523RK01CL-CAM02"
26291,"NRO_PARTE",1732343,"86 IFP– 2023- G5- BLACK-1"
26291,"NRO_PARTE",2770341,"RIVA R2 65 INCH"
26291,"NRO_PARTE",2770556,"RIVA65R2-13MP2-RM"
26291,"NRO_PARTE",2770565,"RIVA65R2-OPSI716256-RM"
26291,"NRO_PARTE",2770578,"RIVA65R2-OPSI716256-8MP1-RM"
26291,"NRO_PARTE",2770588,"RIVA65R2-OPSI716256-8MP2-RM"
26291,"NRO_PARTE",2770591,"RIVA65R2-OPSI716256-13MP1-RM"
26291,"NRO_PARTE",2770595,"RIVA65R2-OPSI716256-13MP2-RM"
26291,"NRO_PARTE",2770599,"RIVA65R2-OPSI716256-20MP-RM"
26291,"NRO_PARTE",2797473,"10010493 R"
26291,"NRO_PARTE",2895649,"LH86WADWLGCXZA-CM-RM-N7-OP"
26291,"NRO_PARTE",2895725,"TL7105O7TC4KOFHB"
26291,"NRO_PARTE",2776219,"HA1100PRO75-OPSI716256-RF"
26291,"NRO_PARTE",2776284,"IFP7550-5F-WRM"
26291,"NRO_PARTE",4140435,"QTX-TE-YL5W-75AIO"
26291,"NRO_PARTE",4140538,"QTX-TE-YL5W-86"
26291,"NRO_PARTE",4140550,"QTX-TE-YL5W-86-OP"
26291,"NRO_PARTE",3780327,"5863RK-02"
26291,"NRO_PARTE",3780369,"5863RK-05"
26291,"NRO_PARTE",2802884,"TL7-98-TW100"
26291,"NRO_PARTE",4228894,"IFP6541-RM"
26291,"NRO_PARTE",4228955,"IFP7541-RM"
26291,"NRO_PARTE",4229000,"98” IFP BLACK PRO-OPS1T-RM-G5-1"
26291,"NRO_PARTE",4229006,"IFP8641-R"
26291,"NRO_PARTE",1974794,"5862RKPM-OPS3-I5-TPM9.0."
26291,"NRO_PARTE",1740109,"86TR3DJ-B-2023-WR"
26291,"NRO_PARTE",3879171,"55151107HR12KO"
26291,"NRO_PARTE",3879178,"55151107HR36KO"
26291,"NRO_PARTE",3968259,"T786PO7SC2OS200OF365"
26291,"NRO_PARTE",2770281,"RIVA65R2-13MP1-RF"
26291,"NRO_PARTE",2489146,"X2-65 R"
26291,"NRO_PARTE",2489148,"X2-75 R"
26291,"NRO_PARTE",2489154,"X2-98 R"
26291,"NRO_PARTE",4140487,"QTX-TE-YL5W-75"
26291,"NRO_PARTE",4140520,"QTX-TE-YL5W-75-R"
26291,"NRO_PARTE",4140607,"IFP7551-RM"
26291,"NRO_PARTE",3780308,"5863RK-01"
26291,"NRO_PARTE",3780391,"5863RK-06"
26291,"NRO_PARTE",2803156,"IFP8650-5-WR2"
26291,"NRO_PARTE",4229037,"98” IFP BLACK PRO-OPS1T-WEB-G3-1"
26291,"NRO_PARTE",4229057,"IFP8641-RM"
26291,"NRO_PARTE",1740184,"75TR3DK-B-2023-WR"
26291,"NRO_PARTE",3879157,"55151107HP60K"
26291,"NRO_PARTE",3879311,"55151107HR12K"
26291,"NRO_PARTE",3879337,"55151107HR60K"
26291,"NRO_PARTE",3879361,"55151105HP60K"
26291,"NRO_PARTE",1839078,"IFP9850-4-RPVPC"
26291,"NRO_PARTE",3968272,"T786PO7SC2P200"
26291,"NRO_PARTE",3968359,"TL7105O7TC4KOS200OFHBW11"
26291,"NRO_PARTE",2770292,"RIVA65R2-13MP2-RF"
26291,"NRO_PARTE",2770545,"RIVA65R2-8MP2-RM"
26291,"NRO_PARTE",2770559,"RIVA65R2-20MP-RM"
26291,"NRO_PARTE",2770624,"RIVA75R2-13MP1-RF"
26291,"NRO_PARTE",2797352,"10010492"
26291,"NRO_PARTE",2895821,"TL7105O7TW100OFHB"
26291,"NRO_PARTE",3952895,"55150939R36BO"
26291,"NRO_PARTE",1973527,"75S8DW1O1VA207"
26291,"NRO_PARTE",1973538,"86S8DW1O1VA208"
26291,"NRO_PARTE",4140582,"IFP8651-R"
26291,"NRO_PARTE",4140635,"IFP8634-RM"
26291,"NRO_PARTE",2510832,"DS-D5B65RB/C"
26291,"NRO_PARTE",2510835,"DS-D5B65RB/D"
26291,"NRO_PARTE",2510842,"DS-D5C65RB/A"
26291,"NRO_PARTE",2510845,"DS-D5C75RB/A"
26291,"NRO_PARTE",2510848,"DS-D5C86RB/B"
26291,"NRO_PARTE",3780432,"5863RK-08"
26291,"NRO_PARTE",2803096,"IFP7550-5-WR2"
26291,"NRO_PARTE",2803199,"TL7-65-OA"
26291,"NRO_PARTE",2803227,"TL7-65-PC-P200"
26291,"NRO_PARTE",4228984,"98” IFP BLACK PRO-OPS1T-RM-ON-G3-1"
26291,"NRO_PARTE",4229049,"98” IFP BLACK PRO-OPS1T-WEB-ON-G3-1"
26291,"NRO_PARTE",1740171,"65TR3DK-B-2023-WRM"
26291,"NRO_PARTE",1838899,"432523RK02CL-CAM02"
26291,"NRO_PARTE",3968287,"T786POS200"
26291,"NRO_PARTE",2770384,"RIVA65R2-OPSI716256-13MP2-RF"
26291,"NRO_PARTE",3314435,"10010551-712R"
26291,"NRO_PARTE",3314449,"10010691-712R"
26291,"NRO_PARTE",3315555,"10010551-712-B"
26291,"NRO_PARTE",3315558,"10010552-712-B"
26291,"NRO_PARTE",3315562,"10010691-712-B"
26291,"NRO_PARTE",2797453,"10010492 R"
26291,"NRO_PARTE",2489101,"X2-65"
26291,"NRO_PARTE",2489116,"X2-98"
26291,"NRO_PARTE",2895691,"TL7105O7TW100OFPW11"
26291,"NRO_PARTE",2895850,"TL7105O7TW100OFHBW11"
26291,"NRO_PARTE",3378801,"HEP-LT98-M2A"
26291,"NRO_PARTE",3779660,"432699RK01NL-CAMJ1"
26291,"NRO_PARTE",2529905,"MIMIOPRO754R-4"
26291,"NRO_PARTE",2529935,"MIMIOPRO864P-4"
26291,"NRO_PARTE",2149764,"LH75WACWLGCXZA_2"
26291,"NRO_PARTE",3326160,"SC02-I386A-OPS127-MSBA01B-OFFICEHB2024-5AG"
26291,"NRO_PARTE",2774601,"RIVA86D2-OPSI716256-13MP1-RF"
26291,"NRO_PARTE",2774605,"RIVA86D2-OPSI716256-13MP2-RF"
26291,"NRO_PARTE",2774622,"RIVA86D2-OPSI716256-RM"
26291,"NRO_PARTE",2774624,"RIVA86D2-OPSI716256-8MP1-RM"
26291,"NRO_PARTE",4121062,"B3P8655151108-C2-RP-36M"
26291,"NRO_PARTE",4121175,"S255150650-RM-O-36M"
26291,"NRO_PARTE",4121211,"S255150650-RP-36M"
26291,"NRO_PARTE",4121227,"S255150651-RM-36M"
26291,"NRO_PARTE",3855729,"75 IFP-BLACK-G-G3-OPSI7-1TB-WEB-ON"
26291,"NRO_PARTE",3855869,"75 IFP-BLACK-G-G3-OPSI7-1TB-WEB-RM"
26291,"NRO_PARTE",2771194,"RIVA86R2-OPSI716256-20MP-RF"
26291,"NRO_PARTE",2771208,"RIVA86R2-OPSI716256-RM"
26291,"NRO_PARTE",2771333,"RIVA86R2-OPSI716256-8MP2-RM"
26291,"NRO_PARTE",2551573,"75 IFP-BLACK-G5-WEB-OPSI5-2024-8G"
26291,"NRO_PARTE",3779706,"432699RK02"
26291,"NRO_PARTE",3779726,"432699RK02-CAMJ1"
26291,"NRO_PARTE",3779747,"432699RK02-CAMJ2"
26291,"NRO_PARTE",4108469,"TE1200PRO75-RM"
26291,"NRO_PARTE",2490118,"IFP7533-MVPC5"
26291,"NRO_PARTE",2774551,"RIVA86D2-OPSI716256-RF"
26291,"NRO_PARTE",2774606,"RIVA86D2-OPSI716256-20MP-RF"
26291,"NRO_PARTE",2774615,"RIVA86D2-8MP2-RM"
26291,"NRO_PARTE",4121065,"B3P8655151108-C1-RM-36M"
26291,"NRO_PARTE",2936914,"55150650R60SO"
26291,"NRO_PARTE",3855188,"75 IFP-BLACK-G-G5-OPSI7-1TB-RM"
26291,"NRO_PARTE",2771351,"RIVA86R2-OPSI716256-13MP2-RM"
26291,"NRO_PARTE",2551566,"75 IFP-BLACK-G3-WEB-OPSI5-2024-8G"
26291,"NRO_PARTE",2551597,"75 IFP-BLACK-RM-G5-WEB-OPSI7-2024-8G"
26291,"NRO_PARTE",2551604,"75 IFP-BLACK-RM-G3-WEB-OPSI7-2024-8G"
26291,"NRO_PARTE",3779505,"432699"
26291,"NRO_PARTE",3779561,"432699RK01"
26291,"NRO_PARTE",3779767,"432699RK02NL"
26291,"NRO_PARTE",3779782,"432699RK02NL-CAMJ1"
26291,"NRO_PARTE",2774421,"RIVA75D2-OPSI716256-13MP1-RM"
26291,"NRO_PARTE",2774477,"RIVA86D2-8MP1-RF"
26291,"NRO_PARTE",2774610,"RIVA86D2-RM"
26291,"NRO_PARTE",2774619,"RIVA86D2-13MP2-RM"
26291,"NRO_PARTE",2744997,"LH86WADWLGCXZA-RP-N7-1"
26291,"NRO_PARTE",2551613,"75 IFP-BLACK-G3-WEB-OPSI7-2024-8G"
26291,"NRO_PARTE",3779862,"98 IFP-BLACK-G3-OPSI7-1TB-8G-128G-ON"
26291,"NRO_PARTE",3779877,"98 IFP-BLACK-G5-OPSI7-1TB-8G-128G-ON"
26291,"NRO_PARTE",2774513,"RIVA86D2-13MP2-RF"
26291,"NRO_PARTE",2774612,"RIVA86D2-8MP1-RM"
26291,"NRO_PARTE",2774631,"RIVA86D2-OPSI716256-13MP1-RM"
26291,"NRO_PARTE",2774635,"RIVA86D2-OPSI716256-13MP2-RM"
26291,"NRO_PARTE",2774639,"RIVA86D2-OPSI716256-20MP-RM"
26291,"NRO_PARTE",3838161,"T775RME"
26291,"NRO_PARTE",4121192,"S255150651-RM-O-36M"
26291,"NRO_PARTE",4121240,"S255150650-RM-36M"
26291,"NRO_PARTE",2771620,"RIVA65D2-13MP2-RF"
26291,"NRO_PARTE",3779595,"432699RK01-CAMJ2"
26291,"NRO_PARTE",3779612,"432699RK01NL"
26291,"NRO_PARTE",3779912,"5653RK-01"
26291,"NRO_PARTE",3779921,"98 IFP-BLACK-G3-OPSI7-16G-8G-128G-ON"
26291,"NRO_PARTE",1834159,"LH75WMBWLGCXZA-C25"
26291,"NRO_PARTE",2774574,"RIVA86D2-OPSI716256-8MP1-RF"
26291,"NRO_PARTE",2774618,"RIVA86D2-13MP1-RM"
26291,"NRO_PARTE",2774620,"RIVA86D2-20MP-RM"
26291,"NRO_PARTE",2628470,"3652RK-13"
26291,"NRO_PARTE",2937167,"TL775RME"
26291,"NRO_PARTE",2744991,"LH86WADWLGCXZA-N7-1"
26291,"NRO_PARTE",2745122,"PART NUMBER LH86WADWLGCXZA-RM-N5-1A"
26291,"NRO_PARTE",2745123,"LH86WADWLGCXZA-RM-N5-1A"
26291,"NRO_PARTE",2771616,"RIVA65D2-13MP1-RF"
26291,"NRO_PARTE",2551661,"75 IFP-BLACK-G3-OPSI5-2024-8G"
26291,"NRO_PARTE",2551673,"75 IFP-BLACK-G5-OPSI5-2024-8G"
26291,"NRO_PARTE",3779806,"432699RK02NL-CAMJ2"
26291,"NRO_PARTE",3779843,"5653RK- 1"
26291,"NRO_PARTE",4039278,"QITBB75-I"
26291,"NRO_PARTE",1834484,"LH75WMBWLGCXZA-N7RP"
26291,"NRO_PARTE",3838291,"T775TC4K"
26291,"NRO_PARTE",4121445,"INNEXEU86-OPS"
26291,"NRO_PARTE",2937188,"TL775TC4K"
26291,"NRO_PARTE",2937191,"TL775O7"
26291,"NRO_PARTE",2937205,"TL775O7P200"
26291,"NRO_PARTE",2937207,"TL786O5PTZOS200"
26291,"NRO_PARTE",2937212,"TL775WCOS200"
26291,"NRO_PARTE",2937224,"TL775O5TC4KRME"
26291,"NRO_PARTE",2937228,"TL775O7WC"
26291,"NRO_PARTE",2937229,"TL775O5TC4K"
26291,"NRO_PARTE",2937239,"TL798OS200"
26291,"NRO_PARTE",2937258,"TL786O5TC4KRME"
26291,"NRO_PARTE",2937280,"TL798WCOS200"
26291,"NRO_PARTE",2745085,"LH86WADWLGCXZA-RM-N7-1"
26291,"NRO_PARTE",2551887,"75 IFP-BLACK-RM-G5-OPSI5-2024-8G"
26291,"NRO_PARTE",2032395,"86 IFP – 2023- G3- BLACK-RM1-8GB-OPSI7"
26291,"NRO_PARTE",3779682,"432699RK01NL-CAMJ2"
26291,"NRO_PARTE",4039310,"QITBB75-IDP"
26291,"NRO_PARTE",1834548,"LH75WMBWLGCXZA-N5RP-RM"
26291,"NRO_PARTE",1834582,"LH85WMBWLGCXZA-C20"
26291,"NRO_PARTE",1834607,"LH85WMBWLGCXZA-N5MU"
26291,"NRO_PARTE",2937206,"TL775OS200"
26291,"NRO_PARTE",2937230,"TL775O7PTZOS200"
26291,"NRO_PARTE",2937285,"TL798TC4KOS200"
26291,"NRO_PARTE",2937292,"TL798O5WCOS200"
26291,"NRO_PARTE",2937300,"TL798O7WCOS200"
26291,"NRO_PARTE",2937369,"TL7105TC4K"
26291,"NRO_PARTE",2937376,"TL710507"
26291,"NRO_PARTE",2937380,"TL7105O7"
26291,"NRO_PARTE",3779945,"5653RK-02"
26291,"NRO_PARTE",3779970,"98 IFP-BLACK-G5-OPSI7-16G-8G-128G-ON"
26291,"NRO_PARTE",3779993,"5653RK-03"
26291,"NRO_PARTE",4246624,"BT98LKTHUB26"
26291,"NRO_PARTE",4246647,"BT98LKTR26"
26291,"NRO_PARTE",2774626,"RIVA86D2-OPSI716256-8MP2-RM"
26291,"NRO_PARTE",2937222,"TL775O5TC4KOS200"
26291,"NRO_PARTE",2937227,"TL775O7TC4KOS200"
26291,"NRO_PARTE",2937352,"TL798O5PTZOS200"
26291,"NRO_PARTE",2937385,"TL7105O7WC"
26291,"NRO_PARTE",2745091,"LH86WADWLGCXZA-N5-1"
26291,"NRO_PARTE",2745093,"LH86WADWLGCXZA-RP-N5-1"
26291,"NRO_PARTE",4230100,"QITBB75 IC"
26291,"NRO_PARTE",4230276,"86T7"
26291,"NRO_PARTE",4230292,"86” IFP BLACK PRO-OPS-RM-ON-G3"
26291,"NRO_PARTE",4230321,"86” IFP BLACK PRO-OPS-RM-ON-G5"
26291,"NRO_PARTE",4230325,"T786I7SC2"
26291,"NRO_PARTE",2894429,"T786"
26291,"NRO_PARTE",3838220,"T775SC2OS200"
26291,"NRO_PARTE",1731489,"432620RK01CL-CAM01"
26291,"NRO_PARTE",1731503,"432620RK01CL-CAM02"
26291,"NRO_PARTE",1731525,"432620RK02-CAM01"
26291,"NRO_PARTE",4039321,"QITBB75-IO"
26291,"NRO_PARTE",2628493,"3652RK-14"
26291,"NRO_PARTE",1755908,"55150691P12S"
26291,"NRO_PARTE",3956605,"P75C02"
26291,"NRO_PARTE",3333372,"PB86101"
26291,"NRO_PARTE",2501150,"321000408"
26291,"NRO_PARTE",2501156,"321000451"
26291,"NRO_PARTE",2628691,"3752RK-13"
26291,"NRO_PARTE",3955894,"86"" IFP-BLACK-G-RM-G3-ON"
26291,"NRO_PARTE",4230417,"T786RM"
26291,"NRO_PARTE",4230433,"QITBB86 IO"
26291,"NRO_PARTE",3877648,"55151105HR12K"
26291,"NRO_PARTE",3877669,"55151105HR36KO"
26291,"NRO_PARTE",3838415,"98 IFP-BLACK-G3-WEBPOLY-OPSI7-16G-8G-128G-RM-ON"
26291,"NRO_PARTE",1731569,"432620RK02CL-CAM01"
26291,"NRO_PARTE",2626343,"DS75BKTE7601G"
26291,"NRO_PARTE",2501121,"321000250"
26291,"NRO_PARTE",2628553,"3652RK-18"
26291,"NRO_PARTE",2628750,"3752RK-16"
26291,"NRO_PARTE",4230298,"T786I7"
26291,"NRO_PARTE",4230428,"T786SC2RM"
26291,"NRO_PARTE",4230453,"QITBB86 IP"
26291,"NRO_PARTE",4230482,"QITBB86 ICO"
26291,"NRO_PARTE",3838334,"TL7105O7TC4KRME"
26291,"NRO_PARTE",3838389,"TL7105RME"
26291,"NRO_PARTE",1731475,"432620RK01-CAM02"
26291,"NRO_PARTE",1731549,"432620RK02-CAM02"
26291,"NRO_PARTE",3333534,"LT86D3SI-A"
26291,"NRO_PARTE",3333545,"BT65LKTPROI524"
26291,"NRO_PARTE",2628777,"3752RK-18"
26291,"NRO_PARTE",2628868,"3862RK-16"
26291,"NRO_PARTE",3807637,"INNEXCT65"
26291,"NRO_PARTE",3807669,"INNEXCT75"
26291,"NRO_PARTE",4319051,"DS-D5C86RB/A2L-RM-OPS7"
26291,"NRO_PARTE",4319052,"DS-D5C86RB/A2L-RM-OPS5"
26291,"NRO_PARTE",4230278,"86” IFP BLACK PRO-OPS-RM-G3"
26291,"NRO_PARTE",4230306,"86” IFP BLACK PRO-OPS-RM-G5"
26291,"NRO_PARTE",4230522,"BT75LKTHUBR26"
26291,"NRO_PARTE",4230588,"P75AD00"
26291,"NRO_PARTE",3333552,"BT65LKTPROI5R24"
26291,"NRO_PARTE",3333556,"BT65LKTPROR24"
26291,"NRO_PARTE",3333563,"BT65LKTR24"
26291,"NRO_PARTE",3333582,"BT75LKTHUBI5R24"
26291,"NRO_PARTE",3333588,"BT75LKTHUBR24"
26291,"NRO_PARTE",3333598,"BT75LKTPROI5R24"
26291,"NRO_PARTE",3333607,"BT75LKTR24"
26291,"NRO_PARTE",3333624,"BT86LKTHUBI524"
26291,"NRO_PARTE",3333632,"BT86LKTHUBI5R24"
26291,"NRO_PARTE",2627059,"TL7-65-AVA1800-70-5KMT"
26291,"NRO_PARTE",2628546,"3652RK-16"
26291,"NRO_PARTE",2628550,"3652RK-17"
26291,"NRO_PARTE",2628685,"3752RK-12"
26291,"NRO_PARTE",4230492,"QITBB86 ICPO"
26291,"NRO_PARTE",4230498,"BT-65LKTHUB26"
26291,"NRO_PARTE",4230523,"BT-75LKTHUBR26"
26291,"NRO_PARTE",4230603,"86” IFP BLACK PRO-OPS1T-ON-G3"
26291,"NRO_PARTE",4230607,"P75AD02"
26291,"NRO_PARTE",4230615,"P75AD03"
26291,"NRO_PARTE",4230628,"P75AD04"
26291,"NRO_PARTE",4230635,"86” IFP BLACK PRO-WEB-G3"
26291,"NRO_PARTE",4230639,"86” IFP BLACK PRO-WEB-ON-G3"
26291,"NRO_PARTE",4230641,"P75AD06"
26291,"NRO_PARTE",1731584,"432620RK02CL-CAM02"
26291,"NRO_PARTE",3333540,"BT65LKTHUBR24"
26291,"NRO_PARTE",3333616,"BT75LKTPROR24"
26291,"NRO_PARTE",3951968,"55150938P36BO"
26291,"NRO_PARTE",2785640,"QITBB75-H-1"
26291,"NRO_PARTE",4230484,"QITBB86 ICP"
26291,"NRO_PARTE",4230646,"86” IFP BLACK PRO-WEB-ON-G5"
26291,"NRO_PARTE",4230662,"P75AD08"
26291,"NRO_PARTE",1731797,"432622RK01CL-CAM01"
26291,"NRO_PARTE",1731787,"432622RK01-CAM01"
26291,"NRO_PARTE",3333594,"BT75LKTPROI524"
26291,"NRO_PARTE",3333651,"BT86LKTHUBR24"
26291,"NRO_PARTE",3333666,"BT86LKTR24"
26291,"NRO_PARTE",3952937,"55150939R36BOS"
26291,"NRO_PARTE",2629617,"TL7-65-O5"
26291,"NRO_PARTE",2629620,"LH86WADXCZA-CP-RM-N5"
26291,"NRO_PARTE",2629628,"TL7-65-O5-WC"
26291,"NRO_PARTE",2629636,"TL7-65-AVA1800-70"
26291,"NRO_PARTE",4230409,"86T7SC2"
26291,"NRO_PARTE",4230422,"T786I7RM"
26291,"NRO_PARTE",4230435,"T786I7SC2RM"
26291,"NRO_PARTE",4230438,"QITBB86 IC"
26291,"NRO_PARTE",4230671,"P86AD00"
26291,"NRO_PARTE",4230672,"86” IFP BLACK PRO-WEB-RM-G3"
26291,"NRO_PARTE",4230678,"P86AD01"
26291,"NRO_PARTE",4230686,"P86AD02"
26291,"NRO_PARTE",4230697,"P86AD03"
26291,"NRO_PARTE",4230709,"P86AD04"
26291,"NRO_PARTE",1731809,"432622RK01CL-CAM02"
26291,"NRO_PARTE",1731825,"432622RK02-CAM02"
26291,"NRO_PARTE",1731835,"432622RK02CL-CAM02"
26291,"NRO_PARTE",3333572,"BT75LKTHUBI524"
26291,"NRO_PARTE",3333659,"BT86LKTPROI524"
26291,"NRO_PARTE",3333673,"BT86LKTPROI5R24"
26291,"NRO_PARTE",3333702,"BT98LKTHUBI5R24"
26291,"NRO_PARTE",2513085,"55150691AP60O"
26291,"NRO_PARTE",2513087,"55150691AR36O"
26291,"NRO_PARTE",2513089,"55150691AP12"
26291,"NRO_PARTE",2513096,"55150692AP12"
26291,"NRO_PARTE",2513097,"55150692AP36"
26291,"NRO_PARTE",4319053,"DS-D5C65RB/B2L65"
26291,"NRO_PARTE",1799212,"QITBB75-H"
26291,"NRO_PARTE",2939996,"55150692P36O."
26291,"NRO_PARTE",2940088,"55151107P60KO"
26291,"NRO_PARTE",2554496,"75 IFP-BLACK-RM-G5-WEB-OPSI7-2024-8G-ON"
26291,"NRO_PARTE",2799299,"QA1300PRO110-OPSI716256-RF"
26291,"NRO_PARTE",1748547,"75 IFP– 2023- G5- BLACK-RM-OPSI7-WEBTRIUMPH"
26291,"NRO_PARTE",1748565,"75 IFP– 2023- G3- BLACK-WEBLENOVO"
26291,"NRO_PARTE",1805176,"E-ONE 75 EDU RO7"
26291,"NRO_PARTE",2033330,"E-ONE 75 RO511 BRIO"
26291,"NRO_PARTE",2939956,"55150692P60O."
26291,"NRO_PARTE",4045367,"75TE1200PRO-RM"
26291,"NRO_PARTE",1834149,"LH75WMBWLGCXZA-C30"
26291,"NRO_PARTE",1748509,"75 IFP– 2023- G5- BLACK-OPSI7-WEBTRIUMPH"
26291,"NRO_PARTE",1748627,"75 IFP– 2023- G5- BLACK-WEBTRIUMPH"
26291,"NRO_PARTE",3824294,"5753RK- 05"
26291,"NRO_PARTE",1805185,"E-ONE 86 EDU RO7"
26291,"NRO_PARTE",2939930,"55150693P36O."
26291,"NRO_PARTE",2939997,"T775O7WCRME"
26291,"NRO_PARTE",1973635,"86S8DW1O1VA20I"
26291,"NRO_PARTE",1745653,"IFP9850-4-W"
26291,"NRO_PARTE",2799408,"QA1300PRO86-RM"
26291,"NRO_PARTE",2799452,"QA1300PRO110-OPSI716256-RM"
26291,"NRO_PARTE",1748528,"75 IFP– 2023- G3- BLACK-RM-OPSI7-WEBTRIUMPH"
26291,"NRO_PARTE",2508074,"X2-86 O711 BR"
26291,"NRO_PARTE",2508075,"X2-75 O711 BR"
26291,"NRO_PARTE",3880740,"55151103HP36KA"
26291,"NRO_PARTE",2940162,"55151106P36KO"
26291,"NRO_PARTE",2940197,"55151106P36K"
26291,"NRO_PARTE",2940215,"55151106P60K"
26291,"NRO_PARTE",1973650,"86S8DWPO1VA20K"
26291,"NRO_PARTE",3824488,"5753RK- 06"
26291,"NRO_PARTE",2508069,"X2-98 O711 BR"
26291,"NRO_PARTE",2940109,"55151107P36KO"
26291,"NRO_PARTE",2940198,"55151107P36K"
26291,"NRO_PARTE",2940232,"T775O7TC4KRME"
26291,"NRO_PARTE",2940239,"T775O5TC4KRME"
26291,"NRO_PARTE",2799201,"10010652"
26291,"NRO_PARTE",2799398,"QA1300PRO75-RM"
26291,"NRO_PARTE",2799411,"QA1300PRO98-RM"
26291,"NRO_PARTE",2799414,"QA1300PRO110-RM"
26291,"NRO_PARTE",3824584,"5863RK- 03"
26291,"NRO_PARTE",2940284,"55150651P36S."
26291,"NRO_PARTE",4072974,"55151108B36CK"
26291,"NRO_PARTE",1973620,"86S8DWPH1VA20G"
26291,"NRO_PARTE",2050047,"LH75WACWLGCXZA-C"
26291,"NRO_PARTE",2799430,"QA1300PRO65-OPSI716256-RM"
26291,"NRO_PARTE",2799337,"QA1300PRO65-RM"
26291,"NRO_PARTE",2799437,"QA1300PRO86-OPSI716256-RM"
26291,"NRO_PARTE",2799447,"QA1300PRO98-OPSI716256-RM"
26291,"NRO_PARTE",4221647,"IMPACTLUX286-P"
26291,"NRO_PARTE",4221649,"WAFX-P86XXXXSA"
26291,"NRO_PARTE",2465962,"9H.F6MTK.DA4"
26291,"NRO_PARTE",2940141,"55151106P60KO"
26291,"NRO_PARTE",2940360,"55150691P36."
26291,"NRO_PARTE",4095649,"10010762"
26291,"NRO_PARTE",4095665,"10010770-712"
26291,"NRO_PARTE",4222606,"LH86WAFPLGCXZX"
26291,"NRO_PARTE",2799269,"QA1300PRO86-OPSI716256-RF"
26291,"NRO_PARTE",2799341,"10010653-R"
26291,"NRO_PARTE",3824517,"5753RK- 07"
26291,"NRO_PARTE",3824551,"5753RK- 08"
26291,"NRO_PARTE",4221637,"IMPACTLUX286-R"
26291,"NRO_PARTE",2940119,"T775O5TC4KOS200"
26291,"NRO_PARTE",2940382,"55150691P60O."
26291,"NRO_PARTE",2940403,"T7O7SC2RME"
26291,"NRO_PARTE",4045382,"75TE1200PRO-RF"
26291,"NRO_PARTE",4045394,"75TE1200PRO-OPSI716256-RM"
26291,"NRO_PARTE",4045422,"10010482-712UW-V12F"
26291,"NRO_PARTE",4045433,"10010553-712-V12F"
26291,"NRO_PARTE",2799212,"10010653"
26291,"NRO_PARTE",2799329,"10010652-R"
26291,"NRO_PARTE",1841705,"LH75WACWLGCXZA"
26291,"NRO_PARTE",3824661,"5863RK- 04"
26291,"NRO_PARTE",2555672,"3652RK-3"
26291,"NRO_PARTE",4120284,"B3P8655151106-60"
26291,"NRO_PARTE",4120309,"B3P8655151106-WR-60"
26291,"NRO_PARTE",4120351,"B3P8655151106-RR-60"
26291,"NRO_PARTE",2530570,"E-ONE 86 RO711 BR2"
26291,"NRO_PARTE",1731778,"432622RK01-CAM02"
26291,"NRO_PARTE",1731817,"432622RK02-CAM01"
26291,"NRO_PARTE",1731830,"432622RK02CL-CAM01"
26291,"NRO_PARTE",1834333,"LH75WMBWLGCXZA-N5"
26291,"NRO_PARTE",1834351,"LH75WMBWLGCXZA-C30-RM"
26291,"NRO_PARTE",1834357,"LH75WMBWLGCXZA-C25-RM"
26291,"NRO_PARTE",1834367,"LH75WMBWLGCXZA-C20-RM"
26291,"NRO_PARTE",1834376,"LH75WMBWLGCXZA-N3-RM"
26291,"NRO_PARTE",3779315,"98 IFP-BLACK-G3-WEB-OPSI7-16G-128G-ON"
26291,"NRO_PARTE",3923557,"105"" IFP BLACK-RM-WEB-G3-ON"
26291,"NRO_PARTE",4230620,"86” IFP BLACK PRO-OPS1T-ON-G5"
26291,"NRO_PARTE",4230652,"P75AD07"
26291,"NRO_PARTE",4230690,"86” IFP BLACK PRO-WEB-RM-ON-G5"
26291,"NRO_PARTE",4230694,"86” IFP BLACK PRO-WEB-RM-G5"
26291,"NRO_PARTE",4230719,"86” IFP BLACK PRO-WEB-OPS-G3"
26291,"NRO_PARTE",4230722,"P86AD06"
26291,"NRO_PARTE",4230727,"P110AG08"
26291,"NRO_PARTE",4230734,"P110AG07"
26291,"NRO_PARTE",2029297,"86 IFP– 2023- G3- BLACK-RM1-OPSI7"
26291,"NRO_PARTE",4230901,"P75AG01"
26291,"NRO_PARTE",4230981,"P86AD07"
26291,"NRO_PARTE",4231076,"P75AE01"
26291,"NRO_PARTE",4231154,"PIAX-26002"
26291,"NRO_PARTE",4231159,"DS-D5C75RB/B2L"
26291,"NRO_PARTE",4231165,"DS-D5C86RB/B2L86"
26291,"NRO_PARTE",4231203,"DS-D5C75RB/B2L-RM-OPS5"
26291,"NRO_PARTE",4211327,"SC02-I586A-3AG-CPDK"
26291,"NRO_PARTE",4211336,"SC02-I586A-OPS0701-IWBA01B-3AG-CPDK"
26291,"NRO_PARTE",2552533,"3752RK-2"
26291,"NRO_PARTE",2555602,"3652RK-6"
26291,"NRO_PARTE",4120387,"B3P7555151106-36M"
26291,"NRO_PARTE",4120453,"B3P7555151106-RP-O-36M"
26291,"NRO_PARTE",4120464,"B3P7555151106-RP-O-60M"
26291,"NRO_PARTE",1834324,"LH75WMBWLGCXZA-C20"
26291,"NRO_PARTE",1834341,"LH75WMBWLGCXZA-N7"
26291,"NRO_PARTE",1834384,"LH75WMBWLGCXZA-N5-RM"
26291,"NRO_PARTE",1834392,"LH75WMBWLGCXZA-N7-RM"
26291,"NRO_PARTE",1834398,"LH75WMBWLGCXZA-N3MU"
26291,"NRO_PARTE",1834403,"LH75WMBWLGCXZA-N5MU"
26291,"NRO_PARTE",4095674,"10010762-712"
26291,"NRO_PARTE",2551148,"75 IFP-BLACK-RM-G3-2024-8G"
26291,"NRO_PARTE",2551156,"86 IFP-BLACK-RM-G5-2024-8G"
26291,"NRO_PARTE",2551170,"65 IFP-BLACK-G3-2024-8G"
26291,"NRO_PARTE",2551180,"65 IFP-BLACK-RM-G3-2024-8G"
26291,"NRO_PARTE",2531583,"IFP8633-G-MCAM7"
26291,"NRO_PARTE",2531609,"IFP7533-G-RCAM7"
26291,"NRO_PARTE",2531626,"IFP8633-G-MCAM5"
26291,"NRO_PARTE",2531628,"TL7-75"
26291,"NRO_PARTE",2531633,"TL7-86-O5"
26291,"NRO_PARTE",2531639,"TL7-75-O5"
26291,"NRO_PARTE",4067136,"1200SERIES86-OPSI716256-RM"
26291,"NRO_PARTE",4067163,"1200SERIES98-RF"
26291,"NRO_PARTE",4067207,"1200SERIES98-RM"
26291,"NRO_PARTE",4230514,"BT-75LKTHUB26"
26291,"NRO_PARTE",4230742,"86” IFP BLACK PRO-WEB-OPS-ON-G5"
26291,"NRO_PARTE",4230759,"IFP8635-R"
26291,"NRO_PARTE",4230763,"P110AG04"
26291,"NRO_PARTE",4230767,"86” IFP BLACK PRO-WEB-OPS-RM-ON-G3"
26291,"NRO_PARTE",4230774,"IFP8635-RM"
26291,"NRO_PARTE",4230779,"P110AG02"
26291,"NRO_PARTE",4230782,"IFP105UW-R"
26291,"NRO_PARTE",4230783,"86” IFP BLACK PRO-WEB-OPS-RM-ON-G5"
26291,"NRO_PARTE",4230793,"P110AG00"
26291,"NRO_PARTE",4230796,"P86AG08"
26291,"NRO_PARTE",2029313,"86 IFP– 2023- G5- BLACK-RM1-OPSI7"
26291,"NRO_PARTE",4230844,"P86AG00"
26291,"NRO_PARTE",4230878,"86” IFP BLACK PRO-WEB-OPS1T-RM-G3"
26291,"NRO_PARTE",4230937,"P110AF05"
26291,"NRO_PARTE",4230992,"P110AD00"
26291,"NRO_PARTE",4231143,"DS-D5C65RB/B2L"
26291,"NRO_PARTE",4231225,"DS-D5C86RB/B2L-OPS7"
26291,"NRO_PARTE",4231231,"DS-D5C65RB/B2L-RM"
26291,"NRO_PARTE",4231241,"DS-D5C75RB/B2L-RM"
26291,"NRO_PARTE",4120334,"B3P8655151106-WR-O-60"
26291,"NRO_PARTE",4120384,"T775O7RMV2"
26291,"NRO_PARTE",4120430,"B3P7555151106-RP-36M"
26291,"NRO_PARTE",4120474,"B3P7555151106-RM-36M"
26291,"NRO_PARTE",4120526,"B3P7555151106-RM-O-60M"
26291,"NRO_PARTE",1834330,"LH75WMBWLGCXZA-N3"
26291,"NRO_PARTE",1834439,"LH75WMBWLGCXZA-N7MU-RM"
26291,"NRO_PARTE",1834453,"LH75WMBWLGCXZA-N3RP"
26291,"NRO_PARTE",1834476,"LH75WMBWLGCXZA-N5RP"
26291,"NRO_PARTE",2628448,"3652RK-12"
26291,"NRO_PARTE",2551149,"75 IFP-BLACK-RM-G5-2024-8G"
26291,"NRO_PARTE",2551175,"65 IFP-BLACK-G5-2024-8G"
26291,"NRO_PARTE",3779387,"98 IFP-BLACK-G3-WEB-OPSI7-1TB-128G-ON"
26291,"NRO_PARTE",2531618,"TL7-86"
26291,"NRO_PARTE",2531620,"IFP7533-G-RCAM5"
26291,"NRO_PARTE",2531636,"IFP7533-G-MCAM5"
26291,"NRO_PARTE",2531653,"IFP8633-G-RVPC7"
26291,"NRO_PARTE",2531662,"IFP7533-G-MVPC7"
26291,"NRO_PARTE",4066864,"98"" IFP-BLACK PRO-G3-RM-OPSI7"
26291,"NRO_PARTE",4067020,"98"" IFP-BLACK PRO-G5-RM-WEB"
26291,"NRO_PARTE",4230507,"BT-65LKTHUBR26"
26291,"NRO_PARTE",4230756,"86” IFP BLACK PRO-WEB-OPS-RM-G3"
26291,"NRO_PARTE",4230786,"P110AG01"
26291,"NRO_PARTE",4230800,"86” IFP BLACK PRO-OPS1T-RM-G3"
26291,"NRO_PARTE",4230801,"P86AG07"
26291,"NRO_PARTE",4230803,"IFP110-R"
26291,"NRO_PARTE",4230808,"P86AG06"
26291,"NRO_PARTE",4230809,"86” IFP BLACK PRO-OPS1T-RM-ON-G3"
26291,"NRO_PARTE",4230812,"IFP110-RM"
26291,"NRO_PARTE",4230813,"P86AG05"
26291,"NRO_PARTE",4230814,"86” IFP BLACK PRO-OPS1T-RM-G5"
26291,"NRO_PARTE",4230821,"86” IFP BLACK PRO-OPS1T-RM-ON-G5"
26291,"NRO_PARTE",4230825,"P86AG03"
26291,"NRO_PARTE",4230839,"P86AG01"
26291,"NRO_PARTE",2029236,"65 IFP– 2023- G3- BLACK- RM- OPSI7"
26291,"NRO_PARTE",2777048,"TE1200PRO75-RF"
26291,"NRO_PARTE",2777059,"TE1200PRO86-RF"
26291,"NRO_PARTE",4230877,"P75AG04"
26291,"NRO_PARTE",4230886,"P75AG03"
26291,"NRO_PARTE",4230893,"P75AG02"
26291,"NRO_PARTE",4230906,"86” IFP BLACK PRO-WEB-OPS1T-RM-ON-G5"
26291,"NRO_PARTE",4231070,"P75AE00"
26291,"NRO_PARTE",4231247,"DS-D5C65RB/B2L-RM-OPS5"
26291,"NRO_PARTE",4231284,"DS-D5C75RB/B2L75"
26291,"NRO_PARTE",3332862,"BT65LKTHUBI524"
26291,"NRO_PARTE",3955888,"86"" IFP-BLACK-G-OPSI7-WEB-G5-ON"
26291,"NRO_PARTE",4120561,"T775O7V2"
26291,"NRO_PARTE",4120610,"B3P8655151108-RP-36M"
26291,"NRO_PARTE",4120614,"T775RMV2"
26291,"NRO_PARTE",1834525,"LH75WMBWLGCXZA-N3RP-RM"
26291,"NRO_PARTE",2551153,"86 IFP-BLACK-RM-G3-2024-8G"
26291,"NRO_PARTE",2551182,"65 IFP-BLACK-RM-G5-2024"
26291,"NRO_PARTE",3779360,"98 IFP-BLACK-G5-WEB-OPSI7-1TB-128G-ON"
26291,"NRO_PARTE",2531600,"IFP8633-G-RCAM7"
26291,"NRO_PARTE",2531630,"IFP8633-G-RCAM5"
26291,"NRO_PARTE",2531687,"TL7-75-WC"
26291,"NRO_PARTE",2531688,"TL7-86-WC"
26291,"NRO_PARTE",2531690,"TL7-75-O5-WC"
26291,"NRO_PARTE",2531691,"IFP8633-G-RVPC5"
26291,"NRO_PARTE",2531814,"IFP8650-5-MBRI7"
26291,"NRO_PARTE",4230594,"P75AD01"
26291,"NRO_PARTE",4230595,"86” IFP BLACK PRO-OPS1T-G3"
26291,"NRO_PARTE",4230609,"86” IFP BLACK PRO-OPS1T-G5"
26291,"NRO_PARTE",4230637,"P75AD05"
26291,"NRO_PARTE",4230681,"86” IFP BLACK PRO-WEB-RM-ON-G3"
26291,"NRO_PARTE",4230842,"86” IFP BLACK PRO-WEB-OPS1T-ON-G3"
26291,"NRO_PARTE",4230848,"P75AG08"
26291,"NRO_PARTE",4230856,"86” IFP BLACK PRO-WEB-OPS1T-ON-G5"
26291,"NRO_PARTE",4230863,"P75AG06"
26291,"NRO_PARTE",4230871,"P75AG05"
26291,"NRO_PARTE",2032360,"86 IFP – 2023- G3- BLACK-8GB-OPSI7"
26291,"NRO_PARTE",4231001,"P110AD02"
26291,"NRO_PARTE",4231034,"P110AE02"
26291,"NRO_PARTE",4231037,"P110AE03"
26291,"NRO_PARTE",4231049,"P110AD06"
26291,"NRO_PARTE",4231305,"P86AE00"
26291,"NRO_PARTE",3332881,"BT65LKTHUBI5R24"
26291,"NRO_PARTE",3955872,"86"" IFP-BLACK-G-OPSI7-WEB-G3-ON"
26291,"NRO_PARTE",3955916,"86"" IFP-BLACK-G-RM-WEB-G3-ON"
26291,"NRO_PARTE",3956584,"P86C03"
26291,"NRO_PARTE",4120499,"B3P7555151106-RM-60M"
26291,"NRO_PARTE",4120626,"B3P8655151108-RM-36M"
26291,"NRO_PARTE",4120637,"T775V2"
26291,"NRO_PARTE",3811519,"75 IFP-BLACK-G-G5-OPSI7-1TB-ON"
26291,"NRO_PARTE",1834427,"LH75WMBWLGCXZA-N3MU-RM"
26291,"NRO_PARTE",1834785,"F-LH55WMBWB-1-N5"
26291,"NRO_PARTE",1834849,"F-LH55WMBWB-1-N5RP"
26291,"NRO_PARTE",3779344,"98 IFP-BLACK-G5-WEB-OPSI7-16G-128G-ON"
26291,"NRO_PARTE",2531647,"IFP7533-G-RVPC7"
26291,"NRO_PARTE",2531670,"IFP8633-G-MVPC7"
26291,"NRO_PARTE",2531683,"IFP7533-G-RVPC5"
26291,"NRO_PARTE",2531702,"TL7-75-WC-TW100"
26291,"NRO_PARTE",2531703,"TL7-86-WC-TW100"
26291,"NRO_PARTE",2531719,"IFP7550-5-MVPCI7"
26291,"NRO_PARTE",2531726,"IFP8650-5-RVPCI7"
26291,"NRO_PARTE",2531746,"IFP8650-5-MVPCI7"
26291,"NRO_PARTE",4066931,"98"" IFP-BLACK PRO-G3-RM-WEB"
26291,"NRO_PARTE",4230818,"P86AG04"
26291,"NRO_PARTE",4230855,"P75AG07"
26291,"NRO_PARTE",4230888,"86” IFP BLACK PRO-WEB-OPS1T-RM-ON-G3"
26291,"NRO_PARTE",4230894,"86” IFP BLACK PRO-WEB-OPS1T-RM-G5"
26291,"NRO_PARTE",4230919,"P110AF08"
26291,"NRO_PARTE",4230927,"P110AF07"
26291,"NRO_PARTE",4230949,"P110AF04"
26291,"NRO_PARTE",4231087,"P75AE02"
26291,"NRO_PARTE",4211331,"SC02-I586A-IWBA01B-3AG-CPDK"
26291,"NRO_PARTE",3715778,"HEPLT98-M2,"
26291,"NRO_PARTE",4120472,"T775O7SC2RMV2"
26291,"NRO_PARTE",4120509,"B3P7555151106-RM-O-36M"
26291,"NRO_PARTE",4120522,"T775O7SC2RMWOV2"
26291,"NRO_PARTE",1834603,"LH85WMBWLGCXZA-N7MU"
26291,"NRO_PARTE",4066966,"1200SERIES86-RF"
26291,"NRO_PARTE",4067233,"1200SERIES98-OPSI716256-RF"
26291,"NRO_PARTE",4230657,"86” IFP BLACK PRO-WEB-G5"
26291,"NRO_PARTE",4230832,"P86AG02"
26291,"NRO_PARTE",4230835,"86” IFP BLACK PRO-WEB-OPS1T-G3"
26291,"NRO_PARTE",4230847,"86” IFP BLACK PRO-WEB-OPS1T-G5"
26291,"NRO_PARTE",4230914,"P75AG00"
26291,"NRO_PARTE",4230932,"P110AF06"
26291,"NRO_PARTE",4230962,"P110AF03"
26291,"NRO_PARTE",4230973,"P110AF02"
26291,"NRO_PARTE",4230986,"P86AD08"
26291,"NRO_PARTE",2777196,"IFP86G1-R"
26291,"NRO_PARTE",2777216,"TE1200PRO65-OPSI716256-RF"
26291,"NRO_PARTE",2777218,"IFP8633-G-WR2"
26291,"NRO_PARTE",2777223,"IFP8633-G-WRM2"
26291,"NRO_PARTE",2777231,"IFP8633-G-WR5"
26291,"NRO_PARTE",2777235,"IFP8633-G-WRM5"
26291,"NRO_PARTE",2777245,"IFP86G1-RA31"
26291,"NRO_PARTE",4231177,"DS-D5C86RB/B2L-RM-OPS7"
26291,"NRO_PARTE",4231235,"DS-D5C65RB/B2L-OPS5"
26291,"NRO_PARTE",4231252,"DS-D5C86RB/B2L-RM-OPS5"
26291,"NRO_PARTE",4231267,"DS-D5C75RB/B2L-OPS5"
26291,"NRO_PARTE",4231274,"DS-D5C65RB/B2L-RM-OPS7"
26291,"NRO_PARTE",4231277,"DS-D5C75RB/B2L-RM-OPS7"
26291,"NRO_PARTE",4231303,"P75AE08"
26291,"NRO_PARTE",3955866,"86"" IFP-BLACK-G-G3-OPSI7-ON"
26291,"NRO_PARTE",3955869,"86"" IFP-BLACK-G-G5-OPSI7-ON"
26291,"NRO_PARTE",3956622,"P75C03"
26291,"NRO_PARTE",4120727,"75TE1410DPRO-OPSI716256-RM"
26291,"NRO_PARTE",1834565,"LH85WMBWLGCXZA-C30"
26291,"NRO_PARTE",1834762,"F-LH55WMBWB-1-C25"
26291,"NRO_PARTE",3779578,"432699RK01-CAMJ1"
26291,"NRO_PARTE",2746987,"TL7-86-O5-P200-5Y"
26291,"NRO_PARTE",2531796,"IFP8650-5-RBRI7"
26291,"NRO_PARTE",2531803,"IFP7550-5-MBRI7"
26291,"NRO_PARTE",2531829,"IFP7550-5-MBRI5"
26291,"NRO_PARTE",2531837,"IFP8650-5-MBRI5"
26291,"NRO_PARTE",4067062,"1200SERIES86-RM"
26291,"NRO_PARTE",4230778,"86” IFP BLACK PRO-WEB-OPS-RM-G5"
26291,"NRO_PARTE",4230781,"IFP105UW-RM"
26291,"NRO_PARTE",4230995,"P110AD01"
26291,"NRO_PARTE",4231004,"P110AD03"
26291,"NRO_PARTE",4231012,"P110AE01"
26291,"NRO_PARTE",4231019,"P110AD04"
26291,"NRO_PARTE",4231026,"P110AE00"
26291,"NRO_PARTE",4231043,"P110AD05"
26291,"NRO_PARTE",4231058,"P110AD07"
26291,"NRO_PARTE",4231095,"P75AE03"
26291,"NRO_PARTE",4231100,"P75AE04"
26291,"NRO_PARTE",2777034,"TE1200PRO65-RF"
26291,"NRO_PARTE",2777250,"IFP86G1-RMA31"
26291,"NRO_PARTE",2777274,"IFP86G1-RMA31-5"
26291,"NRO_PARTE",4231220,"DS-D5C75RB/B2L-OPS7"
26291,"NRO_PARTE",4231272,"DS-D5C86RB/B2L-OPS5"
26291,"NRO_PARTE",4231376,"P86AE"
26291,"NRO_PARTE",4231391,"P86AE04"
26291,"NRO_PARTE",4231392,"P86AE05"
26291,"NRO_PARTE",4231397,"P86AE06"
26291,"NRO_PARTE",4231399,"P86AE07"
26291,"NRO_PARTE",4231401,"P86AE08"
26291,"NRO_PARTE",4231403,"P110AE05"
26291,"NRO_PARTE",4231406,"P110AE07"
26291,"NRO_PARTE",4231409,"P110AE08"
26291,"NRO_PARTE",4231410,"P75AF00"
26291,"NRO_PARTE",4231411,"P75AF01"
26291,"NRO_PARTE",4231412,"P75AF02"
26291,"NRO_PARTE",4231413,"P75AF03"
26291,"NRO_PARTE",4231418,"P75AF08"
26291,"NRO_PARTE",4231419,"P86AF00"
26291,"NRO_PARTE",4231421,"P86AF02"
26291,"NRO_PARTE",3955901,"86"" IFP-BLACK-G-RM-G5-ON"
26291,"NRO_PARTE",3956627,"P86C00"
26291,"NRO_PARTE",4120667,"T786O7RMV2"
26291,"NRO_PARTE",4120684,"T786O7SC2RMV2"
26291,"NRO_PARTE",4120698,"T786O7V2"
26291,"NRO_PARTE",4120709,"T786RMV2"
26291,"NRO_PARTE",3779526,"432699NL"
26291,"NRO_PARTE",2531781,"IFP7550-5-RBRI7"
26291,"NRO_PARTE",4230714,"P86AD05"
26291,"NRO_PARTE",4230724,"86” IFP BLACK PRO-WEB-OPS-ON-G3"
26291,"NRO_PARTE",4230733,"86” IFP BLACK PRO-WEB-OPS-G5"
26291,"NRO_PARTE",4230745,"P110AG06"
26291,"NRO_PARTE",4230754,"P110AG05"
26291,"NRO_PARTE",4230775,"P110AG03"
26291,"NRO_PARTE",4231066,"P110AD08"
26291,"NRO_PARTE",4231079,"P110AE04"
26291,"NRO_PARTE",4231108,"P75AE05"
26291,"NRO_PARTE",4231115,"P75AE06"
26291,"NRO_PARTE",4231122,"P75AE07"
26291,"NRO_PARTE",4231142,"PIAX-26001"
26291,"NRO_PARTE",2777206,"IFP86G1-RM"
26291,"NRO_PARTE",2777296,"T7-65"
26291,"NRO_PARTE",4231216,"DS-D5C65RB/B2L-OPS7"
26291,"NRO_PARTE",4231440,"P86AF03"
26291,"NRO_PARTE",4231442,"P86AF04"
26291,"NRO_PARTE",4231459,"P86AF08"
26291,"NRO_PARTE",4231463,"P110AF00"
26291,"NRO_PARTE",4231482,"CR98SC2"
26291,"NRO_PARTE",4228066,"98” IFP BLACK PRO-OPS-WEB-G3-1"
26291,"NRO_PARTE",2501119,"321000274"
26291,"NRO_PARTE",2945692,"5653RK-4"
26291,"NRO_PARTE",3881731,"55151103HP24KA"
26291,"NRO_PARTE",3786041,"86 IFP-BLACK-RM-G3-OPSI7-1TB-ON"
26291,"NRO_PARTE",3786062,"86 IFP-BLACK-RM-G5-OPSI7-1TB-ON"
26291,"NRO_PARTE",2937636,"55150651R12SO."
26291,"NRO_PARTE",2940679,"TE130065-OPSI716256-RM"
26291,"NRO_PARTE",2940725,"T775O5TC4K"
26291,"NRO_PARTE",2940764,"T775O5PTZOS200"
26291,"NRO_PARTE",3950985,"86"" IFP-BLACK-G-G5-WEB"
26291,"NRO_PARTE",4228125,"10010730-I5-MR"
26291,"NRO_PARTE",4228170,"10010731-I7-MR"
26291,"NRO_PARTE",2501154,"321000450"
26291,"NRO_PARTE",2945714,"5653RK-6"
26291,"NRO_PARTE",2945726,"5653RK-8"
26291,"NRO_PARTE",2945740,"5653RK-9"
26291,"NRO_PARTE",2800567,"10010653-711"
26291,"NRO_PARTE",2937391,"TL7105O5TC4K"
26291,"NRO_PARTE",2937393,"TL7105O7PTZOS200"
26291,"NRO_PARTE",2550907,"86 IFP-BLACK-G3-2024-8G"
26291,"NRO_PARTE",2937211,"TL775O7OS200"
26291,"NRO_PARTE",2937214,"TL775TC4KOS200"
26291,"NRO_PARTE",2937219,"TL775O7WCOS200"
26291,"NRO_PARTE",2937233,"TL775O5PTZOS200"
26291,"NRO_PARTE",2940745,"T775O7PTZOS200"
26291,"NRO_PARTE",2501139,"321000402"
26291,"NRO_PARTE",1974581,"5652RKPM-OPS3-I5-TPM9.0."
26291,"NRO_PARTE",2945687,"5653RK-3"
26291,"NRO_PARTE",2799846,"QITBB86-H13"
26291,"NRO_PARTE",2799874,"QITBB86-H13COSM"
26291,"NRO_PARTE",2937194,"TL775O5P200"
26291,"NRO_PARTE",2937200,"TL775O5OS200"
26291,"NRO_PARTE",2937216,"TL775O5WCOS200"
26291,"NRO_PARTE",2937243,"TL798WC"
26291,"NRO_PARTE",2937245,"TL798O5OS200"
26291,"NRO_PARTE",2937251,"TL786O7OS200"
26291,"NRO_PARTE",2937274,"TL798O7OS200"
26291,"NRO_PARTE",2940710,"T775O7TC4K"
26291,"NRO_PARTE",2940898,"IFP7550-5F-MCAM5"
26291,"NRO_PARTE",3951080,"86"" IFP-BLACK-G-G3-OPSI7"
26291,"NRO_PARTE",3951114,"86"" IFP-BLACK-G-G5-OPSI7"
26291,"NRO_PARTE",2945748,"5653RK-10"
26291,"NRO_PARTE",2937307,"TL798O5TC4KOS200"
26291,"NRO_PARTE",2937322,"TL798O7TC4KOS200"
26291,"NRO_PARTE",2937327,"TL798O7WC"
26291,"NRO_PARTE",2937334,"TL798O5WC"
26291,"NRO_PARTE",2937341,"TL798O5TC4K"
26291,"NRO_PARTE",2937360,"TL7105OS200"
26291,"NRO_PARTE",3128348,"55150650R12O"
26291,"NRO_PARTE",3128368,"55150650PS12"
26291,"NRO_PARTE",3128446,"55150650RS60O"
26291,"NRO_PARTE",3128449,"55150651RS12"
26291,"NRO_PARTE",2937350,"TL798O7PTZOS200"
26291,"NRO_PARTE",2937355,"TL7105"
26291,"NRO_PARTE",2937364,"TL7105WC"
26291,"NRO_PARTE",2937379,"TL7105O5"
26291,"NRO_PARTE",2937387,"TL7105O5WC"
26291,"NRO_PARTE",2937397,"TL7105O5PTZOS200"
26291,"NRO_PARTE",2940910,"IFP7550-5F-RCAM5"
26291,"NRO_PARTE",2940923,"IFP7550-5F-MVPC5"
26291,"NRO_PARTE",2940959,"IFP8650-5F-RCAM5"
26291,"NRO_PARTE",2940971,"IFP8650-5F-RVPC5"
26291,"NRO_PARTE",3951169,"86"" IFP-BLACK-G-OPSI7-WEB-G5"
26291,"NRO_PARTE",3128478,"55150651RS36"
26291,"NRO_PARTE",3128480,"55150651PS60O"
26291,"NRO_PARTE",3128481,"55150651PS60"
26291,"NRO_PARTE",3128484,"55150652RS12O"
26291,"NRO_PARTE",3128485,"55150652RS36"
26291,"NRO_PARTE",3128548,"55150691PB60"
26291,"NRO_PARTE",3786021,"86 IFP-BLACK-G5-OPSI7-1TB-ON"
26291,"NRO_PARTE",2941016,"T78605OS200"
26291,"NRO_PARTE",2941087,"432618RK02-CAMJ2"
26291,"NRO_PARTE",2945775,"5653RK-11"
26291,"NRO_PARTE",2945791,"5653RK-13"
26291,"NRO_PARTE",2945798,"5653RK-14"
26291,"NRO_PARTE",2945817,"5653RK-17"
26291,"NRO_PARTE",2945820,"5653RK-18"
26291,"NRO_PARTE",2945835,"5653RK-20"
26291,"NRO_PARTE",2945841,"5653RK-21"
26291,"NRO_PARTE",1765761,"EX65 - RACK"
26291,"NRO_PARTE",4101714,"10010770-712-B"
26291,"NRO_PARTE",4101754,"10010762-712R-M"
26291,"NRO_PARTE",2799980,"QITBB86-13HC"
26291,"NRO_PARTE",2799981,"QITBB86-13HCO"
26291,"NRO_PARTE",2940930,"432618NL"
26291,"NRO_PARTE",2940949,"MIMIOPRO864PCO"
26291,"NRO_PARTE",2940950,"432618RK01-CAMJ1"
26291,"NRO_PARTE",2940972,"MIMIOPRO864PC"
26291,"NRO_PARTE",2940976,"432618RK01-CAMJ2"
26291,"NRO_PARTE",2940980,"T786OS200"
26291,"NRO_PARTE",2940981,"MIMIOPRO864RC"
26291,"NRO_PARTE",2799909,"QITBB86-H13CSM"
26291,"NRO_PARTE",2940941,"IFP7550-5F-RVPC5"
26291,"NRO_PARTE",2940955,"IFP8650-5F-MCAM5"
26291,"NRO_PARTE",2941001,"T786SC2"
26291,"NRO_PARTE",2941042,"T786O7OS200"
26291,"NRO_PARTE",2945707,"5653RK-5"
26291,"NRO_PARTE",2945721,"5653RK-7"
26291,"NRO_PARTE",2945848,"5653RK-22"
26291,"NRO_PARTE",2945935,"5753RK-1"
26291,"NRO_PARTE",2945938,"5753RK-3"
26291,"NRO_PARTE",2945940,"5753RK-4"
26291,"NRO_PARTE",2945942,"5753RK-5"
26291,"NRO_PARTE",2945945,"5753RK-6"
26291,"NRO_PARTE",2945952,"5753RK-8"
26291,"NRO_PARTE",2945968,"5753RK-13"
26291,"NRO_PARTE",1765844,"X-ONE 65"
26291,"NRO_PARTE",1765864,"X-ONE 65 RACK"
26291,"NRO_PARTE",3897737,"SC02-I386A-3AG."
26291,"NRO_PARTE",3897772,"SC02-I386A-OPS127-MSBA01B-OFFICEHB2024-5AG-CP"
26291,"NRO_PARTE",2029250,"65 IFP– 2023- G5- BLACK- RM- OPSI7"
26291,"NRO_PARTE",2029259,"75 IFP– 2023- G3- BLACK-OPSI7"
26291,"NRO_PARTE",2938026,"37224.067"
26291,"NRO_PARTE",2940933,"MIMIOPRO864RCO"
26291,"NRO_PARTE",2941028,"432618RK01NL-CAMJ2"
26291,"NRO_PARTE",2941049,"432618RK02-CAMJ1"
26291,"NRO_PARTE",3951156,"86"" IFP-BLACK-G-OPSI7-WEB-G3"
26291,"NRO_PARTE",3951300,"86"" IFP-BLACK-G-RM-G5"
26291,"NRO_PARTE",2774010,"RIVA75D2-8MP1-RF"
26291,"NRO_PARTE",2777516,"T7-65-WC-AVA1800"
26291,"NRO_PARTE",2777521,"T7-65-WC-TW100"
26291,"NRO_PARTE",2777543,"T7-65-WC"
26291,"NRO_PARTE",2777573,"T7-65-O7-WC-TW100"
26291,"NRO_PARTE",2777621,"T7-86"
26291,"NRO_PARTE",2777623,"T7-86-O7"
26291,"NRO_PARTE",2777625,"T7-86-WC"
26291,"NRO_PARTE",2777627,"T7-86-O7-WC"
26291,"NRO_PARTE",2777629,"T7-86-TW110"
26291,"NRO_PARTE",2777632,"T7-86-O7-TW100"
26291,"NRO_PARTE",4232623,"IFP7551-MCAM7"
26291,"NRO_PARTE",4232654,"IFP7541-MC5"
26291,"NRO_PARTE",4232656,"86-IR-1355U-256-P"
26291,"NRO_PARTE",4232659,"86-IR-1355U-256"
26291,"NRO_PARTE",4232665,"BT98LKTHUBS26"
26291,"NRO_PARTE",4232667,"10010770-A"
26291,"NRO_PARTE",4232675,"IFP8641-MC5"
26291,"NRO_PARTE",4232678,"86-IR-1355U-512"
26291,"NRO_PARTE",4232685,"86-IR-1355U-2T-P"
26291,"NRO_PARTE",4232688,"86-IR-1355U-1T"
26291,"NRO_PARTE",1804502,"65TR3DK-B-2023-WRMOPS"
26291,"NRO_PARTE",1804580,"IFP8650-5-W"
26291,"NRO_PARTE",4226085,"98” IFP BLACK PRO-G5-1"
26291,"NRO_PARTE",4226251,"LH75WAFWLGCXZX-RM-N7-CM"
26291,"NRO_PARTE",1778876,"98 IFP– 2023- G5- BLACK-OPSI7- WEBTRIUMPH"
26291,"NRO_PARTE",1779158,"55150650P36S"
26291,"NRO_PARTE",1779180,"55150651P12S"
26291,"NRO_PARTE",1779187,"55150651P60S"
26291,"NRO_PARTE",1779193,"55150651R12S"
26291,"NRO_PARTE",4067699,"1200SERIES110-RF"
26291,"NRO_PARTE",1804989,"E-ONE 75 EDU"
26291,"NRO_PARTE",1805053,"E-ONE 86 EDU"
26291,"NRO_PARTE",1805086,"E-ONE 65 EDU R"
26291,"NRO_PARTE",2551580,"75 IFP-BLACK-RM-G5-WEB-OPSI5-2024-8G"
26291,"NRO_PARTE",2551592,"75 IFP-BLACK-RM-G3-WEB-OPSI5-2024-8G"
26291,"NRO_PARTE",2551618,"75 IFP-BLACK-G5-WEB-OPSI7-2024-8G"
26291,"NRO_PARTE",2774289,"RIVA75D2-8MP1-RM"
26291,"NRO_PARTE",2774309,"RIVA75D2-8MP2-RM"
26291,"NRO_PARTE",2777634,"T7-86-WC-TW100"
26291,"NRO_PARTE",2777636,"T7-86-O7-WC-TW100"
26291,"NRO_PARTE",2777639,"T7-86-O7-P200"
26291,"NRO_PARTE",2777641,"T7-86-WC-P200"
26291,"NRO_PARTE",2777643,"T7-86-O7-WC-P200"
26291,"NRO_PARTE",4232537,"QTX-TE-YL5W-86-OP-V2"
26291,"NRO_PARTE",4232545,"10010653-RACK"
26291,"NRO_PARTE",4232575,"QTX-TE-YL5W-86-OP-R-V1"
26291,"NRO_PARTE",4232610,"IFP8635-RCAM7"
26291,"NRO_PARTE",4232643,"IFP7535-MC5"
26291,"NRO_PARTE",4232646,"QTX-TE-YL5W-98-R-V2"
26291,"NRO_PARTE",4232649,"10010691-I7"
26291,"NRO_PARTE",4232650,"10010770-I7"
26291,"NRO_PARTE",4232697,"BT98LKTHUBSR26"
26291,"NRO_PARTE",1804505,"75TR3DK-B-2023-WRMOPS"
26291,"NRO_PARTE",1804616,"IFP5550-5-W"
26291,"NRO_PARTE",3397552,"SC02-I365A-3AG1"
26291,"NRO_PARTE",4226277,"LH75WAFWLGCXZX-RP-N5-CP"
26291,"NRO_PARTE",1779217,"55150651R60"
26291,"NRO_PARTE",4067650,"1200SERIES98-OPSI716256-RM"
26291,"NRO_PARTE",4067675,"1200 SERIES"
26291,"NRO_PARTE",3778645,"432698NL"
26291,"NRO_PARTE",1805139,"E-ONE 75 EDU RO5"
26291,"NRO_PARTE",2774015,"RIVA75D2-13MP1-RF"
26291,"NRO_PARTE",2774269,"RIVA75D2-RM"
26291,"NRO_PARTE",2774344,"RIVA75D2-13MP2-RM"
26291,"NRO_PARTE",2774369,"RIVA75D2-OPSI716256-RM"
26291,"NRO_PARTE",2774390,"RIVA75D2-OPSI716256-8MP1-RM"
26291,"NRO_PARTE",2627058,"TL7-75-5KMT"
26291,"NRO_PARTE",4068987,"98"" IFP-BLACK PRO-G3-RM-OPSI7-1TB"
26291,"NRO_PARTE",2777638,"T7-86-P200"
26291,"NRO_PARTE",4232600,"BT86LKTHUBSR26"
26291,"NRO_PARTE",4232605,"10010770-I7-RM"
26291,"NRO_PARTE",4232626,"IN7513H-P"
26291,"NRO_PARTE",4232629,"IFP8651-MCAM7"
26291,"NRO_PARTE",4232641,"BT26LKTHUBS26"
26291,"NRO_PARTE",4232645,"BT86LKTHUBS26"
26291,"NRO_PARTE",4232663,"IFP8635-MC5"
26291,"NRO_PARTE",4232669,"86-IR-1355U-512-P"
26291,"NRO_PARTE",4232682,"86-IR-1355U-1T-P"
26291,"NRO_PARTE",1804517,"86TR3DK-B-2023-WRMOPS"
26291,"NRO_PARTE",1804601,"IFP6550-5-W"
26291,"NRO_PARTE",1804677,"IFP5550-5-WR"
26291,"NRO_PARTE",3397568,"SC02-I375A-3AG"
26291,"NRO_PARTE",4226266,"LH75WAFWLGCXZX-RM-N7-CG"
26291,"NRO_PARTE",4226328,"LH75WAFWLGCXZX-RP-N7-CM"
26291,"NRO_PARTE",4226359,"LH86WAFWLGCXZX-RM-CP"
26291,"NRO_PARTE",4226406,"LH86WAFWLGCXZX-RP-CG"
26291,"NRO_PARTE",4139852,"75RIVAR2-OPSI716256-RF"
26291,"NRO_PARTE",4067680,"1200SERIES98-OPSI716512-RM"
26291,"NRO_PARTE",4067721,"1200SERIES110-OPSI716256-RF"
26291,"NRO_PARTE",4067737,"1200SERIES110-OPSI716256-RM"
26291,"NRO_PARTE",4067742,"1200SERIES110-OPSI716512-RM"
26291,"NRO_PARTE",2774441,"RIVA75D2-OPSI716256-20MP-RM"
26291,"NRO_PARTE",2627761,"QITBB75-HCSM"
26291,"NRO_PARTE",2777646,"TL7-65-PC-2024"
26291,"NRO_PARTE",2777649,"TL7-65-AVAPC-2024"
26291,"NRO_PARTE",4232608,"QTX-TE-YL5W-98-OP-R-V1"
26291,"NRO_PARTE",4232621,"10010770-I7-M"
26291,"NRO_PARTE",1804637,"IFP8650-5-WR"
26291,"NRO_PARTE",4226414,"LH86WAFWLGCXZX-RM-N5-CP"
26291,"NRO_PARTE",4226457,"IFP6551-RM"
26291,"NRO_PARTE",3778635,"432698"
26291,"NRO_PARTE",3778655,"432698RK01"
26291,"NRO_PARTE",1805097,"E-ONE 86 EDU R"
26291,"NRO_PARTE",1805135,"E-ONE 65 EDU RO5"
26291,"NRO_PARTE",1805167,"E-ONE 65 EDU RO7"
26291,"NRO_PARTE",1718864,"75 IFP – 2023- G5- BLACK- RM"
26291,"NRO_PARTE",3878858,"55151105HR60KO"
26291,"NRO_PARTE",3878859,"55151105HR60K"
26291,"NRO_PARTE",3878860,"55151106HP12K"
26291,"NRO_PARTE",3878862,"55151106HP36K"
26291,"NRO_PARTE",3878865,"55151106HP60K"
26291,"NRO_PARTE",3878867,"55151106HR12KO"
26291,"NRO_PARTE",3878886,"55151106HR12K"
26291,"NRO_PARTE",3878890,"55151106HR36KO"
26291,"NRO_PARTE",3878894,"55151106HR36K"
26291,"NRO_PARTE",1780197,"55150651R36SO"
26291,"NRO_PARTE",1780217,"IDEAHUB S2 75 - O"
26291,"NRO_PARTE",4069340,"98"" IFP-BLACK PRO-G5-OPSI7-1TB-WEB"
26291,"NRO_PARTE",2888411,"55CT5WJ-B-WRM-2024"
26291,"NRO_PARTE",1778842,"98 IFP– 2023- G5- BLACK-RM-WEBTRIUMPH"
26291,"NRO_PARTE",1778857,"98 IFP– 2023- G5- BLACK-RM-OPSI7- WEBTRIUMPH"
26291,"NRO_PARTE",3778702,"432698RK01NL-CAMJ1"
26291,"NRO_PARTE",3778749,"432698RK02NL-CAMJ1"
26291,"NRO_PARTE",3898676,"T786O7SC2OS200"
26291,"NRO_PARTE",3954124,"86"" IFP-BLACK-G-G5-WEB-ON"
26291,"NRO_PARTE",4069426,"98"" IFP-BLACK PRO-G3-WEB-ON"
26291,"NRO_PARTE",4069470,"98"" IFP-BLACK PRO-G3-OPSI7-ON"
26291,"NRO_PARTE",4069494,"98"" IFP-BLACK PRO-G5-OPSI7-ON"
26291,"NRO_PARTE",4069512,"98"" IFP-BLACK PRO-G3-OPSI7-WEB-ON"
26291,"NRO_PARTE",4069529,"98"" IFP-BLACK PRO-G5-RM-OPSI7-ON"
26291,"NRO_PARTE",1804656,"IFP6550-5-WR"
26291,"NRO_PARTE",1778828,"98 IFP– 2023- G3- BLACK-RM- WEBTRIUMPH"
26291,"NRO_PARTE",4139969,"75RIVAR2-OPSI716256-13MP1-RF"
26291,"NRO_PARTE",3878896,"55151106HR60KO"
26291,"NRO_PARTE",3878899,"55151106HR60K"
26291,"NRO_PARTE",1780111,"55150651P12SO"
26291,"NRO_PARTE",1780175,"55150651P60SO"
26291,"NRO_PARTE",2808560,"DS-D5C86RB/A_Y05"
26291,"NRO_PARTE",2627057,"TL7-65-5KMT"
26291,"NRO_PARTE",4069578,"98"" IFP-BLACK PRO-G3-RM-ON"
26291,"NRO_PARTE",1778864,"98 IFP– 2023- G3- BLACK-OPSI7- WEBTRIUMPH"
26291,"NRO_PARTE",1778871,"98 IFP– 2023- G3- BLACK-RM-OPSI7- WEBTRIUMPH"
26291,"NRO_PARTE",1778889,"75 IFP– 2023- G5- BLACK-RM-WEBLENOVO-1"
26291,"NRO_PARTE",3778665,"432698RK01-CAMJ1"
26291,"NRO_PARTE",3778675,"432698RK01-CAMJ2"
26291,"NRO_PARTE",3778710,"432698RK01NL-CAMJ2"
26291,"NRO_PARTE",3778715,"432698RK02"
26291,"NRO_PARTE",3778724,"432698RK02-CAMJ1"
26291,"NRO_PARTE",3778733,"432698RK02-CAMJ2"
26291,"NRO_PARTE",3778742,"432698RK02NL"
26291,"NRO_PARTE",3778757,"432698RK02NL-CAMJ2"
26291,"NRO_PARTE",1805146,"E-ONE 86 EDU RO5"
26291,"NRO_PARTE",1805236,"E-ONE 75 EDU R"
26291,"NRO_PARTE",1780184,"55150651R12SO"
26291,"NRO_PARTE",1780219,"55150652P12SO"
26291,"NRO_PARTE",1780243,"55150652R60SO"
26291,"NRO_PARTE",2945802,"5653RK-15"
26291,"NRO_PARTE",2945812,"5653RK-16"
26291,"NRO_PARTE",2945827,"5653RK-19"
26291,"NRO_PARTE",2844375,"BT105EMUPRO"
26291,"NRO_PARTE",1780228,"55150652P36SO"
26291,"NRO_PARTE",1780231,"55150652R12SO"
26291,"NRO_PARTE",3090454,"3752RK- 1"
26291,"NRO_PARTE",3090469,"3752RK- 4"
26291,"NRO_PARTE",3090499,"3752RK- 12"
26291,"NRO_PARTE",3090554,"3862RK- 2"
26291,"NRO_PARTE",4068716,"98"" IFP-BLACK PRO-G5-RM-OPSI7-WEB"
26291,"NRO_PARTE",4068796,"98"" IFP-BLACK PRO-G3-OPSI7-1TB"
26291,"NRO_PARTE",2926497,"TL7OS200"
26291,"NRO_PARTE",2938414,"MIMIOPROG75P-1"
26291,"NRO_PARTE",2938427,"MIMIOPROG86P-1"
26291,"NRO_PARTE",2123146,"IFP8650-5-MVPC5"
26291,"NRO_PARTE",3307835,"DS75UHDTE7511W"
26291,"NRO_PARTE",3090412,"3652RK- 10"
26291,"NRO_PARTE",3090425,"3652RK- 16"
26291,"NRO_PARTE",3090447,"3652RK-23"
26291,"NRO_PARTE",3090477,"3752RK- 6"
26291,"NRO_PARTE",3090489,"3752RK- 10"
26291,"NRO_PARTE",3090504,"3752RK- 14"
26291,"NRO_PARTE",3090513,"3752RK- 16"
26291,"NRO_PARTE",4139045,"65RIVAD2-13MP1-RM"
26291,"NRO_PARTE",2937654,"55150651R36SO."
26291,"NRO_PARTE",3851763,"TE1200P86-OPSI716256-RM"
26291,"NRO_PARTE",2938551,"INF9855-1"
26291,"NRO_PARTE",2550775,"75 IFP-BLACK-G3-2024-8G"
26291,"NRO_PARTE",4221948,"BT-98LKTHUB26"
26291,"NRO_PARTE",3090422,"3652RK- 14"
26291,"NRO_PARTE",3090423,"3652RK- 15"
26291,"NRO_PARTE",3090443,"3652RK-22"
26291,"NRO_PARTE",3090530,"3752RK-20"
26291,"NRO_PARTE",2143348,"IFP8650-5-MCAM7"
26291,"NRO_PARTE",4068936,"98"" IFP-BLACK PRO-G5-RM-OPSI7-1TB"
26291,"NRO_PARTE",4139061,"65RIVAD2-13MP2-RM"
26291,"NRO_PARTE",4139136,"65RIVAD2-OPSI7161TB-13MP1-RF"
26291,"NRO_PARTE",3851743,"TE1200P86-RM"
26291,"NRO_PARTE",2938536,"TL775O7TC4K"
26291,"NRO_PARTE",2938562,"INF7555-1"
26291,"NRO_PARTE",2938565,"INF7555P-1"
26291,"NRO_PARTE",2938571,"INF6555-1"
26291,"NRO_PARTE",2938603,"T775OS200"
26291,"NRO_PARTE",2938613,"T775TW100"
26291,"NRO_PARTE",2945784,"5653RK-12"
26291,"NRO_PARTE",2945853,"5653RK-23"
26291,"NRO_PARTE",2945859,"5653RK-24"
26291,"NRO_PARTE",2945936,"5753RK-2"
26291,"NRO_PARTE",2945948,"5753RK-7"
26291,"NRO_PARTE",2945956,"5753RK-9"
26291,"NRO_PARTE",2945959,"5753RK-10"
26291,"NRO_PARTE",2945962,"5753RK-11"
26291,"NRO_PARTE",2945965,"5753RK-12"
26291,"NRO_PARTE",2550789,"75 IFP-BLACK-G5-2024-8G"
26291,"NRO_PARTE",4221842,"BT-98LKT HUB"
26291,"NRO_PARTE",1780159,"55150651P36SO"
26291,"NRO_PARTE",2745619,"LH75WADWLGCXZA-1"
26291,"NRO_PARTE",3090475,"3752RK- 5"
26291,"NRO_PARTE",3090482,"3752RK- 7"
26291,"NRO_PARTE",3090548,"3752RK-24"
26291,"NRO_PARTE",3877703,"55151105HR36K"
26291,"NRO_PARTE",3156022,"4W-B65FT5U"
26291,"NRO_PARTE",3156027,"4W-B75FT5U"
26291,"NRO_PARTE",3156051,"4W-B86FT5U"
26291,"NRO_PARTE",4139085,"65RIVAD2-OPSI7161TB-RF"
26291,"NRO_PARTE",2938398,"MIMIOPROG65R-1"
26291,"NRO_PARTE",2938409,"MIMIOPROG75R-1"
26291,"NRO_PARTE",2938421,"MIMIOPROG86R-1"
26291,"NRO_PARTE",2938624,"T775SC2"
26291,"NRO_PARTE",2938631,"T775O7"
26291,"NRO_PARTE",2938637,"T775O5"
26291,"NRO_PARTE",2550975,"86 IFP-BLACK-G5-2024-8G"
26291,"NRO_PARTE",1780207,"55150651R60O"
26291,"NRO_PARTE",1780222,"55150652P60SO"
26291,"NRO_PARTE",3851017,"TE1200P75-OPSI716256-RF"
26291,"NRO_PARTE",3090494,"3752RK- 11"
26291,"NRO_PARTE",4139214,"65RIVAR2-OPSI7161TB-13MP2-RF"
26291,"NRO_PARTE",4139241,"65RIVAR2-OPSI7161TB-RM"
26291,"NRO_PARTE",2129707,"86TR3DK-B-2023-WROPS"
26291,"NRO_PARTE",2131125,"LH75WACWLGCXZA_1"
26291,"NRO_PARTE",2938527,"INF8655-1"
26291,"NRO_PARTE",2938660,"IN8613"
26291,"NRO_PARTE",2938662,"T775O5OS200"
26291,"NRO_PARTE",2938666,"IN8613P"
26291,"NRO_PARTE",2938679,"T775O7TW100"
26291,"NRO_PARTE",2938681,"T775WCTW100"
26291,"NRO_PARTE",2785708,"QITBB86-H-13"
26291,"NRO_PARTE",2945975,"5753RK-14"
26291,"NRO_PARTE",1780089,"55150650R12SO"
26291,"NRO_PARTE",3851551,"TE1200P75-OPSI716256-RM"
26291,"NRO_PARTE",2745614,"LH75WADWLGCXZA-RM-EW"
26291,"NRO_PARTE",3090553,"3862RK- 1"
26291,"NRO_PARTE",4068972,"98"" IFP-BLACK PRO-G3-RM-OPSI7-1TB-WEB"
26291,"NRO_PARTE",2129705,"75TR3DK-B-2023-WROPS"
26291,"NRO_PARTE",3781297,"98 IFP-BLACK-RM-G3-OPSI7-16G-8G-128G-ON"
26291,"NRO_PARTE",3781319,"98 IFP-BLACK-RM-G5-OPSI7-16G-8G-128G-ON"
26291,"NRO_PARTE",2938522,"TL775O7TC4KRME"
26291,"NRO_PARTE",2938574,"INF6555P-1"
26291,"NRO_PARTE",2938597,"T775"
26291,"NRO_PARTE",2938677,"T775O5RME"
26291,"NRO_PARTE",3078036,"5753RK-19"
26291,"NRO_PARTE",3078041,"5753RK-20"
26291,"NRO_PARTE",3078051,"5753RK-21"
26291,"NRO_PARTE",3078056,"5753RK-22"
26291,"NRO_PARTE",3078066,"5753RK-23"
26291,"NRO_PARTE",3078079,"5753RK-24"
26291,"NRO_PARTE",3078095,"5863RK-2"
26291,"NRO_PARTE",3078105,"5863RK-3"
26291,"NRO_PARTE",1780093,"55150650R36SO"
26291,"NRO_PARTE",1780100,"55150650R60O"
26291,"NRO_PARTE",4068878,"98"" IFP-BLACK PRO-G5-OPSI7-1TB"
26291,"NRO_PARTE",4068916,"98"" IFP-BLACK PRO-G3-OPSI7-1TB-WEB"
26291,"NRO_PARTE",4139079,"RIVA65D2-OPSI7161TB-RF"
26291,"NRO_PARTE",4139206,"65RIVAR2-OPSI7161TB-13MP1-RF"
26291,"NRO_PARTE",4139257,"65RIVAD2-OPSI7161TB-RM"
26291,"NRO_PARTE",4139270,"65RIVAR2-OPSI716256-13MP1-RM"
26291,"NRO_PARTE",4139271,"65RIVAD2-OPSI716256-13MP1-RM"
26291,"NRO_PARTE",2938678,"T775O7OS200"
26291,"NRO_PARTE",2938684,"T775WCRME"
26291,"NRO_PARTE",2938704,"T7SC2RME"
26291,"NRO_PARTE",2938705,"T775SC2RME"
26291,"NRO_PARTE",2050035,"LH7WMBWLGCXZA-N5"
26291,"NRO_PARTE",2786073,"T7-86-TW100"
26291,"NRO_PARTE",2786076,"T7-75-WC"
26291,"NRO_PARTE",2564754,"86 IFP-BLACK-G5-OPSI7-2024-8G-ON"
26291,"NRO_PARTE",4068693,"98"" IFP-BLACK PRO-G3-RM-OPSI7-WEB"
26291,"NRO_PARTE",3078028,"5753RK-17"
26291,"NRO_PARTE",2551878,"75 IFP-BLACK-RM-G3-OPSI5-2024-8G"
26291,"NRO_PARTE",3851519,"TE1200P75-RM"
26291,"NRO_PARTE",3851692,"TE1200P86-RF"
26291,"NRO_PARTE",3851720,"TE1200P86-OPSI716256-RF"
26291,"NRO_PARTE",3156270,"10010354-712R-WB"
26291,"NRO_PARTE",3156272,"10010353-712R-WB"
26291,"NRO_PARTE",3156273,"10010352-712R-WB"
26291,"NRO_PARTE",4069196,"98""IFP-BLACK PRO-G5-RM-OPSI7-1TB"
26291,"NRO_PARTE",4139244,"65RIVAD2-OPSI7161TB-13MP2-RF"
26291,"NRO_PARTE",4139278,"65RIVAD2-OPSI716256-13MP2-RM"
26291,"NRO_PARTE",2938578,"TL798O5TC4KRME"
26291,"NRO_PARTE",2564780,"86 IFP-BLACK-RM-G3-OPSI7-2024-8G-ON"
26291,"NRO_PARTE",1739995,"75TR3DJ-B-2023-WR"
26291,"NRO_PARTE",2773859,"RIVA65D2-OPSI716256-RF"
26291,"NRO_PARTE",2773890,"RIVA65D2-8MP1-RM"
26291,"NRO_PARTE",2773903,"RIVA65D2-OPSI716256-8MP2-RM"
26291,"NRO_PARTE",1765783,"X-ONE 75  RACK"
26291,"NRO_PARTE",2628660,"3752RK-11"
26291,"NRO_PARTE",3784785,"98 IFP-BLACK-RM-G3-OPSI7-1TB-8G-128G-ON"
26291,"NRO_PARTE",4067118,"1200SERIES86-OPSI716256-RF"
26291,"NRO_PARTE",2489109,"X2-75"
26291,"NRO_PARTE",2489114,"X2-86"
26291,"NRO_PARTE",2489219,"X2-75 RO711 BR"
26291,"NRO_PARTE",2926139,"55150651R12S."
26291,"NRO_PARTE",2926221,"T786TW100"
26291,"NRO_PARTE",2926252,"TL786OS200"
26291,"NRO_PARTE",2926255,"TL786RME"
26291,"NRO_PARTE",2926262,"TL786WCOS200"
26291,"NRO_PARTE",2926264,"TL786TC4KOS200"
26291,"NRO_PARTE",2926266,"TL786O5WCOS200"
26291,"NRO_PARTE",2033279,"E-ONE 55 RO711 BRIO"
26291,"NRO_PARTE",2033288,"E-ONE 86 RO711 BRIO"
26291,"NRO_PARTE",2773898,"RIVA65D2-OPSI716256-8MP1-RM"
26291,"NRO_PARTE",2774035,"RIVA75D2-20MP-RF"
26291,"NRO_PARTE",1765798,"X-ONE 86  RACK O7"
26291,"NRO_PARTE",2628807,"3862RK-12"
26291,"NRO_PARTE",2628818,"3862RK-13"
26291,"NRO_PARTE",1838421,"5862RKPM-OPS3-I5-TPM9.0"
26291,"NRO_PARTE",3879423,"55151105P12K"
26291,"NRO_PARTE",3923961,"SC02-I365A-5AG-CPDK"
26291,"NRO_PARTE",2926267,"TL786O7WCOS200"
26291,"NRO_PARTE",2926268,"TL786O5TC4KOS200"
26291,"NRO_PARTE",2926269,"TL786O7TC4KOS200"
26291,"NRO_PARTE",2926270,"TL786O7WC"
26291,"NRO_PARTE",2926272,"TL786O7PTZOS200"
26291,"NRO_PARTE",4096289,"DS-D5B65RB-FL65"
26291,"NRO_PARTE",2489274,"X2-65 RO711 MEETUP"
26291,"NRO_PARTE",2489281,"X2-75 RO711 MEETUP"
26291,"NRO_PARTE",2489286,"X2-86 RO711 MEETUP"
26291,"NRO_PARTE",2926271,"TL786O5TC4K"
26291,"NRO_PARTE",2926622,"55150650R36SO."
26291,"NRO_PARTE",2773871,"RIVA65D2-OPSI716256-13MP1-RF"
26291,"NRO_PARTE",2773879,"RIVA65D2-OPSI716256-20MP-RF"
26291,"NRO_PARTE",2773886,"RIVA65D2-RM"
26291,"NRO_PARTE",1765643,"X-ONE 75 RACK  O7"
26291,"NRO_PARTE",2628419,"3652RK-11"
26291,"NRO_PARTE",4141853,"CTPRO65-P"
26291,"NRO_PARTE",4141859,"CTPRO75-R"
26291,"NRO_PARTE",4141865,"CTPRO75-P"
26291,"NRO_PARTE",2926142,"55150651R36S."
26291,"NRO_PARTE",2556744,"86 IFP-BLACK-G3- WEB-OPSI7-2024-8G"
26291,"NRO_PARTE",2556761,"86 IFP-BLACK-G3- WEB-OPSI7-2024-8G-ON"
26291,"NRO_PARTE",2556771,"86 IFP-BLACK-G5- WEB-OPSI7-2024-8G-ON"
26291,"NRO_PARTE",3855121,"75 IFP-BLACK-G-G3-OPSI7-1TB-RM-ON"
26291,"NRO_PARTE",2774033,"RIVA75D2-13MP2-RF"
26291,"NRO_PARTE",2774039,"RIVA75D2-OPSI716256-RF"
26291,"NRO_PARTE",2774044,"RIVA75D2-OPSI716256-8MP1-RF"
26291,"NRO_PARTE",2628700,"3752RK-14"
26291,"NRO_PARTE",2628886,"3862RK-18"
26291,"NRO_PARTE",4141904,"S355151293-RPM-O-36M"
26291,"NRO_PARTE",4141908,"S355151291-RPM-O-36M"
26291,"NRO_PARTE",4141926,"B355150937-RP-O-36M"
26291,"NRO_PARTE",4141931,"B355150939-RM-O-36M"
26291,"NRO_PARTE",4141940,"B355150937-RM-O-36M"
26291,"NRO_PARTE",4096370,"10010762-712-B"
26291,"NRO_PARTE",3950406,"55150938R36BS"
26291,"NRO_PARTE",3950475,"55150939R36BS"
26291,"NRO_PARTE",2556727,"86 IFP-BLACK-RM-G5- WEB-OPSI7-2024-8G"
26291,"NRO_PARTE",2556752,"86 IFP-BLACK-G5- WEB-OPSI7-2024-8G"
26291,"NRO_PARTE",2774352,"RIVA75D2-20MP-RM"
26291,"NRO_PARTE",2774489,"RIVA86D2-8MP2-RF"
26291,"NRO_PARTE",2774504,"RIVA86D2-13MP1-RF"
26291,"NRO_PARTE",2774525,"RIVA86D2-20MP-RF"
26291,"NRO_PARTE",2033282,"E-ONE 65 RO711 BRIO"
26291,"NRO_PARTE",4141875,"CTPRO86-P"
26291,"NRO_PARTE",4053404,"10010551-712R-V12F"
26291,"NRO_PARTE",3855162,"75 IFP-BLACK-G-G3-OPSI7-1TB-RM"
26291,"NRO_PARTE",2774586,"RIVA86D2-OPSI716256-8MP2-RF"
26291,"NRO_PARTE",4141848,"CTPRO65-R"
26291,"NRO_PARTE",4141871,"CTPRO86-R"
26291,"NRO_PARTE",4141916,"B355150939-RP-O-36M"
26291,"NRO_PARTE",4141937,"B355150938-RM-O-36M"
26291,"NRO_PARTE",4142003,"CTPRO75-PO"
26291,"NRO_PARTE",4095210,"10010770"
26291,"NRO_PARTE",2937664,"55150651R60SO"
26291,"NRO_PARTE",1718734,"75 IFP – 2023- G3- BLACK"
26291,"NRO_PARTE",2774408,"RIVA75D2-OPSI716256-8MP2-RM"
26291,"NRO_PARTE",2774430,"RIVA75D2-OPSI716256-13MP2-RM"
26291,"NRO_PARTE",2774457,"RIVA86D2-RF"
26291,"NRO_PARTE",2908533,"DW86HT"
26291,"NRO_PARTE",4141922,"B355150938-RP-O-36M"
26291,"NRO_PARTE",4142048,"LH86WAFWLGCXZX-RM-CG"
26291,"NRO_PARTE",4142050,"B355150939-RP-36M"
26291,"NRO_PARTE",4142057,"B355150938-RP-36M"
26291,"NRO_PARTE",4142060,"B355150937-RP-36M"
26291,"NRO_PARTE",4142072,"B355150937-RM-36M"
26291,"NRO_PARTE",2937691,"55150652R12SO."
26291,"NRO_PARTE",4055359,"SC02-I386A-P"
26291,"NRO_PARTE",4055374,"SC02-I386A-RM-OPS07-P"
26291,"NRO_PARTE",4055376,"SC02-I386A-RM-OPS07-OHB-P"
26291,"NRO_PARTE",4055381,"SC02-I386A-I"
26291,"NRO_PARTE",4055383,"SC02-I386A-RM-I"
26291,"NRO_PARTE",4055384,"SC02-I386A-RM-OPS07-I"
26291,"NRO_PARTE",4055386,"SC02-I386A-RM-OPS07-OHB-I"
26291,"NRO_PARTE",1834961,"F-LH65WMBWB-1-N3RP"
26291,"NRO_PARTE",3306151,"BT75LKTPRO24"
26291,"NRO_PARTE",3306153,"10010354-A"
26291,"NRO_PARTE",3306162,"10010353-O712"
26291,"NRO_PARTE",3306163,"BT65LKT24"
26291,"NRO_PARTE",3306169,"BT86LKT24"
26291,"NRO_PARTE",3306182,"BT98LKTPRO24"
26291,"NRO_PARTE",2537920,"75S8DW1H1VA103"
26291,"NRO_PARTE",2537945,"86S8DW1H1VA104"
26291,"NRO_PARTE",2537981,"86S8DW1O1VA108"
26291,"NRO_PARTE",2538033,"86S8DW1H1VA10E"
26291,"NRO_PARTE",2510097,"MIMIOPRO654P-3"
26291,"NRO_PARTE",2510101,"MIMIOPRO754P-3"
26291,"NRO_PARTE",2510112,"MIMIOPRO864P-3"
26291,"NRO_PARTE",2129703,"65TR3DK-B-2023-WROPS"
26291,"NRO_PARTE",3954849,"55151107BP36O"
26291,"NRO_PARTE",3954857,"55151108BP36O"
26291,"NRO_PARTE",3954861,"55151108BP36OS"
26291,"NRO_PARTE",3954880,"55151107BR36OS"
26291,"NRO_PARTE",4055351,"SC02-I386A-RM-OPS07-OHB"
26291,"NRO_PARTE",4055380,"SC02-I386A-RM-OPS07-O365-P"
26291,"NRO_PARTE",3306146,"BT86LKTPRO24"
26291,"NRO_PARTE",3306154,"10010354-O712"
26291,"NRO_PARTE",3306168,"10010352-O712"
26291,"NRO_PARTE",3306174,"BT98LKT24"
26291,"NRO_PARTE",3306242,"10010450-A"
26291,"NRO_PARTE",3763290,"10010652-712-M"
26291,"NRO_PARTE",3142167,"9H.F9ETK.DE4"
26291,"NRO_PARTE",2538063,"75S8DW1O1VA10H"
26291,"NRO_PARTE",2538071,"86S8DW1O1VA10I"
26291,"NRO_PARTE",4131365,"10010770-712R"
26291,"NRO_PARTE",4131376,"10010770-712-M"
26291,"NRO_PARTE",2510096,"MIMIOPRO654R-3"
26291,"NRO_PARTE",2510099,"MIMIOPRO754R-3"
26291,"NRO_PARTE",2629841,"TL7-105-O5-WC"
26291,"NRO_PARTE",2636017,"LH75WADWLGCXZA-N5"
26291,"NRO_PARTE",2636108,"LH75WADWLGCXZA-CG-RM-N5"
26291,"NRO_PARTE",4055365,"SC02-I386A-RM-P"
26291,"NRO_PARTE",3306157,"BT75LKT24"
26291,"NRO_PARTE",3306243,"10010353-A"
26291,"NRO_PARTE",3306248,"10010482-A"
26291,"NRO_PARTE",3306256,"10010352-712R-M"
26291,"NRO_PARTE",3763361,"10010551-712-M"
26291,"NRO_PARTE",3763371,"10010553-712-M"
26291,"NRO_PARTE",4131368,"10010762-712R"
26291,"NRO_PARTE",2635071,"LH86WADWLGCXZA-RM-N5-1"
26291,"NRO_PARTE",2510105,"MIMIOPRO864R-3"
26291,"NRO_PARTE",2629708,"TL7-65-WC-AVA1800-70"
26291,"NRO_PARTE",2629823,"TL7-105-O5"
26291,"NRO_PARTE",2629965,"TL7-86-O5-P200"
26291,"NRO_PARTE",2635983,"LH75WADWLGCXZA-RP-N7"
26291,"NRO_PARTE",2636049,"LH75WADWLGCXZA-CP-RM-N7"
26291,"NRO_PARTE",2529919,"MIMIOPRO864R-4"
26291,"NRO_PARTE",3306379,"10010653-RK"
26291,"NRO_PARTE",3763504,"10010552-712R-B"
26291,"NRO_PARTE",3763509,"10010553-712R-B"
26291,"NRO_PARTE",3763547,"10010552-712R-M"
26291,"NRO_PARTE",4131335,"10010762-R"
26291,"NRO_PARTE",3954853,"55151107BP36OS"
26291,"NRO_PARTE",3954889,"55151108BR36O"
26291,"NRO_PARTE",3306257,"10010353-712R-M"
26291,"NRO_PARTE",3763369,"10010552-712-M"
26291,"NRO_PARTE",4118121,"5753RK- 10"
26291,"NRO_PARTE",4118207,"5753RK- 99"
26291,"NRO_PARTE",3142199,"9H.F9GTK.DA3"
26291,"NRO_PARTE",2635055,"LH86WADXCZA-RM-N5-1"
26291,"NRO_PARTE",2635072,"LH86WADWLGCXZA-CP-RP-N5"
26291,"NRO_PARTE",3954893,"55151108BR36OS"
26291,"NRO_PARTE",3306245,"10010352-A"
26291,"NRO_PARTE",3306373,"10010653-A"
26291,"NRO_PARTE",3306377,"10010652-RK"
26291,"NRO_PARTE",3306384,"10010652-712R-B"
26291,"NRO_PARTE",3306385,"10010653-712R-B"
26291,"NRO_PARTE",3306386,"10010652-712R-M"
26291,"NRO_PARTE",3306387,"10010653-712R-M"
26291,"NRO_PARTE",3333164,"DS86UHDTE8612W"
26291,"NRO_PARTE",3954878,"55151107BR36O"
26291,"NRO_PARTE",4141219,"QTX-TE-YL5W-98-R"
26291,"NRO_PARTE",4141272,"QTX-TE-YL5W-110-OP-R"
26291,"NRO_PARTE",3306457,"BT65LKTPRO24"
26291,"NRO_PARTE",3763376,"10010691-712-M"
26291,"NRO_PARTE",3763496,"10010551-712R-B"
26291,"NRO_PARTE",3763517,"10010691-712R-B"
26291,"NRO_PARTE",4118113,"5753RK-09"
26291,"NRO_PARTE",4118177,"5753RK- 11"
26291,"NRO_PARTE",1713461,"E-ONE  75"
26291,"NRO_PARTE",4141295,"QTX-TE-YL5W-98-OP-R"
26291,"NRO_PARTE",4141360,"CORE98O7TC4KRM"
26291,"NRO_PARTE",2508076,"X2-65 O711 BR"
26291,"NRO_PARTE",3306528,"BT105EMUPRO24"
26291,"NRO_PARTE",3306546,"BT75LKTHUB24"
26291,"NRO_PARTE",3306568,"BT110GLHHUB24"
26291,"NRO_PARTE",3306570,"10010552"
26291,"NRO_PARTE",3306576,"10010553"
26291,"NRO_PARTE",3306621,"10010354-712WB"
26291,"NRO_PARTE",3306639,"DS-D5C98RB/A"
26291,"NRO_PARTE",4131375,"10010762-712-M"
26291,"NRO_PARTE",1713476,"X-ONE 75 RACK 07"
26291,"NRO_PARTE",4141229,"QTX-TE-YL5W-110"
26291,"NRO_PARTE",4141342,"CORE98"
26291,"NRO_PARTE",4141352,"CORE98RM"
26291,"NRO_PARTE",4231641,"P110AG16"
26291,"NRO_PARTE",4231676,"10010730-I7-B"
26291,"NRO_PARTE",4231690,"S3.86.RP.O"
26291,"NRO_PARTE",4231746,"10010732-I7-BR"
26291,"NRO_PARTE",2794077,"10010450"
26291,"NRO_PARTE",4066792,"1200SERIES75-OPSI716256-RF"
26291,"NRO_PARTE",4066812,"98"" IFP-BLACK PRO-G5-RM"
26291,"NRO_PARTE",3968699,"110"" IFP-BLACK-G3-ON"
26291,"NRO_PARTE",3968728,"SC02-I386A-OPS0702-MSBA01B-OFFICEHB2024-3AG-NUPA"
26291,"NRO_PARTE",1834626,"LH85WMBWLGCXZA-N7RP"
26291,"NRO_PARTE",1834805,"F-LH55WMBWB-1-N3MU"
26291,"NRO_PARTE",1834858,"F-LH55WMBWB-1-N7RP"
26291,"NRO_PARTE",2802102,"TL7-86-O7-P200"
26291,"NRO_PARTE",2531721,"IFP7550-5-RVPCI7"
26291,"NRO_PARTE",4225624,"3753RK-1"
26291,"NRO_PARTE",2808502,"DS-D5C86RB/A_Y01"
26291,"NRO_PARTE",4231670,"S386"
26291,"NRO_PARTE",4231921,"S3.86.RP.O."
26291,"NRO_PARTE",4231975,"CR98TCRM"
26291,"NRO_PARTE",2794024,"I3TOUCH E-ONE 65"
26291,"NRO_PARTE",2794078,"10010352"
26291,"NRO_PARTE",2794102,"10010353"
26291,"NRO_PARTE",2798335,"MB65-A001-RM"
26291,"NRO_PARTE",4055682,"55151108BP36OR"
26291,"NRO_PARTE",3334197,"BT98LKTHUBR24"
26291,"NRO_PARTE",3334222,"BT98LKTPROI524"
26291,"NRO_PARTE",1840010,"432545RK02CL-CAM01"
26291,"NRO_PARTE",2802072,"TL7-86-TC4K-P200"
26291,"NRO_PARTE",4119874,"B3P8655151106-36"
26291,"NRO_PARTE",3881041,"55151107BP60"
26291,"NRO_PARTE",3881059,"55151106BP36"
26291,"NRO_PARTE",3881061,"55151106BP60"
26291,"NRO_PARTE",4225692,"3753RK-2"
26291,"NRO_PARTE",4225732,"K398.RM.OW"
26291,"NRO_PARTE",4225736,"3753RK-3"
26291,"NRO_PARTE",4225760,"K398.RP.OPSD"
26291,"NRO_PARTE",3334850,"BT110GLHPROI5R"
26291,"NRO_PARTE",3334861,"BT110GLHHUBI5R"
26291,"NRO_PARTE",4141265,"QTX-TE-YL5W-110-R"
26291,"NRO_PARTE",4141312,"T786SC2RMV2"
26291,"NRO_PARTE",4231783,"1200SERIES-110-OPSI716512-RM"
26291,"NRO_PARTE",4231987,"CR98I7TCRM"
26291,"NRO_PARTE",4232023,"IFP7535-RCAM7"
26291,"NRO_PARTE",4232090,"10010823"
26291,"NRO_PARTE",3968717,"110"" IFP-BLACK-G3-OPSI7-ON"
26291,"NRO_PARTE",3334285,"BT98LKTR24"
26291,"NRO_PARTE",4045611,"75TE1200PRO-OPSI716256-RF"
26291,"NRO_PARTE",4045620,"86TE1200PRO-RM"
26291,"NRO_PARTE",4045635,"86TE1200PRO-OPSI716256-RF"
26291,"NRO_PARTE",2528246,"IFP8650-5-RCAMI7"
26291,"NRO_PARTE",3881052,"55151107BP36"
26291,"NRO_PARTE",3881070,"55151108BP60"
26291,"NRO_PARTE",3881081,"55151108BP36"
26291,"NRO_PARTE",4225724,"K398.RM.OPSD"
26291,"NRO_PARTE",1752193,"55150691R36"
26291,"NRO_PARTE",1752199,"55150691R60"
26291,"NRO_PARTE",4231924,"S3.86.RM"
26291,"NRO_PARTE",4231933,"S3.86.RM.O"
26291,"NRO_PARTE",4231935,"CR98TC"
26291,"NRO_PARTE",4231947,"S3.86.RP"
26291,"NRO_PARTE",3858256,"75 IFP-BLACK-G-G3-OPSI7-WEB-ON"
26291,"NRO_PARTE",3858269,"75 IFP-BLACK-G-G5-OPSI7-WEB"
26291,"NRO_PARTE",3858286,"75 IFP-BLACK-G-G5-OPSI7-WEB-ON"
26291,"NRO_PARTE",3968971,"TE1200PR75-RM"
26291,"NRO_PARTE",3968995,"TE1200PR75-OPSI716256-RM"
26291,"NRO_PARTE",3334299,"BT98LKTPROI5R24"
26291,"NRO_PARTE",3334309,"BT98LKTPROR24"
26291,"NRO_PARTE",3334331,"BT105EMUHUBI524"
26291,"NRO_PARTE",3334338,"BT105EMUR24"
26291,"NRO_PARTE",3334346,"BT105EMUPROI5R24"
26291,"NRO_PARTE",3334350,"BT105EMUHUBI5R24"
26291,"NRO_PARTE",3334359,"BT105EMUHUBR24"
26291,"NRO_PARTE",3334365,"BT110GLHPROI524"
26291,"NRO_PARTE",1839987,"432545RK01CL-CAM02"
26291,"NRO_PARTE",1840001,"432545RK02CL"
26291,"NRO_PARTE",3744186,"65TR3DK-BM-2025"
26291,"NRO_PARTE",3744227,"65TR3DK-BM-2025-WRM"
26291,"NRO_PARTE",3744244,"65TR3DK-BM-2025-WRMOPS"
26291,"NRO_PARTE",4045662,"86TE1200PRO-OPSI716256-RM"
26291,"NRO_PARTE",4045725,"98QA1300PRO-RM"
26291,"NRO_PARTE",1914440,"55150652R60SEO"
26291,"NRO_PARTE",1914414,"55150652P36SEO"
26291,"NRO_PARTE",2802612,"TL7-98-O7-TC4K"
26291,"NRO_PARTE",2509987,"QITBB75-HC"
26291,"NRO_PARTE",4271554,"SC02-I386A-OPS0702-MSBA01B-OFFICEHB2024-3AG-CPDK-CE1"
26291,"NRO_PARTE",4225776,"K398.RP.OA"
26291,"NRO_PARTE",4225783,"3753RK-4"
26291,"NRO_PARTE",1752171,"55150691R12"
26291,"NRO_PARTE",1752238,"55150692R12"
26291,"NRO_PARTE",1752242,"55150692R36"
26291,"NRO_PARTE",1752266,"55150693R36"
26291,"NRO_PARTE",4231956,"CR98I7TC"
26291,"NRO_PARTE",4232022,"75” IFP BLACK PRO-OPS1T-WEB-RM-ON-G3"
26291,"NRO_PARTE",4232037,"IFP7535-MCAM7"
26291,"NRO_PARTE",4251026,"SC02-I586A-OPS0701-IWBA01B-3AG-CPDK1"
26291,"NRO_PARTE",3334377,"BT110GLHR24"
26291,"NRO_PARTE",3334381,"BT110GLHPROI5R24"
26291,"NRO_PARTE",1840023,"432545RK02CL-CAM02"
26291,"NRO_PARTE",3744206,"65TR3DK-BM-2025-WR"
26291,"NRO_PARTE",4138766,"65RIVAD2-13MP2-RF"
26291,"NRO_PARTE",4045614,"86TE1200PRO-RF"
26291,"NRO_PARTE",4045692,"86QA1300PRO-RF"
26291,"NRO_PARTE",4045707,"86QA1300PRO-RM"
26291,"NRO_PARTE",4045719,"86QA1300PRO-OPSI716256-RF"
26291,"NRO_PARTE",4045734,"98QA1300PRO-OPSI716256-RM"
26291,"NRO_PARTE",2635806,"LH86WADWLGCXZA-RP1"
26291,"NRO_PARTE",2802035,"TL7-86-TC4K-TW100"
26291,"NRO_PARTE",2528172,"IFP7550-5-RCAM7"
26291,"NRO_PARTE",2531696,"TL7-75-TW100"
26291,"NRO_PARTE",2531698,"TL7-75-O5-TW100"
26291,"NRO_PARTE",2531704,"TL7-75-O5-WC-TW100"
26291,"NRO_PARTE",2531706,"IFP8633-G-MVPC5"
26291,"NRO_PARTE",4225834,"3753RK-5"
26291,"NRO_PARTE",1752265,"55150693R12"
26291,"NRO_PARTE",3313594,"10010553-712"
26291,"NRO_PARTE",4232054,"10010821"
26291,"NRO_PARTE",4232055,"75” IFP BLACK PRO-OPS1T-WEB-RM-ON-G5"
26291,"NRO_PARTE",4232070,"IFP8635-MCAM7"
26291,"NRO_PARTE",4232076,"10010822"
26291,"NRO_PARTE",4232098,"S3.75.RP.O"
26291,"NRO_PARTE",4232100,"S375.RM.O.IP"
26291,"NRO_PARTE",3968940,"TE1200PR75-OPSI716256-RF"
26291,"NRO_PARTE",3969107,"TE1200PR86-OPSI716256-RF"
26291,"NRO_PARTE",4045716,"86QA1300PRO-OPSI716256-RM"
26291,"NRO_PARTE",4045732,"98QA1300PRO-RF"
26291,"NRO_PARTE",4045756,"98QA1300PRO-OPSI716256-RF"
26291,"NRO_PARTE",4045771,"110QA1300PRO-OPSI716256-RM"
26291,"NRO_PARTE",4045775,"110QA1300PRO-OPSI716512-RM"
26291,"NRO_PARTE",2635987,"LH75WADWLGCXZA-CG-RP-N5"
26291,"NRO_PARTE",2636007,"LH75WADWLGCXZA-RM-N5"
26291,"NRO_PARTE",2531693,"TL7-86-O5-WC"
26291,"NRO_PARTE",2531697,"TL7-86-TW100"
26291,"NRO_PARTE",2531700,"IFP7533-G-MVPC5"
26291,"NRO_PARTE",2531701,"TL7-86-O5-TW100"
26291,"NRO_PARTE",4225865,"3863RK-1"
26291,"NRO_PARTE",2632875,"TL7-98"
26291,"NRO_PARTE",4232056,"T7105I7TC"
26291,"NRO_PARTE",4232125,"IFP8641-MCAM7"
26291,"NRO_PARTE",4232165,"10010821-R"
26291,"NRO_PARTE",4232174,"IFP9851-MCAM7"
26291,"NRO_PARTE",3858243,"75 IFP-BLACK-G-G3-OPSI7-WEB"
26291,"NRO_PARTE",3334353,"BT105EMUPROR24"
26291,"NRO_PARTE",3744335,"98TR3DK-BM-2025-WROPS"
26291,"NRO_PARTE",3744389,"98TR3DK-BM-2025-WROPSCAM"
26291,"NRO_PARTE",4138629,"65RIVAD2-RF"
26291,"NRO_PARTE",4138752,"65RIVAD2-13MP1-RF"
26291,"NRO_PARTE",4138779,"65RIVAD2-RM"
26291,"NRO_PARTE",4045741,"98QA1300PRO-OPSI716512-RM"
26291,"NRO_PARTE",2802763,"TL7-98-TC4K"
26291,"NRO_PARTE",4120365,"B3P8655151106-RR-O-60"
26291,"NRO_PARTE",2531708,"TL7-86-O5-WC-TW100"
26291,"NRO_PARTE",4225916,"K398.RP.OW"
26291,"NRO_PARTE",1752247,"55150692R60"
26291,"NRO_PARTE",1752274,"55150693R60"
26291,"NRO_PARTE",3313552,"10010691"
26291,"NRO_PARTE",3313559,"10010551-R"
26291,"NRO_PARTE",3313561,"10010691-R"
26291,"NRO_PARTE",3313562,"10010553-R"
26291,"NRO_PARTE",4232111,"QTX-TE-YL5W-75-OP-R-V2"
26291,"NRO_PARTE",4232113,"IFP7541-MCAM7"
26291,"NRO_PARTE",4232145,"IFP9841-MCAM7"
26291,"NRO_PARTE",4232148,"QTX-TE-YL5W-86-OP-R-V2"
26291,"NRO_PARTE",4232177,"10010822-R"
26291,"NRO_PARTE",4232188,"10010823-R"
26291,"NRO_PARTE",4232191,"QTX-TE-YL5W-98-OP-R-V2"
26291,"NRO_PARTE",4232198,"IFP105UW-MCAM7"
26291,"NRO_PARTE",4232211,"IFP110-MCAM7"
26291,"NRO_PARTE",4250980,"SC02-I586A-OPS0701-3AG-CPDK"
26291,"NRO_PARTE",3858381,"75 IFP-BLACK-G-G3-OPSI7-WEB-RM"
26291,"NRO_PARTE",3858421,"75 IFP-BLACK-G-G3-OPSI7-WEB-RM-ON"
26291,"NRO_PARTE",3969200,"TL7105O7TC4KRMEOFHBW11"
26291,"NRO_PARTE",3969232,"T786PO7SC2OS200OFHB"
26291,"NRO_PARTE",3334321,"BT105EMUPROI524"
26291,"NRO_PARTE",3744510,"98TR3DK-BM-2025-WRMOPSCAM"
26291,"NRO_PARTE",4045767,"110QA1300PRO-RF"
26291,"NRO_PARTE",4045779,"110QA1300PRO-OPSI716256-RF"
26291,"NRO_PARTE",2802582,"TL7-98-O7"
26291,"NRO_PARTE",4263205,"10010822-I7"
26291,"NRO_PARTE",4120411,"B3P7555151106-60M"
26291,"NRO_PARTE",4120442,"B3P7555151106-RP-60M"
26291,"NRO_PARTE",3078121,"5863RK-5"
26291,"NRO_PARTE",2487680,"321000248"
26291,"NRO_PARTE",1806391,"X-ONE 65 EDU"
26291,"NRO_PARTE",1806392,"X-ONE 75 EDU"
26291,"NRO_PARTE",1806398,"X-ONE 65 EDU R"
26291,"NRO_PARTE",1806402,"X-ONE 75 EDU R"
26291,"NRO_PARTE",1806403,"X-ONE 86 EDU R"
26291,"NRO_PARTE",1806427,"X-ONE 75 EDU RO5"
26291,"NRO_PARTE",1806429,"X-ONE 86 EDU RO5"
26291,"NRO_PARTE",2748055,"TL7-65-O5-WC-5Y"
26291,"NRO_PARTE",3776251,"86 IFP-BLACK-RM-G5-WEB-OPSI7-32G-ON"
26291,"NRO_PARTE",3825973,"TE7511W"
26291,"NRO_PARTE",3826011,"TE7511W-OPSI7-RACK"
26291,"NRO_PARTE",4267095,"10010822-I7-B"
26291,"NRO_PARTE",4267112,"10010823-I7-B"
26291,"NRO_PARTE",3078115,"5863RK-4"
26291,"NRO_PARTE",3078126,"5863RK-6"
26291,"NRO_PARTE",3079468,"5863RK-7"
26291,"NRO_PARTE",3079501,"5863RK-12"
26291,"NRO_PARTE",1806394,"X-ONE 86 EDU"
26291,"NRO_PARTE",1806418,"X-ONE 65 EDU RO7"
26291,"NRO_PARTE",1806420,"X-ONE 75 EDU RO7"
26291,"NRO_PARTE",1806421,"X-ONE 86 EDU RO7"
26291,"NRO_PARTE",1806426,"X-ONE 65 EDU RO5"
26291,"NRO_PARTE",2748072,"TL7-98-O5"
26291,"NRO_PARTE",3776136,"86 IFP-BLACK-G3-WEB-OPSI7-32G-ON"
26291,"NRO_PARTE",4267001,"10010823 -I7"
26291,"NRO_PARTE",4267071,"10010821-I7-B"
26291,"NRO_PARTE",4267200,"10010821-I7-M"
26291,"NRO_PARTE",4246620,"BT98LKTHUBR26"
26291,"NRO_PARTE",3078087,"5863RK-1"
26291,"NRO_PARTE",2808493,"QITBB86-H13C"
26291,"NRO_PARTE",2748090,"TL7-75-AVA1800-70-5Y"
26291,"NRO_PARTE",2748181,"TL7-86 -O5-WC-P200-5Y"
26291,"NRO_PARTE",3776060,"86 IFP-BLACK-RM-G3-WEB-OPSI7-16G-ON"
26291,"NRO_PARTE",3826097,"TE8612W"
26291,"NRO_PARTE",3826114,"TE8612W-OPSI5-RACK"
26291,"NRO_PARTE",4246653,"BT98LKT26"
26291,"NRO_PARTE",2628502,"3652RK-15"
26291,"NRO_PARTE",1732697,"75S8DWPO1VA009"
26291,"NRO_PARTE",1732704,"75S8DW1O1VA00H"
26291,"NRO_PARTE",1732706,"86N8CA1N1VA002"
26291,"NRO_PARTE",1732714,"86S8DWPH1VA006"
26291,"NRO_PARTE",1732720,"86S8DWPO1VA00A"
26291,"NRO_PARTE",1732737,"86S8DW1H1VA00E"
26291,"NRO_PARTE",1732748,"86S8DWPH1VA00G"
26291,"NRO_PARTE",1732691,"75S80DX2WX1OP0"
26291,"NRO_PARTE",1732696,"75S8DW1O1VA007"
26291,"NRO_PARTE",1732724,"86N8CA1N1VA00C"
26291,"NRO_PARTE",4054580,"98"" IFP-BLACK PRO-G3-ON"
26291,"NRO_PARTE",2808541,"DS-D5C86RB/A_Y03"
26291,"NRO_PARTE",3826212,"TE8612W-OPSI7-RACK"
26291,"NRO_PARTE",4267213,"10010822-I7-M"
26291,"NRO_PARTE",4227841,"98” IFP BLACK PRO-RM-WEB-ON-G3-1"
26291,"NRO_PARTE",4227875,"98” IFP BLACK PRO-RM-WEB-ON-G5-1"
26291,"NRO_PARTE",4227892,"10010731-I5-M"
26291,"NRO_PARTE",4227897,"MIMIOPROG75R-2"
26291,"NRO_PARTE",4054616,"98"" IFP-BLACK PRO-G5"
26291,"NRO_PARTE",2630728,"LH75WADXCZA-CG-RM-N5"
26291,"NRO_PARTE",2630783,"LH75WADXCZA-CP-RP-N7"
26291,"NRO_PARTE",4267221,"10010823-I7-M"
26291,"NRO_PARTE",4227815,"98” IFP BLACK PRO-RM-WEB-G3-1"
26291,"NRO_PARTE",4227858,"98” IFP BLACK PRO-RM-WEB-G5-1"
26291,"NRO_PARTE",1914420,"55150652P60SEO"
26291,"NRO_PARTE",1914431,"55150652R36SEO"
26291,"NRO_PARTE",4227022,"LH86WAFWLGCXZX-RM-N5-CM"
26291,"NRO_PARTE",4227026,"LH86WAFWLGCXZX-RM-N5-CG"
26291,"NRO_PARTE",4227032,"LH86WAFWLGCXZX-RM-N7-CM"
26291,"NRO_PARTE",4227044,"LH86WAFWLGCXZX-RP-N5-CM"
26291,"NRO_PARTE",4227051,"LH86WAFWLGCXZX-RP-N5-CG"
26291,"NRO_PARTE",4227072,"LH86WAFWLGCXZX-RP-N7-CM"
26291,"NRO_PARTE",4227077,"LH86WAFWLGCXZX-RP-N7-CG"
26291,"NRO_PARTE",2748098,"TL7-75-O5-5Y"
26291,"NRO_PARTE",2748106,"TL7-75-O5-WC-5Y"
26291,"NRO_PARTE",2748117,"TL7-75-O5-WC-AVA1800-70-5Y"
26291,"NRO_PARTE",3776182,"86 IFP-BLACK-G5-WEB-OPSI7-32G-ON"
26291,"NRO_PARTE",3079475,"5863RK-8"
26291,"NRO_PARTE",3079485,"5863RK-9"
26291,"NRO_PARTE",3079495,"5863RK-11"
26291,"NRO_PARTE",4227783,"IMPACTLUX275-P"
26291,"NRO_PARTE",4227940,"98” IFP BLACK PRO-OPS-ON-G3-1"
26291,"NRO_PARTE",4227030,"LH86WAFWLGCXZX-RM-N7-CP"
26291,"NRO_PARTE",4227039,"LH86WAFWLGCXZX-RP-N5-CP"
26291,"NRO_PARTE",2630711,"LH75WADXCZA-CG-RP-N5"
26291,"NRO_PARTE",2630753,"LH75WADXCZA-RP-N7"
26291,"NRO_PARTE",4277210,"3752RK.01"
26291,"NRO_PARTE",4277213,"3752RK -01"
26291,"NRO_PARTE",2625898,"LH65WADWLGCXZA"
26291,"NRO_PARTE",2625905,"LH65WADWLGCXZA-RM"
26291,"NRO_PARTE",2625910,"LH65WADWLGCXZA-RP"
26291,"NRO_PARTE",1732165,"86 IFP– 2023- G3- BLACK-1"
26291,"NRO_PARTE",2940999,"432618RK01NL"
26291,"NRO_PARTE",2941014,"432618RK01NL-CAMJ1"
26291,"NRO_PARTE",2941107,"432618RK02NL"
26291,"NRO_PARTE",2941108,"T786SC2RME"
26291,"NRO_PARTE",2941121,"T786O7SC2"
26291,"NRO_PARTE",2941123,"432618RK02NL-CAMJ2"
26291,"NRO_PARTE",2941134,"432620NL"
26291,"NRO_PARTE",2941138,"432620RK01-CAMJ1"
26291,"NRO_PARTE",2941142,"432620RK01-CAMJ2"
26291,"NRO_PARTE",2941145,"432620RK01NL"
26291,"NRO_PARTE",2941150,"432620RK01NL-CAMJ1"
26291,"NRO_PARTE",2941156,"432620RK02-CAMJ1"
26291,"NRO_PARTE",2941159,"432620RK02-CAMJ2"
26291,"NRO_PARTE",2941160,"432620RK02NL-CAMJ1"
26291,"NRO_PARTE",2941163,"432620RK02NL"
26291,"NRO_PARTE",2509967,"QITBB75-HO"
26291,"NRO_PARTE",4229013,"98” IFP BLACK PRO-OPS1T-RM-ON-G5-1"
26291,"NRO_PARTE",4229063,"98” IFP BLACK PRO-OPS1T-WEB-G5-1"
26291,"NRO_PARTE",4229124,"98” IFP BLACK PRO-OPS1T-WEB-RM-G3-1"
26291,"NRO_PARTE",2632454,"DS-D5C86RB/B_OT5"
26291,"NRO_PARTE",2632466,"DS-D5C86RB/B_OT5_Y2B"
26291,"NRO_PARTE",2774009,"RIVA75D2-RF"
26291,"NRO_PARTE",2774062,"RIVA75D2-OPSI716256-13MP2-RF"
26291,"NRO_PARTE",2774063,"RIVA75D2-OPSI716256-20MP-RF"
26291,"NRO_PARTE",3326246,"SC02-I365A-3AG"
26291,"NRO_PARTE",2509927,"QITBB86-HCOSM"
26291,"NRO_PARTE",2800559,"10010652-711"
26291,"NRO_PARTE",2625833,"LH86WADWLGCXZA-RM"
26291,"NRO_PARTE",2644521,"RIVA65D2-20MP-RF"
26291,"NRO_PARTE",1732345,"86 IFP– 2023- G5- BLACK-RM-1"
26291,"NRO_PARTE",2941153,"432620RK01NL-CAMJ2"
26291,"NRO_PARTE",2941168,"432620RK02NL-CAMJ2"
26291,"NRO_PARTE",2509958,"QITBB86-HO"
26291,"NRO_PARTE",2509975,"QITBB75-HCOSM"
26291,"NRO_PARTE",2509999,"QITBB75-HCO"
26291,"NRO_PARTE",4229076,"98” IFP BLACK PRO-OPS1T-WEB-ON-G5-1"
26291,"NRO_PARTE",2632509,"DS-D5C86RB/B_OT5_Y2B_C4F0"
26291,"NRO_PARTE",2632529,"DS-D5C86RB/B_OT7_Y2B"
26291,"NRO_PARTE",2632544,"DS-D5C86RB/B_OT7_Y2B_C4F0"
26291,"NRO_PARTE",2632549,"DS-D5C86RB/B_Y2B"
26291,"NRO_PARTE",2774011,"RIVA75D2-8MP2-RF"
26291,"NRO_PARTE",2509948,"QITBB86-HOSM"
26291,"NRO_PARTE",2509993,"QITBB86-HCO"
26291,"NRO_PARTE",2941122,"432618RK02NL-CAMJ1"
26291,"NRO_PARTE",4229198,"98” IFP BLACK PRO-OPS1T-WEB-RM-G5-1"
26291,"NRO_PARTE",4229259,"IFP6535-RM"
26291,"NRO_PARTE",4229278,"IFP7535-R"
26291,"NRO_PARTE",2774049,"RIVA75D2-OPSI716256-8MP2-RF"
26291,"NRO_PARTE",2774056,"RIVA75D2-OPSI716256-13MP1-RF"
26291,"NRO_PARTE",2773348,"PI_PANT.TC_15.6""_INDOOR"
26291,"NRO_PARTE",4229097,"IFP9841-R"
26291,"NRO_PARTE",4229217,"98” IFP BLACK PRO-OPS1T-WEB-RM-ON-G5-1"
26291,"NRO_PARTE",4229221,"IFP6535-R"
26291,"NRO_PARTE",4229300,"IFP7535-RM"
26291,"NRO_PARTE",4229307,"86 “IFP BLACK PRO-G3"
26291,"NRO_PARTE",4229324,"86 “IFP BLACK PRO-ON-G3"
26291,"NRO_PARTE",4229329,"86 “IFP BLACK PRO-G5"
26291,"NRO_PARTE",4229335,"86 “IFP BLACK PRO-ON-G5"
26291,"NRO_PARTE",2632513,"DS-D5C86RB/B_OT7"
26291,"NRO_PARTE",2513088,"55150691AR60O"
26291,"NRO_PARTE",2513107,"55150692AR60O"
26291,"NRO_PARTE",3862361,"75 “IFP PRO-RF-G3"
26291,"NRO_PARTE",3862405,"75 '' IFP PRO-G3-RM-MPC"
26291,"NRO_PARTE",1779388,"55150650P36SO"
26291,"NRO_PARTE",2628855,"3862RK-15"
26291,"NRO_PARTE",2629953,"TL7-86-P200"
26291,"NRO_PARTE",4229154,"IFP9841-RM"
26291,"NRO_PARTE",4229371,"86” IFP BLACK PRO-RM-G3"
26291,"NRO_PARTE",4229384,"86” IFP BLACK PRO-RM-ON-G3"
26291,"NRO_PARTE",4229394,"86” IFP BLACK PRO-RM-G5"
26291,"NRO_PARTE",4229403,"86” IFP BLACK PRO-RM-ON-G5"
26291,"NRO_PARTE",3397576,"SC02-I386A-3AG"
26291,"NRO_PARTE",3862426,"75 '' IFP PRO-G3-RF-MPC"
26291,"NRO_PARTE",1730272,"432620RK02CL"
26291,"NRO_PARTE",2629898,"TL7-105-O5-TW100"
26291,"NRO_PARTE",2629907,"LH75WADXCZA-N5"
26291,"NRO_PARTE",4229150,"98” IFP BLACK PRO-OPS1T-WEB-RM-ON-G3-1"
26291,"NRO_PARTE",4229450,"86” IFP BLACK PRO-OPS-G3"
26291,"NRO_PARTE",4229459,"86” IFP BLACK PRO-OPS-ON-G3"
26291,"NRO_PARTE",4229483,"86” IFP BLACK PRO-OPS-ON-G5"
26291,"NRO_PARTE",1749316,"432618RK02CL-CAM02"
26291,"NRO_PARTE",1748615,"75 IFP – 2023- G5- BLACK-WEBLENOVO"
26291,"NRO_PARTE",3862413,"75 '' IFP PRO-G3-RM-MPC-WEB"
26291,"NRO_PARTE",1779154,"55150650P12S"
26291,"NRO_PARTE",1779164,"55150650R12S"
26291,"NRO_PARTE",1779175,"55150650R60"
26291,"NRO_PARTE",1779279,"55150652R12S"
26291,"NRO_PARTE",1730521,"432620RK01-"
26291,"NRO_PARTE",3810753,"75 IFP-BLACK-G-G3-OPSI7-1TB-ON"
26291,"NRO_PARTE",2628785,"3862RK-11"
26291,"NRO_PARTE",1803804,"QITBB75"
26291,"NRO_PARTE",1748581,"75 IFP– 2023- G3- BLACK-RM-WEBLENOVO"
26291,"NRO_PARTE",1748600,"75 IFP– 2023- G5- BLACK-WEBLENOVO"
26291,"NRO_PARTE",3862419,"75 '' IFP PRO-G3-RF-MPC-WEB"
26291,"NRO_PARTE",1730316,"432622RK02CL"
26291,"NRO_PARTE",2630793,"LH75WADXCZA-CP-RM-N7"
26291,"NRO_PARTE",4069312,"98"" IFP-BLACK PRO-G5-RM-OPSI7-1TB-WEB"
26291,"NRO_PARTE",3780339,"5863RK-03"
26291,"NRO_PARTE",4051520,"SC02-I375A-OPS0702-MSBA01B-OFFICEHB2024-3AG-CPDK"
26291,"NRO_PARTE",2509937,"QITBB86-HC"
26291,"NRO_PARTE",2626354,"DS75BKTE7602G"
26291,"NRO_PARTE",3778692,"432698RK01NL"
26291,"NRO_PARTE",1834949,"F-LH65WMBWB-1-N5MU"
26291,"NRO_PARTE",2033290,"E-ONE 55"
26291,"NRO_PARTE",4069454,"98"" IFP-BLACK PRO-G5-WEB-ON"
26291,"NRO_PARTE",3780354,"5863RK-04"
26291,"NRO_PARTE",3780409,"5863RK-07"
26291,"NRO_PARTE",4051569,"SC02-I375A-OPS0702-MSBA01B-OFFICE365-3AG-CPDK"
26291,"NRO_PARTE",2551932,"75 IFP-BLACK-G5-WEB-2024-8G"
26291,"NRO_PARTE",2777268,"IFP86G1-RA31-5"
26291,"NRO_PARTE",1753954,"55150693P60O"
26291,"NRO_PARTE",1753957,"55150693R36O"
26291,"NRO_PARTE",4101776,"10010770-712R-M"
26291,"NRO_PARTE",3780278,"5753RK-05"
26291,"NRO_PARTE",3780451,"5653RK-06"
26291,"NRO_PARTE",3780471,"5653RK-07"
26291,"NRO_PARTE",3780483,"5653RK-08"
26291,"NRO_PARTE",2509981,"QITBB75-HOSM"
26291,"NRO_PARTE",3810850,"75 IFP-BLACK-G-G3-OPSI7-1TB"
26291,"NRO_PARTE",2778566,"IFP75G1-RMA31"
26291,"NRO_PARTE",1730284,"432622RK02"
26291,"NRO_PARTE",1730318,"432618RK02"
26291,"NRO_PARTE",1730319,"432618RK02CL"
26291,"NRO_PARTE",4069712,"98"" IFP-BLACK PRO-G5-OPSI7-WEB-ON"
26291,"NRO_PARTE",4069731,"98"" IFP-BLACK PRO-G5-RM-ON"
26291,"NRO_PARTE",3780582,"5753RK-06"
26291,"NRO_PARTE",4069743,"98"" IFP-BLACK PRO-G3-RM-OPSI7-ON"
26291,"NRO_PARTE",4069780,"98"" IFP-BLACK PRO-G5-RM-WEB-ON"
26291,"NRO_PARTE",4069786,"98"" IFP-BLACK PRO-G3-RM-OPSI7-WEB-ON"
26291,"NRO_PARTE",3780623,"10010652-1100F"
26291,"NRO_PARTE",3780662,"RIVA86R2-OPSI716512-13MP2-RM"
26291,"NRO_PARTE",2778490,"IFP75G1-RA31"
26291,"NRO_PARTE",4069807,"98"" IFP-BLACK PRO-G3-RM-OPSI7-1TB-WEB-ON"
26291,"NRO_PARTE",3780602,"5753RK-07"
26291,"NRO_PARTE",3780619,"5753RK-08"
26291,"NRO_PARTE",3780659,"10010652-1000EG2-R"
26291,"NRO_PARTE",3780676,"10010652-1100F-R"
26291,"NRO_PARTE",2778661,"IFP75G1-RMA31-5"
26291,"NRO_PARTE",2777561,"T7-65-TW100"
26291,"NRO_PARTE",2777567,"T7-65-O7-TW100"
26291,"NRO_PARTE",2777579,"T7-65-AVA1800"
26291,"NRO_PARTE",2777596,"T7-75-O7"
26291,"NRO_PARTE",2777599,"T7-WC"
26291,"NRO_PARTE",2777601,"T7-75-O7-WC"
26291,"NRO_PARTE",2777602,"T7-75-TW100"
26291,"NRO_PARTE",2777609,"T7-75-O7-WC-TW100"
26291,"NRO_PARTE",1753940,"55150693P12O"
26291,"NRO_PARTE",1753909,"55150692P60O"
26291,"NRO_PARTE",4069773,"98"" IFP-BLACK PRO-G3-RM-WEB-ON"
26291,"NRO_PARTE",3780752,"TL786O7TC4KOS200OFHB"
26291,"NRO_PARTE",2778632,"IFP75G1-RA31-5"
26291,"NRO_PARTE",2777549,"T7-65-O7-WC"
26291,"NRO_PARTE",2777582,"T7-65-O7-AVA1800"
26291,"NRO_PARTE",2777586,"T7-65-O7-WC-AVA1800"
26291,"NRO_PARTE",2777592,"T7-75"
26291,"NRO_PARTE",2777604,"T7-75-O7-TW100"
26291,"NRO_PARTE",2777607,"T7-75-WC-TW100"
26291,"NRO_PARTE",2777611,"T7-75-AVA1800"
26291,"NRO_PARTE",2777612,"T7-75-O7-AVA1800"
26291,"NRO_PARTE",2777616,"T7-75-WC-AVA1800"
26291,"NRO_PARTE",2777618,"T7-75-O7-WC-AVA1800"
26291,"NRO_PARTE",2777647,"TL7-75-AVAPC-2024"
26291,"NRO_PARTE",1999240,"IFP8650-5-RJAVPC"
26291,"NRO_PARTE",1999421,"IFP8633-W"
26291,"NRO_PARTE",1999440,"IFP8633-WR"
26291,"NRO_PARTE",1753933,"IDEAHUB BOARD 2 75-O"
26291,"NRO_PARTE",1754031,"55150692R60O"
26291,"NRO_PARTE",4069795,"98"" IFP-BLACK PRO-G5-RM-OPSI7-WEB-ON"
26291,"NRO_PARTE",4069815,"98"" IFP-BLACK PRO-G5-RM-OPSI7-1TB-WEB-ON"
26291,"NRO_PARTE",4069829,"98"" IFP-BLACK PRO-G5-RM-OPSI7-1TB-ON"
26291,"NRO_PARTE",4069845,"98"" IFP-BLACK PRO-G3-OPSI7-1TB-WEB-ON"
26291,"NRO_PARTE",4069848,"98"" IFP-BLACK PRO-G5-OPSI7-1TB-WEB-ON"
26291,"NRO_PARTE",4069858,"98"" IFP-BLACK PRO-G3-OPSI7-1TB-ON"
26291,"NRO_PARTE",3780707,"QA1300PRO98-OPSI716512-RM"
26291,"NRO_PARTE",2777536,"T7-65-O7"
26427,"EMPAQUE_DE_FABRICA",1678992,"EN: CAJA"
51111,"SISTEMA_DE_MANEJO_RAEE",3716358,"SIST. MANEJO RAEE: INDIVIDUAL"
51111,"SISTEMA_DE_MANEJO_RAEE",3716355,"SIST. MANEJO RAEE: COLECTIVO"
26292,"CERTIFICACION",1678993,"ISO 14001"
26292,"CERTIFICACION",1678994,"EPA 5.0"
26292,"CERTIFICACION",1678995,"VCCI - JAPON"
26292,"CERTIFICACION",1678996,"TCO"
26292,"CERTIFICACION",1678997,"ISO 9001"
26292,"CERTIFICACION",1678998,"BSMI - Taiwan Mark"
26292,"CERTIFICACION",1678999,"TUV/S S-Mark (Japan)"
26292,"CERTIFICACION",1679000,"EPEAT"
26292,"CERTIFICACION",1679001,"UL"
26292,"CERTIFICACION",1679002,"cCSAus"
26292,"CERTIFICACION",1679003,"WEEE"
26292,"CERTIFICACION",1679004,"ENERGY STAR"
26292,"CERTIFICACION",1679005,"GOST-R Rusia"
26292,"CERTIFICACION",1679006,"EuP/ErP"
26292,"CERTIFICACION",1679007,"CE O UE"
26292,"CERTIFICACION",1679008,"FCC - EE. UU."
26292,"CERTIFICACION",1679009,"RoHS"
26292,"CERTIFICACION",1679010,"IECEE"
