ID_Caracteristica,Nombre_Caracteristica,ID_Valor,Nombre_Valor
26211,"PROCESADOR",1740443,"PROCESADOR: INTEL CORE I7-13700"
26211,"PROCESADOR",1740444,"PROCESADOR: INTEL CORE I7-13700F"
26211,"PROCESADOR",1740445,"PROCESADOR: INTEL CORE I9-13900KF"
26211,"PROCESADOR",1722219,"PROCESADOR: INTEL CORE I9-13900K"
26211,"PROCESADOR",2489431,"PROCESADOR: INTEL CORE I7-14700K"
26211,"PROCESADOR",2489432,"PROCESADOR: INTEL CORE I9-14900K"
26211,"PROCESADOR",1597467,"PROCESADOR INTEL COREI7-2710QE"
26211,"PROCESADOR",1597469,"PROCESADOR INTEL COREI7-4700EQ"
26211,"PROCESADOR",1597470,"PROCESADOR: INTEL CORE I7-8700"
26211,"PROCESADOR",1597471,"PROCESADOR: INTEL CORE I7-8700K"
26211,"PROCESADOR",1597472,"PROCESADOR: AMD A8-9600"
26211,"PROCESADOR",1597476,"PROCESADOR: AMD RYZEN 7 1700"
26211,"PROCESADOR",1597481,"PROCESADOR: AMD A8-6600K"
26211,"PROCESADOR",1597484,"PROCESADOR: AMD ATHLON 5150"
26211,"PROCESADOR",1597490,"PROCESADOR: AMD A4-7300"
26211,"PROCESADOR",1597491,"PROCESADOR: AMD A8-6410"
26211,"PROCESADOR",1597493,"PROCESADOR: AMD A4 PRO-7300B"
26211,"PROCESADOR",1597495,"PROCESADOR: INTEL CORE I7-6950X"
26211,"PROCESADOR",1597496,"PROCESADOR: INTEL CORE I7-4790"
26211,"PROCESADOR",1597497,"PROCESADOR: AMD SEMPRON 2650"
26211,"PROCESADOR",1597498,"PROCESADOR: AMD A4-6300"
26211,"PROCESADOR",1597499,"PROCESADOR: AMD A4-6300B"
26211,"PROCESADOR",1597500,"PROCESADOR: AMD A8-6500B"
26211,"PROCESADOR",1597501,"PROCESADOR: AMD FX-8320"
26211,"PROCESADOR",1597503,"PROCESADOR: AMD A6-7400B"
26211,"PROCESADOR",1597504,"PROCESADOR: AMD E1-2500"
26211,"PROCESADOR",1597506,"PROCESADOR: INTEL CORE I7-6500U"
26211,"PROCESADOR",1597507,"PROCESADOR: AMD ATHLON X4 860K"
26211,"PROCESADOR",1597509,"PROCESADOR: INTEL CORE I7-6900K"
26211,"PROCESADOR",1597512,"PROCESADOR: AMD A6-5400K"
26211,"PROCESADOR",1597516,"PROCESADOR: INTEL PENTIUM G3240"
26211,"PROCESADOR",1597517,"PROCESADOR: INTEL CORE I7-5775C"
26211,"PROCESADOR",1597520,"PROCESADOR: INTEL CORE I7-4500U"
26211,"PROCESADOR",1597529,"PROCESADOR: INTEL CORE I7-12700F"
26211,"PROCESADOR",1597533,"PROCESADOR: INTEL CORE i9-11900F"
26211,"PROCESADOR",1597534,"PROCESADOR: INTEL CORE i9-11900KF"
26211,"PROCESADOR",1597535,"PROCESADOR: INTEL CORE i9-11900K"
26211,"PROCESADOR",1597536,"PROCESADOR: INTEL CORE i7-11700"
26211,"PROCESADOR",1597537,"PROCESADOR: INTEL CORE I7-4770K"
26211,"PROCESADOR",1597540,"PROCESADOR: INTEL CORE I7-6700T"
26211,"PROCESADOR",1597541,"PROCESADOR: INTEL CORE I7-4770"
26211,"PROCESADOR",1597542,"PROCESADOR: INTEL PENTIUM G3260"
26211,"PROCESADOR",1597543,"PROCESADOR: INTEL PENTIUM G3250"
26211,"PROCESADOR",1597544,"PROCESADOR: INTEL PENTIUM G3220"
26211,"PROCESADOR",1597545,"PROCESADOR: AMD E1-6050"
26211,"PROCESADOR",1597546,"PROCESADOR: AMD A4 PRO-8350B"
26211,"PROCESADOR",1597547,"PROCESADOR: INTEL PENTIUM G4400"
26211,"PROCESADOR",1597549,"PROCESADOR: INTEL XEON E5-1620 V3"
26211,"PROCESADOR",1597550,"PROCESADOR: INTEL PENTIUM G2030"
26211,"PROCESADOR",1597551,"PROCESADOR: INTEL CORE I7-5960X"
26211,"PROCESADOR",1597553,"PROCESADOR: AMD A10-7860K"
26211,"PROCESADOR",1597554,"PROCESADOR: INTEL CORE I7-5820K"
26211,"PROCESADOR",1597560,"PROCESADOR: AMD A8-7650K"
26211,"PROCESADOR",1597561,"PROCESADOR: INTEL XEON E3-1231 V3"
26211,"PROCESADOR",1597562,"PROCESADOR: AMD FX-6300"
26211,"PROCESADOR",1597563,"PROCESADOR: INTEL CORE I7-7700K"
26211,"PROCESADOR",1597567,"PROCESADOR: INTEL CORE I7-6700"
26211,"PROCESADOR",1597569,"PROCESADOR: INTEL CORE I7-5930K"
26211,"PROCESADOR",1597570,"PROCESADOR: AMD SEMPRON 3850"
26211,"PROCESADOR",1597571,"PROCESADOR: INTEL XEON E3-1280 V3"
26211,"PROCESADOR",1597575,"PROCESADOR: AMD RYZEN 7 3700X"
26211,"PROCESADOR",1597578,"PROCESADOR: AMD RYZEN 9 3900X"
26211,"PROCESADOR",1597580,"PROCESADOR: INTEL CORE I7-9750H"
26211,"PROCESADOR",1597582,"PROCESADOR INTEL CORE I9-9980HK"
26211,"PROCESADOR",1597583,"PROCESADOR: INTEL CORE I9-9900X"
26211,"PROCESADOR",1597586,"PROCESADOR: AMD RYZEN 7 PRO 2700X"
26211,"PROCESADOR",1597588,"PROCESADOR: INTEL CORE I9-9820X"
26211,"PROCESADOR",1597589,"PROCESADOR: AMD RYZEN 7 PRO 2700G"
26211,"PROCESADOR",1597591,"PROCESADOR: INTEL CORE I7-9700"
26211,"PROCESADOR",1597593,"PROCESADOR: INTEL CORE I7-12700T"
26211,"PROCESADOR",1597596,"PROCESADOR: AMD RYZEN 7 PRO 4750GE"
26211,"PROCESADOR",1597604,"PROCESADOR: AMD RYZEN 7 2700G"
26211,"PROCESADOR",1597605,"PROCESADOR: INTEL CORE I7-9800X"
26211,"PROCESADOR",1597606,"PROCESADOR: AMD RYZEN 7 2700"
26211,"PROCESADOR",1597607,"PROCESADOR: INTEL PENTIUM G5400 GOLD"
26211,"PROCESADOR",1597611,"PROCESADOR: INTEL CORE I7-9700T"
26211,"PROCESADOR",1597617,"PROCESADOR: INTEL PENTIUM G4560"
26211,"PROCESADOR",1597620,"PROCESADOR: INTEL CORE I9-7920X"
26211,"PROCESADOR",1597621,"PROCESADOR: INTEL CORE I7-7820X"
26211,"PROCESADOR",1597623,"PROCESADOR: INTEL CORE I7-8700T"
26211,"PROCESADOR",1597624,"PROCESADOR: INTEL CORE I7-7700T"
26211,"PROCESADOR",1597626,"PROCESADOR: INTEL CORE I9-9900"
26211,"PROCESADOR",1597631,"PROCESADOR: INTEL CORE I9-9900K"
26211,"PROCESADOR",1597632,"PROCESADOR: AMD RYZEN 7 PRO 2700"
26211,"PROCESADOR",1597633,"PROCESADOR: INTEL CORE I7-9700K"
26211,"PROCESADOR",1597639,"PROCESADOR: INTEL CORE I9-9980HK"
26211,"PROCESADOR",1597640,"PROCESADOR: INTEL CORE I7-10710U"
26211,"PROCESADOR",1597643,"PROCESADOR: INTEL CORE I7-10700F"
26211,"PROCESADOR",1597644,"PROCESADOR: INTEL CORE I7-10700"
26211,"PROCESADOR",1597645,"PROCESADOR: INTEL CORE I7-9700F"
26211,"PROCESADOR",1597648,"PROCESADOR: INTEL CORE I7-10700T"
26211,"PROCESADOR",1597652,"PROCESADOR: INTEL CORE I9-10900T"
26211,"PROCESADOR",1597657,"PROCESADOR: AMD Ryzen™ 5 4600G"
26211,"PROCESADOR",1597660,"PROCESADOR: INTEL CORE I7-10700K"
26211,"PROCESADOR",1597661,"PROCESADOR: INTEL CORE I9-10900K"
26211,"PROCESADOR",1597662,"PROCESADOR: INTEL CORE I9-10900X"
26211,"PROCESADOR",1597663,"PROCESADOR: INTEL CORE I9-10900"
26211,"PROCESADOR",1597664,"PROCESADOR: INTEL CORE I9-10920X"
26211,"PROCESADOR",1597665,"PROCESADOR: INTEL CORE I9-10980XE"
26211,"PROCESADOR",1597667,"PROCESADOR: INTEL CORE I9-10900F"
26211,"PROCESADOR",1597668,"PROCESADOR: INTEL PENTIUM G6400 GOLD"
26211,"PROCESADOR",1597670,"PROCESADOR: AMD RYZEN 7 5700GE"
26211,"PROCESADOR",1597674,"PROCESADOR: INTEL CORE I7-8665U"
26211,"PROCESADOR",1597677,"PROCESADOR: INTEL CORE i9-11900"
26211,"PROCESADOR",1597678,"PROCESADOR: INTEL CORE i7-11700K"
26211,"PROCESADOR",1597679,"PROCESADOR: INTEL CORE i7-11700KF"
26211,"PROCESADOR",1597681,"PROCESADOR: INTEL CORE i7-11700F"
26211,"PROCESADOR",1597683,"PROCESADOR: INTEL PENTIUM G5420 GOLD"
26211,"PROCESADOR",1597687,"PROCESADOR: INTEL CORE I7-4770S"
26211,"PROCESADOR",1597690,"PROCESADOR: AMD FX-6350"
26211,"PROCESADOR",1597691,"PROCESADOR: INTEL PENTIUM G2020"
26211,"PROCESADOR",1597693,"PROCESADOR: INTEL CORE I7-5500U"
26211,"PROCESADOR",1597694,"PROCESADOR: AMD A8 PRO-8650B"
26211,"PROCESADOR",1597697,"PROCESADOR: INTEL PENTIUM G4500"
26211,"PROCESADOR",1597698,"PROCESADOR: INTEL CORE I7-3770"
26211,"PROCESADOR",1597699,"PROCESADOR: AMD A10-7800B"
26211,"PROCESADOR",1597700,"PROCESADOR: INTEL CORE I7-4820K"
26211,"PROCESADOR",1597701,"PROCESADOR: INTEL CORE I7-4670"
26211,"PROCESADOR",1597702,"PROCESADOR: AMD A10 PRO-7850B"
26211,"PROCESADOR",1597704,"PROCESADOR: AMD E1-2100"
26211,"PROCESADOR",1597706,"PROCESADOR: AMD ATHLON 5350"
26211,"PROCESADOR",1597709,"PROCESADOR: INTEL CORE I7-3770S"
26211,"PROCESADOR",1597710,"PROCESADOR: INTEL XEON E3-1241 V3"
26211,"PROCESADOR",1597713,"PROCESADOR: INTEL CORE I7-4771"
26211,"PROCESADOR",1597714,"PROCESADOR: INTEL CORE I7-3930K"
26211,"PROCESADOR",1597716,"PROCESADOR: INTEL CORE I7-6700K"
26211,"PROCESADOR",1597718,"PROCESADOR: INTEL CORE I7-4785T"
26211,"PROCESADOR",1597719,"PROCESADOR: INTEL CORE I7-6800K"
26211,"PROCESADOR",1597720,"PROCESADOR: AMD A10-5800B"
26211,"PROCESADOR",1597722,"PROCESADOR: AMD A8-7600"
26211,"PROCESADOR",1597724,"PROCESADOR: INTEL CORE I7-4790K"
26211,"PROCESADOR",1597731,"PROCESADOR: AMD FX-8350"
26211,"PROCESADOR",1597734,"PROCESADOR: AMD A6-7400K"
26211,"PROCESADOR",1597735,"PROCESADOR: AMD A8 PRO-7600B"
26211,"PROCESADOR",1597740,"PROCESADOR: AMD A12 PRO-9800"
26211,"PROCESADOR",1597741,"PROCESADOR: AMD A10 PRO-9700"
26211,"PROCESADOR",1597742,"PROCESADOR: INTEL CORE I7-7700"
26211,"PROCESADOR",1597743,"PROCESADOR: INTEL CORE I7-12700"
26211,"PROCESADOR",1597745,"PROCESADOR: AMD RYZEN 9 PRO 3900"
26211,"PROCESADOR",1597746,"PROCESADOR: AMD RYZEN 7 PRO 3900"
26211,"PROCESADOR",1597749,"PROCESADOR: INTEL CORE I7-9700KF"
26211,"PROCESADOR",1597750,"PROCESADOR: AMD RYZEN 7 3800X"
26211,"PROCESADOR",1597751,"PROCESADOR: INTEL CORE I7-8565U"
26211,"PROCESADOR",1597753,"PROCESADOR: AMD RYZEN 7 PRO 3700"
26211,"PROCESADOR",1597759,"PROCESADOR: AMD ATHLON PRO 300GE"
26211,"PROCESADOR",1597764,"PROCESADOR: INTEL CORE I7-12700K"
26211,"PROCESADOR",1597765,"PROCESADOR: INTEL CORE I7-12700KF"
26211,"PROCESADOR",1597766,"PROCESADOR: INTEL CORE I9-12900K"
26211,"PROCESADOR",1597767,"PROCESADOR: INTEL CORE I9-12900KF"
26211,"PROCESADOR",2029979,"PROCESADOR: INTEL CORE I7-13700T"
26211,"PROCESADOR",1744490,"PROCESADOR: INTEL CORE I7-13700KF"
26211,"PROCESADOR",1744492,"PROCESADOR: INTEL CORE I9-13900F"
26211,"PROCESADOR",2564532,"PROCESADOR: INTEL CORE I7-14700"
26211,"PROCESADOR",1596948,"PROCESADOR: AMD GX-212JC"
26211,"PROCESADOR",1596951,"PROCESADOR: AMD GX-209JA"
26211,"PROCESADOR",1596952,"PROCESADOR: AMD A6 PRO-8500B"
26211,"PROCESADOR",1596957,"PROCESADOR: INTEL ATOM E3815"
26211,"PROCESADOR",1596958,"PROCESADOR: INTEL PENTIUM G4400T"
26211,"PROCESADOR",1596964,"PROCESADOR: INTEL CORE I7-4765T"
26211,"PROCESADOR",1596968,"PROCESADOR: AMD A8 PRO-8600B"
26211,"PROCESADOR",1596970,"PROCESADOR: AMD A12 PRO-8800B"
26211,"PROCESADOR",1596972,"PROCESADOR: INTEL CORE I7-4600U"
26211,"PROCESADOR",1596973,"PROCESADOR: AMD GX-415GA"
26211,"PROCESADOR",1596974,"PROCESADOR: AMD GX-420CA"
26211,"PROCESADOR",1596975,"PROCESADOR: AMD A4 PRO-7350B"
26211,"PROCESADOR",1596976,"PROCESADOR: AMD STEPPE EAGLE SOC QUAD CORE"
26211,"PROCESADOR",1596977,"PROCESADOR: INTEL ATOM X5-Z8350 QUAD CORE"
26211,"PROCESADOR",1596980,"PROCESADOR: INTEL CORE I7-8705G"
26211,"PROCESADOR",1596986,"PROCESADOR: INTEL CORE I7-8559U"
26211,"PROCESADOR",1596991,"PROCESADOR: AMD A4-9120C"
26211,"PROCESADOR",3777911,"PROCESADOR: INTEL CORE ULTRA 5 245"
26211,"PROCESADOR",3777916,"PROCESADOR: AMD RYZEN 7 9700X"
26211,"PROCESADOR",3777918,"PROCESADOR: AMD RYZEN 9 9900X"
26211,"PROCESADOR",3777920,"PROCESADOR: AMD RYZEN 9 9950X"
26211,"PROCESADOR",3777914,"PROCESADOR: INTEL CORE ULTRA 9 285"
26211,"PROCESADOR",3777904,"PROCESADOR: INTEL CORE ULTRA 5 225"
26211,"PROCESADOR",2564534,"PROCESADOR: INTEL CORE I9-14900"
26211,"PROCESADOR",3777912,"PROCESADOR: INTEL CORE ULTRA 7 265"
26211,"PROCESADOR",1843484,"PROCESADOR: INTEL CORE I7-1270P"
26211,"PROCESADOR",1838417,"PROCESADOR: INTEL CORE I7-12700H"
26211,"PROCESADOR",1596933,"PROCESADOR: AMD A4-9120e"
26211,"PROCESADOR",1596941,"PROCESADOR: AMD A10 PRO-8700B"
26211,"PROCESADOR",1596942,"PROCESADOR: INTEL PENTIUM G3250T"
26211,"PROCESADOR",1597426,"PROCESADOR: INTEL PENTIUM GOLD G7400"
26211,"PROCESADOR",1597427,"PROCESADOR: INTEL CORE I9-12900"
26211,"PROCESADOR",1597432,"PROCESADOR: INTEL CORE I7-1165G7"
26211,"PROCESADOR",1597435,"PROCESADOR: AMD RYZEN 7 PRO 4750G"
26211,"PROCESADOR",1597436,"PROCESADOR: AMD RYZEN 7 5800X"
26211,"PROCESADOR",1597440,"PROCESADOR: AMD RYZEN 7 5700G"
26211,"PROCESADOR",1597442,"PROCESADOR: AMD RYZEN 7 5700X"
26211,"PROCESADOR",1597443,"PROCESADOR: AMD RYZEN 9 5900X"
26211,"PROCESADOR",1597444,"PROCESADOR: AMD E2-9000e"
26211,"PROCESADOR",1597445,"PROCESADOR: AMD RYZEN 7 PRO 5750GE"
26211,"PROCESADOR",1597446,"PROCESADOR: AMD RYZEN 7 PRO 5750G"
26211,"PROCESADOR",1597447,"PROCESADOR: AMD A6 PRO-9500"
26211,"PROCESADOR",1597449,"PROCESADOR INTEL COREI7-3610QE"
26211,"PROCESADOR",1597450,"PROCESADOR INTEL COREI7-6700TE"
26211,"PROCESADOR",1597451,"PROCESADOR INTEL COREI7-6820EQ"
26211,"PROCESADOR",1597453,"PROCESADOR INTEL QUARK SOC X1021"
26211,"PROCESADOR",1597455,"PROCESADOR: INTEL ATOM E3845"
26211,"PROCESADOR",1597456,"PROCESADOR: INTEL ATOM SOC E3845"
26211,"PROCESADOR",1597461,"PROCESADOR: INTEL CORE I7-6700TE"
26211,"PROCESADOR",1597462,"PROCESADOR: INTEL ATOM E3826 DUAL CORE"
26211,"PROCESADOR",1596943,"PROCESADOR: INTEL ATOM E3826"
26211,"PROCESADOR",1596944,"PROCESADOR: INTEL PENTIUM 3558U"
26211,"PROCESADOR",2627759,"PROCESADOR: AMD RYZEN 7 PRO 8700GE"
26211,"PROCESADOR",2627758,"PROCESADOR: AMD RYZEN 7 PRO 8700G"
26211,"PROCESADOR",1838413,"PROCESADOR: INTEL CORE I7-1260P"
26211,"PROCESADOR",4130155,"PROCESADOR: INTEL® CORE™ Ultra 5 225T"
26211,"PROCESADOR",4130157,"PROCESADOR: INTEL® CORE™ ULTRA 7 265T"
26211,"PROCESADOR",4130154,"PROCESADOR: AMD Ryzen 7 250"
26211,"PROCESADOR",3138093,"PROCESADOR: INTEL CORE ULTRA 5 245KF"
26211,"PROCESADOR",3138095,"PROCESADOR: INTEL CORE ULTRA 7 265KF"
26211,"PROCESADOR",3138094,"PROCESADOR: INTEL CORE ULTRA 7 265K"
26211,"PROCESADOR",3777910,"PROCESADOR: INTEL CORE ULTRA 5 235"
26211,"PROCESADOR",2627775,"PROCESADOR: INTEL CORE I7-14700F"
26211,"PROCESADOR",2746973,"PROCESADOR: INTEL CORE I7-14700T"
26211,"PROCESADOR",3927393,"PROCESADOR: INTEL CORE I7-13620H"
26211,"PROCESADOR",3927359,"PROCESADOR: INTEL CORE ULTRA 7 265F"
26211,"PROCESADOR",2506985,"PROCESADOR: INTEL CORE I7-14700KF"
26211,"PROCESADOR",1804134,"PROCESADOR: INTEL CORE I9-13900"
26211,"PROCESADOR",2774498,"PROCESADOR: AMD RYZEN 7 8700G"
26211,"PROCESADOR",1803256,"PROCESADOR: INTEL CORE I9-12900F"
26211,"PROCESADOR",1722218,"PROCESADOR: INTEL CORE I7-13700K"
26211,"PROCESADOR",3138091,"PROCESADOR: INTEL CORE ULTRA 5 245K"
26212,"RAM",1597770,"RAM: 32 GB DDR5 4800 300 MHz"
26212,"RAM",1597771,"RAM: 16 GB DDR5 4800"
26212,"RAM",1597772,"RAM: 4 GB DDR4 2933 366 MHz"
26212,"RAM",1597773,"RAM: 4 GB DDR5 4800 600 MHz"
26212,"RAM",1597774,"RAM: 8 GB DDR5 4800 600 MHz"
26212,"RAM",1597775,"RAM: 128 GB DDR5 4800 600 MHz"
26212,"RAM",1597776,"RAM: 32 GB DDR4 2933 366 MHz"
26212,"RAM",1597777,"RAM: 12 GB DDR4 3200 400 MHz"
26212,"RAM",1597778,"RAM: 16 GB DDR5 4800 300 MHz"
26212,"RAM",1597779,"RAM: 8 GB DDR5 4800 300 MHz"
26212,"RAM",1597780,"RAM: 16 GB DDR5 4400 MHz"
26212,"RAM",1597781,"RAM: 8 GB DDR5 4400 MHz"
26212,"RAM",1597782,"RAM: 32 GB DDR5 4400 MHz"
26212,"RAM",1597783,"RAM: 128 GB DDR4 2666 333 MHz"
26212,"RAM",1597784,"RAM: 4 GB DDR4 3200 400 MHz"
26212,"RAM",1597785,"RAM: 8 GB DDR4 3200 400 MHz"
26212,"RAM",1597786,"RAM: 128 GB DDR4 3200 400 MHz"
26212,"RAM",1597787,"RAM: 8 GB DDR4 2933 366 MHZ"
26212,"RAM",1597788,"RAM: 16 GB DDR4 2933 366 MHz"
26212,"RAM",1597789,"RAM: 64 GB DDR4 3200 400 MHz"
26212,"RAM",1597790,"RAM: 16 GB DDR4 3200 400 MHz"
26212,"RAM",1597791,"RAM: 32 GB DDR4 3200 400 MHz"
26212,"RAM",1597792,"RAM: 64 GB DDR4 2666 333 MHz"
26212,"RAM",1597793,"RAM: 4 GB DDR4 2666 333 MHz"
26212,"RAM",1597794,"RAM: 32 GB DDR4 2666 333 MHz"
26212,"RAM",1597795,"RAM: 64 GB DDR4 2133 266 MHz"
26212,"RAM",1597796,"RAM: 2 GB DDR3 1600 200 MHz"
26212,"RAM",1597797,"RAM: 8 GB DDR3L 1600 200 MHz"
26212,"RAM",1597798,"RAM: 2 GB DDR3 1333 166 MHz"
26212,"RAM",1597799,"RAM: 32 GB DDR3 1600 200 MHz"
26212,"RAM",1597800,"RAM: 8 GB DDR3 1333 166 MHz"
26212,"RAM",1597801,"RAM: 8 GB DDR4 2133 266 MHz"
26212,"RAM",1597802,"RAM: 8 GB DDR4 2400 300 MHz"
26212,"RAM",1597803,"RAM: 32 GB DDR4 2133 266 MHz"
26212,"RAM",1597804,"RAM: 8 GB DDR3 1660 200 MHz"
26212,"RAM",1597805,"RAM: 4 GB DDR3L 1333 166 MHz"
26212,"RAM",1597806,"RAM: 12 GB DDR4 2133 266 MHz"
26212,"RAM",1597807,"RAM: 8 GB DDR3 1600 200 MHz"
26212,"RAM",1597808,"RAM: 4 GB DDR4 2400 300 MHz"
26212,"RAM",1597809,"RAM: 4 GB DDR3L 1600 200 MHz"
26212,"RAM",1597810,"RAM: 64 GB DDR4 2400 300 MHz"
26212,"RAM",1597811,"RAM: 32 GB DDR3 1866 233 MHz"
26212,"RAM",1597812,"RAM: 16 GB DDR3 1600 200 MHz"
26212,"RAM",1597813,"RAM: 4 GB DDR4 2133 266 MHz"
26212,"RAM",1597814,"RAM: 8 GB DDR3L 1333 166 MHz"
26212,"RAM",1597815,"RAM: 16 GB DDR3 2133 266 MHz"
26212,"RAM",1597816,"RAM: 16 GB DDR3 1866 233 MHz"
26212,"RAM",1597817,"RAM: 16 GB DDR4 2400 300 MHz"
26212,"RAM",1597818,"RAM: 4 GB DDR3 1600 200 MHz"
26212,"RAM",1597819,"RAM: 4 GB DDR3 1333 166 MHz"
26212,"RAM",1597820,"RAM: 16 GB DDR4 2133 266 MHz"
26212,"RAM",1597821,"RAM: 32 GB DDR3 2133 266 MHz"
26212,"RAM",1597822,"RAM: 12 GB DDR3 1600 200 MHz"
26212,"RAM",1597823,"RAM: 128 GB DDR4 2400 300 MHz"
26212,"RAM",1597824,"RAM: 32 GB DDR4 2400 300 MHz"
26212,"RAM",1597825,"RAM: 6 GB DDR3 1333 166 MHz"
26212,"RAM",1597826,"RAM: 16 GB DDR4 2666 233 MHz"
26212,"RAM",1597827,"RAM: 8 GB DDR4 2666 333 MHZ"
26212,"RAM",1597828,"RAM: 16 GB DDR4 2666 333 MHz"
26212,"RAM",1597829,"RAM: 32 GB DDR5 5200 650 MHz"
26212,"RAM",1597830,"RAM: 32 GB DDR5 6400 800 MHz"
26212,"RAM",1597831,"RAM: 16 GB DDR5 4800 600 MHz"
26212,"RAM",1597832,"RAM: 32 GB DDR5 4800 600 MHz"
26212,"RAM",1597833,"RAM: 64 GB DDR5 4800 600 MHz"
26212,"RAM",1597834,"RAM: 64 GB DDR5 5200 650 MHz"
26212,"RAM",1597835,"RAM: 64 GB DDR5 6400 800 MHz"
26212,"RAM",1597836,"RAM: 128 GB DDR5 6400 800 MHz"
26212,"RAM",1761815,"RAM: 16 GB DDR5 5600 MHz"
26212,"RAM",2888909,"RAM: 8 GB DDR5 5200 MHz"
26212,"RAM",2888910,"RAM: 32 GB DDR5 5200 MHz"
26212,"RAM",1997692,"RAM: 8 GB DDR5 4800 2400 MHz"
26212,"RAM",1997696,"RAM: 16 GB DDR5 4800 2400 MHz"
26212,"RAM",1997698,"RAM: 32 GB DDR5 4800 2400 MHz"
26212,"RAM",1997706,"RAM: 32 GB DDR4 3200 1600 MHz"
26212,"RAM",1997704,"RAM: 8 GB DDR4 3200 1600 MHz"
26212,"RAM",1997705,"RAM: 16 GB DDR4 3200 1600 MHz"
26212,"RAM",1997708,"RAM: 16 GB DDR4 4800 2400 MHz"
26212,"RAM",1997709,"RAM: 32 GB DDR4 4800 2400 MHz"
26212,"RAM",1596992,"RAM: 12 GB DDR4 2666 233 MHz"
26212,"RAM",1596993,"RAM: 32 GB DDR4 2666 MHz"
26212,"RAM",1596994,"RAM: 8 GB DDR4 2666 MHz"
26212,"RAM",1596995,"RAM: 16 GB DDR4 2666 MHz"
26212,"RAM",1596996,"RAM: 16 GB DDR4 2400 MHz"
26212,"RAM",1596997,"RAM: 8 GB DDR4 2400 MHz"
26212,"RAM",1596998,"RAM: 4 GB LPDDR4 2400 MHz"
26212,"RAM",1596999,"RAM: 4 GB DDR4 2400 300 MHz"
26212,"RAM",1597000,"RAM: 8 GB DDR4 19200 2400 MHz"
26212,"RAM",1597001,"RAM: 16 GB DDR4 19200 2400 MHz"
26212,"RAM",1597002,"RAM: 32 GB DDR4 2400 MHz"
26212,"RAM",1597003,"RAM: 8 GB DDR4 2400 300 MHz"
26212,"RAM",1597004,"RAM: 2 GB DRR3L 1066 133 MHz"
26212,"RAM",1597005,"RAM: 8 GB DDR3L 1600 200 MHz"
26212,"RAM",1597006,"RAM: 4 GB DDR3L 1333 166 MHz"
26212,"RAM",1597007,"RAM: 4 GB DDR3 2133 266 MHz"
26212,"RAM",1597008,"RAM: 2 GB DDR3L 1333 166 MHz"
26212,"RAM",1597009,"RAM: 8 GB DDR3 1600 200 MHz"
26212,"RAM",1597010,"RAM: 4 GB DDR3L 1600 200 MHz"
26212,"RAM",1597011,"RAM: 16 GB DDR3L 1600 200 MHz"
26212,"RAM",1597012,"RAM: 8 GB DDR3 2133 266 MHz"
26212,"RAM",1597013,"RAM: 8 GB DDR4 2133 266 MHz"
26212,"RAM",1597014,"RAM: 2 GB DDR3L 1066 133 MHz"
26212,"RAM",1597015,"RAM: 4 GB DDR3 1600 200 MHz"
26212,"RAM",1597016,"RAM: 4 GB DRR3L 1066 133 MHz"
26212,"RAM",1597017,"RAM: 4 GB DDR4 2133 266 MHz"
26212,"RAM",1597018,"RAM: 4 GB DDR3L 1066 133 MHz"
26212,"RAM",1597019,"RAM: 8 GB DDR3L 1066 133 MHz"
26212,"RAM",1597020,"RAM: 2 GB DDR3L 1600 200 MHz"
26212,"RAM",2888907,"RAM: 16 GB DDR5 5200 MHz"
26212,"RAM",3777886,"RAM: 64 GB DDR5 5600 MHz"
26212,"RAM",3777895,"RAM: 32 GB DDR5 6400 MHz"
26212,"RAM",3777897,"RAM: 64 GB DDR5 6400 MHz"
26212,"RAM",3777890,"RAM: 8 GB DDR5 6400 MHz"
26212,"RAM",3777893,"RAM: 16 GB DDR5 6400 MHz"
26212,"RAM",3777900,"RAM: 96 GB DDR5 6400 MHz"
26212,"RAM",2769449,"RAM: 8 GB DDR4 3200 MHz"
26212,"RAM",1838395,"RAM: 24 GB DDR4 3200 400 MHz"
26212,"RAM",1838401,"RAM: 64 GB DDR5 4400 MHz"
26212,"RAM",1742148,"RAM: 64 GB DDR5 4000 MHz"
26212,"RAM",2131863,"RAM: 8 GB DDR5 5600 700 MHz"
26212,"RAM",2131868,"RAM: 64 GB DDR5 5600 700 MHz"
26212,"RAM",2131869,"RAM: 128 GB DDR5 5600 700 MHz"
26212,"RAM",2131864,"RAM: 16 GB DDR5 5600 700 MHz"
26212,"RAM",2131866,"RAM: 32 GB DDR5 5600 700 MHz"
26212,"RAM",1838403,"RAM: 8 GB DDR4 4400 MHz"
26212,"RAM",2748534,"RAM: 16 GB DDR4 3200 MHz"
26212,"RAM",2813937,"RAM: 128 GB DDR5 4800 MHz"
26212,"RAM",3777887,"RAM: 96 GB DDR5 5600 MHz"
26212,"RAM",1761817,"RAM: 32 GB DDR5 5600 MHz"
26212,"RAM",2888905,"RAM: 8 GB DDR5 5600 MHz"
26212,"RAM",1742146,"RAM: 16 GB DDR5 4000 MHz"
26212,"RAM",1742147,"RAM: 32 GB DDR5 4000 MHz"
26212,"RAM",1742149,"RAM: 128 GB DDR5 3600 MHz"
26212,"RAM",2611053,"RAM: 32 GB DDR5 4400 2200 MHz"
26212,"RAM",2774505,"RAM: 8 GB DDR5 5200 650 MHz"
26212,"RAM",2774506,"RAM: 16 GB DDR5 5200 650 MHz"
26212,"RAM",2530282,"RAM: 64 GB DDR5 4800 2400 MHz"
26212,"RAM",2813940,"RAM: 24 GB DDR5 4800 MHz"
26212,"RAM",2813942,"RAM: 48 GB DDR5 4800 MHz"
26212,"RAM",2813944,"RAM: 96 GB DDR5 4800 MHz"
26212,"RAM",2748535,"RAM: 32 GB DDR4 3200 MHz"
26212,"RAM",3378914,"RAM: 64 GB DDR4 3200 MHz"
26213,"ALMACENAMIENTO",2625911,"ALMACENAMIENTO: 2 TB SSD / 1 TB HDD 7200 RPM"
26213,"ALMACENAMIENTO",2625913,"ALMACENAMIENTO: 2 TB SSD / 2 TB HDD 7200 RPM"
26213,"ALMACENAMIENTO",2132242,"ALMACENAMIENTO: 2 x 1 TB SSD"
26213,"ALMACENAMIENTO",1597837,"ALMACENAMIENTO: 8 GB-1 TB SSHD 5400 RPM"
26213,"ALMACENAMIENTO",1597838,"ALMACENAMIENTO: 240 GB SSD/2 TB HDD 7200 RPM"
26213,"ALMACENAMIENTO",1597839,"ALMACENAMIENTO: 1.92 TB SSD"
26213,"ALMACENAMIENTO",1597840,"ALMACENAMIENTO: 240 GB SSD/3 TB HDD 7200 RPM"
26213,"ALMACENAMIENTO",1597841,"ALMACENAMIENTO: 480 GB SSD/4 TB HDD 7200 RPM"
26213,"ALMACENAMIENTO",1597842,"ALMACENAMIENTO: 500 GB HDD 5400 RPM"
26213,"ALMACENAMIENTO",1597843,"ALMACENAMIENTO: 256 GB SSD"
26213,"ALMACENAMIENTO",1597844,"ALMACENAMIENTO: 240 GB SSD/2 X 2 TB HDD 7200 RPM"
26213,"ALMACENAMIENTO",1597845,"ALMACENAMIENTO: 480 GB SSD"
26213,"ALMACENAMIENTO",1597846,"ALMACENAMIENTO: 240 GB SSD/1 TB HDD 7200 RPM"
26213,"ALMACENAMIENTO",1597847,"ALMACENAMIENTO: 120 GB SSD/2 TB HDD 5400 RPM"
26213,"ALMACENAMIENTO",1597848,"ALMACENAMIENTO: 3.84 TB SSD"
26213,"ALMACENAMIENTO",1597849,"ALMACENAMIENTO: 60 GB SSD/1 TB HDD 5400 RPM"
26213,"ALMACENAMIENTO",1597850,"ALMACENAMIENTO: 120 GB SSD/500 GB HDD 5400 RPM"
26213,"ALMACENAMIENTO",1597851,"ALMACENAMIENTO: 120 GB SSD/1 TB HDD 7200 RPM"
26213,"ALMACENAMIENTO",1597852,"ALMACENAMIENTO: 480 GB SSD/2 TB HDD 7200 RPM"
26213,"ALMACENAMIENTO",1597853,"ALMACENAMIENTO: 480 GB SSD/2 TB HDD 5400 RPM"
26213,"ALMACENAMIENTO",1597854,"ALMACENAMIENTO: 500 GB HDD 7200 RPM"
26213,"ALMACENAMIENTO",1597855,"ALMACENAMIENTO: 1 TB HDD 7200 RPM"
26213,"ALMACENAMIENTO",1597856,"ALMACENAMIENTO: 960 GB SSD"
26213,"ALMACENAMIENTO",1597857,"ALMACENAMIENTO: 120 GB SSD/1 TB HDD 5400 RPM"
26213,"ALMACENAMIENTO",1597858,"ALMACENAMIENTO: 3 TB HDD 7200 RPM"
26213,"ALMACENAMIENTO",1597859,"ALMACENAMIENTO: 4 TB HDD 7200 RPM"
26213,"ALMACENAMIENTO",1597860,"ALMACENAMIENTO: 256 GB SSD/1 TB HDD 7200 RPM"
26213,"ALMACENAMIENTO",1597861,"ALMACENAMIENTO: 128 GB SSD"
26213,"ALMACENAMIENTO",1597862,"ALMACENAMIENTO: 500 GB SSD/2 TB HDD 7200 RPM"
26213,"ALMACENAMIENTO",1597863,"ALMACENAMIENTO: 500 GB HDD 5900 RPM"
26213,"ALMACENAMIENTO",1597864,"ALMACENAMIENTO: 1 TB HDD 5400 RPM"
26213,"ALMACENAMIENTO",1597865,"ALMACENAMIENTO: 240 GB SSD/2 TB HDD 5400 RPM"
26213,"ALMACENAMIENTO",1597866,"ALMACENAMIENTO: 8 GB-500 GB SSHD 5400 RPM"
26213,"ALMACENAMIENTO",1597867,"ALMACENAMIENTO: 120 GB SSD"
26213,"ALMACENAMIENTO",1597868,"ALMACENAMIENTO: 512 GB SSD"
26213,"ALMACENAMIENTO",1597869,"ALMACENAMIENTO: 60 GB SSD/500 GB HDD 5400 RPM"
26213,"ALMACENAMIENTO",1597870,"ALMACENAMIENTO: 2 TB HDD 5400 RPM"
26213,"ALMACENAMIENTO",1597871,"ALMACENAMIENTO: 240 GB SSD"
26213,"ALMACENAMIENTO",1597872,"ALMACENAMIENTO: 480 GB SSD/1 TB HDD 7200 RPM"
26213,"ALMACENAMIENTO",1597873,"ALMACENAMIENTO: 240 GB SSD/4 TB HDD 7200 RPM"
26213,"ALMACENAMIENTO",1597874,"ALMACENAMIENTO: 120 GB SSD/2 TB HDD 7200 RPM"
26213,"ALMACENAMIENTO",1597875,"ALMACENAMIENTO: 2 TB HDD 7200 RPM"
26213,"ALMACENAMIENTO",1597876,"ALMACENAMIENTO: 1 TB SSD"
26213,"ALMACENAMIENTO",1597877,"ALMACENAMIENTO: 320 GB HDD 7200 RPM"
26213,"ALMACENAMIENTO",1597878,"ALMACENAMIENTO: 2 X 1 TB HDD 7200 RPM"
26213,"ALMACENAMIENTO",1597879,"ALMACENAMIENTO: 256 GB M.2 SSD/ 2 TB HDD 7200 RPM"
26213,"ALMACENAMIENTO",1597930,"ALMACENAMIENTO: 500 GB M.2 SSD/ 1 TB HDD 7200 RPM"
26213,"ALMACENAMIENTO",1597931,"ALMACENAMIENTO: 480 GB M.2 SSD/ 1 TB HDD 7200 RPM"
26213,"ALMACENAMIENTO",1597932,"ALMACENAMIENTO: 1 TB M.2 SSD/ 1 TB HDD 7200 RPM"
26213,"ALMACENAMIENTO",1597933,"ALMACENAMIENTO: 1 TB M.2 SSD NVMe/ 1 TB HDD 7200 RPM"
26213,"ALMACENAMIENTO",1597934,"ALMACENAMIENTO: 1 TB M.2 SSD"
26213,"ALMACENAMIENTO",1597935,"ALMACENAMIENTO: 480 GB M.2 SSD NVMe"
26213,"ALMACENAMIENTO",1597936,"ALMACENAMIENTO: 480 GB M.2 SSD"
26213,"ALMACENAMIENTO",1597937,"ALMACENAMIENTO: 1 TB M.2 SSD NVMe"
26213,"ALMACENAMIENTO",1597938,"ALMACENAMIENTO: 480 GB M.2 SSD NVMe/ 1 TB HDD 5400 RPM"
26213,"ALMACENAMIENTO",1597939,"ALMACENAMIENTO: 960 GB M.2 SSD NVMe/ 2 TB HDD 5400 RPM"
26213,"ALMACENAMIENTO",1597940,"ALMACENAMIENTO: 240 GB M.2 SSD NVMe/ 1 TB HDD 5400 RPM"
26213,"ALMACENAMIENTO",1597941,"ALMACENAMIENTO: 240 GB M.2 SSD NVMe/ 2 TB HDD 5400 RPM"
26213,"ALMACENAMIENTO",1597942,"ALMACENAMIENTO: 480 GB M.2 SSD NVMe/ 2 TB HDD 5400 RPM"
26213,"ALMACENAMIENTO",1597943,"ALMACENAMIENTO: 1TB. SATA III, 6 GB/s, 7200 RPM. + SSD 1 TB SATA 6GB/s 2.5”"
26213,"ALMACENAMIENTO",1744331,"ALMACENAMIENTO: 1 TB M.2 SSD / 2 TB HDD 7200 RPM"
26213,"ALMACENAMIENTO",1597021,"ALMACENAMIENTO: 16 GB SSD/240 GB SSD"
26213,"ALMACENAMIENTO",1597022,"ALMACENAMIENTO: 64 GB SSD"
26213,"ALMACENAMIENTO",1597023,"ALMACENAMIENTO: 1 TB HDD 7200 RPM"
26213,"ALMACENAMIENTO",1597024,"ALMACENAMIENTO: 128 GB SSD"
26213,"ALMACENAMIENTO",1597025,"ALMACENAMIENTO: 8 GB SSD/500 GB HDD 5400 RPM"
26213,"ALMACENAMIENTO",1597026,"ALMACENAMIENTO: 240 GB SSD"
26213,"ALMACENAMIENTO",1597027,"ALMACENAMIENTO: 500 GB HDD 5400 RPM"
26213,"ALMACENAMIENTO",1597028,"ALMACENAMIENTO: 16 GB SSD"
26213,"ALMACENAMIENTO",1597029,"ALMACENAMIENTO: 8 GB SSD"
26213,"ALMACENAMIENTO",1597030,"ALMACENAMIENTO: 32 GB SSD"
26213,"ALMACENAMIENTO",1597031,"ALMACENAMIENTO: 16 GB SSD/1 TB HDD 5400 RPM"
26213,"ALMACENAMIENTO",1597032,"ALMACENAMIENTO: 500 GB HDD 7200 RPM"
26213,"ALMACENAMIENTO",1597033,"ALMACENAMIENTO: 8 GB-1 TB SSHD 5400 RPM"
26213,"ALMACENAMIENTO",1597034,"ALMACENAMIENTO: 1 TB HDD 5400 RPM"
26213,"ALMACENAMIENTO",1597035,"ALMACENAMIENTO: 8 GB-500 GB SSHD 5400 RPM"
26213,"ALMACENAMIENTO",1597036,"ALMACENAMIENTO: 256 GB SATA SSD"
26213,"ALMACENAMIENTO",1597037,"ALMACENAMIENTO:  64 GB FLASH SSD"
26213,"ALMACENAMIENTO",1597038,"ALMACENAMIENTO: 8 GB FLASH SSD"
26213,"ALMACENAMIENTO",1597039,"ALMACENAMIENTO: 1TB HD 5400RPM / 256 GB SSD"
26213,"ALMACENAMIENTO",1597041,"ALMACENAMIENTO: 250 GB SSD/1 TB HDD 7200 RPM"
26213,"ALMACENAMIENTO",1597042,"ALMACENAMIENTO: 500 GB M.2 NVMe SSD"
26213,"ALMACENAMIENTO",1597043,"ALMACENAMIENTO: 500 GB M.2 SSD/1 TB HDD 7200 RPM"
26213,"ALMACENAMIENTO",1597044,"ALMACENAMIENTO: 250 GB M.2 SSD/1 TB HDD 7200 RPM"
26213,"ALMACENAMIENTO",1597045,"ALMACENAMIENTO: 250 GB M.2 NVMe SSD/1 TB HDD 7200 RPM"
26213,"ALMACENAMIENTO",1597046,"ALMACENAMIENTO: 500 GB SSD/1 TB HDD 7200 RPM"
26213,"ALMACENAMIENTO",1597047,"ALMACENAMIENTO: 500 GB SSD"
26213,"ALMACENAMIENTO",1597048,"ALMACENAMIENTO: 500 GB M.2 SSD"
26213,"ALMACENAMIENTO",1597049,"ALMACENAMIENTO: 1 TB SSD"
26213,"ALMACENAMIENTO",1597050,"ALMACENAMIENTO: 500 GB M.2 NVMe SSD/1 TB HDD 7200 RPM"
26213,"ALMACENAMIENTO",1597051,"ALMACENAMIENTO: 480 GB M.2 SSD NVMe"
26213,"ALMACENAMIENTO",1597052,"ALMACENAMIENTO: 480 GB M.2 SSD"
26213,"ALMACENAMIENTO",1597053,"ALMACENAMIENTO: 1 TB M.2 SSD"
26213,"ALMACENAMIENTO",1597054,"ALMACENAMIENTO: 1 TB M.2 SSD NVMe"
26213,"ALMACENAMIENTO",1597880,"ALMACENAMIENTO: 256 GB M.2 SSD"
26213,"ALMACENAMIENTO",1597881,"ALMACENAMIENTO: 256 GB M.2 SSD/ 500 GB HDD 7200 RPM"
26213,"ALMACENAMIENTO",1597882,"ALMACENAMIENTO: 256 GB M.2 SSD/ 1 TB HDD 7200 RPM"
26213,"ALMACENAMIENTO",1597883,"ALMACENAMIENTO: 2 TB SSD"
26213,"ALMACENAMIENTO",1597884,"ALMACENAMIENTO: 480 GB SSD/3 TB HDD 7200 RPM"
26213,"ALMACENAMIENTO",1597885,"ALMACENAMIENTO: 1 TB SSD/4 TB HDD 7200 RPM"
26213,"ALMACENAMIENTO",1597886,"ALMACENAMIENTO: 2 TB SSD/4 TB HDD 7200 RPM"
26213,"ALMACENAMIENTO",1597887,"ALMACENAMIENTO: 2 X 500 GB HDD 7200 RPM"
26213,"ALMACENAMIENTO",1597888,"ALMACENAMIENTO: 500 GB SSD"
26213,"ALMACENAMIENTO",1597889,"ALMACENAMIENTO: 4 TB SSD"
26213,"ALMACENAMIENTO",1597890,"ALMACENAMIENTO: 500 GB SSD/4 TB HDD 7200 RPM"
26213,"ALMACENAMIENTO",1597891,"ALMACENAMIENTO: 500 GB SSD/6 TB HDD 7200 RPM"
26213,"ALMACENAMIENTO",1597892,"ALMACENAMIENTO: 1 TB SSD/2 TB HDD 7200 RPM"
26213,"ALMACENAMIENTO",1597893,"ALMACENAMIENTO: 512 GB SSD/4 TB HDD 7200 RPM"
26213,"ALMACENAMIENTO",1597894,"ALMACENAMIENTO: 512 GB SSD/4 TB HDD 5400 RPM"
26213,"ALMACENAMIENTO",1597895,"ALMACENAMIENTO: 256 GB SSD/2 TB HDD 7200 RPM"
26213,"ALMACENAMIENTO",1597896,"ALMACENAMIENTO: 1 TB SSD/1 TB HDD 7200 RPM"
26213,"ALMACENAMIENTO",1597897,"ALMACENAMIENTO: 512 GB SSD/2 TB HDD 7200 RPM"
26213,"ALMACENAMIENTO",1597898,"ALMACENAMIENTO: 256 GB SSD/1 TB HDD 5400 RPM"
26213,"ALMACENAMIENTO",1597899,"ALMACENAMIENTO: 512 GB SSD/1 TB HDD 7200 RPM"
26213,"ALMACENAMIENTO",1597900,"ALMACENAMIENTO: 480 GB SSD/4 TB HDD 5400 RPM"
26213,"ALMACENAMIENTO",1597901,"ALMACENAMIENTO: 240 GB SSD/1 TB HDD 5400 RPM"
26213,"ALMACENAMIENTO",1597902,"ALMACENAMIENTO: 128 GB SSD/2 TB SSD"
26213,"ALMACENAMIENTO",1597903,"ALMACENAMIENTO: 1 TB SSD/6 TB HDD 7200 RPM"
26213,"ALMACENAMIENTO",1597904,"ALMACENAMIENTO: 512 GB SSD/1 TB SSD"
26213,"ALMACENAMIENTO",1597905,"ALMACENAMIENTO: 250 GB M.2 SSD NVMe/ 1 TB HDD 7200 RPM"
26213,"ALMACENAMIENTO",1597906,"ALMACENAMIENTO: 500 GB M.2 SSD NVMe/ 1 TB HDD 7200 RPM"
26213,"ALMACENAMIENTO",1597907,"ALMACENAMIENTO: 500 GB M.2 SSD NVMe"
26213,"ALMACENAMIENTO",1597908,"ALMACENAMIENTO: 128 GB SSD/1 TB HDD 7200 RPM"
26213,"ALMACENAMIENTO",1597909,"ALMACENAMIENTO: 500 GB M.2 SSD NVMe/ 4 TB HDD 7200 RPM"
26213,"ALMACENAMIENTO",1597910,"ALMACENAMIENTO: 960 GB SSD/4 TB HDD 7200 RPM"
26213,"ALMACENAMIENTO",1597911,"ALMACENAMIENTO: 960 GB SSD/2 TB HDD 7200 RPM"
26213,"ALMACENAMIENTO",1597912,"ALMACENAMIENTO: 8 TB SATA 6 GB/S 7200 RPM"
26213,"ALMACENAMIENTO",1597913,"ALMACENAMIENTO: 8 TB SATA III, 6 GB/S 7200 RPM"
26213,"ALMACENAMIENTO",1597914,"ALMACENAMIENTO: 8 TB SATA III, 6 GB/S 7200 RPM / SSD 500 GB SATA 6 GB/S 2.5"""
26213,"ALMACENAMIENTO",1597915,"ALMACENAMIENTO: 128 GB SSD/2 TB HDD 7200 RPM"
26213,"ALMACENAMIENTO",1597916,"ALMACENAMIENTO: 250 GB SSD/1 TB HDD 7200 RPM"
26213,"ALMACENAMIENTO",1597917,"ALMACENAMIENTO: 240 GB M.2 SSD NVMe"
26213,"ALMACENAMIENTO",1597918,"ALMACENAMIENTO: 960 GB M.2 SSD NVMe"
26213,"ALMACENAMIENTO",1597919,"ALMACENAMIENTO: 512 GB SSD/ 512 GB SSD"
26213,"ALMACENAMIENTO",1597920,"ALMACENAMIENTO: 250 GB SSD/2 TB HDD 7200 RPM"
26213,"ALMACENAMIENTO",1597921,"ALMACENAMIENTO: 500 GB M.2 SSD NVMe/ 2 TB HDD 7200 RPM"
26213,"ALMACENAMIENTO",1597922,"ALMACENAMIENTO: 500 GB M.2 SSD"
26213,"ALMACENAMIENTO",1597923,"ALMACENAMIENTO: 250 GB M.2 SSD/ 1 TB HDD 7200 RPM"
26213,"ALMACENAMIENTO",1597924,"ALMACENAMIENTO: 500 GB SSD/ 1 TB HDD 7200 RPM"
26213,"ALMACENAMIENTO",1597925,"ALMACENAMIENTO: 500 GB M.2 SSD/ 2 TB HDD 7200 RPM"
26213,"ALMACENAMIENTO",1597926,"ALMACENAMIENTO: 250 GB M.2 SSD/ 2 TB HDD 7200 RPM"
26213,"ALMACENAMIENTO",1597927,"ALMACENAMIENTO: 480 GB M.2 SSD NVMe/ 960 GB M.2 SSD NVMe"
26213,"ALMACENAMIENTO",1597928,"ALMACENAMIENTO: 240 GB M.2 SSD NVMe/ 960 GB M.2 SSD NVMe"
26213,"ALMACENAMIENTO",1597929,"ALMACENAMIENTO: 960 GB M.2 SSD NVMe/ 1.92 TB M.2 SSD NVMe"
26213,"ALMACENAMIENTO",2130815,"ALMACENAMIENTO: 2 x 1 TB M.2 SSD NVMe"
26213,"ALMACENAMIENTO",2130817,"ALMACENAMIENTO: 2 x 2 TB M.2 SSD NVMe"
26213,"ALMACENAMIENTO",1969565,"ALMACENAMIENTO: 1 TB SSD / 256 SSD"
26213,"ALMACENAMIENTO",3777883,"ALMACENAMIENTO: 1 TB M.2 SSD + 4 TB M.2 SSD"
26213,"ALMACENAMIENTO",2746986,"ALMACENAMIENTO: 1 TB SSD / 2 TB SSD"
26213,"ALMACENAMIENTO",2129983,"ALMACENAMIENTO: 1 TB M.2 SSD NVMe / 2 TB M.2 SSD NVMe"
26213,"ALMACENAMIENTO",2129978,"ALMACENAMIENTO: 500 GB M.2 SSD NVMe / 1 TB M.2 SSD NVMe"
26213,"ALMACENAMIENTO",2630647,"ALMACENAMIENTO: 1 TB SSD / 1 TB SSD"
26214,"CONECTIVIDAD_LAN",1597944,"LAN: SI"
26214,"CONECTIVIDAD_LAN",1597055,"LAN: SI"
26215,"CONECTIVIDAD_WLAN",1597945,"WLAN: NO"
26215,"CONECTIVIDAD_WLAN",1597946,"WLAN: SI"
26215,"CONECTIVIDAD_WLAN",1597056,"WLAN: NO"
26215,"CONECTIVIDAD_WLAN",1597057,"WLAN: SI"
26216,"CONECTIVIDAD_USB",1597947,"USB: SI"
26216,"CONECTIVIDAD_USB",1597058,"USB: SI"
26217,"VIDEO_VGA",1597948,"VGA: NO"
26217,"VIDEO_VGA",1597949,"VGA: SI"
26217,"VIDEO_VGA",1597059,"VGA: NO"
26217,"VIDEO_VGA",1597060,"VGA: SI"
26218,"VIDEO_HDMI",1597950,"HDMI: SI"
26218,"VIDEO_HDMI",1597951,"HDMI: NO"
26218,"VIDEO_HDMI",1597061,"HDMI: SI"
26218,"VIDEO_HDMI",1597062,"HDMI: NO"
26219,"SISTEMA_OPERATIVO",1885655,"SIST. OPER: UBUNTU 23.04 LUNAR LOBSTER 64 BITS ESPAÑOL"
26219,"SISTEMA_OPERATIVO",2465958,"SIST. OPER: WINDOWS 11 PRO 64 BITS HIGH END EN ESPAÑOL"
26219,"SISTEMA_OPERATIVO",1597952,"SIST. OPER: WINDOWS 11 HOME 64 BITS ESPAÑOL"
26219,"SISTEMA_OPERATIVO",1597953,"SIST. OPER: ANDROID 6.0"
26219,"SISTEMA_OPERATIVO",1597954,"SIST. OPER: UBUNTU 22.04 JAMMY JELLYFISH 64 BITS ESPAÑOL"
26219,"SISTEMA_OPERATIVO",1597955,"SIST. OPER: UBUNTU 20.4 LTS FOCAL FOSSA 64 BITS ESPAÑOL"
26219,"SISTEMA_OPERATIVO",1597956,"SIST. OPER:  Le TOS V2"
26219,"SISTEMA_OPERATIVO",1597957,"SIST. OPER: UBUNTU 21.04 IMPISH INDRI 64 BITS ESPAÑOL"
26219,"SISTEMA_OPERATIVO",1597958,"SIST. OPER: UBUNTU LINUX 18.04"
26219,"SISTEMA_OPERATIVO",1597959,"SIST. OPER: WINDOWS 11 PRO 64 BITS ESPAÑOL DOWNGRADE TO WINDOWS 10 PRO 64 BITS ESPAÑOL"
26219,"SISTEMA_OPERATIVO",1597960,"SIST. OPER: WINDOWS 11 PRO 64 BITS ESPAÑOL"
26219,"SISTEMA_OPERATIVO",1597961,"SIST. OPER: UBUNTU 12.10 QUANTAL QUETZAL 64 BITS ESPAÑOL"
26219,"SISTEMA_OPERATIVO",1597962,"SIST. OPER: WINDOWS 8 64 BITS ESPAÑOL"
26219,"SISTEMA_OPERATIVO",1597963,"SIST. OPER: WINDOWS 8.1 WITH BING 64 BITS ESPAÑOL"
26219,"SISTEMA_OPERATIVO",1597964,"SIST. OPER: WINDOWS 8.1 PRO 64 BITS ESPAÑOL"
26219,"SISTEMA_OPERATIVO",1597965,"SIST. OPER: UBUNTU 13.04 RARING RINGTAIL 64 BITS ESPAÑOL"
26219,"SISTEMA_OPERATIVO",1597966,"SIST. OPER: WINDOWS 10 PRO 64 BITS ESPAÑOL"
26219,"SISTEMA_OPERATIVO",1597967,"SIST. OPER: WINDOWS 10 HOME SL 64 BITS ESPAÑOL"
26219,"SISTEMA_OPERATIVO",1597968,"SIST. OPER: WINDOWS 8 SL 64 BITS ESPAÑOL"
26219,"SISTEMA_OPERATIVO",1597969,"SIST. OPER: UBUNTU 12.10 QUANTAL QUETZAL 32 BITS ESPAÑOL"
26219,"SISTEMA_OPERATIVO",1597970,"SIST. OPER: UBUNTU CR 12.04 64 BITS ESPAÑOL"
26219,"SISTEMA_OPERATIVO",1597971,"SIST. OPER: UBUNTU 10.04 LUCID LYNX 64 BITS ESPAÑOL"
26219,"SISTEMA_OPERATIVO",1597972,"SIST. OPER: WINDOWS 8.1 64 BITS ESPAÑOL"
26219,"SISTEMA_OPERATIVO",1597973,"SIST. OPER: WINDOWS 10 HOME FOR HIGH END DEVICES 64 BITS ESPAÑOL"
26219,"SISTEMA_OPERATIVO",1597974,"SIST. OPER: WINDOWS 10 HOME 64 BITS ESPAÑOL"
26219,"SISTEMA_OPERATIVO",1597975,"SIST. OPER: UBUNTU 16.04 XENIAL XERUS 64 BITS ESPAÑOL"
26219,"SISTEMA_OPERATIVO",1597976,"SIST. OPER: UBUNTU 13.04 RARING RINGTAIL 32 BITS ESPAÑOL"
26219,"SISTEMA_OPERATIVO",1597977,"SIST. OPER: WINDOWS 7 PROFESSIONAL 64 BITS ESPAÑOL"
26219,"SISTEMA_OPERATIVO",1597978,"SIST. OPER: SUSE 11 ENTERPRISE DESKTOP 64 BITS ESPAÑOL"
26219,"SISTEMA_OPERATIVO",1597979,"SIST. OPER: WINDOWS 8.1 SL 64 BITS ESPAÑOL"
26219,"SISTEMA_OPERATIVO",1597980,"SIST. OPER: FREEDOS 2.0 ESPAÑOL"
26219,"SISTEMA_OPERATIVO",1597981,"SIST. OPER: NO INCLUIDO"
26219,"SISTEMA_OPERATIVO",1597982,"SIST. OPER: UBUNTU 15.04 VIVID VERVET 64 BITS ESPAÑOL"
26219,"SISTEMA_OPERATIVO",1597983,"SIST. OPER: UBUNTU 14.04 TRUSTY TAHR 64 BITS ESPAÑOL"
26219,"SISTEMA_OPERATIVO",1597984,"SIST. OPER: CENTOS 6 64 BITS ESPAÑOL"
26219,"SISTEMA_OPERATIVO",1597985,"SIST. OPER: UBUNTU 15.10 WILY WEREWOLF 64 BITS ESPAÑOL"
26219,"SISTEMA_OPERATIVO",1597986,"SIST. OPER: FREEDOS 1.1 ESPAÑOL"
26219,"SISTEMA_OPERATIVO",1597987,"SIST. OPER: UBUNTU LINUX 18.04 LTS BIONIC BEAVER 64 BITS ESPAÑOL"
26219,"SISTEMA_OPERATIVO",1597988,"SIST. OPER: UBUNTU LINUX 19.04 DISCO DINGO 64 BITS ESPAÑOL"
26219,"SISTEMA_OPERATIVO",1597989,"SIST. OPER: UBUNTU LINUX 17.10 ARTFUL AARDVARK 64 BITS ESPAÑOL"
26219,"SISTEMA_OPERATIVO",1597990,"SIST. OPER: WINDOWS 8 PRO 64 BITS ESPAÑOL"
26219,"SISTEMA_OPERATIVO",1597991,"SIST. OPER: WINDOWS 10 HOME SL FOR ENTRY DESKTOP 64 BITS ESPAÑOL"
26219,"SISTEMA_OPERATIVO",1597992,"SIST. OPER: UBUNTU 12.04 LTS PRECISE PANGOLIN 64 BITS ESPAÑOL"
26219,"SISTEMA_OPERATIVO",1597993,"SIST. OPER: UBUNTU 16.10 YAKKETY YAK 64 BITS ESPAÑOL"
26219,"SISTEMA_OPERATIVO",1597994,"SIST. OPER: UBUNTU SAUCY SALAMANDER 13.10 64 BITS ESPAÑOL"
26219,"SISTEMA_OPERATIVO",1597995,"SIST. OPER: UBUNTU 12.04 CR 64 BITS ESPAÑOL"
26219,"SISTEMA_OPERATIVO",1597996,"SIST. OPER: UBUNTU 12.04 LTS PRECISE PANGOLIN 32 BITS ESPAÑOL"
26219,"SISTEMA_OPERATIVO",1597997,"SIST. OPER: UBUNTU 20.10 GROOVY GORILLA 64 BITS ESPAÑOL"
26219,"SISTEMA_OPERATIVO",1597998,"SIST. OPER: UBUNTU 21.04 LTS HIRSUTE HIPPO 64 BITS ESPAÑOL"
26219,"SISTEMA_OPERATIVO",1597999,"SIST. OPER: FREEDOS 3.0 ESPAÑOL"
26219,"SISTEMA_OPERATIVO",1597063,"SIST. OPER:  Le TOS V2"
26219,"SISTEMA_OPERATIVO",1597064,"SIST. OPER: WINDOWS 11 HOME 64 BITS ESPAÑOL"
26219,"SISTEMA_OPERATIVO",1597065,"SIST. OPER: WINDOWS 11 PRO 64 BITS ESPAÑOL"
26219,"SISTEMA_OPERATIVO",1597066,"SIST. OPER: UBUNTU 21.04 IMPISH INDRI 64 BITS ESPAÑOL"
26219,"SISTEMA_OPERATIVO",1597067,"SIST. OPER: CHROME 1.0 64 BITS ESPAÑOL"
26219,"SISTEMA_OPERATIVO",1597068,"SIST. OPER: FREEDOS 2.0 ESPAÑOL"
26219,"SISTEMA_OPERATIVO",1597069,"SIST. OPER: WINDOWS EMBEDDED STANDAR 8 64 BITS ESPAÑOL"
26219,"SISTEMA_OPERATIVO",1597070,"SIST. OPER: UBUNTU 12.04 CR 64 BITS ESPAÑOL"
26219,"SISTEMA_OPERATIVO",1597071,"SIST. OPER: WINDOWS 8.1 WITH BING 64 BITS ESPAÑOL"
26219,"SISTEMA_OPERATIVO",1597072,"SIST. OPER: WINDOWS 8.1 PRO 64 BITS ESPAÑOL"
26219,"SISTEMA_OPERATIVO",1597073,"SIST. OPER: UBUNTU 12.04 LTS PRECISE PANGOLIN 32 BITS ESPAÑOL"
26219,"SISTEMA_OPERATIVO",1597074,"SIST. OPER: SUSE 11 ENTERPRISE DESKTOP 64 BITS ESPAÑOL"
26219,"SISTEMA_OPERATIVO",1597075,"SIST. OPER: WINDOWS 10 HOME 64 BITS ESPAÑOL"
26219,"SISTEMA_OPERATIVO",1597076,"SIST. OPER: WINDOWS 7 PROFESSIONAL 64 BITS ESPAÑOL"
26219,"SISTEMA_OPERATIVO",1597077,"SIST. OPER: UBUNTU 12.04 LTS PRECISE PANGOLIN 64 BITS ESPAÑOL"
26219,"SISTEMA_OPERATIVO",1597078,"SIST. OPER: WINDOWS EMBEDDED STANDAR 7 32 BITS ESPAÑOL"
26219,"SISTEMA_OPERATIVO",1597079,"SIST. OPER: WINDOWS 8 PRO 64 BITS ESPAÑOL"
26219,"SISTEMA_OPERATIVO",1597080,"SIST. OPER: WINDOWS 10 HOME SL 64 BITS ESPAÑOL"
26219,"SISTEMA_OPERATIVO",1597081,"SIST. OPER: WINDOWS 10 PRO 64 BITS ESPAÑOL"
26219,"SISTEMA_OPERATIVO",1597082,"SIST. OPER: UBUNTU 15.10 WILY WEREWOLF 64 BITS ESPAÑOL"
26219,"SISTEMA_OPERATIVO",1597083,"SIST. OPER: UBUNTU 14.04 TRUSTY TAHR 64 BITS ESPAÑOL"
26219,"SISTEMA_OPERATIVO",1597084,"SIST. OPER: HP SMART ZERO CORE 32 BITS ESPAÑOL"
26219,"SISTEMA_OPERATIVO",1597085,"SIST. OPER: HP THINPRO 32 BITS ESPAÑOL"
26219,"SISTEMA_OPERATIVO",1597086,"SIST. OPER: WINDOWS 8.1 64 BITS ESPAÑOL"
26219,"SISTEMA_OPERATIVO",1597087,"SIST. OPER: NO INCLUIDO"
26219,"SISTEMA_OPERATIVO",1597088,"SIST. OPER: WINDOWS 8.1 SL 64 BITS ESPAÑOL"
26219,"SISTEMA_OPERATIVO",1597089,"SIST. OPER: WINDOWS IoT 10 ENTERPRISE"
26219,"SISTEMA_OPERATIVO",1597090,"SIST. OPER: UBUNTU LINUX 19.04 DISCO DINGO 64 BITS ESPAÑOL"
26219,"SISTEMA_OPERATIVO",1597091,"SISTEMA OPERATIVO: UBUNTU 18.04 LTS BIONIC BEAVER"
26219,"SISTEMA_OPERATIVO",3777921,"SIST. OPER: UBUNTU 25.04 PLUCKY PUFFIN 64 BITS ESPAÑOL"
26219,"SISTEMA_OPERATIVO",1885653,"SIST. OPER: UBUNTU 23.10 MANTIC MINOTAUR 64 BITS ESPAÑOL"
26219,"SISTEMA_OPERATIVO",1885661,"SIST. OPER: UBUNTU 22.10 KINETIC KUDU 64 BITS ESPAÑOL"
26219,"SISTEMA_OPERATIVO",3325828,"SIST. OPER: UBUNTU 24.10 ORACULAR ORIOLE 64 BITS ESPAÑOL"
26220,"UNIDAD_OPTICA",1598000,"UNIDAD OPTICA: NO"
26220,"UNIDAD_OPTICA",1597092,"UNIDAD OPTICA: SI"
26220,"UNIDAD_OPTICA",1597093,"UNIDAD OPTICA: NO"
26221,"TECLADO",1598002,"TECLADO: NO"
26221,"TECLADO",1598003,"TECLADO: SI"
26221,"TECLADO",1597094,"TECLADO: NO"
26221,"TECLADO",1597095,"TECLADO: SI"
26222,"MOUSE",1598004,"MOUSE: NO"
26222,"MOUSE",1598005,"MOUSE: SI"
26222,"MOUSE",1597096,"MOUSE: NO"
26222,"MOUSE",1597097,"MOUSE: SI"
26223,"SUITE_OFIMATICA",1598006,"SUITE OFIMATICA PRE-INSTALADA: MICROSOFT OFFICE PROFESSIONAL 2021"
26223,"SUITE_OFIMATICA",1598007,"SUITE OFIMATICA: LIBREOFFICE 7.1"
26223,"SUITE_OFIMATICA",1598008,"SUITE OFIMATICA: LIBREOFFICE 7.4"
26223,"SUITE_OFIMATICA",1598009,"SUITE OFIMATICA PRE-INSTALADA: MICROSOFT OFFICE HOME & BUSINESS 2021"
26223,"SUITE_OFIMATICA",1598010,"SUITE OFIMATICA: NO"
26223,"SUITE_OFIMATICA",1598011,"SUITE OFIMATICA PRE-INSTALADA: MICROSOFT OFFICE HOME & BUSINESS 2016"
26223,"SUITE_OFIMATICA",1598012,"SUITE OFIMATICA PRE-INSTALADA: MICROSOFT OFFICE HOME & BUSINESS 2021"
26223,"SUITE_OFIMATICA",1598013,"SUITE OFIMATICA: LIBREOFFICE 6.0"
26223,"SUITE_OFIMATICA",1598014,"SUITE OFIMATICA PRE-INSTALADA: MICROSOFT OFFICE PROFESSIONAL 2016"
26223,"SUITE_OFIMATICA",1598015,"SUITE OFIMATICA PRE-INSTALADA: MICROSOFT OFFICE PROFESSIONAL 2021 "
26223,"SUITE_OFIMATICA",1598016,"SUITE OFIMATICA: LIBREOFFICE 7.0"
26223,"SUITE_OFIMATICA",1597098,"SUITE OFIMATICA PRE-INSTALADA: MICROSOFT OFFICE PROFESSIONAL 2021"
26223,"SUITE_OFIMATICA",1597099,"SUITE OFIMATICA: LIBREOFFICE 7.1"
26223,"SUITE_OFIMATICA",1597100,"SUITE OFIMATICA PRE-INSTALADA: MICROSOFT OFFICE HOME & BUSINESS 2021"
26223,"SUITE_OFIMATICA",1597101,"SUITE OFIMATICA: NO"
26223,"SUITE_OFIMATICA",1597102,"SUITE OFIMATICA PRE-INSTALADA: MICROSOFT OFFICE HOME & BUSINESS 2016"
26223,"SUITE_OFIMATICA",1597103,"SUITE OFIMATICA PRE-INSTALADA: MICROSOFT OFFICE HOME & BUSINESS 2019"
26223,"SUITE_OFIMATICA",1597104,"SUITE OFIMATICA PRE-INSTALADA: MICROSOFT OFFICE PROFESSIONAL 2019"
26223,"SUITE_OFIMATICA",1597105,"SUITE OFIMATICA: LIBREOFFICE 6.0"
26223,"SUITE_OFIMATICA",1597106,"SUITE OFIMATICA PRE-INSTALADA: MICROSOFT OFFICE PROFESSIONAL 2016"
26223,"SUITE_OFIMATICA",2906882,"SUITE OFIMATICA PRE-INSTALADA: MICROSOFT OFFICE HOME & BUSINESS 2024"
26223,"SUITE_OFIMATICA",3325840,"SUITE OFIMATICA: LIBREOFFICE 24.8"
26224,"GARANTIA_DE_FABRICA",1598017,"G. F: 24 MESES ON-SITE"
26224,"GARANTIA_DE_FABRICA",1598018,"G. F: 36 MESES ON-SITE"
26224,"GARANTIA_DE_FABRICA",1598019,"G. F: 36 MESES CARRY-IN"
26224,"GARANTIA_DE_FABRICA",1598020,"G. F: 48 MESES ON-SITE"
26224,"GARANTIA_DE_FABRICA",1598021,"G. F: 48 MESES CARRY-IN"
26224,"GARANTIA_DE_FABRICA",1598022,"G. F: 60 MESES ON-SITE"
26224,"GARANTIA_DE_FABRICA",1598023,"G. F: 60 MESES CARRY-IN"
26224,"GARANTIA_DE_FABRICA",1598024,"G. F: 24 MESES CARRY-IN"
26224,"GARANTIA_DE_FABRICA",1598025,"G. F: 12 MESES ON-SITE"
26224,"GARANTIA_DE_FABRICA",1598026,"G. F: 12 MESES CARRY-IN"
26224,"GARANTIA_DE_FABRICA",1597107,"G. F: 12 MESES CARRY-IN"
26224,"GARANTIA_DE_FABRICA",1597108,"G. F: 12 MESES ON-SITE"
26224,"GARANTIA_DE_FABRICA",1597109,"G. F: 24 MESES ON-SITE"
26224,"GARANTIA_DE_FABRICA",1597110,"G. F: 24 MESES CARRY-IN"
26224,"GARANTIA_DE_FABRICA",1597111,"G. F: 36 MESES CARRY-IN"
26224,"GARANTIA_DE_FABRICA",1597112,"G. F: 36 MESES ON-SITE"
26225,"UNIDAD",1598027,"UNIDAD"
26225,"UNIDAD",1597113,"UNIDAD"
26226,"MARCA",4022932,"OSB"
26226,"MARCA",3866540,"NIMBOX"
26226,"MARCA",2501149,"GAMEMAX"
26226,"MARCA",4040430,"ANAX"
26226,"MARCA",1598028,"DATASUM"
26226,"MARCA",1598029,"SERVER GURU"
26226,"MARCA",1598030,"TEXCO"
26226,"MARCA",1598031,"HIPPOBOX"
26226,"MARCA",1598032,"CIBER"
26226,"MARCA",1598033,"EVANG"
26226,"MARCA",3861947,"COMPUSUR TECNOLOGÍA QUE TRANSFORMA TU VIDA"
26226,"MARCA",1598034,"DELL"
26226,"MARCA",1598035,"ADLINK"
26226,"MARCA",1598036,"MSI"
26226,"MARCA",1598037,"ALTRON"
26226,"MARCA",1598038,"EXIN"
26226,"MARCA",1598039,"TCREA"
26226,"MARCA",1598040,"LENOVO"
26226,"MARCA",1598041,"HP"
26226,"MARCA",1598042,"OX XTREME OVERCLOK"
26226,"MARCA",1598043,"GIGABYTE"
26226,"MARCA",1598044,"ADVANCE"
26226,"MARCA",1598045,"VASTEC"
26226,"MARCA",1598046,"FUJITSU"
26226,"MARCA",1598047,"QUI-TECH"
26226,"MARCA",1598048,"REYSER"
26226,"MARCA",1598049,"QOSOFT"
26226,"MARCA",1598050,"TEXCOPER"
26226,"MARCA",1598051,"CREATIC"
26226,"MARCA",1598052,"AMC"
26226,"MARCA",1598053,"JFA TECHNOLOGY"
26226,"MARCA",1598054,"HANDEEL"
26226,"MARCA",1598055,"A ALBERCOM 100% CALIDAD"
26226,"MARCA",1598056,"KENYA"
26226,"MARCA",1598057,"INSOMED"
26226,"MARCA",1598058,"POS-D"
26226,"MARCA",1598059,"Q T-GLICH"
26226,"MARCA",1598060,"HAO TECH"
26226,"MARCA",1598061,"SILVER VOLT"
26226,"MARCA",1598062,"NEW KRAL"
26226,"MARCA",1598063,"RHINOBOX"
26226,"MARCA",1598064,"MADI-TEK"
26226,"MARCA",1598066,"HUAWEI"
26226,"MARCA",1598067,"INVESTMENT & BUSINESS SMART SBI"
26226,"MARCA",1598068,"SANDISK"
26226,"MARCA",1598069,"ASUS"
26226,"MARCA",1598070,"MAXTIC"
26226,"MARCA",1598071,"GCS"
26226,"MARCA",1598072,"M4X"
26226,"MARCA",1598073,"ALLWIYA"
26226,"MARCA",1598074,"VIEWSONIC"
26226,"MARCA",4040651,"ECONORACKS"
26226,"MARCA",3867038,"ALIES COOPER"
26226,"MARCA",4052803,"CYBERTEL"
26226,"MARCA",4052805,"ENKORE"
26226,"MARCA",4052806,"MICRONICS"
26226,"MARCA",2502346,"ZMCORP"
26226,"MARCA",2556292,"CHUWI"
26226,"MARCA",4275361,"T ITED"
26226,"MARCA",3398286,"QNT TECHNOLOGIES"
26226,"MARCA",2784589,"MAGNATTE"
26226,"MARCA",1597114,"Q T-GLICH"
26226,"MARCA",1597115,"HAO TECH"
26226,"MARCA",1597116,"HP"
26226,"MARCA",1597117,"ADVANCE"
26226,"MARCA",1597118,"VASTEC"
26226,"MARCA",1597119,"LENOVO"
26226,"MARCA",1597120,"DELL"
26226,"MARCA",1597121,"HANDEEL"
26226,"MARCA",1597122,"VIEWSONIC"
26226,"MARCA",1597123,"KENYA"
26226,"MARCA",1597124,"CIBER"
26226,"MARCA",1597125,"INSOMED"
26226,"MARCA",1597126,"NEW KRAL"
26226,"MARCA",1597127,"RHINOBOX"
26226,"MARCA",1597128,"SILVER VOLT"
26226,"MARCA",1597129,"GCS"
26226,"MARCA",1597130,"M4X"
26226,"MARCA",1597131,"MAXTIC"
26226,"MARCA",4223440,"TCL"
26226,"MARCA",3916459,"MEGA CHAMBI"
26226,"MARCA",2149547,"PERBOX"
26226,"MARCA",2131847,"HTP PRO"
26226,"MARCA",1729977,"QUAMTU"
26226,"MARCA",2641968,"XBYTE"
26226,"MARCA",2502074,"HG HALION"
26226,"MARCA",2906846,"KENYA TECHNOLOGY"
26226,"MARCA",4219323,"SKYON"
26226,"MARCA",4219302,"AMC CHIP"
26226,"MARCA",1754461,"SIKER"
26226,"MARCA",1937421,"ARTEC"
26226,"MARCA",4136765,"SURCO"
26226,"MARCA",3755242,"H HANERT"
26226,"MARCA",4103466,"EBSAN"
26226,"MARCA",4129641,"LIXWI"
26226,"MARCA",4275266,"CTTEX"
26226,"MARCA",1721326,"ZKT ECO"
26226,"MARCA",1752524,"GROWTH HACK"
26226,"MARCA",1717982,"HAITECH"
26226,"MARCA",2611057,"WORLDLIFE"
26226,"MARCA",3731650,"VALHALLA"
26226,"MARCA",4220359,"ROTEXOR"
26227,"MODELO",2893088,"QUBIT7 14° GEN"
26227,"MODELO",4120732,"EB14SSD1M739"
26227,"MODELO",4314256,"COMPUTADORA DE ESCRITORIO MODERN 101"
26227,"MODELO",4314257,"COMPUTADORA DE ESCRITORIO MODERN 102"
26227,"MODELO",4314258,"COMPUTADORA DE ESCRITORIO MODERN 103"
26227,"MODELO",4314259,"COMPUTADORA DE ESCRITORIO MODERN 104"
26227,"MODELO",4314260,"COMPUTADORA DE ESCRITORIO MODERN 105"
26227,"MODELO",4314261,"COMPUTADORA DE ESCRITORIO MODERN 106"
26227,"MODELO",4314263,"COMPUTADORA DE ESCRITORIO MODERN 108"
26227,"MODELO",4314313,"COMPUTADORA DE ESCRITORIO MASTER 110"
26227,"MODELO",4314314,"COMPUTADORA DE ESCRITORIO MASTER 111"
26227,"MODELO",4314315,"COMPUTADORA DE ESCRITORIO MASTER 112"
26227,"MODELO",4314316,"COMPUTADORA DE ESCRITORIO MASTER 113"
26227,"MODELO",4314318,"COMPUTADORA DE ESCRITORIO MASTER 115"
26227,"MODELO",4314319,"COMPUTADORA DE ESCRITORIO MASTER 116"
26227,"MODELO",4314352,"COMPUTADORA DE ESCRITORIO MASTER 117"
26227,"MODELO",4314353,"COMPUTADORA DE ESCRITORIO MASTER 118"
26227,"MODELO",4314354,"COMPUTADORA DE ESCRITORIO MASTER 119"
26227,"MODELO",4314356,"COMPUTADORA DE ESCRITORIO MASTER 121"
26227,"MODELO",4314362,"COMPUTADORA DE ESCRITORIO MASTER 127"
26227,"MODELO",4314363,"COMPUTADORA DE ESCRITORIO MASTER 128"
26227,"MODELO",4314366,"COMPUTADORA DE ESCRITORIO MASTER 131"
26227,"MODELO",4314370,"COMPUTADORA DE ESCRITORIO MASTER 135"
26227,"MODELO",4314396,"COMPUTADORA DE ESCRITORIO GAME 087"
26227,"MODELO",4314398,"COMPUTADORA DE ESCRITORIO GAME 089"
26227,"MODELO",4314399,"COMPUTADORA DE ESCRITORIO GAME 090"
26227,"MODELO",4314400,"COMPUTADORA DE ESCRITORIO GAME 091"
26227,"MODELO",1974181,"GD722W32NZ73K-V8"
26227,"MODELO",1974270,"GD722W6QNZ73K-V8"
26227,"MODELO",2913225,"TURING5 14° GEN"
26227,"MODELO",2911537,"TURING5 14° GEN"
26227,"MODELO",2911551,"TURING5 14° GEN"
26227,"MODELO",2625902,"TURING7 14° GEN"
26227,"MODELO",2625929,"TURING7 14° GEN"
26227,"MODELO",2625978,"TURING7 14° GEN"
26227,"MODELO",2625979,"TURING7 14° GEN"
26227,"MODELO",2625989,"TURING7 14° GEN"
26227,"MODELO",2626005,"TURING7 14° GEN"
26227,"MODELO",2626029,"TURING7 14° GEN"
26227,"MODELO",2747695,"VISSION VP8780"
26227,"MODELO",2892962,"QUBIT3 14° GEN"
26227,"MODELO",1721827,"SMART 10105"
26227,"MODELO",1721911,"SMART GOLD 12600"
26227,"MODELO",4314401,"COMPUTADORA DE ESCRITORIO GAME 092"
26227,"MODELO",4314407,"COMPUTADORA DE ESCRITORIO MASTER 139"
26227,"MODELO",4314409,"COMPUTADORA DE ESCRITORIO MASTER 140"
26227,"MODELO",4314410,"COMPUTADORA DE ESCRITORIO MASTER 141"
26227,"MODELO",4314411,"COMPUTADORA DE ESCRITORIO MASTER 142"
26227,"MODELO",4314414,"COMPUTADORA DE ESCRITORIO MASTER 144"
26227,"MODELO",4314416,"COMPUTADORA DE ESCRITORIO MASTER 146"
26227,"MODELO",4314418,"COMPUTADORA DE ESCRITORIO MASTER 147"
26227,"MODELO",4314419,"COMPUTADORA DE ESCRITORIO MASTER 148"
26227,"MODELO",4314420,"COMPUTADORA DE ESCRITORIO MASTER 149"
26227,"MODELO",4314425,"COMPUTADORA DE ESCRITORIO MASTER 152"
26227,"MODELO",4314428,"COMPUTADORA DE ESCRITORIO OFFICE 102"
26227,"MODELO",4314430,"COMPUTADORA DE ESCRITORIO OFFICE 104"
26227,"MODELO",4314458,"COMPUTADORA DE ESCRITORIO GAME 102"
26227,"MODELO",1974117,"GD722W811Z73K-V8"
26227,"MODELO",2913201,"TURING5 14° GEN"
26227,"MODELO",2911613,"PCNEWK5_383"
26227,"MODELO",2625984,"TURING7 14° GEN"
26227,"MODELO",2626018,"TURING7 14° GEN"
26227,"MODELO",2626218,"TURING7 14° GEN"
26227,"MODELO",2747781,"VISSION VP8980"
26227,"MODELO",2747902,"RAV"
26227,"MODELO",1769709,"FALCON CRD0099"
26227,"MODELO",1840679,"OPTIPLEX 7010 SFF"
26227,"MODELO",2907805,"OPTIWORK 6070 VX8346"
26227,"MODELO",1722089,"SMART GOLD 12700"
26227,"MODELO",1722128,"SMART PLATINUM  12900"
26227,"MODELO",4314358,"COMPUTADORA DE ESCRITORIO MASTER 123"
26227,"MODELO",4314485,"COMPUTADORA DE ESCRITORIO GAME 096"
26227,"MODELO",4314487,"COMPUTADORA DE ESCRITORIO GAME 098"
26227,"MODELO",4314488,"COMPUTADORA DE ESCRITORIO GAME 099"
26227,"MODELO",4314489,"COMPUTADORA DE ESCRITORIO GAME 100"
26227,"MODELO",3822970,"1K74SFL6A056"
26227,"MODELO",3822980,"1K74SFL6A301"
26227,"MODELO",1802984,"T582S1HSFF-WP-OH-WF-13"
26227,"MODELO",2913219,"TURING5 14° GEN"
26227,"MODELO",2625916,"TURING7 14° GEN"
26227,"MODELO",2625919,"TURING7 14° GEN"
26227,"MODELO",2625922,"TURING7 14° GEN"
26227,"MODELO",2625977,"TURING7 14° GEN"
26227,"MODELO",2626001,"TURING7 14° GEN"
26227,"MODELO",2626014,"TURING7 14° GEN"
26227,"MODELO",1769721,"OPTIWORK 6050 GPU NVIDIA GTX1660 6GBOPTIWORK 6050 GPU NVIDIA GTX1660 6GB"
26227,"MODELO",3136415,"CDG13-58S5H1WOH43"
26227,"MODELO",4314286,"COMPUTADORA DE ESCRITORIO EXPERT 111"
26227,"MODELO",4314287,"COMPUTADORA DE ESCRITORIO MODERN 111"
26227,"MODELO",4314288,"COMPUTADORA DE ESCRITORIO MODERN 112"
26227,"MODELO",4314290,"COMPUTADORA DE ESCRITORIO MASTER 101"
26227,"MODELO",4314368,"COMPUTADORA DE ESCRITORIO MASTER 133"
26227,"MODELO",4314369,"COMPUTADORA DE ESCRITORIO MASTER 134"
26227,"MODELO",4314371,"COMPUTADORA DE ESCRITORIO MASTER 136"
26227,"MODELO",4314423,"COMPUTADORA DE ESCRITORIO MASTER 151"
26227,"MODELO",4314461,"COMPUTADORA DE ESCRITORIO GAME 093"
26227,"MODELO",4314462,"COMPUTADORA DE ESCRITORIO GAME 194"
26227,"MODELO",2820292,"WORK 6070 V2"
26227,"MODELO",2913383,"VISSION VP7660"
26227,"MODELO",1719791,"C"
26227,"MODELO",2911808,"TURING5 14° GEN"
26227,"MODELO",4130642,"LXSP2001I914165002GWPOH"
26227,"MODELO",4130644,"SUPER PRO"
26227,"MODELO",1721918,"G63"
26227,"MODELO",2529997,"D500SEES"
26227,"MODELO",3823171,"1K74SFL6A066"
26227,"MODELO",1769883,"MASTER LINE  GXIII 320"
26227,"MODELO",2125759,"AIO AO6570"
26227,"MODELO",3759422,"PROWORK WS90"
26227,"MODELO",4314404,"COMPUTADORA DE ESCRITORIO MASTER 137"
26227,"MODELO",4314405,"COMPUTADORA DE ESCRITORIO MASTER 138"
26227,"MODELO",4314412,"COMPUTADORA DE ESCRITORIO MASTER 143"
26227,"MODELO",4314415,"COMPUTADORA DE ESCRITORIO MASTER 145"
26227,"MODELO",4314429,"COMPUTADORA DE ESCRITORIO OFFICE 103"
26227,"MODELO",2505676,"T54S0H0I103-CDS"
26227,"MODELO",2911837,"TURING5 14° GEN"
26227,"MODELO",2125762,"AIO AP6570"
26227,"MODELO",1954842,"27JUS4S83"
26227,"MODELO",3911982,"ALL25KAIU77788V"
26227,"MODELO",2905519,"ROPTIWORK 6070 VX12R"
26227,"MODELO",1722205,"P"
26227,"MODELO",2587629,"FONSYS M1"
26227,"MODELO",4314392,"COMPUTADORA DE ESCRITORIO OFFICE 083"
26227,"MODELO",4314393,"COMPUTADORA DE ESCRITORIO GAME 084"
26227,"MODELO",4314394,"COMPUTADORA DE ESCRITORIO GAME 085"
26227,"MODELO",4314395,"COMPUTADORA DE ESCRITORIO GAME 086"
26227,"MODELO",4314397,"COMPUTADORA DE ESCRITORIO GAME 088"
26227,"MODELO",4314422,"COMPUTADORA DE ESCRITORIO MASTER 150"
26227,"MODELO",4314431,"COMPUTADORA DE ESCRITORIO OFFICE 105"
26227,"MODELO",4314457,"COMPUTADORA DE ESCRITORIO GAME 101"
26227,"MODELO",2820418,"ARCANUS TIN914"
26227,"MODELO",3982078,"2427"
26227,"MODELO",2465101,"HP ELITE SFF 800 G9 DESKTOP PC"
26227,"MODELO",4314463,"COMPUTADORA DE ESCRITORIO GAME 095"
26227,"MODELO",4314486,"COMPUTADORA DE ESCRITORIO GAME 097"
26227,"MODELO",4314728,"COMPUTADORA DE ESCRITORIO OFFICE 106"
26227,"MODELO",4314729,"COMPUTADORA DE ESCRITORIO OFFICE 107"
26227,"MODELO",4314730,"COMPUTADORA DE ESCRITORIO OFFICE 108"
26227,"MODELO",4314731,"COMPUTADORA DE ESCRITORIO OFFICE 109"
26227,"MODELO",4314732,"COMPUTADORA DE ESCRITORIO OFFICE 110"
26227,"MODELO",4314733,"COMPUTADORA DE ESCRITORIO OFFICE 111"
26227,"MODELO",4314734,"COMPUTADORA DE ESCRITORIO OFFICE 112"
26227,"MODELO",4314735,"COMPUTADORA DE ESCRITORIO OFFICE 113"
26227,"MODELO",4314736,"COMPUTADORA DE ESCRITORIO OFFICE 114"
26227,"MODELO",4314737,"COMPUTADORA DE ESCRITORIO OFFICE 115"
26227,"MODELO",3823326,"1,300"
26227,"MODELO",2910175,"ALLKAMGG24HFOUO"
26227,"MODELO",1836348,"11K69K2E118"
26227,"MODELO",2033140,"ALMA EI"
26227,"MODELO",2142426,"GD722W1XIX63K-12"
26227,"MODELO",2025414,"SK17KFB56A453"
26227,"MODELO",2775354,"THINKCENTRE M75Q GEN5"
26227,"MODELO",2128446,"DESKTOP012GCSCI9"
26227,"MODELO",2502760,"DART7-10700-V4"
26227,"MODELO",2502830,"DART7-10700-V8"
26227,"MODELO",1804076,"PCIN20230535"
26227,"MODELO",4231499,"P09QMB65X4D"
26227,"MODELO",1836374,"MDP2305L1B1T9"
26227,"MODELO",1840833,"ALLKA230061"
26227,"MODELO",1761318,"VISSION VP8570"
26227,"MODELO",2775408,"KGD3S10N8QB4TA"
26227,"MODELO",2502804,"436B76I77XIIIM014"
26227,"MODELO",2898604,"OPTIWORK 6070 VX16"
26227,"MODELO",1730986,"OPTIWORK 6050 GPU NVIDIA 4GB"
26227,"MODELO",2489488,"NOVAI7-10700"
26227,"MODELO",3811072,"1K74SFL6A033"
26227,"MODELO",3995483,"ELUNE7K"
26227,"MODELO",2779907,"ALLKAMMF24ZPL1L"
26227,"MODELO",2623607,"HMPMB13C"
26227,"MODELO",2132821,"D800"
26227,"MODELO",2502941,"DART7-10700-V12"
26227,"MODELO",1805301,"FORTIN-13400"
26227,"MODELO",1828470,"OPTIWORK 6090 GPU 4GB GDDR5"
26227,"MODELO",2629699,"QUBIT3 14° GEN"
26227,"MODELO",1836461,"MDP2305M2E4ZG"
26227,"MODELO",2032811,"HP PRO SFF 400 G9 DESKTOP PC - 6U863LA#ABM-OHMD2"
26227,"MODELO",2034193,"INVADER LITE VIN712"
26227,"MODELO",2818015,"OPTIWORK 6090 VX16"
26227,"MODELO",2785460,"NVADER VIN514"
26227,"MODELO",2142629,"AM25 I5B760134003"
26227,"MODELO",4232350,"VISSION VP1750"
26227,"MODELO",4232390,"5DTDPS-7161SSS32PD"
26227,"MODELO",3911372,"803.80"
26227,"MODELO",1998681,"VISSION VP6360"
26227,"MODELO",1779397,"INVADER V370"
26227,"MODELO",2026691,"VISSION VP6760"
26227,"MODELO",2026710,"VISSION VP 6760"
26227,"MODELO",2026922,"VISSION VP5360"
26227,"MODELO",4092470,"TURING7 2° GEN ULTRA"
26227,"MODELO",2629721,"QUBIT3 14° GEN"
26227,"MODELO",2032691,"HP PRO SFF 400 G9 DESKTOP PC  - 6U863LA#ABM-MD1"
26227,"MODELO",1749067,"VISSION VP3570"
26227,"MODELO",2138946,"VISSION V7360"
26227,"MODELO",3764615,"TURING5 14° GEN"
26227,"MODELO",1806235,"TURING7 13° GEN"
26227,"MODELO",3136832,"ELUNE 714"
26227,"MODELO",1731241,"MDP2301VF5C2"
26227,"MODELO",1998667,"VISSION VO6360"
26227,"MODELO",3995744,"ELUNEPRO7K"
26227,"MODELO",2629927,"QUBIT3 14° GEN"
26227,"MODELO",2629946,"QUBIT3 14° GEN"
26227,"MODELO",2630102,"THINKCENTRE M70S GEN 5"
26227,"MODELO",2032749,"HP PRO SFF 400 G9 DESKTOP PC - 6U863LA#ABM-OHMD1"
26227,"MODELO",4156492,"ARCANUS TIN92 SIENTE EL PODER DE LA VELOCIDAD EN TUS MANOS, CONSTRUIDO CON"
26227,"MODELO",2784701,"TURING5 14° GEN"
26227,"MODELO",2784714,"TURING5 14° GEN"
26227,"MODELO",1760896,"11K65MT11460"
26227,"MODELO",3764708,"EZENT T500"
26227,"MODELO",1719154,"ARCANUS PRO G5"
26227,"MODELO",2489777,"VIOLIN"
26227,"MODELO",3950602,"VISSION VO3680"
26227,"MODELO",3950714,"VISSION VP3680"
26227,"MODELO",1998865,"MD762AB3PPX8"
26227,"MODELO",4090398,"1534"
26227,"MODELO",4092666,"E6SI5T314SBZ"
26227,"MODELO",2441660,"VISSION V7560"
26227,"MODELO",2031633,"HP PRO SFF 400 G9 DESKTOP PC 8Y973LS#ABM-OHM1G."
26227,"MODELO",3858838,"E5DF1B5AWNHPDN3G6SMV4"
26227,"MODELO",2784705,"TURING5 14° GEN"
26227,"MODELO",2784728,"TURING5 14° GEN"
26227,"MODELO",4046539,"EZENT M70"
26227,"MODELO",4090249,"MASTER LINE U7-S2 350"
26227,"MODELO",2629685,"QUBIT3 14° GEN"
26227,"MODELO",2629737,"QUBIT3 14° GEN"
26227,"MODELO",1837913,"11SW0012LS"
26227,"MODELO",1968120,"OPTIMUS MT11700KF"
26227,"MODELO",2031715,"HP ELITE SFF 600 G9 DESKTOP PC - 8Y952LS#ABM-OPMD1"
26227,"MODELO",2032847,"VISSION VO7360"
26227,"MODELO",2784718,"TURING5 14° GEN"
26227,"MODELO",2784720,"TURING5 14° GEN"
26227,"MODELO",2784724,"TURING5 14° GEN"
26227,"MODELO",2784736,"TURING5 14° GEN"
26227,"MODELO",4157136,"P17NMB64D5"
26227,"MODELO",3911574,"ALL25KAIU7922"
26227,"MODELO",1731483,"OPTIWORK 6070 INTEL GRAPHICS"
26227,"MODELO",1974154,"GD722W312Z73K-V8"
26227,"MODELO",2132664,"VISSION VP57A0"
26227,"MODELO",1837380,"MDP2305XQ6A0Q"
26227,"MODELO",2031504,"7G952LS#ABM-OPM"
26227,"MODELO",2032451,"HP ELITE SFF 600 G9 DESKTOP PC 8Y952LS#ABM-OHD1"
26227,"MODELO",2790939,"TURING5 14° GEN"
26227,"MODELO",1837467,"MDP2305K0P5J9"
26227,"MODELO",1839164,"CDG13-716S1WSS3"
26227,"MODELO",2501760,"MASTER LINE GXIII 140"
26227,"MODELO",1741228,"OPTIPLEX 7000 MT"
26227,"MODELO",2132649,"VISSION VP5560"
26227,"MODELO",2791048,"TURING5 14° GEN"
26227,"MODELO",2024555,"VO6360"
26227,"MODELO",2128424,"GCSCI5-12CPU"
26227,"MODELO",1880056,"ALLKA231734"
26227,"MODELO",1837379,"MDP2305J9A0UR"
26227,"MODELO",2031393,"8Y973LS#ABM-OHM1G1"
26227,"MODELO",1839360,"XS-100"
26227,"MODELO",2791006,"TURING5 14° GEN"
26227,"MODELO",3955403,"1,682.78"
26227,"MODELO",4106905,"Q"
26227,"MODELO",4113362,"WANX-14700K LOS PODEROSOS"
26227,"MODELO",1740966,"11K67MT01673"
26227,"MODELO",3336435,"SURCO L1450"
26227,"MODELO",3955575,"1,283.98"
26227,"MODELO",3955620,"1,922.78"
26227,"MODELO",4099406,"AUBOX I7"
26227,"MODELO",1740840,"11K67MT07773"
26227,"MODELO",1761575,"INVADER VIN713"
26227,"MODELO",2779778,"ALLKAMMF24YY2Z6"
26227,"MODELO",2128421,"DESKTOP010GCSCI5-12CPU"
26227,"MODELO",2128435,"GCSCI7-13KFCPU"
26227,"MODELO",4205317,"P89LMB6483"
26227,"MODELO",4205381,"P99LMB643D"
26227,"MODELO",2910272,"TURING9 14° GEN"
26227,"MODELO",2791026,"TURING5 14° GEN"
26227,"MODELO",3956287,"SMART 1"
26227,"MODELO",3784319,"MASTER LINE GXIII 260"
26227,"MODELO",4113626,"E7SI7F166-Z"
26227,"MODELO",2812864,"OPTIWORK 6090 VX4"
26227,"MODELO",3089804,"ALLKAMGG24S58MR"
26227,"MODELO",2504333,"CYCLOPS"
26227,"MODELO",2504335,"SLIM 600"
26227,"MODELO",2798010,"07NUM44C"
26227,"MODELO",2798055,"OPTIWORK 6070 VX4"
26227,"MODELO",2131633,"VISSION VO53AO"
26227,"MODELO",2131648,"VISSION VO54AO"
26227,"MODELO",2131681,"VISSION VO53A0"
26227,"MODELO",2131682,"VISSION VP53A0"
26227,"MODELO",2131686,"VISSION VO57A0"
26227,"MODELO",2822900,"6070 VX4"
26227,"MODELO",2623842,"TURING5 14° GEN"
26227,"MODELO",2623881,"TURING7 14° GEN"
26227,"MODELO",2623883,"TURING7 14° GEN"
26227,"MODELO",2623946,"TURING7 14° GEN"
26227,"MODELO",2623953,"TURING7 14° GEN"
26227,"MODELO",2801526,"OPTIWORK 6070 VX8"
26227,"MODELO",1839547,"PC-M2-2023"
26227,"MODELO",1839561,"VISSION VO4770"
26227,"MODELO",2149791,"VISSION VO5560"
26227,"MODELO",2624974,"TURING7 14° GEN"
26227,"MODELO",3105918,"ALLKAMGG24UV328"
26227,"MODELO",2032904,"HP PRO SFF 400 G9 DESKTOP PC - 6U863LA#ABM-OPMD1"
26227,"MODELO",2032970,"HP ELITE SFF 600 G9 DESKTOP PC - 81C53LS#ABM-MD2"
26227,"MODELO",1743239,"OD721WD12B3300"
26227,"MODELO",3389633,"MATX5 C100-0012"
26227,"MODELO",3389639,"MATX5 C100-0013"
26227,"MODELO",2131654,"VISSION VP53AO"
26227,"MODELO",2131684,"VISSION VO54A0"
26227,"MODELO",2131700,"VISSION VP55A0"
26227,"MODELO",2905454,"OPTIWORK 6070 VX8RR"
26227,"MODELO",2623844,"TURING5 14° GEN"
26227,"MODELO",2623999,"TURING7 14° GEN"
26227,"MODELO",2624317,"TURING7 14° GEN"
26227,"MODELO",2624323,"TURING7 14° GEN"
26227,"MODELO",2624328,"TURING7 14° GEN"
26227,"MODELO",2624339,"TURING7 14° GEN"
26227,"MODELO",2624344,"TURING7 14° GEN"
26227,"MODELO",1781523,"ARCANUS V350"
26227,"MODELO",1781533,"ARCANUS V370"
26227,"MODELO",2801629,"1K65NA7A183"
26227,"MODELO",1953415,"SK17B56A733"
26227,"MODELO",1953427,"OPTIMUS MT11700F"
26227,"MODELO",1839511,"THINKCENTRE NEO 50S GEN 4"
26227,"MODELO",2624977,"TURING7 14° GEN"
26227,"MODELO",2033013,"HP ELITE SFF 600 G9 DESKTOP PC - 81C53LS#ABM-OHMD2"
26227,"MODELO",1743480,"CPUALKAI31111"
26227,"MODELO",3389646,"MATX5 C100-0014"
26227,"MODELO",3389658,"MATX5 C100-0015"
26227,"MODELO",3389664,"MATX5 C100-0016"
26227,"MODELO",1801227,"MDP2305M2XI8E"
26227,"MODELO",2131693,"VISSION VO55A0"
26227,"MODELO",2623840,"TURING5 14° GEN"
26227,"MODELO",2623885,"TURING7 14° GEN"
26227,"MODELO",2623986,"TURING7 14° GEN"
26227,"MODELO",2624333,"TURING7 14° GEN"
26227,"MODELO",2624353,"TURING7 14° GEN"
26227,"MODELO",2140596,"I7B7601270035W"
26227,"MODELO",1839605,"DT310S-31620FD3"
26227,"MODELO",1925596,"VAMPIRIC"
26227,"MODELO",2631341,"QUBIT3 14° GEN"
26227,"MODELO",1770815,"OPTIWORK 6050 GPU NVIDIA RTX3050 8GBOPTIWORK 6050 GPU NVIDIA RTX3050 8GB"
26227,"MODELO",1598075,"SPACE X500"
26227,"MODELO",1598076,"G65"
26227,"MODELO",1598077,"RR"
26227,"MODELO",1598078,"MONNUC27VSCI7-OFPR"
26227,"MODELO",1598079,"412B56I5XI435"
26227,"MODELO",1598080,"CORE I9 -STACION DE TRABAJO PRO FLASH ZYC00129"
26227,"MODELO",1598081,"CORE I9 -STACION DE TRABAJO PRO FLASH ZYC00135"
26227,"MODELO",1598082,"INVADER X700"
26227,"MODELO",1598083,"WAYRA X"
26227,"MODELO",1598084,"CR001CI781HDWP"
26227,"MODELO",1598085,"VISSION VP8540E"
26227,"MODELO",1598086,"TORNADO YXL00064"
26227,"MODELO",1598087,"CORE I9 -STACION DE TRABAJO PRO FLASH ZYC00137"
26227,"MODELO",1598088,"MASTER LINE GX 110"
26227,"MODELO",1598089,"BMLV6WVA80TC"
26227,"MODELO",1598090,"CORE I9 -STACION DE TRABAJO PRO FLASH ZYC00132"
26227,"MODELO",1598091,"CORE I9 -STACION DE TRABAJO PRO FLASH ZYC00136"
26227,"MODELO",1598092,"COMMANDER XII"
26227,"MODELO",1598093,"PRIME XII"
26227,"MODELO",1598094,"CORE I9 -STACION DE TRABAJO PRO FLASH ZYC00134"
26227,"MODELO",1598095,"11K23SSB029"
26227,"MODELO",3389675,"MATX5 C100-0017"
26227,"MODELO",3389697,"MATX5 C300-0019"
26227,"MODELO",3389760,"MATX5 C300-0021"
26227,"MODELO",2904347,"GCS13700"
26227,"MODELO",2904375,"GCS13700KF"
26227,"MODELO",1832515,"OD422W65XT32F"
26227,"MODELO",2623846,"TURING5 14° GEN"
26227,"MODELO",2623891,"TURING7 14° GEN"
26227,"MODELO",2623993,"TURING7 14° GEN"
26227,"MODELO",1927043,"OPTIMUS MT12900K"
26227,"MODELO",1844003,"NVADER VIN513"
26227,"MODELO",2440834,"CPUKAI7K1300"
26227,"MODELO",1598096,"INVADER X300"
26227,"MODELO",1598097,"ARCANUS X5"
26227,"MODELO",1598098,"412B56I5XI427"
26227,"MODELO",1598099,"VISSION VP8540F"
26227,"MODELO",1598100,"MASTER LINE  G11 521"
26227,"MODELO",1598101,"THINKCENTRE M75S GEN2"
26227,"MODELO",1598102,"TG10-581WW10S2"
26227,"MODELO",1598103,"GENWORK DM9000"
26227,"MODELO",1598104,"MASTER LINE G9 102"
26227,"MODELO",1598105,"STATION PRO 12"
26227,"MODELO",1598106,"GENWORK QM7210"
26227,"MODELO",1598107,"VISSION VP594X"
26227,"MODELO",1598108,"LENOVO V50S 07IMB"
26227,"MODELO",1598109,"CORE I9 -STACION DE TRABAJO PRO FLASH ZYC00138"
26227,"MODELO",1598110,"11K51SSC554"
26227,"MODELO",1598111,"CORE I9 -STACION DE TRABAJO PRO FLASH ZYC00141"
26227,"MODELO",1598112,"TORNADO YXL00107"
26227,"MODELO",1598113,"TORNADO YXL00109"
26227,"MODELO",1598114,"TORNADO YXL00110"
26227,"MODELO",1598115,"VC 217305"
26227,"MODELO",1598116,"VC 219106"
26227,"MODELO",1598117,"VC 613301"
26227,"MODELO",1598118,"VC 613D06"
26227,"MODELO",1598119,"VS717D"
26227,"MODELO",1598120,"VS7595"
26227,"MODELO",1598121,"VC 739D04"
26227,"MODELO",1598122,"VC 719501"
26227,"MODELO",1598123,"VS 817801"
26227,"MODELO",1598124,"480024"
26227,"MODELO",1598125,"VO6319"
26227,"MODELO",1598126,"VC 717102"
26227,"MODELO",1598127,"VC 515601"
26227,"MODELO",1598128,"VC 619605"
26227,"MODELO",1598129,"VC 639205"
26227,"MODELO",1598130,"VCO2351"
26227,"MODELO",1598131,"VS839801"
26227,"MODELO",1598132,"VC 625803"
26227,"MODELO",1598133,"VC 613701"
26227,"MODELO",1598134,"VC 715703"
26227,"MODELO",1598135,"VC 735603"
26227,"MODELO",1598136,"VO 829301"
26227,"MODELO",1598137,"VC 617401"
26227,"MODELO",1598138,"280 G1 MT"
26227,"MODELO",1598139,"VC 715502"
26227,"MODELO",1598140,"VC 739F02"
26227,"MODELO",1598141,"VS 815502"
26227,"MODELO",1598142,"VS719D"
26227,"MODELO",1598143,"VC 219105"
26227,"MODELO",1598144,"VC 607606"
26227,"MODELO",1598145,"VC 623805"
26227,"MODELO",1598146,"VC 217A08"
26227,"MODELO",1598147,"VS7597"
26227,"MODELO",1598148,"VC 737A02"
26227,"MODELO",1598149,"VC 618402"
26227,"MODELO",1598150,"VC 613D05"
26227,"MODELO",1598151,"VC 637802"
26227,"MODELO",1598152,"VC 619602"
26227,"MODELO",1598153,"VO 619501"
26227,"MODELO",1598154,"VC 217502"
26227,"MODELO",1598155,"VC 517204"
26227,"MODELO",1598156,"VC 739D06"
26227,"MODELO",1598157,"VC 61G401"
26227,"MODELO",1598158,"VS 817601"
26227,"MODELO",3389684,"MATX5 C100-0018"
26227,"MODELO",3389705,"MATX5 C300-0020"
26227,"MODELO",2490509,"PBP2311G6L1I8"
26227,"MODELO",2904404,"GCS13700KF-HB"
26227,"MODELO",2904471,"GCS13400"
26227,"MODELO",3862857,"1K54SFL7A141"
26227,"MODELO",2026021,"SK19FB56A324"
26227,"MODELO",3307845,"X P A C E   O N E"
26227,"MODELO",3307846,"XPACE   ONE"
26227,"MODELO",3307860,"XPACE ONE"
26227,"MODELO",3730510,"THINKCENTRE M70T GEN 5"
26227,"MODELO",4100552,"16 GB DDR5 5600 700 MHZ"
26227,"MODELO",2123954,"GCSCI713700"
26227,"MODELO",1598159,"VC 725502"
26227,"MODELO",1598160,"VC 737902"
26227,"MODELO",1598161,"VC 217108"
26227,"MODELO",1598162,"VC 623401"
26227,"MODELO",1598163,"VC 215906"
26227,"MODELO",1598164,"VC225B"
26227,"MODELO",1598165,"VISSION VS 7157"
26227,"MODELO",1598166,"VO 619201"
26227,"MODELO",1598167,"VC 625601"
26227,"MODELO",1598168,"VC 637205"
26227,"MODELO",1598169,"PRODESK 600 G3 SFF"
26227,"MODELO",1598170,"ELITEDESK 800 G3 TWR"
26227,"MODELO",1598171,"HP ELITE SLICE"
26227,"MODELO",1598172,"PRODESK 400 G4 MT"
26227,"MODELO",1598173,"ELITEDESK 800 G3 SFF"
26227,"MODELO",1598174,"PRODESK 400 G3 DM"
26227,"MODELO",1598175,"VC 215805"
26227,"MODELO",1598176,"VO 735D01"
26227,"MODELO",1598177,"8300 CMT"
26227,"MODELO",1598178,"VC 617601"
26227,"MODELO",1598179,"VC 215501"
26227,"MODELO",1598180,"VC 619106"
26227,"MODELO",1598181,"VC 737E05"
26227,"MODELO",1598182,"VS 817702"
26227,"MODELO",1598183,"VC 613902"
26227,"MODELO",1598184,"VO 618501"
26227,"MODELO",1598185,"VO 217204"
26227,"MODELO",1598186,"VISSION VP594G"
26227,"MODELO",1598187,"CORE I9 -STACION DE TRABAJO PRO FLASH ZYC00142"
26227,"MODELO",1598188,"TORNADO YXL00108"
26227,"MODELO",1598189,"CORE I9 -STACION DE TRABAJO PRO FLASH ZYC00145"
26227,"MODELO",1598190,"TORNADO YXL00112"
26227,"MODELO",1598191,"TORNADO YXL00113"
26227,"MODELO",1598192,"TORNADO YXL00117"
26227,"MODELO",1598193,"TORNADO YXL00118"
26227,"MODELO",1598194,"HP PRODESK 600 G5 MICROTOWER"
26227,"MODELO",1598195,"THINKCENTRE M80S"
26227,"MODELO",1598196,"P PRODESK 400 G7 SFF"
26227,"MODELO",1598197,"VISSION VP253E"
26227,"MODELO",1598198,"THINKCENTRE M80S"
26227,"MODELO",1598199,"LENOVO V530S"
26227,"MODELO",1598200,"HP 280 G4 SFF"
26227,"MODELO",1598201,"THINKCENTRE M80S"
26227,"MODELO",1598202,"THINKCENTRE M75N"
26227,"MODELO",1598203,"THINKCENTRE M80S"
26227,"MODELO",1598204,"HP PRODESK 400G7 SFF"
26227,"MODELO",1598205,"VISSION VP153E"
26227,"MODELO",1598206,"NUC X"
26227,"MODELO",1598207,"THINKCENTRE M720S"
26227,"MODELO",1598208,"THINKCENTRE M720Q"
26227,"MODELO",1598209,"THINKCENTRE M720Q"
26227,"MODELO",1598210,"VOSTRO 3471 SFF"
26227,"MODELO",1598211,"COMPUTADORA EMPRESARIAL DE 9°GENERACIÓN I5-9400"
26227,"MODELO",1598212,"COMPUTADORA EMPRESARIAL DE 9°GENERACIÓN I3-9100F"
26227,"MODELO",1598213,"0DT37S-71628OH3-W-2V"
26227,"MODELO",1598214,"THINKCENTRE M80S"
26227,"MODELO",1598215,"THINKCENTRE M80S"
26227,"MODELO",1598216,"THINKCENTRE M80S"
26227,"MODELO",1598217,"THINKCENTRE M80S"
26227,"MODELO",1598218,"OPTIPLEX 5070 SFF"
26227,"MODELO",3389781,"MATX5 C300-0022"
26227,"MODELO",3389803,"MATX5 C300-0024"
26227,"MODELO",3389816,"MATX5 C300-0027"
26227,"MODELO",1757344,"MASTER LINE  GXII 120"
26227,"MODELO",4147989,"DESKTOP NEO S506"
26227,"MODELO",2911479,"TURING5 14° GEN"
26227,"MODELO",4278018,"2222893"
26227,"MODELO",1844470,"AAAAAAAAAAAAAAAAAA"
26227,"MODELO",3730561,"TURING5 14° GEN"
26227,"MODELO",1743873,"11K65MT05160"
26227,"MODELO",1598219,"COMPUTADORA EMPRESARIAL DE 9°GENERACIÓN I7-9700"
26227,"MODELO",1598220,"OPTIPLEX 7070 UFF"
26227,"MODELO",1598221,"I5H31094009"
26227,"MODELO",1598222,"CROSS"
26227,"MODELO",1598223,"CORE I9 -STACION DE TRABAJO PRO FLASH ZYC00144"
26227,"MODELO",1598224,"CORE I9 -STACION DE TRABAJO PRO FLASH ZYC00146"
26227,"MODELO",1598225,"CORE I9 -STACION DE TRABAJO PRO FLASH ZYC00150"
26227,"MODELO",1598226,"TORNADO YXL00121"
26227,"MODELO",1598227,"TORNADO YXL00122"
26227,"MODELO",1598228,"TORNADO YXL00123"
26227,"MODELO",1598229,"GENWORK QM5200"
26227,"MODELO",1598230,"GENWORK DM9100"
26227,"MODELO",1598231,"KEROS SFF 5010 PN: 11K5010S096"
26227,"MODELO",1598232,"MASTER LINE GXII 210"
26227,"MODELO",1598233,"CORE I9 -STACION DE TRABAJO PRO FLASH ZYC00139"
26227,"MODELO",1598234,"CORE I9 -STACION DE TRABAJO PRO FLASH ZYC00140"
26227,"MODELO",1598235,"TORNADO YXL00114"
26227,"MODELO",1598236,"TORNADO YXL00115"
26227,"MODELO",1598237,"CORE I9 -STACION DE TRABAJO PRO FLASH ZYC00161"
26227,"MODELO",1598238,"TORNADO YXL00154"
26227,"MODELO",1598239,"TORNADO YXL001"
26227,"MODELO",1598240,"TORNADO YXL003"
26227,"MODELO",1598241,"MASTER LINE  GXI 21I5"
26227,"MODELO",1598242,"MASTER LINE GXI 21I5"
26227,"MODELO",1598243,"PN62S-SYS715PXFD"
26227,"MODELO",1598244,"412H4M2I3146"
26227,"MODELO",1598245,"412H4M2I3154"
26227,"MODELO",1598246,"CORE I9 -STACION DE TRABAJO PRO FLASH ZYC00143"
26227,"MODELO",1598247,"TORNADO YXL00146"
26227,"MODELO",1598248,"TORNADO YXL002"
26227,"MODELO",1598249,"TM720D2NB634K"
26227,"MODELO",1598250,"MASTER LINE  GX 120"
26227,"MODELO",1598251,"MASTER LINE  GX 220"
26227,"MODELO",1598252,"CORE I9 -STACION DE TRABAJO PRO FLASH ZYC00149"
26227,"MODELO",1598253,"TORNADO YXL00119"
26227,"MODELO",1598254,"53012XKC - PUL-WDH9B - MATESTATION B515"
26227,"MODELO",1598255,"CR0010CI711WP10"
26227,"MODELO",1598256,"MASTER LINE  INFINITY MI200"
26227,"MODELO",1598257,"MASTER LINE  INFINITY MI201"
26227,"MODELO",1598258,"TORNADO YXL005"
26227,"MODELO",1598259,"436B56I7X938"
26227,"MODELO",1598260,"436B56I7X936"
26227,"MODELO",1598261,"436B56I7X943"
26227,"MODELO",1598262,"412H4M2I7840"
26227,"MODELO",1598263,"TORNADO YXL00116"
26227,"MODELO",1598264,"CORE I9 -STACION DE TRABAJO PRO FLASH ZYC00148"
26227,"MODELO",1598265,"TORNADO YXL007"
26227,"MODELO",1598266,"PN62S-SYS582PXFD"
26227,"MODELO",1598267,"MASTER LINE  GX 320"
26227,"MODELO",1598268,"TORNADO YXL00111"
26227,"MODELO",1598269,"CORE I9 -STACION DE TRABAJO PRO FLASH ZYC00147"
26227,"MODELO",1598270,"TORNADO YXL00120"
26227,"MODELO",1598271,"TORNADO YXL00153"
26227,"MODELO",1598272,"TM720D38B634K"
26227,"MODELO",1598273,"TORNADO YXL00149"
26227,"MODELO",1598274,"TORNADO YXL00155"
26227,"MODELO",1598275,"MIRAGE XYL0018"
26227,"MODELO",1598276,"00C51AXOE9"
26227,"MODELO",2904433,"GCS13900K"
26227,"MODELO",1757396,"MASTER LINE  GXIII 110"
26227,"MODELO",2801962,"OPTIWORK 6050 VX8"
26227,"MODELO",2801997,"PRECISION 3050"
26227,"MODELO",1766151,"OPTIWORK 6090 GPU NVIDIA GTX1650 4GB"
26227,"MODELO",1843997,"05IUSX9A"
26227,"MODELO",1777525,"PRIMEONEAIO270"
26227,"MODELO",1777574,"OPTIPLEX 7010 SFF PLUS"
26227,"MODELO",1598277,"MASTER LINE  INFINITY MI 300"
26227,"MODELO",1598278,"CORE I9 -STACION DE TRABAJO PRO FLASH ZYC00159"
26227,"MODELO",1598279,"OPTIWORK 6050 INTEL GRAPHICS"
26227,"MODELO",1598280,"OS720V17B332S"
26227,"MODELO",1598281,"STATION PRO XII"
26227,"MODELO",1598282,"STATION PRO XI"
26227,"MODELO",1598283,"CR007CI710WP10"
26227,"MODELO",1598284,"11K51SSA449"
26227,"MODELO",1598285,"CR007(2)CI710WP10"
26227,"MODELO",1598286,"PRECISION WORKSTATION 5820"
26227,"MODELO",1598287,"11K52SSB234"
26227,"MODELO",1598288,"HP ELITE MINI 600 G9"
26227,"MODELO",1598289,"DG3-R58M4801W11OH24"
26227,"MODELO",1598290,"VISSION V8740E"
26227,"MODELO",1598291,"TORNADO YXL00085"
26227,"MODELO",1598292,"CR009CI511WP10"
26227,"MODELO",1598293,"6D7W5LT#ABM"
26227,"MODELO",1598294,"11K7010S192"
26227,"MODELO",1598295,"TORNADO YXL00086"
26227,"MODELO",1598296,"CORE I9 -STACION DE TRABAJO PRO FLASH ZYC00103"
26227,"MODELO",1598297,"436B550RZ747G036"
26227,"MODELO",1598298,"CORE I9 -STACION DE TRABAJO PRO FLASH ZYC00104"
26227,"MODELO",1598299,"CORE I9 -STACION DE TRABAJO PRO FLASH ZYC00106"
26227,"MODELO",1598300,"PCALLCF2046"
26227,"MODELO",1598301,"CR008CI510WP10"
26227,"MODELO",1598302,"53012VUG - PANGUBZ-W5651 - MATESTATION B520"
26227,"MODELO",1598303,"MASTER LINE  GX 310"
26227,"MODELO",1598304,"11K51SSC358"
26227,"MODELO",1598305,"GENWORK NM320V"
26227,"MODELO",1598306,"HP PROMINI 400 G9 DESKTOP"
26227,"MODELO",1598307,"VISSION VP6740"
26227,"MODELO",1598308,"OPTIPLEX 7000 SFF"
26227,"MODELO",1598309,"53012KAE - PANGUBZ-W7651 - MATESTATION B520"
26227,"MODELO",1598310,"DS72101JB330"
26227,"MODELO",1598311,"CORE I7- MIRAGE XYL0040"
26227,"MODELO",1598312,"TORNADO YXL0009"
26227,"MODELO",1598313,"TORNADO YXL00012"
26227,"MODELO",1598314,"CORE I7- MIRAGE XYL0044"
26227,"MODELO",1598315,"TORNADO YXL00013"
26227,"MODELO",1598316,"TORNADO YXL00015"
26227,"MODELO",1598317,"CORE I7- MIRAGE XYL0046"
26227,"MODELO",1598318,"TORNADO YXL00016"
26227,"MODELO",1598319,"11K51SSA004"
26227,"MODELO",1598320,"THINKCENTRE M625Q"
26227,"MODELO",1598321,"VISSION VP6540"
26227,"MODELO",1598322,"MASMASTER LINE  GX 210"
26227,"MODELO",1598323,"HP PROMINI 400G9 DESKTOP"
26227,"MODELO",1598324,"HP ELITE SFF 600 G9"
26227,"MODELO",1598325,"COMPUTADORA MAXTIC BUSINESS I711700"
26227,"MODELO",1598326,"TORNADO YXL00018"
26227,"MODELO",1598327,"CORE I7- MIRAGE XYL0049"
26227,"MODELO",1598328,"CORE I7- MIRAGE XYL0043"
26227,"MODELO",1598329,"OX COMPUTER I7 C183"
26227,"MODELO",1598330,"OX COMPUTER I7 C186"
26227,"MODELO",1598331,"OX COMPUTER I7 C197"
26227,"MODELO",1598332,"OX COMPUTER I7 C185"
26227,"MODELO",1598333,"OX COMPUTER I7 C200"
26227,"MODELO",1598334,"OX COMPUTER I7 C203"
26227,"MODELO",3389786,"MATX5 C300-0023"
26227,"MODELO",1801600,"PRIME 3050"
26227,"MODELO",4147944,"ARCANUS VIN52"
26227,"MODELO",1781801,"AM27"
26227,"MODELO",1781869,"HP PRO 400 G9 SFFHP PRO 400 G9 SFF"
26227,"MODELO",4304408,"SMART GOLD 265"
26227,"MODELO",2906405,"OPTIWORL 6070 V2"
26227,"MODELO",2911580,"TURING5 14° GEN"
26227,"MODELO",2911630,"TURING5 14° GEN"
26227,"MODELO",4277957,"OPTIWORK  3050"
26227,"MODELO",1841966,"OPTIWORK 6090 GPU GTX 1660 6GB"
26227,"MODELO",1761957,"VISSION VO8760"
26227,"MODELO",2441266,"VISSION  VP7360"
26227,"MODELO",1598335,"OX COMPUTER I7 C204"
26227,"MODELO",1598336,"OX COMPUTER I7 C205"
26227,"MODELO",1598337,"OX COMPUTER I7 C206"
26227,"MODELO",1598338,"OX COMPUTER I7 C207"
26227,"MODELO",1598339,"OX COMPUTER I7 C211"
26227,"MODELO",1598340,"OX COMPUTER I7 C215"
26227,"MODELO",1598341,"OX COMPUTER I7 C217"
26227,"MODELO",1598342,"OX COMPUTER I7 C218"
26227,"MODELO",1598343,"OX COMPUTER I7 C219"
26227,"MODELO",1598344,"OXCOI7A900216"
26227,"MODELO",1598345,"OX COMPUTER I7 C221"
26227,"MODELO",1598346,"ESPRIMO Q556/2"
26227,"MODELO",1598347,"OX COMPUTER I7 C222"
26227,"MODELO",1598348,"OX COMPUTER I7 C223"
26227,"MODELO",1598349,"OX COMPUTER I3 A30"
26227,"MODELO",1598350,"OX COMPUTER I3 A31"
26227,"MODELO",1598351,"OX COMPUTER I3 A32"
26227,"MODELO",1598352,"OX COMPUTER I3 A34"
26227,"MODELO",1598353,"OX COMPUTER I3 A37"
26227,"MODELO",1598354,"OX COMPUTER I3 A38"
26227,"MODELO",1598355,"OX COMPUTER I3 A50"
26227,"MODELO",1598356,"OX COMPUTER I3 A54"
26227,"MODELO",1598357,"OX COMPUTER I3 A55"
26227,"MODELO",1598358,"OX COMPUTER I3 A53"
26227,"MODELO",1598359,"OX COMPUTER I5 A92"
26227,"MODELO",1598360,"OX COMPUTER I5 A113"
26227,"MODELO",1598361,"OX COMPUTER I5 A114"
26227,"MODELO",1598362,"OX COMPUTER I5 A103"
26227,"MODELO",1598363,"OX COMPUTER I5 A104"
26227,"MODELO",1598364,"OX COMPUTER I5 A116"
26227,"MODELO",1598365,"OX COMPUTER I5 A117"
26227,"MODELO",1598366,"OX COMPUTER I5 A120"
26227,"MODELO",1598367,"OX COMPUTER I5 A121"
26227,"MODELO",1598368,"OX COMPUTER I5 A123"
26227,"MODELO",1598369,"OX COMPUTER I5 A125"
26227,"MODELO",1598370,"OX COMPUTER I3 A42"
26227,"MODELO",1598371,"OX COMPUTER I3 A46"
26227,"MODELO",1598372,"OX COMPUTER I5 A100"
26227,"MODELO",1598373,"OX COMPUTER I5 A101"
26227,"MODELO",1598374,"OX COMPUTER I5 A102"
26227,"MODELO",1598375,"OX COMPUTER I5 A105"
26227,"MODELO",1598376,"OX COMPUTER I5 A106"
26227,"MODELO",1598377,"OX COMPUTER I5 A107"
26227,"MODELO",1598378,"OX COMPUTER I5 A108"
26227,"MODELO",1598379,"OX COMPUTER I5 A111"
26227,"MODELO",1598380,"OX COMPUTER I5 A112"
26227,"MODELO",1598381,"OX COMPUTER I5 A109"
26227,"MODELO",1598382,"OX COMPUTER I5 A110"
26227,"MODELO",1598383,"OX COMPUTER I5 A127"
26227,"MODELO",1598384,"OX COMPUTER I5 A128"
26227,"MODELO",1598385,"OX COMPUTER I5 A129"
26227,"MODELO",1598386,"OX COMPUTER B100"
26227,"MODELO",1598387,"OX COMPUTER B101"
26227,"MODELO",1598388,"OX COMPUTER B102"
26227,"MODELO",1598389,"OX COMPUTER B104"
26227,"MODELO",1598390,"OX COMPUTER B106"
26227,"MODELO",1598391,"OX COMPUTER B107"
26227,"MODELO",1598392,"OX COMPUTER B109"
26227,"MODELO",1598393,"OX COMPUTER B111"
26227,"MODELO",3389808,"MATX5 C300-0025"
26227,"MODELO",3389812,"MATX5 C300-0026"
26227,"MODELO",1801685,"COMMANDER RL"
26227,"MODELO",2623855,"TURING5 14° GEN"
26227,"MODELO",2623857,"TURING5 14° GEN"
26227,"MODELO",2623865,"TURING5 14° GEN"
26227,"MODELO",2623871,"TURING5 14° GEN"
26227,"MODELO",2623877,"TURING7 14° GEN"
26227,"MODELO",2623879,"TURING7 14° GEN"
26227,"MODELO",2631234,"QUBIT3 14° GEN"
26227,"MODELO",2631246,"QUBIT3 14° GEN"
26227,"MODELO",2631325,"QUBIT3 14° GEN"
26227,"MODELO",3732418,"SMART GOLD 245K"
26227,"MODELO",2773072,"KGD5S00N62B4TA"
26227,"MODELO",1598394,"OX COMPUTER B113"
26227,"MODELO",1598395,"PCEB93S10-P"
26227,"MODELO",1598396,"GENWORK NM322V"
26227,"MODELO",1598397,"THINKCENTRE M75N TC"
26227,"MODELO",1598398,"COMPUTADORA MAXTIC BUSINESS X I710700"
26227,"MODELO",1598399,"TORNADO YXL0001"
26227,"MODELO",1598400,"TORNADO YXL0002"
26227,"MODELO",1598401,"MASTER LINE GX 310"
26227,"MODELO",1598402,"MASTER LINE GX 11"
26227,"MODELO",1598403,"407H410I3X227"
26227,"MODELO",1598404,"407H410I3X226"
26227,"MODELO",1598405,"407H410I3X225"
26227,"MODELO",1598406,"HP PRO SFF 400 G9"
26227,"MODELO",1598407,"HP PRO MINI 400 G9 DESKTOP"
26227,"MODELO",1598408,"MIDDLE LINE"
26227,"MODELO",1598409,"TORNADO YXL0006"
26227,"MODELO",1598410,"TORNADO YXL0007"
26227,"MODELO",1598411,"11K52SSA312"
26227,"MODELO",1598412,"GENWORK EM7200"
26227,"MODELO",1598413,"11K23SSA700"
26227,"MODELO",1598414,"FALCON CRD0041"
26227,"MODELO",1598415,"407H410I3X246"
26227,"MODELO",1598416,"HP PRO 400 G9 SFF"
26227,"MODELO",1598417,"FALCON CRD008"
26227,"MODELO",1598418,"FALCON CRD0022"
26227,"MODELO",1598419,"CORE I7- MIRAGE XYL0027"
26227,"MODELO",1598420,"FALCON CRD0026"
26227,"MODELO",1598421,"FALCON CRD0055"
26227,"MODELO",1598422,"53012TXA - PUBZ-W5891A - MATESTATION B520"
26227,"MODELO",1598423,"PRECISION 3660 TOWER"
26227,"MODELO",1598424,"FALCON CRD0056"
26227,"MODELO",1598425,"FALCON CRD0010"
26227,"MODELO",1598426,"CORE I7- MIRAGE XYL0010"
26227,"MODELO",1598427,"FALCON CRD0018"
26227,"MODELO",1598428,"FALCON CRD0019"
26227,"MODELO",1598429,"FALCON CRD0014"
26227,"MODELO",1598430,"QOI311#2021"
26227,"MODELO",1598431,"MASTER LINE G9 301"
26227,"MODELO",1598432,"DS722V1BB332F"
26227,"MODELO",1598433,"HMLV20VA80BK"
26227,"MODELO",1598434,"GENWORK DT7210"
26227,"MODELO",1598435,"HP ELITEDESK 800 G6 SFF"
26227,"MODELO",1598436,"436B56I7X947"
26227,"MODELO",1598437,"GENWORK DT7200"
26227,"MODELO",1598438,"SMART GOLD 12700K"
26227,"MODELO",1598439,"DS420V1JB332F"
26227,"MODELO",1598440,"436B56XI52331"
26227,"MODELO",1598441,"VC 725805"
26227,"MODELO",1598442,"VC 623B02"
26227,"MODELO",1598443,"VO 627601"
26227,"MODELO",1598444,"VC 61G501"
26227,"MODELO",1598445,"VC 725801"
26227,"MODELO",1598446,"VC2192"
26227,"MODELO",1598447,"VO 615901"
26227,"MODELO",1598448,"VC 627302"
26227,"MODELO",1598449,"VC 737H03"
26227,"MODELO",1598450,"VO 739D01"
26227,"MODELO",1598451,"BASIC G6"
26227,"MODELO",1598452,"VS7311"
26227,"MODELO",1598453,"VC 735806"
26227,"MODELO",1598454,"VC 739803"
26227,"MODELO",2537580,"KAMAY}"
26227,"MODELO",1787827,"HP ELITE SFF 600 G9 DESKTOP"
26227,"MODELO",2888753,"19NUM829"
26227,"MODELO",4089106,"1234"
26227,"MODELO",2623849,"TURING5 14° GEN"
26227,"MODELO",2623851,"TURING5 14° GEN"
26227,"MODELO",2623853,"TURING5 14° GEN"
26227,"MODELO",2623859,"TURING5 14° GEN"
26227,"MODELO",2623861,"TURING5 14° GEN"
26227,"MODELO",2623863,"TURING5 14° GEN"
26227,"MODELO",2623867,"TURING5 14° GEN"
26227,"MODELO",2623869,"TURING5 14° GEN"
26227,"MODELO",2623873,"TURING5 14° GEN"
26227,"MODELO",2623875,"TURING7 14° GEN"
26227,"MODELO",2623887,"TURING7 14° GEN"
26227,"MODELO",2623889,"TURING7 14° GEN"
26227,"MODELO",2623893,"TURING7 14° GEN"
26227,"MODELO",2631298,"QUBIT3 14° GEN"
26227,"MODELO",2631395,"PCAD3VP3500BYLA"
26227,"MODELO",1733747,"OPTIWORK 6050 GPU NVIDIA GTX1650 4GB"
26227,"MODELO",3812095,"1K54SFL6A070"
26227,"MODELO",1598455,"VS 817602"
26227,"MODELO",1598456,"VS 6378"
26227,"MODELO",1598457,"VC2238"
26227,"MODELO",1598458,"VC 618404"
26227,"MODELO",1598459,"VO 613601"
26227,"MODELO",1598460,"VC 717605"
26227,"MODELO",1598461,"70006"
26227,"MODELO",1598462,"EXPERTO"
26227,"MODELO",1598463,"VC 739A06"
26227,"MODELO",1598464,"VC 717606"
26227,"MODELO",1598465,"VC 637403"
26227,"MODELO",1598466,"VS757703"
26227,"MODELO",1598467,"VS837603"
26227,"MODELO",1598468,"VO7197"
26227,"MODELO",1598469,"VC 739G05"
26227,"MODELO",1598470,"VC 619502"
26227,"MODELO",1598471,"VC 607204"
26227,"MODELO",1598472,"VASTO"
26227,"MODELO",1598473,"VC 711402"
26227,"MODELO",1598474,"VO 619101"
26227,"MODELO",1598475,"VO 625501"
26227,"MODELO",1598476,"VC 617105"
26227,"MODELO",1598477,"VC 215303"
26227,"MODELO",1598478,"VC 618604"
26227,"MODELO",1598479,"VC 615902"
26227,"MODELO",1598480,"VC 607503"
26227,"MODELO",1598481,"VO717J"
26227,"MODELO",1598482,"VC 627206"
26227,"MODELO",1598483,"VS819702"
26227,"MODELO",1598484,"VC 715802"
26227,"MODELO",1598485,"VO 827201"
26227,"MODELO",1598486,"OPEN VO 51C7"
26227,"MODELO",1598487,"VC 727301"
26227,"MODELO",1598488,"VC 217304"
26227,"MODELO",1598489,"OPEN VO 7158"
26227,"MODELO",1598490,"VC2235"
26227,"MODELO",1598491,"VC 623A01"
26227,"MODELO",1598492,"VC 219402"
26227,"MODELO",1598493,"VC223A"
26227,"MODELO",1598494,"VS 813701"
26227,"MODELO",1598495,"VC 61G405"
26227,"MODELO",1598496,"VC 613B02"
26227,"MODELO",1598497,"VC 623B05"
26227,"MODELO",1598498,"VC 627303"
26227,"MODELO",1598499,"ELITE SLICE"
26227,"MODELO",1598500,"VC 625403"
26227,"MODELO",1598501,"VC 629406"
26227,"MODELO",1598502,"VC 637204"
26227,"MODELO",1598503,"VC 637502"
26227,"MODELO",1598504,"VC 629506"
26227,"MODELO",1598505,"VC 735701"
26227,"MODELO",1598506,"VO2191"
26227,"MODELO",1598507,"VC 515405"
26227,"MODELO",1598508,"OPTIPLEX 5080 MFF"
26227,"MODELO",1598509,"MASTER LINE G11 522}"
26227,"MODELO",1598510,"OS72203BB330S"
26227,"MODELO",1598511,"SMART PLATINUM 12900K"
26227,"MODELO",1598512,"FALCON CRD0015"
26227,"MODELO",1598513,"CORE I7- MIRAGE XYL0014"
26227,"MODELO",1598514,"CORE I7- MIRAGE XYL0015"
26227,"MODELO",1598515,"CORE I7- MIRAGE XYL0016"
26227,"MODELO",1598516,"MAS"
26227,"MODELO",1598517,"436B56I7X945"
26227,"MODELO",3851169,"1K74SFL6A402"
26227,"MODELO",2877870,"VISSION VP8380"
26227,"MODELO",4052834,"E7G5B212"
26227,"MODELO",3954420,"THINKCENTRE M70S GEN 6"
26227,"MODELO",4202415,"P27PMB647A"
26227,"MODELO",2035032,"VP7760"
26227,"MODELO",1598518,"CORE I7- MIRAGE XYL0017"
26227,"MODELO",1598519,"CORE I7- MIRAGE XYL0013"
26227,"MODELO",1598520,"FALCON CRD0024"
26227,"MODELO",1598521,"MASTER LINE  GXII 230"
26227,"MODELO",1598522,"THINKCENTRE M75S-2 SFF"
26227,"MODELO",1598523,"ARCANUS G3"
26227,"MODELO",1598524,"TORNADO YXL00101"
26227,"MODELO",1598525,"TORNADO YXL00102"
26227,"MODELO",1598526,"FALCON CRD0023"
26227,"MODELO",1598527,"MASTER LINE G11 721"
26227,"MODELO",1598528,"KEROS SFF 3010"
26227,"MODELO",1598529,"KEROS SFF 5010"
26227,"MODELO",1598530,"PCEB107D125S10-H-4V"
26227,"MODELO",1598531,"TORNADO YXL00098"
26227,"MODELO",1598532,"11K5010S209"
26227,"MODELO",1598533,"GENWORK DM721W"
26227,"MODELO",1598534,"FALCON CRD0016"
26227,"MODELO",1598535,"CORE I7- MIRAGE XYL0012"
26227,"MODELO",1598536,"FALCON CRD009"
26227,"MODELO",1598537,"CORE I7- MIRAGE XYL008"
26227,"MODELO",1598538,"FALCON CRD0012"
26227,"MODELO",1598539,"FALCON CRD0013"
26227,"MODELO",1598540,"COMMANDER GX"
26227,"MODELO",1598541,"MDP2209L1E4B1"
26227,"MODELO",1598542,"TORNADO YXL00105"
26227,"MODELO",1598543,"THINKCENTRE M90N-1"
26227,"MODELO",1598544,"THINKCENTRE M70Q"
26227,"MODELO",1598545,"CORE I7- MIRAGE XYL006"
26227,"MODELO",1598546,"FALCON CRD0021"
26227,"MODELO",1598547,"CORE I7- MIRAGE XYL007"
26227,"MODELO",1598548,"FALCON CRD0011"
26227,"MODELO",1598549,"FALCON CRD0020"
26227,"MODELO",1598550,"CORE I7- MIRAGE XYL0011"
26227,"MODELO",1598551,"VC 617302"
26227,"MODELO",1598552,"VC 61D404"
26227,"MODELO",1598553,"VC 623704"
26227,"MODELO",1598554,"VC 717404"
26227,"MODELO",1598555,"VC 737701"
26227,"MODELO",1598556,"VC 219608"
26227,"MODELO",1598557,"VC 605802"
26227,"MODELO",1598558,"VC 607605"
26227,"MODELO",1598559,"VC 615903"
26227,"MODELO",1598560,"VC 725604"
26227,"MODELO",1598561,"VO 613701"
26227,"MODELO",1598562,"480010"
26227,"MODELO",1598563,"PRODESK 400 G3"
26227,"MODELO",1598564,"480016"
26227,"MODELO",1598565,"480023"
26227,"MODELO",1598566,"VC 215304"
26227,"MODELO",1598567,"VC 215802"
26227,"MODELO",1598568,"VC 727501"
26227,"MODELO",1598569,"VC 737D05"
26227,"MODELO",1598570,"VO 737901"
26227,"MODELO",1598571,"VS 827203"
26227,"MODELO",1598572,"VC 217609"
26227,"MODELO",1598573,"VC 217709"
26227,"MODELO",1598574,"VC 217A09"
26227,"MODELO",1598575,"VC 613D03"
26227,"MODELO",1598576,"VC 61D402"
26227,"MODELO",1598577,"VC 61D601"
26227,"MODELO",1598578,"VC 735503"
26227,"MODELO",1598579,"VC 737H02"
26227,"MODELO",3850936,"1K74SFL6A453"
26227,"MODELO",3851323,"VISSION VP7980"
26227,"MODELO",3851328,"1K74SFL6A408"
26227,"MODELO",1913394,"OPTIMUS MT12700K"
26227,"MODELO",4144151,"MASTER LINE U7-S2 353"
26227,"MODELO",4052590,"VISSION VO5780"
26227,"MODELO",3837615,"DELL PRO SLIM"
26227,"MODELO",3812220,"1K54SFL6A129"
26227,"MODELO",1598580,"VC2159"
26227,"MODELO",1598581,"VS 817703"
26227,"MODELO",1598582,"VC2352"
26227,"MODELO",1598583,"VC2395"
26227,"MODELO",1598584,"VO 613A01"
26227,"MODELO",1598585,"VS719C"
26227,"MODELO",1598586,"THINKCENTRE M83 MINI TOWER"
26227,"MODELO",1598587,"VC 217302"
26227,"MODELO",1598588,"VC 605703"
26227,"MODELO",1598589,"VC 623201"
26227,"MODELO",1598590,"VC 719305"
26227,"MODELO",1598591,"VC 737603"
26227,"MODELO",1598592,"ELITEDESK 800 G2"
26227,"MODELO",1598593,"VC 607302"
26227,"MODELO",1598594,"800 G1 USDT"
26227,"MODELO",1598595,"CORPORATIVO"
26227,"MODELO",1598596,"VC 217402"
26227,"MODELO",1598597,"VC 515502"
26227,"MODELO",1598598,"VC 615506"
26227,"MODELO",1598599,"VC 727406"
26227,"MODELO",1598600,"VC 735E03"
26227,"MODELO",1598601,"VC 737601"
26227,"MODELO",1598602,"VS853702"
26227,"MODELO",1598603,"VC 737402"
26227,"MODELO",1598604,"VC 615501"
26227,"MODELO",1598605,"VC 607506"
26227,"MODELO",1598606,"VC 639806"
26227,"MODELO",1598607,"VC 605902"
26227,"MODELO",1598608,"ELITE 8300 CMT"
26227,"MODELO",1598609,"VO5896"
26227,"MODELO",1598610,"VC 629106"
26227,"MODELO",1598611,"FE701"
26227,"MODELO",1598612,"VO 727501"
26227,"MODELO",1598613,"VC 605804"
26227,"MODELO",1598614,"DYNAMIC"
26227,"MODELO",1598615,"VC 517205"
26227,"MODELO",1598616,"VS 623204"
26227,"MODELO",1598617,"VC 517406"
26227,"MODELO",1598618,"480030"
26227,"MODELO",1598619,"VC 613606"
26227,"MODELO",1598620,"VC 607301"
26227,"MODELO",1598621,"VC 639805"
26227,"MODELO",1598622,"TORNADO YXL00100"
26227,"MODELO",1598623,"536Z69I5XII4M202"
26227,"MODELO",1598624,"FALCON CRD0075"
26227,"MODELO",1598625,"436B56I7X934"
26227,"MODELO",1598626,"436B56I7X946"
26227,"MODELO",1598627,"VC 735502"
26227,"MODELO",1598628,"VC 618603"
26227,"MODELO",1598629,"VC 623701"
26227,"MODELO",1598630,"VO5856"
26227,"MODELO",1598631,"VS839702"
26227,"MODELO",1598632,"VC 725705"
26227,"MODELO",1598633,"VC 725701"
26227,"MODELO",1598634,"VC 219A09"
26227,"MODELO",1598635,"VC 725601"
26227,"MODELO",1598636,"VC2270"
26227,"MODELO",1598637,"VO 629401"
26227,"MODELO",1598638,"VC 217A05"
26227,"MODELO",1598639,"VC 607202"
26227,"MODELO",1598640,"VC 219407"
26227,"MODELO",1598641,"VC 623801"
26227,"MODELO",1598642,"VC 627601"
26227,"MODELO",1598643,"VC 619101"
26227,"MODELO",1926011,"ELANTRA"
26227,"MODELO",2030908,"THINKCENTRE M90S GEN 4"
26227,"MODELO",4088466,"1027"
26227,"MODELO",1976549,"OPTIMUS MT11900K"
26227,"MODELO",1598644,"VC 735404"
26227,"MODELO",1598645,"VC 639204"
26227,"MODELO",1598646,"VC 217303"
26227,"MODELO",1598647,"VO 219105"
26227,"MODELO",1598648,"VC2351"
26227,"MODELO",1598649,"VC 639303"
26227,"MODELO",1598650,"VC 725402"
26227,"MODELO",1598651,"PRODESK 400 G2.5 SFF"
26227,"MODELO",1598652,"VC2355"
26227,"MODELO",1598653,"VC 615806"
26227,"MODELO",1598654,"VC 639405"
26227,"MODELO",1598655,"48005"
26227,"MODELO",1598656,"VO 623701"
26227,"MODELO",1598657,"VC 215A06"
26227,"MODELO",1598658,"VC 739C04"
26227,"MODELO",1598659,"VO 625801"
26227,"MODELO",1598660,"M73 SFF"
26227,"MODELO",1598661,"MEDIUM"
26227,"MODELO",1598662,"VC 215305"
26227,"MODELO",1598663,"VC 219B06"
26227,"MODELO",1598664,"VC 623D05"
26227,"MODELO",1598665,"VC 719506"
26227,"MODELO",1598666,"VC 637404"
26227,"MODELO",1598667,"VC 725804"
26227,"MODELO",1598668,"VO 215106"
26227,"MODELO",1598669,"M93P SFF"
26227,"MODELO",1598670,"OPTIPLEX 3020 SFF"
26227,"MODELO",1598671,"VC2239"
26227,"MODELO",1598672,"VO 737D01"
26227,"MODELO",1598673,"VS7338"
26227,"MODELO",1598674,"VS7496"
26227,"MODELO",1598675,"M82"
26227,"MODELO",1598676,"VC 639502"
26227,"MODELO",1598677,"VC 735703"
26227,"MODELO",1598678,"VC 219802"
26227,"MODELO",1598679,"VC 613304"
26227,"MODELO",1598680,"VC 613406"
26227,"MODELO",1598681,"480022"
26227,"MODELO",1598682,"APU P4"
26227,"MODELO",1598683,"MNCM0001"
26227,"MODELO",1598684,"VC 215A03"
26227,"MODELO",1598685,"VS7396"
26227,"MODELO",1598686,"VC 619205"
26227,"MODELO",1598687,"VC 625703"
26227,"MODELO",1598688,"VC 735C05"
26227,"MODELO",1598689,"VC 735E04"
26227,"MODELO",1598690,"VC 739D01"
26227,"MODELO",1598691,"VO 625401"
26227,"MODELO",1598692,"47008"
26227,"MODELO",1598693,"VC 517603"
26227,"MODELO",1598694,"VC 605504"
26227,"MODELO",1598695,"OFFICE"
26227,"MODELO",1598696,"VC 629304"
26227,"MODELO",1598697,"VC 627101"
26227,"MODELO",1598698,"PLATINUM 10900K"
26227,"MODELO",1598699,"THINKCENTRE M90N-1"
26227,"MODELO",1598700,"INSOMED EMPRESARIAL I7- FREE"
26227,"MODELO",1598701,"CORE I7- MIRAGE XYL0024"
26227,"MODELO",1598702,"CORE I7- MIRAGE XYL0025"
26227,"MODELO",1598703,"THINKCENTRE M80Q"
26227,"MODELO",1598704,"FALCON CRD0047"
26227,"MODELO",1598705,"FALCON CRD0044"
26227,"MODELO",1598706,"VC 735504"
26227,"MODELO",1927144,"OPTIMUS MT12900KF"
26227,"MODELO",1729480,"MADITEK SKY5-10400"
26227,"MODELO",3897995,"MINI RAE5"
26227,"MODELO",3809618,"MDP2408L1UL1P"
26227,"MODELO",3732690,"SMART GOLD 265K"
26227,"MODELO",1598707,"VC 613602"
26227,"MODELO",1598708,"VS7159"
26227,"MODELO",1598709,"VS7332"
26227,"MODELO",1598710,"VO 629501"
26227,"MODELO",1598711,"VS719E"
26227,"MODELO",1598712,"VC 637701"
26227,"MODELO",1598713,"VC 739A04"
26227,"MODELO",1598714,"VO 607301"
26227,"MODELO",1598715,"VC 623501"
26227,"MODELO",1598716,"VC 613605"
26227,"MODELO",1598717,"VC 627402"
26227,"MODELO",1598718,"VC 715404"
26227,"MODELO",1598719,"VC 719304"
26227,"MODELO",1598720,"VC 737404"
26227,"MODELO",1598721,"VC 735805"
26227,"MODELO",1598722,"VO7199"
26227,"MODELO",1598723,"VO 735A01"
26227,"MODELO",1598724,"70008"
26227,"MODELO",1598725,"VC 613B04"
26227,"MODELO",1598726,"VC 61B602"
26227,"MODELO",1598727,"VC 623D06"
26227,"MODELO",1598728,"VC 627406"
26227,"MODELO",1598729,"VC 637302"
26227,"MODELO",1598730,"VS829601"
26227,"MODELO",1598731,"VC 715805"
26227,"MODELO",1598732,"VC 737A01"
26227,"MODELO",1598733,"VC 739901"
26227,"MODELO",1598734,"VO 215205"
26227,"MODELO",1598735,"VS 815801"
26227,"MODELO",1598736,"VO 629201"
26227,"MODELO",1598737,"VO 639601"
26227,"MODELO",1598738,"VS7477"
26227,"MODELO",1598739,"VS823302"
26227,"MODELO",1598740,"400 G1 MT"
26227,"MODELO",1598741,"VC 217505"
26227,"MODELO",1598742,"VC 219305"
26227,"MODELO",1598743,"VO 737G01"
26227,"MODELO",1598744,"VC 617402"
26227,"MODELO",1598745,"VC 629502"
26227,"MODELO",1598746,"VC 725606"
26227,"MODELO",1598747,"VC 735B04"
26227,"MODELO",1598748,"VC229D"
26227,"MODELO",1598749,"VO 623201"
26227,"MODELO",1598750,"VC 625905"
26227,"MODELO",1598751,"VC2199"
26227,"MODELO",1598752,"VC225C"
26227,"MODELO",1598753,"VC 217106"
26227,"MODELO",1598754,"3500 MT"
26227,"MODELO",1598755,"VC 739F03"
26227,"MODELO",1598756,"VS7379"
26227,"MODELO",1598757,"THINKCENTRE M900 TINY"
26227,"MODELO",1598758,"VC 217109"
26227,"MODELO",1598759,"VC 715501"
26227,"MODELO",1598760,"VC 517106"
26227,"MODELO",1598761,"VC 613A04"
26227,"MODELO",1598762,"VS5897"
26227,"MODELO",1598763,"VC 219807"
26227,"MODELO",1598764,"VS 815802"
26227,"MODELO",1598765,"VISUAL"
26227,"MODELO",1598766,"PRODESK 600 G1 TWR"
26227,"MODELO",1598767,"VC 215904"
26227,"MODELO",1598768,"VC 623505"
26227,"MODELO",1598769,"VS 813702"
26227,"MODELO",1598770,"VC 735604"
26227,"MODELO",2910918,"TURING5 14° GEN"
26227,"MODELO",4089057,"PCAD3VP3710BTDC"
26227,"MODELO",3837624,"THINKCENTRE NEO 30S GEN 5"
26227,"MODELO",2502377,"436B76I54XIIIM017"
26227,"MODELO",1598771,"VS 815503"
26227,"MODELO",1598772,"VC 607303"
26227,"MODELO",1598773,"VC 613901"
26227,"MODELO",1598774,"VC 61D406"
26227,"MODELO",1598775,"VC 735904"
26227,"MODELO",1598776,"SITH7-12700"
26227,"MODELO",1598777,"PREMIUN X"
26227,"MODELO",1598778,"INSOMED EMPRESARIAL I7 PREMIUN X"
26227,"MODELO",1598779,"FALCON CRD0052"
26227,"MODELO",1598780,"FALCON CRD0054"
26227,"MODELO",1598781,"FALCON CRD0061"
26227,"MODELO",1598782,"FALCON CRD0068"
26227,"MODELO",1598783,"FALCON CRD0069"
26227,"MODELO",1598784,"GENWORK DM3200"
26227,"MODELO",1598785,"GENWORK DM4200"
26227,"MODELO",1598786,"GENWORK DM4210"
26227,"MODELO",1598787,"GENWORK DM4220"
26227,"MODELO",1598788,"EXECUTIVE XII"
26227,"MODELO",1598789,"MASTER LINE  GXII 200"
26227,"MODELO",1598790,"INVADER PRO G3"
26227,"MODELO",1598791,"GENWORK DM921T"
26227,"MODELO",1598792,"ARCANUS PRO X7"
26227,"MODELO",1598793,"TS72102EB330S"
26227,"MODELO",1598794,"SMART 12400"
26227,"MODELO",1598795,"SMART GOLD 10700K"
26227,"MODELO",1598796,"FALCON CRD0058"
26227,"MODELO",1598797,"11K72SSB125"
26227,"MODELO",1598798,"11CVS1KL00"
26227,"MODELO",1598799,"11K51SSC112"
26227,"MODELO",1598800,"FALCON CRD0043"
26227,"MODELO",1598801,"FALCON CRD0045"
26227,"MODELO",1598802,"GENWORK DM3210"
26227,"MODELO",1598803,"VC2297"
26227,"MODELO",1598804,"VS757802"
26227,"MODELO",1598805,"M73E"
26227,"MODELO",1598806,"OPEN VO 6358"
26227,"MODELO",1598807,"SMART PTG4"
26227,"MODELO",1598808,"VC 737E02"
26227,"MODELO",1598809,"VC 613C03"
26227,"MODELO",1598810,"PRO 6300 MT"
26227,"MODELO",1598811,"VC 629501"
26227,"MODELO",1598812,"VC 637704"
26227,"MODELO",1598813,"VC 715906"
26227,"MODELO",1598814,"VC 627305"
26227,"MODELO",1598815,"VO 215207"
26227,"MODELO",1598816,"VC 717406"
26227,"MODELO",1598817,"VC 607504"
26227,"MODELO",1598818,"VC 625505"
26227,"MODELO",1598819,"VC 629306"
26227,"MODELO",1598820,"VC 637206"
26227,"MODELO",1598821,"VC 739C05"
26227,"MODELO",1598822,"VC 607602"
26227,"MODELO",1598823,"M92P"
26227,"MODELO",1598824,"FE704"
26227,"MODELO",1598825,"VC 61B401"
26227,"MODELO",1598826,"VS757801"
26227,"MODELO",1598827,"VC 737B02"
26227,"MODELO",1598828,"VCO2296"
26227,"MODELO",1598829,"VO 637501"
26227,"MODELO",1598830,"VC 613A03"
26227,"MODELO",1598831,"VCO2251"
26227,"MODELO",1598832,"VO 217104"
26227,"MODELO",1598833,"VO 623301"
26227,"MODELO",2910953,"TURING5 14° GEN"
26227,"MODELO",4089344,"1219"
26227,"MODELO",4127846,"THINKSTATION P2 TOWER"
26227,"MODELO",2502567,"MASTER LINE GXIII 340"
26227,"MODELO",1749551,"FALCON CRD093"
26227,"MODELO",1749793,"FALCON CRD098"
26227,"MODELO",2030528,"8Y973LS#ABM-OHM1G"
26227,"MODELO",1598834,"VC 637705"
26227,"MODELO",1598835,"VS7495"
26227,"MODELO",1598836,"VC 217601"
26227,"MODELO",1598837,"70001"
26227,"MODELO",1598838,"VC 219B04"
26227,"MODELO",1598839,"VC 607405"
26227,"MODELO",1598840,"VO 639401"
26227,"MODELO",1598841,"THINKCENTRE M93P SFF PRO"
26227,"MODELO",1598842,"VC 215505"
26227,"MODELO",1598843,"VCO2350"
26227,"MODELO",1598844,"VC 711603"
26227,"MODELO",1598845,"VC 613705"
26227,"MODELO",1598846,"VS821401"
26227,"MODELO",1598847,"VC2394"
26227,"MODELO",1598848,"VC 217B05"
26227,"MODELO",1598849,"480027"
26227,"MODELO",1598850,"VC 217B06"
26227,"MODELO",1598851,"VO 739F01"
26227,"MODELO",1598852,"VO 711401"
26227,"MODELO",1598853,"VO 739H01"
26227,"MODELO",1598854,"VC 739F01"
26227,"MODELO",1598855,"VC 623A03"
26227,"MODELO",1598856,"VS821303"
26227,"MODELO",1598857,"VC 739801"
26227,"MODELO",1598858,"VC2232"
26227,"MODELO",1598859,"VC 219A03"
26227,"MODELO",1598860,"VS7475"
26227,"MODELO",1598861,"VS7777"
26227,"MODELO",1598862,"VC 737C06"
26227,"MODELO",1598863,"VS839602"
26227,"MODELO",1598864,"VO 217207"
26227,"MODELO",1598865,"GOLD 7000"
26227,"MODELO",1598866,"48007"
26227,"MODELO",1598867,"VC 725704"
26227,"MODELO",1598868,"VO 829601"
26227,"MODELO",1598869,"VC 619603"
26227,"MODELO",1598870,"VC 623602"
26227,"MODELO",1598871,"VS7359"
26227,"MODELO",1598872,"VS7676"
26227,"MODELO",1598873,"VS823402"
26227,"MODELO",1598874,"VC 61G502"
26227,"MODELO",1598875,"VS 813603"
26227,"MODELO",1598876,"VC 735506"
26227,"MODELO",1598877,"VC 623403"
26227,"MODELO",1598878,"VO 613C01"
26227,"MODELO",1598879,"VC 215506"
26227,"MODELO",1598880,"OPEN VO 7156"
26227,"MODELO",1598881,"VS 813503"
26227,"MODELO",1598882,"VC 215601"
26227,"MODELO",1598883,"MASTER LINE  INFINITY MI 204"
26227,"MODELO",1598884,"FALCON CRD0070"
26227,"MODELO",1598885,"FALCON CRD0077"
26227,"MODELO",1598886,"LENOVO V50S"
26227,"MODELO",1598887,"VC 717202"
26227,"MODELO",1598888,"VS839701"
26227,"MODELO",1598889,"VC 739704"
26227,"MODELO",1598890,"VC 219104"
26227,"MODELO",1598891,"VC 725703"
26227,"MODELO",1598892,"VC 617206"
26227,"MODELO",1598893,"VC 515505"
26227,"MODELO",1598894,"VC 61D503"
26227,"MODELO",1598895,"VC 617205"
26227,"MODELO",1598896,"VC 623B03"
26227,"MODELO",1598897,"VC 617603"
26227,"MODELO",2910903,"TURING5 14° GEN"
26227,"MODELO",4222728,"M70S GEN 6"
26227,"MODELO",1771436,"OPTIWORK 6050 GPU NVIDIA RTX3060 TI 8GB3"
26227,"MODELO",2623635,"TURING5 13° GEN"
26227,"MODELO",2623686,"TURING5 14° GEN"
26227,"MODELO",2623706,"TURING5 14° GEN"
26227,"MODELO",2626096,"TURING7 14° GEN"
26227,"MODELO",2626102,"TURING7 14° GEN"
26227,"MODELO",2626111,"TURING7 14° GEN"
26227,"MODELO",2626117,"TURING7 14° GEN"
26227,"MODELO",2626121,"TURING7 14° GEN"
26227,"MODELO",1886002,"ALLKA230604"
26227,"MODELO",3856515,"1K5U2SFL8A140"
26227,"MODELO",3856536,"1K5U2SFL8A210"
26227,"MODELO",2811841,"ALLKAMGC243711X"
26227,"MODELO",4104977,"ALL25KAIU7074."
26227,"MODELO",2556451,"WANX-13700-V8"
26227,"MODELO",1598898,"VC 739G04"
26227,"MODELO",1598899,"VO 735901"
26227,"MODELO",1598900,"VC 715701"
26227,"MODELO",1598901,"VC 735D04"
26227,"MODELO",1598902,"VC 613703"
26227,"MODELO",1598903,"VO 717501"
26227,"MODELO",1598904,"VC 739B03"
26227,"MODELO",1598905,"VS839703"
26227,"MODELO",1598906,"VC 215207"
26227,"MODELO",1598907,"VC 627603"
26227,"MODELO",1598908,"VISSION VS 7156"
26227,"MODELO",1598909,"VS827802"
26227,"MODELO",1598910,"VC 625904"
26227,"MODELO",1598911,"VS 817501"
26227,"MODELO",1598912,"VC 61B601"
26227,"MODELO",1598913,"VO 815701"
26227,"MODELO",1598914,"SMART 12700"
26227,"MODELO",1598915,"OPTIPEX 7090 SFF"
26227,"MODELO",1598916,"FALCON CRD0046"
26227,"MODELO",1598917,"FALCON CRD0048"
26227,"MODELO",1598918,"GENWORK DM3220"
26227,"MODELO",1598919,"VO 637801"
26227,"MODELO",1598920,"VC 613D02"
26227,"MODELO",1598921,"VC 217708"
26227,"MODELO",1598922,"VC 618506"
26227,"MODELO",1598923,"M83 SFF"
26227,"MODELO",1598924,"FE702"
26227,"MODELO",1598925,"VC 517403"
26227,"MODELO",1598926,"VC 215803"
26227,"MODELO",1598927,"VC 613206"
26227,"MODELO",1598928,"480015"
26227,"MODELO",1598929,"VC 617201"
26227,"MODELO",1598930,"VC 61D603"
26227,"MODELO",1598931,"VC 737D01"
26227,"MODELO",1598932,"VO 719101"
26227,"MODELO",1598933,"VC2272"
26227,"MODELO",1598934,"VO 607601"
26227,"MODELO",1598935,"VC 639801"
26227,"MODELO",1598936,"VO 827401"
26227,"MODELO",1598937,"VC 627602"
26227,"MODELO",1598938,"VC 629504"
26227,"MODELO",1598939,"VC 719404"
26227,"MODELO",1598940,"VC 727503"
26227,"MODELO",1598941,"SMART 7000"
26227,"MODELO",1598942,"VC 639604"
26227,"MODELO",1598943,"VS 719103"
26227,"MODELO",1598944,"VS821202"
26227,"MODELO",1598945,"VC 215203"
26227,"MODELO",1598946,"THINKCENTRE M93 SFF"
26227,"MODELO",1598947,"VC 623B01"
26227,"MODELO",1598948,"VC 727203"
26227,"MODELO",1598949,"PRODESK 800 G2 SFF"
26227,"MODELO",1598950,"VC 629203"
26227,"MODELO",1598951,"VC 739D03"
26227,"MODELO",1598952,"VS 827201"
26227,"MODELO",1598953,"VC 615704"
26227,"MODELO",1598954,"VC 711601"
26227,"MODELO",1598955,"VS829701"
26227,"MODELO",1598956,"ENTERPRISE BASIC 200"
26227,"MODELO",1598957,"LEO-TWR"
26227,"MODELO",1598958,"SMART PLATINUM 7000"
26227,"MODELO",1598959,"VC 717503"
26227,"MODELO",1598960,"VO 215102"
26227,"MODELO",4222925,"MDP2604D3P5ZT"
26227,"MODELO",2623699,"TURING5 14° GEN"
26227,"MODELO",2623703,"TURING5 14° GEN"
26227,"MODELO",2623760,"TURING5 14° GEN"
26227,"MODELO",2623763,"TURING5 14° GEN"
26227,"MODELO",2626109,"TURING7 14° GEN"
26227,"MODELO",2626150,"TURING7 14° GEN"
26227,"MODELO",2626168,"TURING7 14° GEN"
26227,"MODELO",2626177,"TURING7 14° GEN"
26227,"MODELO",3856505,"1,668"
26227,"MODELO",3856514,"2,119"
26227,"MODELO",3921223,"FURION F7"
26227,"MODELO",1800170,"CORE I9 -STACION DE TRABAJO PRO FLASH ZYC00210"
26227,"MODELO",1598961,"VC 217A07"
26227,"MODELO",1598962,"VC 739605"
26227,"MODELO",1598963,"VC 515706"
26227,"MODELO",1598964,"VC 623601"
26227,"MODELO",1598965,"VC 217207"
26227,"MODELO",1598966,"VC 217704"
26227,"MODELO",1598967,"VC 637202"
26227,"MODELO",1598968,"VISSION VS 717O"
26227,"MODELO",1598969,"VC 217203"
26227,"MODELO",1598970,"VO 219204"
26227,"MODELO",1598971,"VC 613D04"
26227,"MODELO",1598972,"VC2279"
26227,"MODELO",1598973,"VC 639803"
26227,"MODELO",1598974,"VC 605602"
26227,"MODELO",1598975,"VC 623502"
26227,"MODELO",1598976,"VC 623901"
26227,"MODELO",1598977,"VO 215202"
26227,"MODELO",1598978,"VS7576"
26227,"MODELO",1598979,"VO 711501"
26227,"MODELO",1598980,"VS7313"
26227,"MODELO",1598981,"VC 61G504"
26227,"MODELO",1598982,"VC 623206"
26227,"MODELO",1598983,"VC 639802"
26227,"MODELO",1598984,"VC 727504"
26227,"MODELO",1598985,"VC 739C06"
26227,"MODELO",1598986,"VC2256"
26227,"MODELO",1598987,"VC 637501"
26227,"MODELO",1598988,"VC 735802"
26227,"MODELO",1598989,"VC2390"
26227,"MODELO",1598990,"VO 618401"
26227,"MODELO",1598991,"VS819602"
26227,"MODELO",1598992,"VS855703"
26227,"MODELO",1598993,"FE705"
26227,"MODELO",1598994,"VC 515902"
26227,"MODELO",1598995,"VC 605906"
26227,"MODELO",1598996,"VC 607104"
26227,"MODELO",1598997,"VC 61B403"
26227,"MODELO",1598998,"VC 637401"
26227,"MODELO",1598999,"VC 619201"
26227,"MODELO",1599000,"VC 61D602"
26227,"MODELO",1599001,"VC 623A06"
26227,"MODELO",1599002,"VC 517105"
26227,"MODELO",1599003,"VC 627104"
26227,"MODELO",1599004,"VC 727105"
26227,"MODELO",1599005,"VC 737A04"
26227,"MODELO",1599006,"VCO2293"
26227,"MODELO",1599007,"VO 717101"
26227,"MODELO",1599008,"48009"
26227,"MODELO",1599009,"ELITEDESK 705 G2 MT"
26227,"MODELO",1599010,"VC 219905"
26227,"MODELO",1599011,"VC 607304"
26227,"MODELO",1599012,"VC 619406"
26227,"MODELO",1599013,"VC 619501"
26227,"MODELO",1599014,"VO 829501"
26227,"MODELO",1599015,"VC 735606"
26227,"MODELO",1599016,"VC2194"
26227,"MODELO",1599017,"VO7376"
26227,"MODELO",1599018,"VC 613504"
26227,"MODELO",1599019,"VO2232"
26227,"MODELO",1599020,"VC 217105"
26227,"MODELO",1599021,"VISSION VO5858"
26227,"MODELO",1599022,"VC 637804"
26227,"MODELO",1599023,"200 G1 MT"
26227,"MODELO",1599024,"VC 219B05"
26227,"MODELO",3775386,"TURING5 14° GEN"
26227,"MODELO",4093930,"RDG14-716SD5WOH3DV12"
26227,"MODELO",4094023,"HP ELITEDESK 8 MINI G1A DESKTOP PC"
26227,"MODELO",2623649,"TURING5 14° GEN"
26227,"MODELO",2623769,"TURING5 14° GEN"
26227,"MODELO",2623780,"TURING5 14° GEN"
26227,"MODELO",2623788,"TURING5 14° GEN"
26227,"MODELO",2623794,"TURING5 14° GEN"
26227,"MODELO",2623801,"TURING5 14° GEN"
26227,"MODELO",3823215,"1K74SFL6A309"
26227,"MODELO",2626192,"TURING7 14° GEN"
26227,"MODELO",2626210,"TURING7 14° GEN"
26227,"MODELO",2626231,"TURING7 14° GEN"
26227,"MODELO",1998278,"DESKTOP003GCSCI913900K"
26227,"MODELO",2812046,"ALLKAMMF24VQ8JM"
26227,"MODELO",1737417,"CORE I9 -STACION DE TRABAJO PRO FLASH ZYC00192"
26227,"MODELO",3921199,"FURION F5"
26227,"MODELO",1799908,"CORE I9 -STACION DE TRABAJO PRO FLASH ZYC00209"
26227,"MODELO",1599025,"VC 623205"
26227,"MODELO",1599026,"SMART GOLD 7000"
26227,"MODELO",1599027,"SUPERIOR"
26227,"MODELO",1599028,"VC 215105"
26227,"MODELO",1599029,"VS839803"
26227,"MODELO",1599030,"VC 711501"
26227,"MODELO",1599031,"VC 717501"
26227,"MODELO",1599032,"VC 737606"
26227,"MODELO",1599033,"VC2276"
26227,"MODELO",1599034,"VO 711701"
26227,"MODELO",1599035,"VO715B"
26227,"MODELO",1599036,"VC 615701"
26227,"MODELO",1599037,"VC 615906"
26227,"MODELO",1599038,"VC 637406"
26227,"MODELO",1599039,"VC 719503"
26227,"MODELO",1599040,"VC 737604"
26227,"MODELO",1599041,"VO 515601"
26227,"MODELO",1599042,"ALMA F7"
26227,"MODELO",1599043,"OPEN VO 7157"
26227,"MODELO",1599044,"VC 217A02"
26227,"MODELO",1599045,"VC 735903"
26227,"MODELO",1599046,"PS038MW0VA2010"
26227,"MODELO",1599047,"VS 817701"
26227,"MODELO",1599048,"OPTIPLEX 9020 MT"
26227,"MODELO",1599049,"VC 639703"
26227,"MODELO",1599050,"VC 607601"
26227,"MODELO",1599051,"VC 623603"
26227,"MODELO",1599052,"VC 515406"
26227,"MODELO",1599053,"VC 715401"
26227,"MODELO",1599054,"VC 739C03"
26227,"MODELO",1599055,"VC 715606"
26227,"MODELO",1599056,"VISSION VO5857"
26227,"MODELO",1599057,"VISSION VS 717L"
26227,"MODELO",1599058,"OPTIPLEX 3040 SFF"
26227,"MODELO",1599059,"VS 813602"
26227,"MODELO",1599060,"VC 517505"
26227,"MODELO",1599061,"VC 737403"
26227,"MODELO",1599062,"VCO2390"
26227,"MODELO",1599063,"VC 627304"
26227,"MODELO",1599064,"VS7297"
26227,"MODELO",1599065,"VC 607206"
26227,"MODELO",1599066,"VISSION VS 7877"
26227,"MODELO",1599067,"GB-BSI7HA-6500"
26227,"MODELO",1599068,"ARMADA"
26227,"MODELO",1599069,"VC 219A02"
26227,"MODELO",1599070,"VC 727403"
26227,"MODELO",1599071,"PRODESK 600 G2 MT"
26227,"MODELO",1599072,"VC 623605"
26227,"MODELO",1599073,"VS7598"
26227,"MODELO",1599074,"VC2155"
26227,"MODELO",1599075,"VC 613904"
26227,"MODELO",1599076,"VO 61B601"
26227,"MODELO",1599077,"VC 717103"
26227,"MODELO",1599078,"VC 613B03"
26227,"MODELO",1599079,"VC227B"
26227,"MODELO",1599080,"VS 817603"
26227,"MODELO",1599081,"VC 615802"
26227,"MODELO",1599082,"VS853603"
26227,"MODELO",1599083,"VS 629402"
26227,"MODELO",1599084,"VO 215104"
26227,"MODELO",1599085,"VC 215101"
26227,"MODELO",1599086,"VS 829303"
26227,"MODELO",1599087,"LIDER"
26227,"MODELO",1599088,"VC 739H04"
26227,"MODELO",2138706,"FORTIN-13400 MDP2305Q6D3UK"
26227,"MODELO",2138710,"FORTIN-13400 MDP2305K0I8P5"
26227,"MODELO",1771509,"ARMADA XII"
26227,"MODELO",2623809,"TURING5 14° GEN"
26227,"MODELO",2623820,"TURING5 14° GEN"
26227,"MODELO",2626203,"TURING7 14° GEN"
26227,"MODELO",2626238,"TURING7 14° GEN"
26227,"MODELO",1599089,"VISSION VS 717M"
26227,"MODELO",1599090,"VC 717204"
26227,"MODELO",1599091,"VO 619601"
26227,"MODELO",1599092,"VC 619304"
26227,"MODELO",1599093,"VC 739706"
26227,"MODELO",1599094,"VC 613801"
26227,"MODELO",1599095,"VO 827301"
26227,"MODELO",1599096,"VS829802"
26227,"MODELO",1599097,"WAYRA M6"
26227,"MODELO",1599098,"VC 119201"
26227,"MODELO",1599099,"VC 625802"
26227,"MODELO",1599100,"VS827503"
26227,"MODELO",1599101,"VC 619601"
26227,"MODELO",1599102,"VC 739B04"
26227,"MODELO",1599103,"VC 605404"
26227,"MODELO",1599104,"VC2251"
26227,"MODELO",1599105,"VC 717603"
26227,"MODELO",1599106,"VC 515803"
26227,"MODELO",1599107,"VC 61B502"
26227,"MODELO",1599108,"VS823403"
26227,"MODELO",1599109,"VC 623303"
26227,"MODELO",1599110,"VO 217103"
26227,"MODELO",1599111,"VC 215104"
26227,"MODELO",1599112,"VC 607502"
26227,"MODELO",1599113,"VO 737E01"
26227,"MODELO",1599114,"VC 627502"
26227,"MODELO",1599115,"VC 629601"
26227,"MODELO",1599116,"ELITEDESK 800 G1 USDT"
26227,"MODELO",1599117,"VC 637505"
26227,"MODELO",1599118,"CORE I7- MIRAGE XYL0036"
26227,"MODELO",1599119,"VC 739E02"
26227,"MODELO",1599120,"VS827703"
26227,"MODELO",1599121,"VC 739C01"
26227,"MODELO",1599122,"VC 517503"
26227,"MODELO",1599123,"VC 625401"
26227,"MODELO",1599124,"VC 625701"
26227,"MODELO",1599125,"VC 605503"
26227,"MODELO",1599126,"OPEN VO 6356"
26227,"MODELO",1599127,"VO 711601"
26227,"MODELO",1599128,"CM001"
26227,"MODELO",1599129,"VC 219A08"
26227,"MODELO",1599130,"VC 739B02"
26227,"MODELO",1599131,"VC 639603"
26227,"MODELO",1599132,"VC 711504"
26227,"MODELO",1599133,"VC 739905"
26227,"MODELO",1599134,"OPEN VO 6376"
26227,"MODELO",1599135,"VO 217206"
26227,"MODELO",1599136,"VC 61D403"
26227,"MODELO",1599137,"VC 639202"
26227,"MODELO",1599138,"VC 737D06"
26227,"MODELO",1599139,"VO 735501"
26227,"MODELO",1599140,"VC 217906"
26227,"MODELO",1599141,"VS7956"
26227,"MODELO",1599142,"VO 623D01"
26227,"MODELO",1599143,"VC 617202"
26227,"MODELO",1599144,"VO 629301"
26227,"MODELO",1599145,"VC 623806"
26227,"MODELO",1599146,"OPTIPLEX 7040 SFF"
26227,"MODELO",1599147,"VS7357"
26227,"MODELO",1599148,"VC 711703"
26227,"MODELO",1599149,"VC 619302"
26227,"MODELO",1599150,"VC 737AH4"
26227,"MODELO",1599151,"VS 623404"
26227,"MODELO",1599152,"VC 517103"
26227,"MODELO",3775585,"TURING5 14° GEN"
26227,"MODELO",2138768,"MDP2305B1T9P5"
26227,"MODELO",2817010,"1K69KNL7A292"
26227,"MODELO",2623638,"TURING5 14° GEN"
26227,"MODELO",2623690,"TURING5 14° GEN"
26227,"MODELO",2623694,"TURING5 14° GEN"
26227,"MODELO",2623696,"TURING5 14° GEN"
26227,"MODELO",2629728,"GC520WO55B430S"
26227,"MODELO",3823329,"1K74SFL6A071"
26227,"MODELO",3823438,"1K74SFL6A313"
26227,"MODELO",3823685,"304"
26227,"MODELO",2626215,"TURING7 14° GEN"
26227,"MODELO",2626833,"TURING7 14° GEN"
26227,"MODELO",2626839,"TURING7 14° GEN"
26227,"MODELO",1987057,"OPTIMUS MT11900K3"
26227,"MODELO",1737435,"CORE I9 -STACION DE TRABAJO PRO FLASH ZYC00193"
26227,"MODELO",1737504,"CORE I9 -STACION DE TRABAJO PRO FLASH ZYC00195"
26227,"MODELO",1599153,"VC 515804"
26227,"MODELO",1599154,"VC 613A01"
26227,"MODELO",1599155,"VC 715903"
26227,"MODELO",1599156,"VS857501"
26227,"MODELO",1599157,"OX COMPUTER I7 C105"
26227,"MODELO",1599158,"OX COMPUTER I7 C30"
26227,"MODELO",1599159,"OX COMPUTER I7 C33"
26227,"MODELO",1599160,"OX COMPUTER I7 C34"
26227,"MODELO",1599161,"OX COMPUTER I7 C36"
26227,"MODELO",1599162,"OX COMPUTER I7 C38"
26227,"MODELO",1599163,"OX COMPUTER I7 C39"
26227,"MODELO",1599164,"OX COMPUTER I7 C44"
26227,"MODELO",1599165,"OX COMPUTER I7 C45"
26227,"MODELO",1599166,"OX COMPUTER I5 B39"
26227,"MODELO",1599167,"OX COMPUTER I5 B41"
26227,"MODELO",1599168,"OX COMPUTER I5 B42"
26227,"MODELO",1599169,"OX COMPUTER I5 B43"
26227,"MODELO",1599170,"OX COMPUTER I5 B47"
26227,"MODELO",1599171,"OX COMPUTER I5 B48"
26227,"MODELO",1599172,"OX COMPUTER I5 B53"
26227,"MODELO",1599173,"OX COMPUTER I5 B40"
26227,"MODELO",1599174,"OX COMPUTER I3 A26"
26227,"MODELO",1599175,"OX COMPUTER I3 A27"
26227,"MODELO",1599176,"OX COMPUTER I3 A1"
26227,"MODELO",1599177,"SFF75162-WP-OP"
26227,"MODELO",1599178,"OX COMPUTER I3 A7"
26227,"MODELO",1599179,"OX COMPUTER I3 A9"
26227,"MODELO",1599180,"OX COMPUTER I3 A12"
26227,"MODELO",1599181,"OX COMPUTER I3 A10"
26227,"MODELO",1599182,"OX COMPUTER I3 A22"
26227,"MODELO",1599183,"OX COMPUTER I3 A23"
26227,"MODELO",1599184,"OX COMPUTER I3 A13"
26227,"MODELO",1599185,"HP 280 G5 SFF"
26227,"MODELO",1599186,"INVADER PRO G5"
26227,"MODELO",1599187,"RDG11-781W11OH3"
26227,"MODELO",1599188,"FALCON CRD0050"
26227,"MODELO",1599189,"FALCON CRD0049"
26227,"MODELO",1599190,"GENWORK TC3200"
26227,"MODELO",1599191,"GENWORK TC3210"
26227,"MODELO",1599192,"GENWORK TC5210"
26227,"MODELO",1599193,"GENWORK TC5230"
26227,"MODELO",1599194,"GENWORK TC3220"
26227,"MODELO",1599195,"GENWORK TC3230"
26227,"MODELO",1599196,"GENWORK TC5200"
26227,"MODELO",1599197,"GENWORK TC5220"
26227,"MODELO",1599198,"GENWORK TC920T"
26227,"MODELO",1599199,"VISSION VP7730"
26227,"MODELO",1599200,"INSOMED EMPRESARIAL I7-8700 PRO X"
26227,"MODELO",1599201,"HP PROONE 400 G4 AIO 20"
26227,"MODELO",1599202,"COMPUTADORA  INSOMED EMPRESARIAL I7-8700 S1"
26227,"MODELO",1599203,"COMPUTADORA  INSOMED EMPRESARIAL I7-8700 HS16"
26227,"MODELO",1599204,"VISSION VP571E"
26227,"MODELO",1599205,"THINKCENTRE M920 TOWER"
26227,"MODELO",1599206,"OPTIPLEX 7070 MFF"
26227,"MODELO",1599207,"INSOMED EMPRESARIAL I5-8500 PRO"
26227,"MODELO",1599208,"THINKCENTRE M920 TOWER"
26227,"MODELO",1599209,"10SGS48500"
26227,"MODELO",1599210,"THINKCENTRE M920 TOWER"
26227,"MODELO",1599211,"THINKCENTRE M920 TOWER"
26227,"MODELO",1599212,"THINKCENTRE M920 TOWER"
26227,"MODELO",3775618,"TURING5 14° GEN"
26227,"MODELO",2138820,"FORTIN-13400 MDP2305YH7M2F"
26227,"MODELO",2138825,"FORTIN-13400 MDP2305ZD3A0A"
26227,"MODELO",2749526,"ARCANUS VIN714"
26227,"MODELO",2749569,"F"
26227,"MODELO",4223088,"ESC7M6V065"
26227,"MODELO",4223120,"SMART 14700F"
26227,"MODELO",2623806,"TURING5 14° GEN"
26227,"MODELO",2623816,"TURING5 14° GEN"
26227,"MODELO",2812064,"PCNEWK7_206"
26227,"MODELO",2796227,"07MUSX72"
26227,"MODELO",1737468,"CORE I9 -STACION DE TRABAJO PRO FLASH ZYC00194"
26227,"MODELO",2556447,"WANX-13700-V4"
26227,"MODELO",1800269,"CORE I9 -STACION DE TRABAJO PRO FLASH ZYC00213"
26227,"MODELO",1599213,"THINKCENTRE M920 TOWER"
26227,"MODELO",1599214,"INSOMED EMPRESARIAL I7-8700 X"
26227,"MODELO",1599215,"THINKCENTRE M920 TOWER"
26227,"MODELO",1599216,"THINKCENTRE M920 TOWER"
26227,"MODELO",1599217,"OPTIPLEX 7470 AIO"
26227,"MODELO",1599218,"V530S"
26227,"MODELO",1599219,"GENWORK NM721D"
26227,"MODELO",1599220,"THINKCENTRE M75S-1 SFF"
26227,"MODELO",1599221,"GENWORK NM422D"
26227,"MODELO",1599222,"GENWORK NM400M"
26227,"MODELO",1599223,"GENWORK NM420M"
26227,"MODELO",1599224,"GENWORK NM921Y"
26227,"MODELO",1599225,"GENWORK NM922Y"
26227,"MODELO",1599226,"THINKCENTRE M75S-1 SFF"
26227,"MODELO",1599227,"GENWORK NM410M"
26227,"MODELO",1599228,"THINKCENTRE M75S-1 SFF"
26227,"MODELO",1599229,"THINKCENTRE M920 TOWER"
26227,"MODELO",1599230,"GENWORK DC721D"
26227,"MODELO",1599231,"ZFCZ"
26227,"MODELO",1599232,"GENWORK DC422M"
26227,"MODELO",1599233,"DC722M1EB4OE"
26227,"MODELO",1599234,"DC722M1JB4OE"
26227,"MODELO",1599235,"GENWORK NM410D"
26227,"MODELO",1599236,"GENWORK DC722M"
26227,"MODELO",1599237,"GENWORK NM421D"
26227,"MODELO",1599238,"GENWORK DC400M"
26227,"MODELO",1599239,"GENWORK DC421M"
26227,"MODELO",1599240,"GENWORK NM400D"
26227,"MODELO",1599241,"ALMA V9"
26227,"MODELO",1599242,"GENWORK NM420D"
26227,"MODELO",1599243,"OPTIPLEX 3070 MFF"
26227,"MODELO",1599244,"NM410D01B4OE"
26227,"MODELO",1599245,"GENWORK DC300M"
26227,"MODELO",1599246,"GENWORK DC410D"
26227,"MODELO",1599247,"GENWORK DC400D"
26227,"MODELO",1599248,"GENWORK DC710M"
26227,"MODELO",1599249,"GENWORK DC721M"
26227,"MODELO",1599250,"GENWORK DC720M"
26227,"MODELO",1599251,"GENWORK NM922R"
26227,"MODELO",1599252,"GENWORK DC310D"
26227,"MODELO",1599253,"GENWORK DC320M"
26227,"MODELO",1599254,"GENWORK DC421D"
26227,"MODELO",1599255,"GENWORK DC310M"
26227,"MODELO",1599256,"GENWORK DC700D"
26227,"MODELO",1599257,"OX COMPUTER I3 A14"
26227,"MODELO",1599258,"OX COMPUTER I5 B2"
26227,"MODELO",1599259,"OX COMPUTER I5 B3"
26227,"MODELO",1599260,"OX COMPUTER I5 BO"
26227,"MODELO",1599261,"OX COMPUTER I5 B5"
26227,"MODELO",1599262,"OX COMPUTER I5 B7"
26227,"MODELO",1599263,"OX COMPUTER I5 B11"
26227,"MODELO",1599264,"OX COMPUTER I5 B12"
26227,"MODELO",1599265,"OX COMPUTER I5 B14"
26227,"MODELO",1599266,"OX COMPUTER I5 B15"
26227,"MODELO",1599267,"OX COMPUTER I5 B38"
26227,"MODELO",1599268,"OX COMPUTER I5 B18"
26227,"MODELO",1599269,"OX COMPUTER I5 B20"
26227,"MODELO",1599270,"OX COMPUTER I5 B23"
26227,"MODELO",1599271,"OX COMPUTER I5 B24"
26227,"MODELO",1599272,"OX COMPUTER I5 B27"
26227,"MODELO",2138755,"FORTIN-13400 MDP2305P5VG6T"
26227,"MODELO",2138761,"FORTIN-13400 MDP2305N3T9ZP"
26227,"MODELO",2138852,"PCAD2VO1500C1BA"
26227,"MODELO",4223144,"PCAX-2600035"
26227,"MODELO",4223156,"HAO TECH"
26227,"MODELO",2623784,"TURING5 14° GEN"
26227,"MODELO",2629868,"QUBIT3 14° GEN"
26227,"MODELO",3823480,"1K74SFL6A326"
26227,"MODELO",2773649,"ARCANUS VIN7"
26227,"MODELO",2812030,"1K67FMA7A076"
26227,"MODELO",2035409,"ARTEC-12DCMI9T16"
26227,"MODELO",2035513,"PCAD2VO530D11B6"
26227,"MODELO",1741188,"11K67MT09050"
26227,"MODELO",1599273,"OX COMPUTER I5 B34"
26227,"MODELO",1599274,"OX COMPUTER I5 B35"
26227,"MODELO",1599275,"OX COMPUTER I5 B37"
26227,"MODELO",1599276,"OX COMPUTER I5 B1"
26227,"MODELO",1599277,"OX COMPUTER I5 B4"
26227,"MODELO",1599278,"OXCOI5A9005"
26227,"MODELO",1599279,"OX COMPUTER I5 B6"
26227,"MODELO",1599280,"OX COMPUTER I5 B8"
26227,"MODELO",1599281,"OX COMPUTER I5 B9"
26227,"MODELO",1599282,"OX COMPUTER I5 B10"
26227,"MODELO",1599283,"OX COMPUTER I5 B13"
26227,"MODELO",1599284,"OX COMPUTER I5 B16"
26227,"MODELO",1599285,"OX COMPUTER I5 B17"
26227,"MODELO",1599286,"OX COMPUTER I5 B28"
26227,"MODELO",1599287,"OX COMPUTER I5 B29"
26227,"MODELO",1599288,"OX COMPUTER I5 B32"
26227,"MODELO",1599289,"OX COMPUTER I5 B33"
26227,"MODELO",1599290,"WAYRA M8"
26227,"MODELO",1599291,"OX COMPUTER I5 B30"
26227,"MODELO",1599292,"OX COMPUTER I5 B21"
26227,"MODELO",1599293,"OX COMPUTER I5 B22"
26227,"MODELO",1599294,"OX COMPUTER I5 B25"
26227,"MODELO",1599295,"OX COMPUTER I5 B26"
26227,"MODELO",1599296,"OX COMPUTER I5 B36"
26227,"MODELO",1599297,"OX COMPUTER I5 B19"
26227,"MODELO",1599298,"OX COMPUTER I5 B31"
26227,"MODELO",1599299,"MXE-5500"
26227,"MODELO",1599300,"MXC-6400"
26227,"MODELO",1599301,"MVP 6000 SERIES"
26227,"MODELO",1599302,"VISSION VS7050"
26227,"MODELO",1599303,"VISSION VO7090"
26227,"MODELO",1599304,"MVP 6000"
26227,"MODELO",1599305,"EliteDesk 800 SFF."
26227,"MODELO",1599306,"ELITEDESK 800 SFF"
26227,"MODELO",1599307,"HBCI7777"
26227,"MODELO",1599308,"HBCI7787"
26227,"MODELO",1599309,"HBCI7794"
26227,"MODELO",1599310,"HP PRODESK 400 G2 DM"
26227,"MODELO",1599311,"MIN PC MP3050"
26227,"MODELO",1599312,"ESPRIMO D957/E85+"
26227,"MODELO",1599313,"VS7257"
26227,"MODELO",1599314,"50005"
26227,"MODELO",1599315,"VC 737C02"
26227,"MODELO",1599316,"VC 625604"
26227,"MODELO",1599317,"VC 629102"
26227,"MODELO",1599318,"COMPAQ ELITE 8300 SFF"
26227,"MODELO",1599319,"VC 625502"
26227,"MODELO",1599320,"VC 515901"
26227,"MODELO",1599321,"VC 215107"
26227,"MODELO",1599322,"VC 219803"
26227,"MODELO",1599323,"VS829602"
26227,"MODELO",1599324,"VO 215105"
26227,"MODELO",1599325,"VO 717401"
26227,"MODELO",1599326,"VO 735F01"
26227,"MODELO",1599327,"VO717H"
26227,"MODELO",1599328,"VC 617405"
26227,"MODELO",1599329,"VC 61D504"
26227,"MODELO",1599330,"VC 623A02"
26227,"MODELO",1599331,"VC 739504"
26227,"MODELO",1599332,"VO 625601"
26227,"MODELO",1599333,"VO 629601"
26227,"MODELO",1599334,"70003"
26227,"MODELO",2138950,"VISSION VP7460"
26227,"MODELO",2623775,"TURING5 14° GEN"
26227,"MODELO",2629602,"QUBIT3 14° GEN"
26227,"MODELO",2629621,"QUBIT3 14° GEN"
26227,"MODELO",2629669,"QUBIT3 14° GEN"
26227,"MODELO",2629755,"QUBIT3 14° GEN"
26227,"MODELO",1987018,"ARCANUS TIN912"
26227,"MODELO",1737586,"CORE I9 -STACION DE TRABAJO PRO FLASH ZYC00197"
26227,"MODELO",1800341,"CORE I9 -STACION DE TRABAJO PRO FLASH ZYC00214"
26227,"MODELO",1800480,"CORE I9 -STACION DE TRABAJO PRO FLASH ZYC00216"
26227,"MODELO",1800495,"CORE I9 -STACION DE TRABAJO PRO FLASH ZYC00225"
26227,"MODELO",1800509,"O: CORE I9 -STACION DE TRABAJO PRO FLASH ZYC00224"
26227,"MODELO",1599335,"VC 515905"
26227,"MODELO",1599336,"VC 629602"
26227,"MODELO",1599337,"VC 717403"
26227,"MODELO",1599338,"480031"
26227,"MODELO",1599339,"ELITE"
26227,"MODELO",1599340,"MID-LEVEL MT"
26227,"MODELO",1599341,"VC 217501"
26227,"MODELO",1599342,"VC 607102"
26227,"MODELO",1599343,"VC 627102"
26227,"MODELO",1599344,"VC 637603"
26227,"MODELO",1599345,"VC 715801"
26227,"MODELO",1599346,"VC 715902"
26227,"MODELO",1599347,"VO 217109"
26227,"MODELO",1599348,"VO 219102"
26227,"MODELO",1599349,"VS715A"
26227,"MODELO",1599350,"VC 219409"
26227,"MODELO",1599351,"VC 617404"
26227,"MODELO",1599352,"VC 61B504"
26227,"MODELO",1599353,"VS 813801"
26227,"MODELO",1599354,"VC 217904"
26227,"MODELO",1599355,"VC 605604"
26227,"MODELO",1599356,"VC 737501"
26227,"MODELO",1599357,"VISSION VS 7197"
26227,"MODELO",1599358,"VO 719301"
26227,"MODELO",1599359,"VC 637601"
26227,"MODELO",1599360,"VC 739601"
26227,"MODELO",1599361,"VC 739C02"
26227,"MODELO",1599362,"VC 739G02"
26227,"MODELO",1599363,"VO 61G401"
26227,"MODELO",1599364,"VO 735C01"
26227,"MODELO",1599365,"VC 615705"
26227,"MODELO",1599366,"VC 619103"
26227,"MODELO",1599367,"VC 623A04"
26227,"MODELO",1599368,"VC 629202"
26227,"MODELO",1599369,"VC 629405"
26227,"MODELO",1599370,"VC 637503"
26227,"MODELO",1599371,"VS7399"
26227,"MODELO",1599372,"48006"
26227,"MODELO",1599373,"VC 215A01"
26227,"MODELO",1599374,"VC 737G06"
26227,"MODELO",1599375,"VO 739C01"
26227,"MODELO",1599376,"VS7376"
26227,"MODELO",1599377,"VS823901"
26227,"MODELO",1599378,"VC 517402"
26227,"MODELO",1599379,"VC 623802"
26227,"MODELO",1599380,"VS819601"
26227,"MODELO",1599381,"VS853803"
26227,"MODELO",1599382,"VC 623905"
26227,"MODELO",1599383,"VC 627306"
26227,"MODELO",1599384,"VC 735F04"
26227,"MODELO",1599385,"VC 735G06"
26227,"MODELO",1599386,"VO 739901"
26227,"MODELO",1599387,"VC 517405"
26227,"MODELO",1599388,"VC 607305"
26227,"MODELO",1599389,"VC 613D01"
26227,"MODELO",1599390,"VC 615706"
26227,"MODELO",1599391,"VC 618502"
26227,"MODELO",1599392,"VC 727505"
26227,"MODELO",1599393,"VCO2371"
26227,"MODELO",1599394,"OX COMPUTER I7 C113"
26227,"MODELO",1599395,"OX COMPUTER I7 C114"
26227,"MODELO",1599396,"OX COMPUTER I7 C115"
26227,"MODELO",1599397,"OX COMPUTER I7 C116"
26227,"MODELO",3775424,"TURING5 14° GEN"
26227,"MODELO",2138747,"FORTIN-13400 MDP2305WUQ6N3"
26227,"MODELO",2138789,"FORTIN-13400 MDP2305P5VYZE"
26227,"MODELO",1844520,"OPTIWORK 6090 GPU RTX 3050 8GB"
26227,"MODELO",2141970,"AM27  I7Z79013700K5VW"
26227,"MODELO",2141986,"AM27  I7Z79013700K6VW"
26227,"MODELO",3379088,"MATX3 C100-0013"
26227,"MODELO",3379094,"MATX3 C100-0014"
26227,"MODELO",3379100,"MATX3 C100-0015"
26227,"MODELO",3776741,"TURING5 14° GEN"
26227,"MODELO",3776754,"TURING5 14° GEN"
26227,"MODELO",4225162,"D700SF"
26227,"MODELO",1599398,"OX COMPUTER I7 C69"
26227,"MODELO",1599399,"OX COMPUTER I7 C70"
26227,"MODELO",1599400,"OX COMPUTER I7 C71"
26227,"MODELO",1599401,"OX COMPUTER I7 C83"
26227,"MODELO",1599402,"OX COMPUTER I7 C84"
26227,"MODELO",1599403,"OX COMPUTER I7 C85"
26227,"MODELO",1599404,"OX COMPUTER I7 C156"
26227,"MODELO",1599405,"OX COMPUTER I5 B64"
26227,"MODELO",1599406,"OX COMPUTER I5 B66"
26227,"MODELO",1599407,"OX COMPUTER I5 B78"
26227,"MODELO",1599408,"OX COMPUTER I5 B79"
26227,"MODELO",1599409,"OX COMPUTER I5 B80"
26227,"MODELO",1599410,"OX COMPUTER I7 C149"
26227,"MODELO",1599411,"OX COMPUTER I7 C152"
26227,"MODELO",1599412,"OX COMPUTER I5 B82"
26227,"MODELO",1599413,"OX COMPUTER I5 B83"
26227,"MODELO",1599414,"OX COMPUTER I7 C157"
26227,"MODELO",1599415,"OX COMPUTER I7 C158"
26227,"MODELO",1599416,"OX COMPUTER I7 C160"
26227,"MODELO",1599417,"OX COMPUTER I7 C57"
26227,"MODELO",1599418,"OX COMPUTER I7 C58"
26227,"MODELO",1599419,"OX COMPUTER I7 C61"
26227,"MODELO",1599420,"OX COMPUTER I7 C62"
26227,"MODELO",1599421,"OX COMPUTER I5 B62"
26227,"MODELO",1599422,"OX COMPUTER I7 C142"
26227,"MODELO",1599423,"OX COMPUTER I7 C143"
26227,"MODELO",1599424,"OX COMPUTER I7 C60"
26227,"MODELO",1599425,"OX COMPUTER I5 B63"
26227,"MODELO",1599426,"OX COMPUTER I7 C64"
26227,"MODELO",1599427,"OX COMPUTER I7 C65"
26227,"MODELO",1599428,"OX COMPUTER I7 C66"
26227,"MODELO",1599429,"OX COMPUTER I5 B44"
26227,"MODELO",1599430,"OX COMPUTER I5 B45"
26227,"MODELO",1599431,"OX COMPUTER I5 B49"
26227,"MODELO",1599432,"OX COMPUTER I5 B50"
26227,"MODELO",1599433,"OX COMPUTER I5 B51"
26227,"MODELO",1599434,"OX COMPUTER I5 B52"
26227,"MODELO",1599435,"OX COMPUTER I5 B46"
26227,"MODELO",1599436,"OX COMPUTER I5 B59"
26227,"MODELO",1599437,"OX COMPUTER I7 C0"
26227,"MODELO",1599438,"OX COMPUTER I7 C1"
26227,"MODELO",1599439,"OX COMPUTER I7 C2"
26227,"MODELO",1599440,"OX COMPUTER I7 C3"
26227,"MODELO",1599441,"OX COMPUTER I7 C13"
26227,"MODELO",1599442,"OX COMPUTER I7 C17"
26227,"MODELO",1599443,"OX COMPUTER I7 C20"
26227,"MODELO",1599444,"OX COMPUTER I7 C21"
26227,"MODELO",1599445,"OX COMPUTER I7 C22"
26227,"MODELO",1599446,"OX COMPUTER I7 C23"
26227,"MODELO",1599447,"OX COMPUTER I7 C24"
26227,"MODELO",1599448,"OX COMPUTER I7 C25"
26227,"MODELO",1599449,"OX COMPUTER I7 C26"
26227,"MODELO",1599450,"OX COMPUTER I7 C29"
26227,"MODELO",1599451,"VISSION VS7710"
26227,"MODELO",1599452,"VISSION VS7700"
26227,"MODELO",1599453,"VISSION VS7510"
26227,"MODELO",1599454,"VISSION VS7500"
26227,"MODELO",1599455,"VISSION VO7700"
26227,"MODELO",1599456,"VISSION VS7310"
26227,"MODELO",1599457,"VISSION VO7300"
26227,"MODELO",2894036,"TURING5 14° GEN"
26227,"MODELO",2798152,"TURING5 13° GEN"
26227,"MODELO",2142053,"AM27  I7Z79013700K7VWH"
26227,"MODELO",2142067,"AM25  I5B760134001V"
26227,"MODELO",2142107,"VISSION V01360"
26227,"MODELO",3398187,"THINKCENTRE NEO 50S GEN 5"
26227,"MODELO",3379080,"MATX3 C100-0012"
26227,"MODELO",3776810,"TURING7 14° GEN"
26227,"MODELO",3776831,"TURING7 14° GEN"
26227,"MODELO",2562250,"TURING5 13° GEN"
26227,"MODELO",2562252,"TURING5 13° GEN"
26227,"MODELO",2562253,"TURING5 13° GEN"
26227,"MODELO",2562254,"TURING5 13° GEN"
26227,"MODELO",2562255,"TURING5 13° GEN"
26227,"MODELO",1832964,"25JUS4S32"
26227,"MODELO",2629829,"QUBIT3 14° GEN"
26227,"MODELO",2630286,"LENOVO M70S GEN 5"
26227,"MODELO",2900353,"HDT-SM5"
26227,"MODELO",2892321,"TURING5 14° GEN"
26227,"MODELO",2892328,"TURING5 14° GEN"
26227,"MODELO",2892331,"TURING5 14° GEN"
26227,"MODELO",1599458,"VISSION VS7300"
26227,"MODELO",1599459,"VISSION VO7500"
26227,"MODELO",1599460,"OX COMPUTER I3 A2"
26227,"MODELO",1599461,"53013CGC-MOP - PANGUBZ-W5821N - MATESTATION B520"
26227,"MODELO",1599462,"MASTER LINE  INFINITY MI 205"
26227,"MODELO",1599463,"11SWS00L00-OH"
26227,"MODELO",1599464,"VISSION VP3340"
26227,"MODELO",1599465,"VISSION VO3550"
26227,"MODELO",1599466,"PCAD2VO350021B5"
26227,"MODELO",1599467,"SMART GOLD 10600"
26227,"MODELO",1599468,"CORE I9 -STACION DE TRABAJO PRO FLASH ZYC0079"
26227,"MODELO",1599469,"CORE I9 -STACION DE TRABAJO PRO FLASH ZYC0082"
26227,"MODELO",1599470,"THINKCENTRE V50S"
26227,"MODELO",1599471,"TORNADO YXL00104"
26227,"MODELO",1599472,"1DT345S-732S22OH3-W-BT"
26227,"MODELO",1599473,"PRECISION WORKSTATION 3450 SFF"
26227,"MODELO",1599474,"PRECISION WORKSTATION 3650 MT"
26227,"MODELO",1599475,"TORNADO YXL00099"
26227,"MODELO",1599476,"OX COMPUTER I3 A17"
26227,"MODELO",1599477,"OX COMPUTER I3 A18"
26227,"MODELO",1599478,"OX COMPUTER I3 A19"
26227,"MODELO",1599479,"OX COMPUTER I3 A20"
26227,"MODELO",1599480,"OX COMPUTER I3 A21"
26227,"MODELO",1599481,"OX COMPUTER I3 A24"
26227,"MODELO",1599482,"OX COMPUTER I3 A25"
26227,"MODELO",1599483,"OX COMPUTER I3 A0"
26227,"MODELO",1599484,"OX COMPUTER I3 A5"
26227,"MODELO",1599485,"OX COMPUTER I3 A6"
26227,"MODELO",1599486,"OX COMPUTER I3 A28"
26227,"MODELO",1599487,"OX COMPUTER I3 A58"
26227,"MODELO",1599488,"OX COMPUTER I5 B70"
26227,"MODELO",1599489,"OX COMPUTER I5 B71"
26227,"MODELO",1599490,"OX COMPUTER I5 B72"
26227,"MODELO",1599491,"OX COMPUTER I5 B73"
26227,"MODELO",1599492,"OX COMPUTER I5 B74"
26227,"MODELO",1599493,"OXCOI5A90075"
26227,"MODELO",1599494,"OX COMPUTER I5 B75"
26227,"MODELO",1599495,"OXCOI5A90076"
26227,"MODELO",1599496,"OX COMPUTER I5 B76"
26227,"MODELO",1599497,"OX COMPUTER I5 B77"
26227,"MODELO",1599498,"OX COMPUTER I7 C4"
26227,"MODELO",1599499,"OX COMPUTER I7 C5"
26227,"MODELO",1599500,"OX COMPUTER I7 C6"
26227,"MODELO",1599501,"OX COMPUTER I7 C7"
26227,"MODELO",1599502,"OX COMPUTER I7 C8"
26227,"MODELO",1599503,"OX COMPUTER I7 C9"
26227,"MODELO",1599504,"OX COMPUTER I7 C10"
26227,"MODELO",1599505,"OX COMPUTER I7 C11"
26227,"MODELO",1599506,"OX COMPUTER I7 C18"
26227,"MODELO",1599507,"OX COMPUTER I7 C19"
26227,"MODELO",1599508,"OX COMPUTER I7 C27"
26227,"MODELO",1599509,"OX COMPUTER I7 C28"
26227,"MODELO",1599510,"OX COMPUTER I5 C32"
26227,"MODELO",1599511,"OX COMPUTER I5 B58"
26227,"MODELO",1599512,"OX COMPUTER I5 B60"
26227,"MODELO",1599513,"OX COMPUTER I5 B61"
26227,"MODELO",1599514,"OX COMPUTER I7 C12"
26227,"MODELO",1599515,"OX COMPUTER I7 C31"
26227,"MODELO",1599516,"OX COMPUTER I7 C14"
26227,"MODELO",2894020,"TURING5 14° GEN"
26227,"MODELO",2894064,"TURING9 14° GEN"
26227,"MODELO",1839477,"VISSION VP4770"
26227,"MODELO",1887119,"DER TIN513"
26227,"MODELO",1887172,"FLASH PRO"
26227,"MODELO",2778769,"TURING5 14° GEN"
26227,"MODELO",1776969,"INSOPC0045"
26227,"MODELO",1833013,"OD421W81XT32F"
26227,"MODELO",2623312,"HMPCMB13"
26227,"MODELO",2623313,"HMPMB13"
26227,"MODELO",2629850,"QUBIT3 14° GEN"
26227,"MODELO",2552742,"ALLWI2024D2D2RBN"
26227,"MODELO",2892405,"TURING5 14° GEN"
26227,"MODELO",2892412,"TURING5 14° GEN"
26227,"MODELO",2892414,"TURING5 14° GEN"
26227,"MODELO",2892452,"QUBIT5 14° GEN"
26227,"MODELO",2892473,"QUBIT5 14° GEN"
26227,"MODELO",1599517,"OX COMPUTER I7 C15"
26227,"MODELO",1599518,"OX COMPUTER I7 C16"
26227,"MODELO",1599519,"OX COMPUTER I7 C35"
26227,"MODELO",1599520,"OX COMPUTER I7 C37"
26227,"MODELO",1599521,"OX COMPUTER I7 C40"
26227,"MODELO",1599522,"OX COMPUTER I7 C41"
26227,"MODELO",1599523,"MASTER LINE  GXII 320"
26227,"MODELO",1599524,"VISSION VO3340"
26227,"MODELO",1599525,"CORE I9 -STACION DE TRABAJO PRO FLASH ZYC007"
26227,"MODELO",1599526,"VISSION VP3550"
26227,"MODELO",1599527,"CORE I9 -STACION DE TRABAJO PRO FLASH ZYC0078"
26227,"MODELO",1599528,"436B56I7X929"
26227,"MODELO",1599529,"HEP5802STVA51J"
26227,"MODELO",1599530,"MASTER LINE  GXI 23I5"
26227,"MODELO",1599531,"INVADER PRO X7"
26227,"MODELO",1599532,"53012KAE-MOB - PANGUBZ-W7651 - MATESTATION B520"
26227,"MODELO",1599533,"53012TYA-MOP - PANGUBZ-W7851 - MATESTATION B520"
26227,"MODELO",1599534,"53012KAE-MOP - PANGUBZ-W7651 - MATESTATION B520"
26227,"MODELO",1599535,"MASTER LINE  GXII 300K"
26227,"MODELO",1599536,"OM42001JB430S"
26227,"MODELO",1599537,"53012VUG-MOB - PANGUBZ-W5651 - MATESTATION B520"
26227,"MODELO",1599538,"HPPROMINI400G9DESKTOP"
26227,"MODELO",1599539,"53012VUG-MOP - PANGUBZ-W5651 - MATESTATION B520"
26227,"MODELO",1599540,"FALCON CRD0076"
26227,"MODELO",1599541,"11K23SSA609"
26227,"MODELO",1599542,"CORE I9 -STACION DE TRABAJO PRO FLASH ZYC009"
26227,"MODELO",1599543,"CORE I9 -STACION DE TRABAJO PRO FLASH ZYC0084"
26227,"MODELO",1599544,"CORE I9 -STACION DE TRABAJO PRO FLASH ZYC0086"
26227,"MODELO",1599545,"OPTIPLEX 5000 SFF"
26227,"MODELO",1599546,"CORE I9 -STACION DE TRABAJO PRO FLASH ZYC0010"
26227,"MODELO",1599547,"GENWORK TM3200"
26227,"MODELO",1599548,"CORE I9 -STACION DE TRABAJO PRO FLASH ZYC0090"
26227,"MODELO",1599549,"CORE I9 -STACION DE TRABAJO PRO FLASH ZYC0091"
26227,"MODELO",1599550,"11DUSFJ800"
26227,"MODELO",1599551,"WORKSTATION 3450 SFF"
26227,"MODELO",1599552,"MDP2209N3YD3"
26227,"MODELO",1599553,"CORE I9 -STACION DE TRABAJO PRO FLASH ZYC0011"
26227,"MODELO",1599554,"CORE I9 -STACION DE TRABAJO PRO FLASH ZYC0014"
26227,"MODELO",1599555,"VISSION VP3750"
26227,"MODELO",1599556,"GALA5-11400"
26227,"MODELO",1599557,"MULTIV"
26227,"MODELO",1599558,"CORE I9 -STACION DE TRABAJO PRO FLASH ZYC0088"
26227,"MODELO",1599559,"VISSION VO954G"
26227,"MODELO",1599560,"EXPERTCENTER D700SC"
26227,"MODELO",1599561,"WORKSTATION 3650 MT"
26227,"MODELO",1599562,"53013CGC - PANGUBZ-W5821N - MATESTATION B520"
26227,"MODELO",1599563,"53013CGC-MOB - PANGUBZ-W5821N - MATESTATION B520"
26227,"MODELO",1599564,"11K72SSA599"
26227,"MODELO",1599565,"FALCON CRD0060"
26227,"MODELO",1599566,"FALCON CRD0064"
26227,"MODELO",1599567,"FALCON CRD0062"
26227,"MODELO",1599568,"FALCON CRD0063"
26227,"MODELO",1599569,"CORE I9 -STACION DE TRABAJO PRO FLASH ZYC0085"
26227,"MODELO",1599570,"CORE I9 -STACION DE TRABAJO PRO FLASH ZYC0087"
26227,"MODELO",1599571,"53012TYA - PANGUBZ-W7851 - MATESTATION B520"
26227,"MODELO",1599572,"HP 260 G4 DESKTOP MINI"
26227,"MODELO",2798263,"KOT5S21W35B3"
26227,"MODELO",2142108,"AM25 I5B760134002VW"
26227,"MODELO",3397993,"THINKCENTRE NEO 50S GEN 5"
26227,"MODELO",3398034,"THINKCENTRE NEO 50S GEN 5"
26227,"MODELO",3379107,"MATX3 C100-0016"
26227,"MODELO",3379294,"MATX3 C100-0017"
26227,"MODELO",2779032,"D901SDR"
26227,"MODELO",3776644,"TURING5 14° GEN"
26227,"MODELO",3776748,"TURING5 14° GEN"
26227,"MODELO",3776789,"TURING5 14° GEN"
26227,"MODELO",3776798,"TURING7 14° GEN"
26227,"MODELO",2630288,"THINKCENRE M70S GEN 5"
26227,"MODELO",1782940,"11K69K2A052"
26227,"MODELO",2792364,"1K67MA6A014"
26227,"MODELO",2630011,"QUBIT3 14° GEN"
26227,"MODELO",2892457,"QUBIT5 14° GEN"
26227,"MODELO",2892489,"QUBIT5 13° GEN"
26227,"MODELO",2892498,"QUBIT5 13° GEN"
26227,"MODELO",2892500,"TURING5 13° GEN"
26227,"MODELO",1599573,"FALCON CRD0065"
26227,"MODELO",1599574,"FALCON CRD0066"
26227,"MODELO",1599575,"FALCON CRD0059"
26227,"MODELO",1599576,"CORE I9 -STACION DE TRABAJO PRO FLASH ZYC0016"
26227,"MODELO",1599577,"GENWORK DM922T"
26227,"MODELO",1599578,"CORE I9 -STACION DE TRABAJO PRO FLASH ZYC0092"
26227,"MODELO",1599579,"CORE I9 -STACION DE TRABAJO PRO FLASH ZYC0094"
26227,"MODELO",1599580,"436B56I7X935"
26227,"MODELO",1599581,"436B56I7X939"
26227,"MODELO",1599582,"436B56I7X940"
26227,"MODELO",1599583,"11K52SSB165"
26227,"MODELO",1599584,"11K72SSA628"
26227,"MODELO",1599585,"11K72SSA630"
26227,"MODELO",1599586,"TORNADO YXL00044"
26227,"MODELO",1599587,"TORNADO YXL00051"
26227,"MODELO",1599588,"TORNADO YXL00052"
26227,"MODELO",1599589,"VC 737E06"
26227,"MODELO",1599590,"OPTIPLEX 9020 SFF"
26227,"MODELO",1599591,"VC 725806"
26227,"MODELO",1599592,"VC 727401"
26227,"MODELO",1599593,"VS 829401"
26227,"MODELO",1599594,"VC 618503"
26227,"MODELO",1599595,"VC2174"
26227,"MODELO",1599596,"VC2392"
26227,"MODELO",1599597,"VC 613405"
26227,"MODELO",1599598,"VC2374"
26227,"MODELO",1599599,"50002"
26227,"MODELO",1599600,"VC 215701"
26227,"MODELO",1599601,"VC 625603"
26227,"MODELO",1599602,"VC 739E06"
26227,"MODELO",1599603,"VC 613806"
26227,"MODELO",1599604,"VCO2290"
26227,"MODELO",1599605,"VC 623305"
26227,"MODELO",1599606,"VO7256"
26227,"MODELO",1599607,"VO 215203"
26227,"MODELO",1599608,"VC 725904"
26227,"MODELO",1599609,"VS819803"
26227,"MODELO",1599610,"VO7311"
26227,"MODELO",1599611,"VC 605402"
26227,"MODELO",1599612,"VO 217102"
26227,"MODELO",1599613,"VC 739902"
26227,"MODELO",1599614,"VS 827103"
26227,"MODELO",1599615,"VC 613402"
26227,"MODELO",1599616,"VC 717405"
26227,"MODELO",1599617,"VS819502"
26227,"MODELO",1599618,"VC 605701"
26227,"MODELO",1599619,"VC 219706"
26227,"MODELO",1599620,"VS 815703"
26227,"MODELO",1599621,"VC2271"
26227,"MODELO",1599622,"VC 623C04"
26227,"MODELO",1599623,"VC227E"
26227,"MODELO",1599624,"VC 735A02"
26227,"MODELO",1599625,"VO 615401"
26227,"MODELO",1599626,"VC 623706"
26227,"MODELO",1599627,"VS4676"
26227,"MODELO",1599628,"THINKCENTRE M800 SFF"
26227,"MODELO",1599629,"VC 607201"
26227,"MODELO",1599630,"VO 517401"
26227,"MODELO",1599631,"VS7199"
26227,"MODELO",1599632,"VO 613B01"
26227,"MODELO",1599633,"PRODESK 400 G3 SFF"
26227,"MODELO",1599634,"VC 737901"
26227,"MODELO",1599635,"VS7497"
26227,"MODELO",2798118,"KOT5S21W1Q2B3"
26227,"MODELO",3776667,"TURING5 14° GEN"
26227,"MODELO",3776847,"TURING7 14° GEN"
26227,"MODELO",3776858,"TURING7 14° GEN"
26227,"MODELO",4225386,"MDP2605UJ9B1V"
26227,"MODELO",4225396,"SMART 12700KF"
26227,"MODELO",4221822,"EZENT S7"
26227,"MODELO",1783183,"DESKTOP002CI513400SOP"
26227,"MODELO",1783185,"DESKTOP003CI512400"
26227,"MODELO",3999248,"HP ELITEDESK 8 SFF G1I DESKTOP AI PC"
26227,"MODELO",2589232,"92C62LT#ABM-OPDU"
26227,"MODELO",2154738,"PCAD3VP5300M1BA"
26227,"MODELO",2892441,"TURING5 14° GEN"
26227,"MODELO",1599636,"VC 739D05"
26227,"MODELO",1599637,"VC 719302"
26227,"MODELO",1599638,"VS7358"
26227,"MODELO",1599639,"VC 623C06"
26227,"MODELO",1599640,"VC 615703"
26227,"MODELO",1599641,"VC 217101"
26227,"MODELO",1599642,"VC 639601"
26227,"MODELO",1599643,"VC 711605"
26227,"MODELO",1599644,"VC 711606"
26227,"MODELO",1599645,"VC 215B05"
26227,"MODELO",1599646,"70007"
26227,"MODELO",1599647,"VC 719504"
26227,"MODELO",1599648,"VO 219203"
26227,"MODELO",1599649,"PRODESK 405 G2 MT"
26227,"MODELO",1599650,"VC 735H03"
26227,"MODELO",1599651,"VC 217104"
26227,"MODELO",1599652,"VS7757"
26227,"MODELO",1599653,"VC2236"
26227,"MODELO",1599654,"480018"
26227,"MODELO",1599655,"VC 735G02"
26227,"MODELO",1599656,"VC 517104"
26227,"MODELO",1599657,"VCO2294"
26227,"MODELO",1599658,"ENTRY-LEVEL ITX"
26227,"MODELO",1599659,"VC 629101"
26227,"MODELO",1599660,"VC 215308"
26227,"MODELO",1599661,"VC 739H01"
26227,"MODELO",1599662,"VC 619401"
26227,"MODELO",1599663,"VC 613805"
26227,"MODELO",1599664,"VC2290"
26227,"MODELO",1599665,"VC 617604"
26227,"MODELO",1599666,"VC 217707"
26227,"MODELO",1599667,"VC 735D01"
26227,"MODELO",1599668,"VC 219607"
26227,"MODELO",1599669,"VC 719205"
26227,"MODELO",1599670,"VC 725605"
26227,"MODELO",1599671,"VS857702"
26227,"MODELO",1599672,"ENTERPRISE PLUS 100"
26227,"MODELO",1599673,"VC 735605"
26227,"MODELO",1599674,"VS 827101"
26227,"MODELO",1599675,"VC 719202"
26227,"MODELO",1599676,"VISSION 51E6"
26227,"MODELO",1599677,"VO 219206"
26227,"MODELO",1599678,"VO 605601"
26227,"MODELO",1599679,"VC 215401"
26227,"MODELO",1599680,"VC 627106"
26227,"MODELO",1599681,"VC 613204"
26227,"MODELO",1599682,"VS823503"
26227,"MODELO",1599683,"VS829502"
26227,"MODELO",1599684,"VC 215108"
26227,"MODELO",1599685,"VC 215806"
26227,"MODELO",1599686,"VS 813501"
26227,"MODELO",1599687,"VC 219201"
26227,"MODELO",1599688,"VC 613201"
26227,"MODELO",1599689,"VO 737401"
26227,"MODELO",1599690,"VC 735403"
26227,"MODELO",1599691,"VC 629401"
26227,"MODELO",1599692,"VO7258"
26227,"MODELO",1599693,"VO 605401"
26227,"MODELO",1599694,"VC 627605"
26227,"MODELO",1599695,"VC 613804"
26227,"MODELO",1599696,"VC 615603"
26227,"MODELO",1599697,"VC 637402"
26227,"MODELO",1599698,"VC 639704"
26227,"MODELO",1599699,"VC 717401"
26227,"MODELO",2798312,"KOT5S21W852B3"
26227,"MODELO",2798331,"KOT5S21W152B3"
26227,"MODELO",1887427,"17JUS2S10"
26227,"MODELO",3379376,"MATX5 C100-0001"
26227,"MODELO",3379387,"MATX5 C100-0002"
26227,"MODELO",3379394,"MATX5 C100-0003"
26227,"MODELO",3379471,"MATX5 C100-0006"
26227,"MODELO",3776680,"TURING5 14° GEN"
26227,"MODELO",3776723,"TURING5 14° GEN"
26227,"MODELO",3776731,"TURING5 14° GEN"
26227,"MODELO",3776774,"TURING5 14° GEN"
26227,"MODELO",4225446,"MAD-ULTRA7"
26227,"MODELO",4225460,"COMMANDER AL"
26227,"MODELO",1783188,"DESKTOP004CI512400SOP"
26227,"MODELO",1783192,"DESKTOP001CI712700"
26227,"MODELO",1783205,"DESKTOP003CI713700"
26227,"MODELO",1783207,"DESKTOP004CI713700SOP"
26227,"MODELO",1783209,"DESKTOP004GCSCI713700SOP"
26227,"MODELO",1783215,"DESKTOP004GCSCI512400SOP"
26227,"MODELO",1783222,"DESKTOP001GCSCI712700"
26227,"MODELO",2792313,"1K65MA7A"
26227,"MODELO",3999298,"HP PRODESK 2 SFF G1I DESKTOP PC"
26227,"MODELO",2892325,"TURING5 14° GEN"
26227,"MODELO",2892469,"QUBIT5 14° GEN"
26227,"MODELO",2892478,"QUBIT5 14° GEN"
26227,"MODELO",1599700,"VO 623401"
26227,"MODELO",1599701,"VC 629505"
26227,"MODELO",1599702,"VO 625901"
26227,"MODELO",1599703,"ENTERPRISE"
26227,"MODELO",1599704,"48003"
26227,"MODELO",1599705,"VC 737801"
26227,"MODELO",1599706,"VC 607402"
26227,"MODELO",1599707,"VC 739H06"
26227,"MODELO",1599708,"VC 217307"
26227,"MODELO",1599709,"VISSION VS587C"
26227,"MODELO",1599710,"VC 517502"
26227,"MODELO",1599711,"PC ENTRY"
26227,"MODELO",1599712,"VC 639504"
26227,"MODELO",1599713,"ELITEDESK 800 G2 SFF"
26227,"MODELO",1599714,"VC 605806"
26227,"MODELO",1599715,"VO 215204"
26227,"MODELO",1599716,"VS7259"
26227,"MODELO",1599717,"VC223B"
26227,"MODELO",1599718,"VC 739E01"
26227,"MODELO",1599719,"VO5878"
26227,"MODELO",1599720,"GB-BXI3H-5010"
26227,"MODELO",1599721,"VC 219A01"
26227,"MODELO",1599722,"VC 618501"
26227,"MODELO",1599723,"VC 727402"
26227,"MODELO",1599724,"VC 625906"
26227,"MODELO",1599725,"VO 623601"
26227,"MODELO",1599726,"CE001"
26227,"MODELO",1599727,"VC 625605"
26227,"MODELO",1599728,"VO 735H01"
26227,"MODELO",1599729,"VC 61D501"
26227,"MODELO",1599730,"VC 619405"
26227,"MODELO",1599731,"53012TYA-MOB - PANGUBZ-W7851 - MATESTATION B520"
26227,"MODELO",1599732,"912B56I7XI7M54"
26227,"MODELO",1599733,"MASTER LINE GXII 200"
26227,"MODELO",1599734,"11K51SSA495"
26227,"MODELO",1599735,"TORNADO YXL00037"
26227,"MODELO",1599736,"TORNADO YXL00046"
26227,"MODELO",1599737,"TORNADO YXL00049"
26227,"MODELO",1599738,"TORNADO YXL00050"
26227,"MODELO",1599739,"VC 613A02"
26227,"MODELO",1599740,"VC 737505"
26227,"MODELO",1599741,"EXPRESO"
26227,"MODELO",1599742,"VCO2391"
26227,"MODELO",1599743,"VS 815601"
26227,"MODELO",1599744,"VC 719201"
26227,"MODELO",1599745,"VC 639605"
26227,"MODELO",1599746,"GB-BXBT-1900"
26227,"MODELO",1599747,"VC 735401"
26227,"MODELO",1599748,"VC 219808"
26227,"MODELO",1599749,"VC2254"
26227,"MODELO",1599750,"OPEN VS 6376"
26227,"MODELO",1599751,"VC 217701"
26227,"MODELO",1599752,"VC 619305"
26227,"MODELO",1599753,"VS7378"
26227,"MODELO",1599754,"VS757803"
26227,"MODELO",1599755,"VC 219603"
26227,"MODELO",1599756,"VC 607306"
26227,"MODELO",1599757,"VC 735F05"
26227,"MODELO",1599758,"VC 737D04"
26227,"MODELO",1599759,"VC 625503"
26227,"MODELO",1599760,"6300 SFF"
26227,"MODELO",1599761,"OPEN VO 7197"
26227,"MODELO",1599762,"VC 215604"
26227,"MODELO",3379317,"MATX3 C100-0020"
26227,"MODELO",3776641,"TURING5 14° GEN"
26227,"MODELO",4225554,"COMM"
26227,"MODELO",3808415,"TYTAN-Z83S"
26227,"MODELO",3808544,"EZENT T70"
26227,"MODELO",1783228,"DESKTOP003GCSCI713700"
26227,"MODELO",2892435,"TURING5 14° GEN"
26227,"MODELO",2892447,"TURING5 14° GEN"
26227,"MODELO",2892448,"TURING5 14° GEN"
26227,"MODELO",2892460,"QUBIT5 14° GEN"
26227,"MODELO",2892466,"QUBIT5 14° GEN"
26227,"MODELO",2892492,"TURING5 13° GEN"
26227,"MODELO",2892496,"TURING5 13° GEN"
26227,"MODELO",2892504,"QUBIT7 13° GEN"
26227,"MODELO",2892506,"TURING7 13° GEN"
26227,"MODELO",2892511,"QUBIT7 13° GEN"
26227,"MODELO",2892517,"TURING7 13° GEN"
26227,"MODELO",1599763,"VC 515805"
26227,"MODELO",1599764,"VISSION VO587C"
26227,"MODELO",1599765,"VC 719204"
26227,"MODELO",1599766,"VS7336"
26227,"MODELO",1599767,"VC 613C05"
26227,"MODELO",1599768,"VC 217204"
26227,"MODELO",1599769,"VO 719601"
26227,"MODELO",1599770,"VO733801"
26227,"MODELO",1599771,"GB-BXI7H-5500"
26227,"MODELO",1599772,"VC 737C04"
26227,"MODELO",1599773,"VC 215407"
26227,"MODELO",1599774,"GB-BSI5HA-6200"
26227,"MODELO",1599775,"VC 613302"
26227,"MODELO",1599776,"VS 827301"
26227,"MODELO",1599777,"VC 215503"
26227,"MODELO",1599778,"VC 61G403"
26227,"MODELO",1599779,"VS839802"
26227,"MODELO",1599780,"VS855601"
26227,"MODELO",1599781,"VC 737904"
26227,"MODELO",1599782,"VC 737905"
26227,"MODELO",1599783,"VC 217606"
26227,"MODELO",1599784,"VC 735C06"
26227,"MODELO",1599785,"48004"
26227,"MODELO",1599786,"VS 829301"
26227,"MODELO",1599787,"VC 739F06"
26227,"MODELO",1599788,"GB-BSI3HA-6100"
26227,"MODELO",1599789,"VC 735F06"
26227,"MODELO",1599790,"VC 739F05"
26227,"MODELO",1599791,"VS 813601"
26227,"MODELO",1599792,"VS837601"
26227,"MODELO",1599793,"VS837503"
26227,"MODELO",1599794,"VC 637806"
26227,"MODELO",1599795,"VC 629206"
26227,"MODELO",1599796,"ENTERPRISE 9500 TORRE"
26227,"MODELO",1599797,"VC 613506"
26227,"MODELO",1599798,"VC2259"
26227,"MODELO",1599799,"VC 613903"
26227,"MODELO",1599800,"VC 719102"
26227,"MODELO",1599801,"VO 61B401"
26227,"MODELO",1599802,"VC 727601"
26227,"MODELO",1599803,"VC 737E03"
26227,"MODELO",1599804,"VC 623302"
26227,"MODELO",1599805,"VC 627203"
26227,"MODELO",1599806,"VS 623504"
26227,"MODELO",1599807,"VCO2271"
26227,"MODELO",1599808,"VC 215804"
26227,"MODELO",1599809,"VO7313"
26227,"MODELO",1599810,"TORNADO YXL00047"
26227,"MODELO",1599811,"GENWORK DC720D"
26227,"MODELO",1599812,"GENWORK DC700M"
26227,"MODELO",1599813,"GENWORK DC722D"
26227,"MODELO",1599814,"MASTER LINE RYZEN  G3 2001"
26227,"MODELO",1599815,"OPTIPLEX 7071 MT"
26227,"MODELO",1599816,"GENWORK NM920R"
26227,"MODELO",1599817,"SUPREME G9"
26227,"MODELO",1599818,"COMPUTADORA EMPRESARIAL DE 8°GENERACIÓN I3-8100"
26227,"MODELO",1599819,"COMPUTADORA EMPRESARIAL I5-7500"
26227,"MODELO",1599820,"COMPUTADORA EMPRESARIAL DE 9°GENERACIÓN I7-9700 X"
26227,"MODELO",1599821,"OPTIPLEX 7071 SFF"
26227,"MODELO",1599822,"GENWORK DC410M"
26227,"MODELO",1599823,"GENWORK DC710D"
26227,"MODELO",1599824,"GENWORK DC300D"
26227,"MODELO",2798052,"QUBIT3 14° GEN"
26227,"MODELO",2798090,"TURING5 14° GEN"
26227,"MODELO",2798108,"QUBIT3 14° GEN"
26227,"MODELO",1887252,"OD720082NB3S"
26227,"MODELO",4106217,"P07NMB64A3"
26227,"MODELO",3398269,"THINKCENTRE NEO 50S GEN 5"
26227,"MODELO",3398607,"THINKCENTRE NEO 50S GEN 4"
26227,"MODELO",3398616,"THINKCENTRE NEO 50S GEN 4"
26227,"MODELO",3379311,"MATX3 C100-0019"
26227,"MODELO",3379324,"MATX3 C100-0021"
26227,"MODELO",3379446,"MATX5 C100-0004"
26227,"MODELO",3972243,"MASTER LINE GXIV 130"
26227,"MODELO",3776907,"TURING7 14° GEN"
26227,"MODELO",3776922,"TURING7 14° GEN"
26227,"MODELO",1786776,"11K69K2A838"
26227,"MODELO",4225414,"5017.14"
26227,"MODELO",4225424,"GIGAN-ULTRA9"
26227,"MODELO",4225501,"COMMAND"
26227,"MODELO",1783181,"DESKTOP001CI513400"
26227,"MODELO",2792536,"1K35SL7A261"
26227,"MODELO",2642782,"ARCANUS VIN514"
26227,"MODELO",1777269,"INSOPC0072"
26227,"MODELO",2892502,"TURING5 13° GEN"
26227,"MODELO",2892508,"TURING7 13° GEN"
26227,"MODELO",2892514,"TURING7 13° GEN"
26227,"MODELO",1599825,"GENWORK DC320D"
26227,"MODELO",1599826,"GENWORK DC420D"
26227,"MODELO",1599827,"GENWORK DC422D"
26227,"MODELO",1599828,"GENWORK DC420M"
26227,"MODELO",1599829,"GENWORK NM921R"
26227,"MODELO",1599830,"9DT77S-7161OH3-19-2V"
26227,"MODELO",1599831,"INSOMED EMPRESARIAL I5-8500 PRO X"
26227,"MODELO",1599832,"G95"
26227,"MODELO",1599833,"INSOMED EMPRESARIAL I7-8700 PRO"
26227,"MODELO",1599834,"BMSV0S0BDC"
26227,"MODELO",1599835,"GENWORK DC5000"
26227,"MODELO",1599836,"GENWORK DC5200"
26227,"MODELO",1599837,"THINKCENTRE M920 TOWER"
26227,"MODELO",1599838,"INSOMED EMPRESARIAL I7-8700 PROV1"
26227,"MODELO",1599839,"COMPUTADORA  INSOMED EMPRESARIAL I7-8700 XS"
26227,"MODELO",1599840,"INSOMED EMPRESARIAL I7-8700 XS"
26227,"MODELO",1599841,"THINKCENTRE M920 TOWER"
26227,"MODELO",1599842,"GENWORK NM710D"
26227,"MODELO",1599843,"GENWORK NM700M"
26227,"MODELO",1599844,"GENWORK NM720D"
26227,"MODELO",1599845,"VISSION  VP751E"
26227,"MODELO",1599846,"GENWORK NM421M"
26227,"MODELO",1599847,"GENWORK NM422M"
26227,"MODELO",1599848,"GENWORK NM720M"
26227,"MODELO",1599849,"GENWORK NM700D"
26227,"MODELO",1599850,"THINKCENTRE M920Q"
26227,"MODELO",1599851,"PCAD1VO750021BI"
26227,"MODELO",1599852,"THINKCENTRE M920X"
26227,"MODELO",1599853,"GENWORK NM920Y"
26227,"MODELO",1599854,"GENWORK NM710M"
26227,"MODELO",1599855,"THINKCENTRE M75S-1 SFF"
26227,"MODELO",1599856,"GENWORK NM722D"
26227,"MODELO",1599857,"VISSION VP741G"
26227,"MODELO",1599858,"THINKCENTRE M75 SFF"
26227,"MODELO",1599859,"THINKCENTRE M75S-1 SFF"
26227,"MODELO",1599860,"THINKCENTER M75 SFF"
26227,"MODELO",1599861,"THINKCENTRE M75S-1 SFF"
26227,"MODELO",1599862,"GENWORK NM721M"
26227,"MODELO",1599863,"THINKCENTRE M75S-1 SFF"
26227,"MODELO",1599864,"GENWORK NM722M"
26227,"MODELO",1599865,"VISSION VP5780"
26227,"MODELO",1599866,"VISSION VP7790"
26227,"MODELO",1599867,"VISSION VP7590"
26227,"MODELO",1599868,"VISSION VP641G"
26227,"MODELO",1599869,"VISSION VP7780"
26227,"MODELO",1599870,"VISSION VP273P"
26227,"MODELO",1599871,"VISSION VP2730"
26227,"MODELO",1599872,"VISSION  VP2730"
26227,"MODELO",1599873,"VISSION VP273K"
26227,"MODELO",1599874,"OPTIPLEX 3060 MT"
26227,"MODELO",1599875,"VISSION VP7580"
26227,"MODELO",1599876,"VISSION VP773P"
26227,"MODELO",1599877,"VO 607201"
26227,"MODELO",1599878,"600 G1 TWR"
26227,"MODELO",1599879,"VC 215902"
26227,"MODELO",1599880,"VC 217703"
26227,"MODELO",1599881,"VC 615702"
26227,"MODELO",1599882,"VC 739G03"
26227,"MODELO",1599883,"VC 711403"
26227,"MODELO",1599884,"VC 727605"
26227,"MODELO",2798130,"QUBIT3 14° GEN"
26227,"MODELO",2644959,"HP PRO SFF 280 G9 DESKTOP PC"
26227,"MODELO",3917031,"RECUPERANDO DATOS. ESPERA UNOS SEGUNDOS E INTENTA CORTAR O COPIAR DE NUEVO."
26227,"MODELO",2558720,"GT720WDUB430I"
26227,"MODELO",2798431,"OPTIWORK 6050 V4"
26227,"MODELO",2503513,"436B76I77XIIIM037"
26227,"MODELO",2503517,"436B76I77XIIIM039"
26227,"MODELO",4208119,"P25QMB6462"
26227,"MODELO",1599885,"VC 737A06"
26227,"MODELO",1599886,"VC 737H05"
26227,"MODELO",1599887,"VC225A"
26227,"MODELO",1599888,"VS855802"
26227,"MODELO",1599889,"OPTIPLEX 9020 MICRO"
26227,"MODELO",1599890,"VC 215201"
26227,"MODELO",1599891,"VC 617605"
26227,"MODELO",1599892,"VC 711706"
26227,"MODELO",1599893,"VC 727602"
26227,"MODELO",1599894,"VC 217407"
26227,"MODELO",1599895,"VC 639401"
26227,"MODELO",1599896,"VC 725405"
26227,"MODELO",1599897,"VC 735A01"
26227,"MODELO",1599898,"VC219B"
26227,"MODELO",1599899,"VCO2295"
26227,"MODELO",1599900,"CMVS715A"
26227,"MODELO",1599901,"OPEN VO 6377"
26227,"MODELO",1599902,"VC 215205"
26227,"MODELO",1599903,"VC 515604"
26227,"MODELO",1599904,"VS7279"
26227,"MODELO",1599905,"WS71"
26227,"MODELO",1599906,"480028"
26227,"MODELO",1599907,"VC 219304"
26227,"MODELO",1599908,"VC 607105"
26227,"MODELO",1599909,"VC 623A05"
26227,"MODELO",1599910,"VC 739402"
26227,"MODELO",1599911,"VC 739B05"
26227,"MODELO",1599912,"VC2295"
26227,"MODELO",1599913,"VS853602"
26227,"MODELO",1599914,"VC 215202"
26227,"MODELO",1599915,"VC 739A01"
26227,"MODELO",1599916,"VS 813703"
26227,"MODELO",1599917,"VS 815701"
26227,"MODELO",1599918,"VS 813803"
26227,"MODELO",1599919,"VC 623D04"
26227,"MODELO",1599920,"VC 711702"
26227,"MODELO",1599921,"VC 715705"
26227,"MODELO",1599922,"VC 727606"
26227,"MODELO",1599923,"VC2278"
26227,"MODELO",1599924,"VC2353"
26227,"MODELO",1599925,"VS819701"
26227,"MODELO",1599926,"CUADRO"
26227,"MODELO",1599927,"PRODESK 405 G1 MT"
26227,"MODELO",1599928,"VC 215106"
26227,"MODELO",1599929,"VC 739805"
26227,"MODELO",1599930,"VO 219107"
26227,"MODELO",1599931,"VO717D"
26227,"MODELO",1599932,"VC 215801"
26227,"MODELO",1599933,"VC 217102"
26227,"MODELO",1599934,"VC 515501"
26227,"MODELO",1599935,"VO 217202"
26227,"MODELO",1599936,"VS857701"
26227,"MODELO",1599937,"VS829702"
26227,"MODELO",1599938,"VC 639406"
26227,"MODELO",1599939,"VC 735B03"
26227,"MODELO",1599940,"VC 735H01"
26227,"MODELO",1599941,"VO 217205"
26227,"MODELO",1599942,"VO717F"
26227,"MODELO",1599943,"ELITE 800 G1 TWR"
26227,"MODELO",1599944,"OPEN VO 4657"
26227,"MODELO",1599945,"VC 623D01"
26227,"MODELO",1599946,"VO 623C01"
26227,"MODELO",1599947,"VS 827202"
26227,"MODELO",1599948,"PCAD2VP351Y21BG"
26227,"MODELO",2911190,"EZENT V1_MT"
26227,"MODELO",2031798,"VISSION VO1760"
26227,"MODELO",2790112,"OFISZU P50_SFF"
26227,"MODELO",2631995,"ELUNE 713"
26227,"MODELO",1842404,"ALLKA230146"
26227,"MODELO",1781791,"VISSION VP7760"
26227,"MODELO",2798454,"KOT5S21W81B3"
26227,"MODELO",2503911,"MASTER LINE GXIII 350"
26227,"MODELO",1599949,"11K51SSA466"
26227,"MODELO",1599950,"536B55RZ556M2309"
26227,"MODELO",1599951,"DM921021F430"
26227,"MODELO",1599952,"VISSION VS1059"
26227,"MODELO",1599953,"VO 613801"
26227,"MODELO",1599954,"50007"
26227,"MODELO",1599955,"VC223D"
26227,"MODELO",1599956,"VC 219906"
26227,"MODELO",1599957,"VC 739904"
26227,"MODELO",1599958,"VO 615601"
26227,"MODELO",1599959,"VO 615801"
26227,"MODELO",1599960,"VO 217203"
26227,"MODELO",1599961,"VS7337"
26227,"MODELO",1599962,"VS823203"
26227,"MODELO",1599963,"VC 215502"
26227,"MODELO",1599964,"VC 737903"
26227,"MODELO",1599965,"VCO2291"
26227,"MODELO",1599966,"VC 215A02"
26227,"MODELO",1599967,"VISSION VS 7177"
26227,"MODELO",1599968,"VC 613A05"
26227,"MODELO",1599969,"VO 215206"
26227,"MODELO",1599970,"VC 739405"
26227,"MODELO",1599971,"VC2354"
26227,"MODELO",1599972,"THINKCENTRE M83"
26227,"MODELO",1599973,"VS819703"
26227,"MODELO",1599974,"VC 618505"
26227,"MODELO",1599975,"VS823903"
26227,"MODELO",1599976,"VC 615901"
26227,"MODELO",1599977,"VC 61B402"
26227,"MODELO",1599978,"VC2376"
26227,"MODELO",1599979,"480013"
26227,"MODELO",1599980,"VC 625702"
26227,"MODELO",1599981,"VC 639201"
26227,"MODELO",1599982,"VC 617303"
26227,"MODELO",1599983,"VC 515903"
26227,"MODELO",1599984,"VC 715804"
26227,"MODELO",1599985,"VC 605502"
26227,"MODELO",1599986,"VS837501"
26227,"MODELO",1599987,"VC 605705"
26227,"MODELO",1599988,"VC229B"
26227,"MODELO",1599989,"VC 61B503"
26227,"MODELO",1599990,"VC 623902"
26227,"MODELO",1599991,"VC 639505"
26227,"MODELO",1599992,"VO 617101"
26227,"MODELO",1599993,"VC 607505"
26227,"MODELO",1599994,"VO7378"
26227,"MODELO",1599995,"VC 517606"
26227,"MODELO",1599996,"VC 719602"
26227,"MODELO",1599997,"VS827701"
26227,"MODELO",1599998,"VC 215A09"
26227,"MODELO",1599999,"VO 219104"
26227,"MODELO",1600000,"VC 517201"
26227,"MODELO",1600001,"VC 215603"
26227,"MODELO",1600002,"VC 613604"
26227,"MODELO",1600003,"VC 215807"
26227,"MODELO",1600004,"VC 737F01"
26227,"MODELO",1600005,"VS823501"
26227,"MODELO",1600006,"VC 627401"
26227,"MODELO",1600007,"VC 625903"
26227,"MODELO",1600008,"VC 639506"
26227,"MODELO",1600009,"VC 725403"
26227,"MODELO",1600010,"280 G2 MT"
26227,"MODELO",1600011,"VO 605901"
26227,"MODELO",1600012,"VC 613601"
26227,"MODELO",2031934,"VISSION VO1560"
26227,"MODELO",3390024,"MATX7 C100-0001"
26227,"MODELO",3390083,"MATX7 C100-0004"
26227,"MODELO",3917064,"1K92KSFL7A034"
26227,"MODELO",2790288,"1K35SL7A133"
26227,"MODELO",2798566,"KOT3S21W151B3"
26227,"MODELO",2769703,"PCAD2VP3510EXJC"
26227,"MODELO",2784739,"TURING5 14° GEN"
26227,"MODELO",2784745,"TURING5 14° GEN"
26227,"MODELO",2630827,"CDG12-58S5H1SS3"
26227,"MODELO",2630891,"QUBIT3 14° GEN"
26227,"MODELO",2631002,"QUBIT3 14° GEN"
26227,"MODELO",1600013,"VS823602"
26227,"MODELO",1600014,"COMMANDER"
26227,"MODELO",1600015,"VC 627405"
26227,"MODELO",1600016,"VC 629105"
26227,"MODELO",1600017,"VC 737806"
26227,"MODELO",1600018,"DYNAMIC G6"
26227,"MODELO",1600019,"VC 627505"
26227,"MODELO",1600020,"VC 615804"
26227,"MODELO",1600021,"VC 727306"
26227,"MODELO",1600022,"VC 735402"
26227,"MODELO",1600023,"VS823902"
26227,"MODELO",1600024,"11DBS60100"
26227,"MODELO",1600025,"PCAD2VP350Y21BG"
26227,"MODELO",1600026,"70009"
26227,"MODELO",1600027,"PRODESK 600 G2 SFF"
26227,"MODELO",1600028,"VC 215206"
26227,"MODELO",1600029,"VCO2256"
26227,"MODELO",1600030,"VO 615501"
26227,"MODELO",1600031,"VC 739401"
26227,"MODELO",1600032,"GB-BXI3H-5010-BN"
26227,"MODELO",1600033,"VC219A"
26227,"MODELO",1600034,"VC 735G01"
26227,"MODELO",1600035,"VO6346"
26227,"MODELO",1600036,"VC 619504"
26227,"MODELO",1600037,"VC 623B04"
26227,"MODELO",1600038,"VO 615701"
26227,"MODELO",1600039,"VC 217603"
26227,"MODELO",1600040,"VC 717504"
26227,"MODELO",1600041,"VO 617401"
26227,"MODELO",1600042,"VO 717301"
26227,"MODELO",1600043,"VC 515503"
26227,"MODELO",1600044,"480029"
26227,"MODELO",1600045,"VC 215209"
26227,"MODELO",1600046,"VO7358"
26227,"MODELO",1600047,"VS 817502"
26227,"MODELO",1600048,"VC 617403"
26227,"MODELO",1600049,"VC 725404"
26227,"MODELO",1600050,"VO 607501"
26227,"MODELO",1600051,"VC 623D03"
26227,"MODELO",1600052,"VC229A"
26227,"MODELO",1600053,"VC 737G02"
26227,"MODELO",1600054,"VC 517604"
26227,"MODELO",1600055,"VC 715706"
26227,"MODELO",1600056,"VC 617101"
26227,"MODELO",1600057,"VC 619301"
26227,"MODELO",1600058,"CMVO7151"
26227,"MODELO",1600059,"ENTERPRISE 8500 TORRE"
26227,"MODELO",1600060,"VC225E"
26227,"MODELO",1600061,"VS853703"
26227,"MODELO",1600062,"VC 515906"
26227,"MODELO",1600063,"VC 605501"
26227,"MODELO",1600064,"VC 725406"
26227,"MODELO",1600065,"VC2234"
26227,"MODELO",1600066,"VC 615401"
26227,"MODELO",1600067,"COMPAQ 6305 PRO SFF"
26227,"MODELO",1600068,"OPEN VO 717N"
26227,"MODELO",1600069,"VC 623B06"
26227,"MODELO",1600070,"VC 619402"
26227,"MODELO",1600071,"VC 715504"
26227,"MODELO",1600072,"VC 737B01"
26227,"MODELO",1600073,"VC2255"
26227,"MODELO",1600074,"VS 51E6"
26227,"MODELO",1600075,"PRODESK 600 G1 SFF"
26227,"MODELO",1600076,"VC 605702"
26227,"MODELO",2031936,"VISSION VP1560"
26227,"MODELO",3390106,"MATX7 C100-0005"
26227,"MODELO",3390124,"MATX7 C100-0006"
26227,"MODELO",1597132,"BRIX 8500"
26227,"MODELO",1597133,"I3COMPUTER 0"
26227,"MODELO",1597134,"I3COMPUTER 07"
26227,"MODELO",1597135,"VPC12-WPO-2"
26227,"MODELO",1597136,"VPC14-WP-5"
26227,"MODELO",1597137,"VPC14-WP-4"
26227,"MODELO",1597138,"VPC10-WP-8"
26227,"MODELO",1597139,"VPC10-WP-4"
26227,"MODELO",1597140,"VPC10-WP-2"
26227,"MODELO",1597141,"VPC14-WP-2"
26227,"MODELO",1597142,"VPC17-WP-6"
26227,"MODELO",1597143,"VPC16-WP-4"
26227,"MODELO",1597144,"VPC15-WP-4"
26227,"MODELO",1597145,"THINKCENTRE P910Q"
26227,"MODELO",1597146,"WYSE 7020"
26227,"MODELO",1597147,"T620 FLEXIBLE THIN CLIENT PLUS"
26227,"MODELO",1597148,"T420 THIN CLIENT"
26227,"MODELO",1597149,"705 G1 DM"
26227,"MODELO",1597150,"T620 PLUS THIN CLIENT"
26227,"MODELO",1597151,"CUBO"
26227,"MODELO",1597152,"M72E TINY"
26227,"MODELO",1597153,"PRODESK 600 G1 DM"
26227,"MODELO",1597154,"M73 TINY"
26227,"MODELO",1597155,"800 G1 DM"
26227,"MODELO",1597156,"ELITEDESK 705 G2 DM"
26227,"MODELO",1597157,"AP404602"
26227,"MODELO",1597158,"T620 FLEXIBLE THIN CLIENT"
26227,"MODELO",4106696,"436HV4I7UTS2001"
26227,"MODELO",3862512,"ALL25KAIU5061"
26227,"MODELO",2558743,"GT722WOUB430I"
26227,"MODELO",2798498,"KOT5S21W811B3"
26227,"MODELO",2798622,"OPTIWORK 6050 VX4"
26227,"MODELO",3864048,"1K54SFL7A151"
26227,"MODELO",2028433,"HP PRO MINI 400 G9 DESKTOP PC"
26227,"MODELO",2630824,"QUBIT3 14° GEN"
26227,"MODELO",1938582,"17JUS2S77"
26227,"MODELO",1600077,"VC 613501"
26227,"MODELO",1600078,"VC 737G03"
26227,"MODELO",1600079,"VC 627204"
26227,"MODELO",1600080,"VS839503"
26227,"MODELO",1600081,"VC 517601"
26227,"MODELO",1600082,"VC 625705"
26227,"MODELO",1600083,"VC 625806"
26227,"MODELO",1600084,"VC 605601"
26227,"MODELO",1600085,"VC 639602"
26227,"MODELO",1600086,"VO5897"
26227,"MODELO",1600087,"VC 605603"
26227,"MODELO",1600088,"VC 725905"
26227,"MODELO",1600089,"VC 711503"
26227,"MODELO",1600090,"VS7197"
26227,"MODELO",1600091,"VS823201"
26227,"MODELO",1600092,"VS819503"
26227,"MODELO",1600093,"VC 617304"
26227,"MODELO",1600094,"VC 735803"
26227,"MODELO",1600095,"VC 217607"
26227,"MODELO",1600096,"VC 637201"
26227,"MODELO",1600097,"GENWORK TM3100"
26227,"MODELO",1600098,"HEH5G02STVA514"
26227,"MODELO",1600099,"GENWORK TM4000"
26227,"MODELO",1600100,"GENWORK TM4200"
26227,"MODELO",1600101,"MASTER LINE GX 300"
26227,"MODELO",1600102,"VO 61D601"
26227,"MODELO",1600103,"EMPRESARIAL"
26227,"MODELO",1600104,"PROFESIONAL"
26227,"MODELO",1600105,"VC 617102"
26227,"MODELO",1600106,"VC 619506"
26227,"MODELO",1600107,"VC 61D405"
26227,"MODELO",1600108,"VC 623705"
26227,"MODELO",1600109,"VS6346"
26227,"MODELO",1600110,"VC 717303"
26227,"MODELO",1600111,"VC 727604"
26227,"MODELO",1600112,"VC 735501"
26227,"MODELO",1600113,"VC 739H02"
26227,"MODELO",1600114,"VISSION VS 6379"
26227,"MODELO",1600115,"VISSION VS 717C"
26227,"MODELO",1600116,"400 G1 SFF"
26227,"MODELO",1600117,"I7 HASWELL REFRESH"
26227,"MODELO",1600118,"VC 739H05"
26227,"MODELO",1600119,"VO 219207"
26227,"MODELO",1600120,"VO 625701"
26227,"MODELO",1600121,"VO717N"
26227,"MODELO",1600122,"VS587E"
26227,"MODELO",1600123,"VS823502"
26227,"MODELO",1600124,"VC 517203"
26227,"MODELO",1600125,"VC 605803"
26227,"MODELO",1600126,"VC 629305"
26227,"MODELO",1600127,"VC 735C03"
26227,"MODELO",1600128,"VC 735G05"
26227,"MODELO",1600129,"VC 737706"
26227,"MODELO",1600130,"480025"
26227,"MODELO",1600131,"VC 629606"
26227,"MODELO",1600132,"VC 737C03"
26227,"MODELO",1600133,"VC 737G05"
26227,"MODELO",1600134,"VO 619401"
26227,"MODELO",1600135,"VO 735701"
26227,"MODELO",1600136,"VC2191"
26227,"MODELO",1600137,"VO 639201"
26227,"MODELO",1600138,"VS839603"
26227,"MODELO",1600139,"VC 217401"
26227,"MODELO",1600140,"VC 217503"
26227,"MODELO",2031814,"VISSION VP1760"
26227,"MODELO",1597159,"PRODESK 600 G2 DM"
26227,"MODELO",1597160,"ELITEDESK 800 G1 DM"
26227,"MODELO",1597161,"AP404603"
26227,"MODELO",1597162,"260 G2 DM"
26227,"MODELO",1597163,"T520 FLEXIBLE THIN CLIENT"
26227,"MODELO",1597164,"PRODESK 400 G1 DM"
26227,"MODELO",1597165,"ELITEDESK 705 G1 DM"
26227,"MODELO",1597166,"ELITEDESK 800 G2 DM"
26227,"MODELO",1597167,"AP404604"
26227,"MODELO",1597168,"THINKCENTRE M73 TINY"
26227,"MODELO",1597169,"THINKCENTRE M93P TINY"
26227,"MODELO",1597170,"260 G1 DM"
26227,"MODELO",1597171,"AP404605"
26227,"MODELO",1597172,"600 G1 DM"
26227,"MODELO",1597173,"ELITEDESK 800 G2 DM 65W"
26227,"MODELO",1597174,"CHROMEBOX"
26227,"MODELO",1597175,"AP404601"
26227,"MODELO",1597176,"PRODESK 400 G2 DM"
26227,"MODELO",1597177,"THINKCENTRE M700 TINY"
26227,"MODELO",1597178,"THINKCENTRE M625"
26227,"MODELO",4223930,"ALL26KASIU7161T"
26227,"MODELO",3136057,"PRO I7 GEN 13"
26227,"MODELO",2785195,"AM5"
26227,"MODELO",1600141,"NANUK-SFF"
26227,"MODELO",1600142,"VC 219609"
26227,"MODELO",1600143,"VC 61G602"
26227,"MODELO",1600144,"VC 625506"
26227,"MODELO",1600145,"VC 637604"
26227,"MODELO",1600146,"VC 711404"
26227,"MODELO",1600147,"VC 617606"
26227,"MODELO",1600148,"VC 623D02"
26227,"MODELO",1600149,"VC 725902"
26227,"MODELO",1600150,"VISSION VS 719A"
26227,"MODELO",1600151,"VO 627401"
26227,"MODELO",1600152,"VS821302"
26227,"MODELO",1600153,"VC 637803"
26227,"MODELO",1600154,"VC 735D02"
26227,"MODELO",1600155,"VC 737705"
26227,"MODELO",1600156,"VISSION VS 6576"
26227,"MODELO",1600157,"VS 815803"
26227,"MODELO",1600158,"VS 827102"
26227,"MODELO",1600159,"GB-BSI7H-6500"
26227,"MODELO",1600160,"ENTERINFORMATION 103"
26227,"MODELO",1600161,"OPTIPLEX 3090 MFF"
26227,"MODELO",1600162,"VC 217403"
26227,"MODELO",1600163,"PROFESSIONAL 100"
26227,"MODELO",1600164,"VC 629103"
26227,"MODELO",1600165,"VC 215309"
26227,"MODELO",1600166,"VISSION VS 7158"
26227,"MODELO",1600167,"VCO2292"
26227,"MODELO",1600168,"VC 629303"
26227,"MODELO",1600169,"VC 739705"
26227,"MODELO",1600170,"VO 215201"
26227,"MODELO",1600171,"THINKCENTRE M93P SFF"
26227,"MODELO",1600172,"480012"
26227,"MODELO",1600173,"VC2273"
26227,"MODELO",1600174,"VO 219201"
26227,"MODELO",1600175,"VC 627506"
26227,"MODELO",1600176,"VC 727305"
26227,"MODELO",1600177,"VC 727101"
26227,"MODELO",1600178,"VC 735D06"
26227,"MODELO",1600179,"VC 739A05"
26227,"MODELO",1600180,"VS857803"
26227,"MODELO",1600181,"VS823802"
26227,"MODELO",1600182,"VS827502"
26227,"MODELO",1600183,"VO 725501"
26227,"MODELO",1600184,"VS823803"
26227,"MODELO",1600185,"OPEN VO 717L"
26227,"MODELO",1600186,"VC 719603"
26227,"MODELO",1600187,"VS5896"
26227,"MODELO",1600188,"VS7498"
26227,"MODELO",1600189,"VC 217409"
26227,"MODELO",1600190,"VC2258"
26227,"MODELO",1600191,"VC229C"
26227,"MODELO",1600192,"VC 711604"
26227,"MODELO",1600193,"ECONOMIC"
26227,"MODELO",1600194,"VS821101"
26227,"MODELO",1600195,"VC 737605"
26227,"MODELO",1600196,"VC 739802"
26227,"MODELO",1600197,"VC 735A04"
26227,"MODELO",1600198,"VC 739906"
26227,"MODELO",1600199,"VS821403"
26227,"MODELO",1600200,"ENTERPRISE 7500 SFF"
26227,"MODELO",1600201,"VC 737A05"
26227,"MODELO",1600202,"VC 217308"
26227,"MODELO",1600203,"VS855801"
26227,"MODELO",4102852,"P07OMB64CA"
26227,"MODELO",1782031,"M27"
26227,"MODELO",1782048,"DG13-I732S2TWOH3"
26227,"MODELO",2798618,"PARTE DE CARLOS AQUI (TEMP)"
26227,"MODELO",1600204,"VC 215A04"
26227,"MODELO",1600205,"VC 737703"
26227,"MODELO",1600206,"VS7334"
26227,"MODELO",1600207,"VO 737H01"
26227,"MODELO",1600208,"VC2253"
26227,"MODELO",1600209,"VC2393"
26227,"MODELO",1600210,"8300 SFF"
26227,"MODELO",1600211,"VC 217807"
26227,"MODELO",1600212,"VS7478"
26227,"MODELO",1600213,"VS823301"
26227,"MODELO",1600214,"VC 727502"
26227,"MODELO",1600215,"PRO 4300 SFF"
26227,"MODELO",1600216,"VC 629301"
26227,"MODELO",1600217,"VC 623C05"
26227,"MODELO",1600218,"VC 515702"
26227,"MODELO",1600219,"SQUARE"
26227,"MODELO",1600220,"VC 637602"
26227,"MODELO",1600221,"VO 219103"
26227,"MODELO",1600222,"VO 515501"
26227,"MODELO",1600223,"VC 629104"
26227,"MODELO",1600224,"VO 605801"
26227,"MODELO",1600225,"VC 717205"
26227,"MODELO",1600226,"VC 735A06"
26227,"MODELO",1600227,"VC 737B06"
26227,"MODELO",1600228,"VC 515506"
26227,"MODELO",1600229,"VC 623C01"
26227,"MODELO",1600230,"VC 637203"
26227,"MODELO",1600231,"VC 61B604"
26227,"MODELO",1600232,"VS7258"
26227,"MODELO",1600233,"DM922022F430"
26227,"MODELO",1600234,"GB-BXI5H-5200"
26227,"MODELO",1600235,"VS839502"
26227,"MODELO",1600236,"VC 711701"
26227,"MODELO",1600237,"VC 735E06"
26227,"MODELO",1600238,"VS837502"
26227,"MODELO",1600239,"VC 215301"
26227,"MODELO",1600240,"VCO2270"
26227,"MODELO",1600241,"VC 619102"
26227,"MODELO",1600242,"VC 739603"
26227,"MODELO",1600243,"VC 737602"
26227,"MODELO",1600244,"VC 607203"
26227,"MODELO",1600245,"VC 639404"
26227,"MODELO",1600246,"VO 617301"
26227,"MODELO",1600247,"VC 605901"
26227,"MODELO",1600248,"VO 617601"
26227,"MODELO",1600249,"VC 735B05"
26227,"MODELO",1600250,"VO 737501"
26227,"MODELO",1600251,"VS 623804"
26227,"MODELO",1600252,"VS717M"
26227,"MODELO",1600253,"VS7397"
26227,"MODELO",1600254,"VO 719401"
26227,"MODELO",1600255,"VC 215504"
26227,"MODELO",1600256,"VO 815501"
26227,"MODELO",1600257,"VC 627205"
26227,"MODELO",1600258,"VC 617505"
26227,"MODELO",1600259,"VO 739501"
26227,"MODELO",1600260,"VC 515403"
26227,"MODELO",1600261,"THINKCENTRE M73 SFF"
26227,"MODELO",1600262,"YAWAR R4"
26227,"MODELO",1600263,"VS 623304"
26227,"MODELO",1600264,"VS823703"
26227,"MODELO",1600265,"800 G1 SFF"
26227,"MODELO",1600266,"VC 715405"
26227,"MODELO",1600267,"VC 735F01"
26227,"MODELO",2652229,"XBYTE PHANTOM 5"
26227,"MODELO",3390053,"MATX7 C100-0003"
26227,"MODELO",4223807,"INVADER VIN52"
26227,"MODELO",4223843,"INVADER VIN72"
26227,"MODELO",4223844,"MDP2605L1F5Q6"
26227,"MODELO",2798817,"OPTIWORK 6070 V4"
26227,"MODELO",2554443,"ALLWI2024QGYGUMT"
26227,"MODELO",1600268,"48002"
26227,"MODELO",1600269,"VC 217306"
26227,"MODELO",1600270,"VO 51G7"
26227,"MODELO",1600271,"VS827501"
26227,"MODELO",1600272,"VC 217A01"
26227,"MODELO",1600273,"VS827601"
26227,"MODELO",1600274,"VC 215704"
26227,"MODELO",1600275,"VC 625801"
26227,"MODELO",1600276,"VO 217105"
26227,"MODELO",1600277,"VC 605406"
26227,"MODELO",1600278,"VC 515705"
26227,"MODELO",1600279,"VS 829402"
26227,"MODELO",1600280,"VC 639702"
26227,"MODELO",1600281,"VC 627604"
26227,"MODELO",1600282,"VC 727103"
26227,"MODELO",1600283,"VO 219101"
26227,"MODELO",1600284,"VC 613404"
26227,"MODELO",1600285,"THINKCENTRE M79 SFF"
26227,"MODELO",1600286,"VC 625602"
26227,"MODELO",1600287,"VC 613A06"
26227,"MODELO",1600288,"VC 739404"
26227,"MODELO",1600289,"600 G2 SFF"
26227,"MODELO",1600290,"VC 625606"
26227,"MODELO",1600291,"VC 737B05"
26227,"MODELO",1600292,"VC 61B405"
26227,"MODELO",1600293,"VC 219209"
26227,"MODELO",1600294,"VC 217208"
26227,"MODELO",1600295,"VC 717402"
26227,"MODELO",1600296,"VS827803"
26227,"MODELO",1600297,"VC 613803"
26227,"MODELO",1600298,"ELITEDESK 800 G1 TWR"
26227,"MODELO",1600299,"OPTIPLEX 7010 MT"
26227,"MODELO",1600300,"VC 639501"
26227,"MODELO",1600301,"VC 217901"
26227,"MODELO",1600302,"VC 719101"
26227,"MODELO",1600303,"ELITEDESK 800 G1 SFF"
26227,"MODELO",1600304,"VO7159"
26227,"MODELO",1600305,"VC 217408"
26227,"MODELO",1600306,"VC 515603"
26227,"MODELO",1600307,"VC 618606"
26227,"MODELO",1600308,"VISSION VS 6356"
26227,"MODELO",1600309,"VO 715501"
26227,"MODELO",1600310,"VC 217802"
26227,"MODELO",1600311,"VC 605904"
26227,"MODELO",1600312,"VC 617301"
26227,"MODELO",1600313,"VC 627103"
26227,"MODELO",1600314,"VC 735H06"
26227,"MODELO",1600315,"VCO2370"
26227,"MODELO",1600316,"VC 215306"
26227,"MODELO",1600317,"VC 215609"
26227,"MODELO",1600318,"VC 217B04"
26227,"MODELO",1600319,"VC 605403"
26227,"MODELO",1600320,"VC 607403"
26227,"MODELO",1600321,"VC 725901"
26227,"MODELO",1600322,"OPEN VO 7877"
26227,"MODELO",1600323,"THINKCENTRE M900 SFF"
26227,"MODELO",1600324,"VC 215905"
26227,"MODELO",1600325,"VC 217903"
26227,"MODELO",1600326,"VC 219904"
26227,"MODELO",1600327,"VC 61D604"
26227,"MODELO",1600328,"VC 623406"
26227,"MODELO",1600329,"VC 637606"
26227,"MODELO",1600330,"VC 725401"
26227,"MODELO",3390033,"MATX7 C100-0002"
26227,"MODELO",2889182,"OPTIWORK 6050 VX12"
26227,"MODELO",1842705,"11K69K2F670"
26227,"MODELO",2785157,"HPRIME  3050 V2"
26227,"MODELO",1600331,"VC 739606"
26227,"MODELO",1600332,"VO 215108"
26227,"MODELO",1600333,"VC 618403"
26227,"MODELO",1600334,"VC 625902"
26227,"MODELO",1600335,"VC 737F04"
26227,"MODELO",1600336,"VC2391"
26227,"MODELO",1600337,"VO 515701"
26227,"MODELO",1600338,"VC 215608"
26227,"MODELO",1600339,"VC 219202"
26227,"MODELO",1600340,"VC 615904"
26227,"MODELO",1600341,"VC 217301"
26227,"MODELO",1600342,"VC 715704"
26227,"MODELO",1600343,"VO 217108"
26227,"MODELO",1600344,"VC2198"
26227,"MODELO",1600345,"VO 517501"
26227,"MODELO",1600346,"VS7299"
26227,"MODELO",1600347,"VS855603"
26227,"MODELO",1600348,"47004"
26227,"MODELO",1600349,"ENTERPRISE PLUS 200"
26227,"MODELO",1600350,"GB-BACE-3150"
26227,"MODELO",1600351,"VC 719401"
26227,"MODELO",1600352,"VC 739806"
26227,"MODELO",1600353,"VS7476"
26227,"MODELO",1600354,"VS853802"
26227,"MODELO",1600355,"PC MEDIUM"
26227,"MODELO",1600356,"VC 215109"
26227,"MODELO",1600357,"VC 215702"
26227,"MODELO",1600358,"VC 618602"
26227,"MODELO",1600359,"VC 61G406"
26227,"MODELO",1600360,"VC 625901"
26227,"MODELO",1600361,"VC 627404"
26227,"MODELO",1600362,"VC 629503"
26227,"MODELO",1600363,"VC2154"
26227,"MODELO",1600364,"VC 61G601"
26227,"MODELO",1600365,"VC 727106"
26227,"MODELO",1600366,"VC 619204"
26227,"MODELO",1600367,"VC 623405"
26227,"MODELO",1600368,"VC 625804"
26227,"MODELO",1600369,"VC 629603"
26227,"MODELO",1600370,"VC 725504"
26227,"MODELO",1600371,"VC 727404"
26227,"MODELO",1600372,"VC 637801"
26227,"MODELO",1600373,"VC 711502"
26227,"MODELO",1600374,"VC 717502"
26227,"MODELO",1600375,"VS5877"
26227,"MODELO",1600376,"PSL3GQW0VA2002"
26227,"MODELO",1600377,"VC 737E01"
26227,"MODELO",1600378,"VO 623901"
26227,"MODELO",1600379,"VC 623203"
26227,"MODELO",1600380,"VC 623C02"
26227,"MODELO",1600381,"VC 715904"
26227,"MODELO",1600382,"VC 715604"
26227,"MODELO",1600383,"VC 517501"
26227,"MODELO",1600384,"VC 607103"
26227,"MODELO",1600385,"VC 615406"
26227,"MODELO",1600386,"VC 727405"
26227,"MODELO",1600387,"VC 517605"
26227,"MODELO",1600388,"VC 727202"
26227,"MODELO",1600389,"ENTERPRISE BASIC 100"
26227,"MODELO",1600390,"VC 217A04"
26227,"MODELO",1600391,"VC 711506"
26227,"MODELO",1600392,"VO717L"
26227,"MODELO",1600393,"VS 827403"
26227,"MODELO",1600394,"VC 607205"
26227,"MODELO",2031993,"VISSION  VP1360"
26227,"MODELO",2803106,"1K67NA7A162"
26227,"MODELO",3732623,"SMART GOLD 265KF"
26227,"MODELO",2576237,"GT722WOOF430I"
26227,"MODELO",1800380,"CORE I9 -STACION DE TRABAJO PRO FLASH ZYC00215"
26227,"MODELO",1800605,"CORE I9 -STACION DE TRABAJO PRO FLASH ZYC00224"
26227,"MODELO",1924998,"I"
26227,"MODELO",3850978,"1K74SFL6A398"
26227,"MODELO",4054457,"VISSION VP5770"
26227,"MODELO",2624550,"TURING7 14° GEN"
26227,"MODELO",2624552,"TURING7 14° GEN"
26227,"MODELO",2624554,"TURING7 14° GEN"
26227,"MODELO",2624556,"TURING7 14° GEN"
26227,"MODELO",2624558,"TURING7 14° GEN"
26227,"MODELO",1902937,"OD4210662G3S"
26227,"MODELO",2623813,"TURING5 14° GEN"
26227,"MODELO",1600395,"VC 739406"
26227,"MODELO",1600396,"VC 717506"
26227,"MODELO",1600397,"VC 735G03"
26227,"MODELO",1600398,"VS7256"
26227,"MODELO",1600399,"VC 517301"
26227,"MODELO",1600400,"VO 613401"
26227,"MODELO",1600401,"VO 725401"
26227,"MODELO",1600402,"OPEN VO 6357"
26227,"MODELO",1600403,"VC 623506"
26227,"MODELO",1600404,"VC 617103"
26227,"MODELO",1600405,"VC 717505"
26227,"MODELO",1600406,"VC 727204"
26227,"MODELO",1600407,"VC 217504"
26227,"MODELO",1600408,"VC 739A03"
26227,"MODELO",1600409,"VC 215208"
26227,"MODELO",1600410,"VC 639606"
26227,"MODELO",1600411,"50008"
26227,"MODELO",1600412,"VC 719606"
26227,"MODELO",1600413,"VC 727102"
26227,"MODELO",1600414,"VC 739H03"
26227,"MODELO",1600415,"PRODESK 400 G1 SFF"
26227,"MODELO",1600416,"VC 711505"
26227,"MODELO",1600417,"VC 517602"
26227,"MODELO",1600418,"VC 739B01"
26227,"MODELO",1600419,"VC2356"
26227,"MODELO",1600420,"VC 217103"
26227,"MODELO",1600421,"OPEN VO 7898"
26227,"MODELO",1600422,"VC 719605"
26227,"MODELO",1600423,"VC215B"
26227,"MODELO",1600424,"VS717N"
26227,"MODELO",1600425,"VO 623801"
26227,"MODELO",1600426,"VC 715601"
26227,"MODELO",1600427,"VC2197"
26227,"MODELO",1600428,"VC 613502"
26227,"MODELO",1600429,"VC 725506"
26227,"MODELO",1600430,"VC 739E05"
26227,"MODELO",1600431,"VC 719104"
26227,"MODELO",1600432,"50006"
26227,"MODELO",1600433,"VO 215107"
26227,"MODELO",1600434,"VO 217101"
26227,"MODELO",1600435,"480021"
26227,"MODELO",1600436,"VC 717302"
26227,"MODELO",1600437,"VC 725602"
26227,"MODELO",1600438,"VC2252"
26227,"MODELO",1600439,"VS823603"
26227,"MODELO",1600440,"VC 619606"
26227,"MODELO",1600441,"OPEN VO 7199"
26227,"MODELO",1600442,"VC 219A07"
26227,"MODELO",1600443,"VC 605605"
26227,"MODELO",1600444,"VO 217106"
26227,"MODELO",1600445,"VC 735E05"
26227,"MODELO",1600446,"VC 615403"
26227,"MODELO",1600447,"VC 119203"
26227,"MODELO",1600448,"GENWORK TM3000"
26227,"MODELO",1600449,"MASTER LINE  GX 200"
26227,"MODELO",1600450,"VISSION VP5790"
26227,"MODELO",1600451,"ENTERPRISE G9"
26227,"MODELO",1600452,"VISSION VO2730"
26227,"MODELO",1600453,"OPTIPLEX 7060 MT"
26227,"MODELO",1600454,"VISSION VP773X"
26227,"MODELO",1600455,"VISSION VP273X"
26227,"MODELO",1600456,"BMS00S0BCF"
26227,"MODELO",1600457,"MASTER LINE RYZEN  G5 2000"
26227,"MODELO",1800559,"CORE I9 -STACION DE TRABAJO PRO FLASH ZYC00222"
26227,"MODELO",1800647,"CORE I9 -STACION DE TRABAJO PRO FLASH ZYC00219"
26227,"MODELO",2901465,"RPOTIWRORK 6050 VX4"
26227,"MODELO",3851107,"1K74SFL6A424"
26227,"MODELO",3851129,"1K74SFL6A458"
26227,"MODELO",2624548,"TURING7 14° GEN"
26227,"MODELO",2624559,"TURING7 14° GEN"
26227,"MODELO",2624575,"TURING7 14° GEN"
26227,"MODELO",2624578,"TURING7 14° GEN"
26227,"MODELO",1902960,"OPTIMUS MT12700F"
26227,"MODELO",1902977,"DELL VOSTRO 3020 SFF"
26227,"MODELO",4223238,"INVADER LITE VIN52"
26227,"MODELO",4225968,"M70S6U7162110F2H"
26227,"MODELO",1600458,"NUX9"
26227,"MODELO",1600459,"ADVANCED PC"
26227,"MODELO",1600460,"COMPUTADORA EMPRESARIAL DE 9°GENERACIÓN I7-8700"
26227,"MODELO",1600461,"COMPUTADORA EMPRESARIAL DE 9°GENERACIÓN I7-8700 PRO"
26227,"MODELO",1600462,"COMPUTADORA EMPRESARIAL DE 9°GENERACIÓN I7-8700 X"
26227,"MODELO",1600463,"M720S"
26227,"MODELO",1600464,"10V8S0YT00"
26227,"MODELO",1600465,"MEDIUM PC"
26227,"MODELO",1600466,"BASIC PC"
26227,"MODELO",1600467,"THINKCENTRE M970S"
26227,"MODELO",1600468,"THINKCENTRE M720 SFF"
26227,"MODELO",1600469,"MASTER LINE RYZEN  G3 2000"
26227,"MODELO",1600470,"VISSION VP6530"
26227,"MODELO",1600471,"THINKCENTRE M80S"
26227,"MODELO",1600472,"VISSION VS1057"
26227,"MODELO",1600473,"VISSION VO1054"
26227,"MODELO",1600474,"VISSION VS1054"
26227,"MODELO",1600475,"THINKCENTRE M80 SFF"
26227,"MODELO",1600476,"VISSION VO1055"
26227,"MODELO",1600477,"VISSION VS1073"
26227,"MODELO",1600478,"THINKCENTRE M80 SFF"
26227,"MODELO",1600479,"THINKCENTRE M80 SFF"
26227,"MODELO",1600480,"THINKCENTRE M80 SFF"
26227,"MODELO",1600481,"THINKCENTRE M80 SFF"
26227,"MODELO",1600482,"THINKCENTRE M80 SFF"
26227,"MODELO",1600483,"THINKCENTRE M80 SFF"
26227,"MODELO",1600484,"THINKCENTRE M80 SFF"
26227,"MODELO",1600485,"THINKCENTRE M80Q"
26227,"MODELO",1600486,"BS000N27G33E"
26227,"MODELO",1600487,"VISSION VP6700"
26227,"MODELO",1600488,"HP PRODESK 600 G5 SF"
26227,"MODELO",1600489,"THINKCENTRE M80 SFF"
26227,"MODELO",1600490,"PRIME-A"
26227,"MODELO",1600491,"THINKCENTRE M80 SFF"
26227,"MODELO",1600492,"VISSION VP6730"
26227,"MODELO",1600493,"THINKCENTRE M80S"
26227,"MODELO",1600494,"THINKCENTRE M80S"
26227,"MODELO",1600495,"THINKCENTRE M920Q"
26227,"MODELO",1600496,"THINKCENTRE M80S"
26227,"MODELO",1600497,"THINKCENTRE M80S"
26227,"MODELO",1600498,"HP   ELITEDESK   705     G5  SFF"
26227,"MODELO",1600499,"COMPUTADORA GERENCIAL DE 9°GENERACIÓN I7-9700K"
26227,"MODELO",1600500,"HP ELITEDESK 705 G5 SFF"
26227,"MODELO",1600501,"HP PRODESK 400 G7 SFF"
26227,"MODELO",1600502,"THINKCENTRE M720S"
26227,"MODELO",1600503,"THINKCENTRE M720S"
26227,"MODELO",1600504,"THINKCENTRE M720S"
26227,"MODELO",1600505,"VISSION VP2400"
26227,"MODELO",1600506,"THINKCENTRE M720Q"
26227,"MODELO",1600507,"VISSION VH2300"
26227,"MODELO",1600508,"VISSION VH2400"
26227,"MODELO",1600509,"PCAD2VH242001B0"
26227,"MODELO",1600510,"SUPREMO AX7"
26227,"MODELO",1600511,"FIRELITE"
26227,"MODELO",1600512,"STRONGFIRE"
26227,"MODELO",1600513,"VISSION VP6710"
26227,"MODELO",1600514,"MASTER LINE G9 220"
26227,"MODELO",1600515,"MASTER LINE G9 320"
26227,"MODELO",1600516,"VC 637504"
26227,"MODELO",1600517,"GB-BSI5H-6200"
26227,"MODELO",2033554,"VP3760"
26227,"MODELO",1924991,"THINKCENTRE NEO 30A 24 GEN 4"
26227,"MODELO",1913391,"SSSS"
26227,"MODELO",2588540,"T58512S1HN-13-WD-WP-SF-OP"
26227,"MODELO",1600518,"OPTIPLEX 3020"
26227,"MODELO",1600519,"VO 813601"
26227,"MODELO",1600520,"VC 735E02"
26227,"MODELO",1600521,"VC 737805"
26227,"MODELO",1600522,"VC 215A05"
26227,"MODELO",1600523,"VC 517401"
26227,"MODELO",1600524,"SMART 3000"
26227,"MODELO",1600525,"280 G2 SFF"
26227,"MODELO",1600526,"WAYRA M7"
26227,"MODELO",1600527,"VC2196"
26227,"MODELO",1600528,"VC 727205"
26227,"MODELO",1600529,"VC 623702"
26227,"MODELO",1600530,"CMVS7151"
26227,"MODELO",1600531,"VC 637706"
26227,"MODELO",1600532,"VC 737H01"
26227,"MODELO",1600533,"VC225D"
26227,"MODELO",1600534,"VC 739602"
26227,"MODELO",1600535,"VO 735G01"
26227,"MODELO",1600536,"VC 617506"
26227,"MODELO",1600537,"VC 61G503"
26227,"MODELO",1600538,"DYNAMIC  PLUS"
26227,"MODELO",1600539,"VC2195"
26227,"MODELO",1600540,"VC2370"
26227,"MODELO",1600541,"VCO2231"
26227,"MODELO",1600542,"VO 739A01"
26227,"MODELO",1600543,"480033"
26227,"MODELO",1600544,"VO 727401"
26227,"MODELO",1600545,"VS821102"
26227,"MODELO",1600546,"VO 219106"
26227,"MODELO",1600547,"VC 215607"
26227,"MODELO",1600548,"VC 619202"
26227,"MODELO",1600549,"VC 217A06"
26227,"MODELO",1600550,"VC 717304"
26227,"MODELO",1600551,"VC 727201"
26227,"MODELO",1600552,"VC 735706"
26227,"MODELO",1600553,"VISSION VS 7196"
26227,"MODELO",1600554,"VC 517202"
26227,"MODELO",1600555,"VC 735C02"
26227,"MODELO",1600556,"VC 613303"
26227,"MODELO",1600557,"VC 737H06"
26227,"MODELO",1600558,"VC 515404"
26227,"MODELO",1600559,"VS819802"
26227,"MODELO",1600560,"VC 615805"
26227,"MODELO",1600561,"VS 817803"
26227,"MODELO",1600562,"VC 627504"
26227,"MODELO",1600563,"VISSION VS 7898"
26227,"MODELO",1600564,"VS717F"
26227,"MODELO",1600565,"VC 607406"
26227,"MODELO",1600566,"ELITEDESK 705 G1 MT"
26227,"MODELO",1600567,"VC 737704"
26227,"MODELO",1600568,"600 G1 SFF"
26227,"MODELO",1600569,"VO 715401"
26227,"MODELO",1600570,"VC 735A03"
26227,"MODELO",1600571,"TURBO"
26227,"MODELO",1600572,"VC 517302"
26227,"MODELO",1600573,"VC 627606"
26227,"MODELO",1600574,"VC 719303"
26227,"MODELO",1600575,"VC 719505"
26227,"MODELO",1600576,"VC 217905"
26227,"MODELO",1600577,"VC2372"
26227,"MODELO",1600578,"VS7278"
26227,"MODELO",1600579,"VSC 739604"
26227,"MODELO",1600580,"VS7298"
26227,"MODELO",1600581,"VC 637605"
26227,"MODELO",2782093,"CDG14-532S4WSS3-W"
26227,"MODELO",4003486,"EZENT M3"
26227,"MODELO",1719391,"THINKCENTRE M920 SFF"
26227,"MODELO",2893495,"QUBIT7 14° GEN"
26227,"MODELO",2893607,"QUBIT7 14° GEN"
26227,"MODELO",1800531,"CORE I9 -STACION DE TRABAJO PRO FLASH ZYC00223"
26227,"MODELO",1800692,"CORE I9 -STACION DE TRABAJO PRO FLASH ZYC00217"
26227,"MODELO",2891283,"VISSION VO6570"
26227,"MODELO",3724003,"MASTER LINE GXIV 240"
26227,"MODELO",1902166,"THINKCENTRE M70S GEN 4"
26227,"MODELO",3851084,"1K74SFL6A400"
26227,"MODELO",1780765,"GD922WT51F430K"
26227,"MODELO",1753128,"OPTIWORK 6050 GPU NVIDIA RTX3060 12GB"
26227,"MODELO",1600582,"VC 737D03"
26227,"MODELO",1600583,"VS717K"
26227,"MODELO",1600584,"VC 613603"
26227,"MODELO",1600585,"FALCON CRD0072"
26227,"MODELO",1600586,"FALCON CRD0074"
26227,"MODELO",1600587,"FALCON CRD0071"
26227,"MODELO",1600588,"FALCON CRD0073"
26227,"MODELO",1600589,"PCKAI711700512GBSSD1TBHDD72008GBRWOP"
26227,"MODELO",1600590,"THINKCENTRE NEO 50S"
26227,"MODELO",1600591,"TORNADO YXL00048"
26227,"MODELO",1600592,"MASTER LINE G9 201"
26227,"MODELO",1600593,"TORNADO YXL0005"
26227,"MODELO",1600594,"CORE I7- MIRAGE XYL0045"
26227,"MODELO",1600595,"TORNADO YXL00017"
26227,"MODELO",1600596,"CORE I7- MIRAGE XYL0050"
26227,"MODELO",1600597,"CORE I7- MIRAGE XYL0051"
26227,"MODELO",1600598,"CORE I7- MIRAGE XYL0039"
26227,"MODELO",1600599,"CORE I7- MIRAGE XYL0047"
26227,"MODELO",1600600,"CORE I7- MIRAGE XYL0048"
26227,"MODELO",1600601,"TORNADO YXL00055"
26227,"MODELO",1600602,"TORNADO YXL00057"
26227,"MODELO",1600603,"TORNADO YXL00058"
26227,"MODELO",1600604,"TORNADO YXL00059"
26227,"MODELO",1600605,"TORNADO YXL00061"
26227,"MODELO",1600606,"VC 727303"
26227,"MODELO",1600607,"VO587C"
26227,"MODELO",1600608,"VC 61D502"
26227,"MODELO",1600609,"VO 739G01"
26227,"MODELO",1600610,"480032"
26227,"MODELO",1600611,"VO 719201"
26227,"MODELO",1600612,"VC 735702"
26227,"MODELO",1600613,"VO 813501"
26227,"MODELO",1600614,"VC 219601"
26227,"MODELO",1600615,"VC 615405"
26227,"MODELO",1600616,"VC 715901"
26227,"MODELO",1600617,"VC 217809"
26227,"MODELO",1600618,"480020"
26227,"MODELO",1600619,"VS 827402"
26227,"MODELO",1600620,"VC 725706"
26227,"MODELO",1600621,"VC 217201"
26227,"MODELO",1600622,"VO 827101"
26227,"MODELO",1600623,"VO7276"
26227,"MODELO",1600624,"VC 215102"
26227,"MODELO",1600625,"VC 61B406"
26227,"MODELO",1600626,"VC 619403"
26227,"MODELO",1600627,"VISSION VS 7198"
26227,"MODELO",1600628,"VC 737G04"
26227,"MODELO",1600629,"VC 629201"
26227,"MODELO",1600630,"VC2298"
26227,"MODELO",1600631,"VC 617501"
26227,"MODELO",1600632,"VC 637303"
26227,"MODELO",1600633,"VC 515402"
26227,"MODELO",1600634,"VC 605506"
26227,"MODELO",1600635,"VC 627105"
26227,"MODELO",1600636,"VO7278"
26227,"MODELO",1600637,"VC 613505"
26227,"MODELO",1600638,"VC 717206"
26227,"MODELO",1600639,"ALV-TWR"
26227,"MODELO",1600640,"VS739501"
26227,"MODELO",1600641,"VS821103"
26227,"MODELO",1600642,"ELITE 800 G1  SFF"
26227,"MODELO",1600643,"PC PROFESSIONAL"
26227,"MODELO",2893592,"QUBIT7 14° GEN"
26227,"MODELO",4147474,"P89NMB64AA"
26227,"MODELO",3130714,"PRO I7 GEN 12"
26227,"MODELO",1800582,"CORE I9 -STACION DE TRABAJO PRO FLASH ZYC00221"
26227,"MODELO",1800597,"CORE I9 -STACION DE TRABAJO PRO FLASH ZYC00220"
26227,"MODELO",1800664,"CORE I9 -STACION DE TRABAJO PRO FLASH ZYC00218"
26227,"MODELO",2891321,"VISSION VO6580"
26227,"MODELO",1926437,"OPTIMUS MT12900"
26227,"MODELO",4223258,"VISSION RP4770"
26227,"MODELO",4223313,"EZENT S5"
26227,"MODELO",1600644,"VC 739903"
26227,"MODELO",1600645,"VO 607101"
26227,"MODELO",1600646,"VO 61D501"
26227,"MODELO",1600647,"VC 613C04"
26227,"MODELO",1600648,"VC 615503"
26227,"MODELO",1600649,"VC 61G604"
26227,"MODELO",1600650,"VC 625402"
26227,"MODELO",1600651,"VC 639804"
26227,"MODELO",1600652,"VC 717106"
26227,"MODELO",1600653,"800 G1 TWR"
26227,"MODELO",1600654,"CMN001"
26227,"MODELO",1600655,"PRIME"
26227,"MODELO",1600656,"VS 817503"
26227,"MODELO",1600657,"VS819501"
26227,"MODELO",1600658,"VS821301"
26227,"MODELO",1600659,"VC 517102"
26227,"MODELO",1600660,"VC 629204"
26227,"MODELO",1600661,"VC 711705"
26227,"MODELO",1600662,"VC 715702"
26227,"MODELO",1600663,"VC 719301"
26227,"MODELO",1600664,"VO 617201"
26227,"MODELO",1600665,"VO 613901"
26227,"MODELO",1600666,"VS7596"
26227,"MODELO",1600667,"VC 515904"
26227,"MODELO",1600668,"VC 617602"
26227,"MODELO",1600669,"VC 715806"
26227,"MODELO",1600670,"VC 739502"
26227,"MODELO",1600671,"VC 739E03"
26227,"MODELO",1600672,"VO 217107"
26227,"MODELO",1600673,"VC 219203"
26227,"MODELO",1600674,"VC 613203"
26227,"MODELO",1600675,"VC 61B603"
26227,"MODELO",1600676,"VC 719402"
26227,"MODELO",1600677,"CORE I7- MIRAGE XYL0053"
26227,"MODELO",1600678,"CR005CI511WP10"
26227,"MODELO",1600679,"CSL78TW0VA200R"
26227,"MODELO",1600680,"53012TYG-MOB - PANGUBZ-W5821 - MATESTATION B520"
26227,"MODELO",1600681,"ENTERINFORMATION 95"
26227,"MODELO",1600682,"VC 215408"
26227,"MODELO",1600683,"VC 217702"
26227,"MODELO",1600684,"VO 725701"
26227,"MODELO",1600685,"VC 515504"
26227,"MODELO",1600686,"VC 719405"
26227,"MODELO",1600687,"VS5878"
26227,"MODELO",1600688,"VC 637305"
26227,"MODELO",1600689,"VC 517404"
26227,"MODELO",1600690,"VC 737804"
26227,"MODELO",1600691,"VC 737502"
26227,"MODELO",1600692,"VS6319"
26227,"MODELO",1600693,"VISSION VS 7796"
26227,"MODELO",1600694,"VS855803"
26227,"MODELO",1600695,"VC 61B404"
26227,"MODELO",1600696,"VC 637306"
26227,"MODELO",1600697,"VO 515901"
26227,"MODELO",1600698,"VC 617305"
26227,"MODELO",1600699,"VC 617502"
26227,"MODELO",1600700,"VC 735801"
26227,"MODELO",1600701,"VC 617204"
26227,"MODELO",1600702,"VS757702"
26227,"MODELO",1600703,"VS855701"
26227,"MODELO",1600704,"VO 735401"
26227,"MODELO",1600705,"VC 615402"
26227,"MODELO",1600706,"VC 625406"
26227,"MODELO",1843486,"ALLKA230197"
26227,"MODELO",2533090,"ALLWI2024OFMG8W1"
26227,"MODELO",3923102,"D701SER"
26227,"MODELO",3132408,"HPRIME 3070 V2"
26227,"MODELO",2782122,"CDG14-532M5WSS3-W"
26227,"MODELO",4003406,"CABOTEC"
26227,"MODELO",2893683,"QUBIT7 14° GEN"
26227,"MODELO",2893718,"09NUM8DC"
26227,"MODELO",2891298,"VISSION VP6570"
26227,"MODELO",2891343,"VISSION VP6580"
26227,"MODELO",2891380,"OPTIWORK 6050 VX16"
26227,"MODELO",1902390,"OPTIMUS MT12700"
26227,"MODELO",2536681,"ALLWI20241R96VJC"
26227,"MODELO",1600707,"VO 61G601"
26227,"MODELO",1600708,"VS 827303"
26227,"MODELO",1600709,"VC 715503"
26227,"MODELO",1600710,"OPEN VO 4677"
26227,"MODELO",1600711,"VC217B"
26227,"MODELO",1600712,"VCO2252"
26227,"MODELO",1600713,"VC 735505"
26227,"MODELO",1600714,"VS857602"
26227,"MODELO",1600715,"VC223C"
26227,"MODELO",1600716,"BRIX 7500"
26227,"MODELO",1600717,"VC 515806"
26227,"MODELO",1600718,"M93P"
26227,"MODELO",1600719,"VO 627301"
26227,"MODELO",1600720,"VC 727206"
26227,"MODELO",1600721,"VO 215103"
26227,"MODELO",1600722,"VS857703"
26227,"MODELO",1600723,"VO 623A01"
26227,"MODELO",1600724,"VC 613702"
26227,"MODELO",1600725,"VC 517304"
26227,"MODELO",1600726,"VO 613501"
26227,"MODELO",1600727,"VC 517504"
26227,"MODELO",1600728,"VC 627403"
26227,"MODELO",1600729,"VCO2230"
26227,"MODELO",1600730,"VC2277"
26227,"MODELO",1600731,"VO 517101"
26227,"MODELO",1600732,"VC 639701"
26227,"MODELO",1600733,"50004"
26227,"MODELO",1600734,"GOLDEN"
26227,"MODELO",1600735,"VO 727201"
26227,"MODELO",1600736,"VS7577"
26227,"MODELO",1600737,"VC 623C03"
26227,"MODELO",1600738,"VS821201"
26227,"MODELO",1600739,"WORKCENTRE G6"
26227,"MODELO",1600740,"VC 217209"
26227,"MODELO",1600741,"VC 737G01"
26227,"MODELO",1600742,"VC 217705"
26227,"MODELO",1600743,"VS837701"
26227,"MODELO",1600744,"M92P SFF"
26227,"MODELO",1600745,"VC 617306"
26227,"MODELO",1600746,"VC 715603"
26227,"MODELO",1600747,"VC 711704"
26227,"MODELO",1600748,"VC 613C02"
26227,"MODELO",1600749,"VC 629302"
26227,"MODELO",1600750,"50009"
26227,"MODELO",1600751,"VC 613905"
26227,"MODELO",1600752,"VC 619105"
26227,"MODELO",1600753,"TORNADO YXL00014"
26227,"MODELO",1600754,"TORNADO YXL00010"
26227,"MODELO",1600755,"TORNADO YXL00011"
26227,"MODELO",1600756,"PCEB117D512BS8-H2V"
26227,"MODELO",1600757,"MASTER LINE  G11 722 S"
26227,"MODELO",1600758,"GENWORK DM721D"
26227,"MODELO",1600759,"CR006CI711WP10"
26227,"MODELO",1600760,"53012TYG-MOP - PANGUBZ-W5821 - MATESTATION B520"
26227,"MODELO",1600761,"CORE I7- MIRAGE XYL0042"
26227,"MODELO",1600762,"CORE I7- MIRAGE XYL0038"
26227,"MODELO",1600763,"TORNADO YXL00053"
26227,"MODELO",1600764,"TORNADO YXL00054"
26227,"MODELO",1600765,"TORNADO YXL00056"
26227,"MODELO",1600766,"CORE I7- MIRAGE XYL0057"
26227,"MODELO",1600767,"70005"
26227,"MODELO",1600768,"VC 739506"
26227,"MODELO",1600769,"VC 717306"
26227,"MODELO",1914359,"Q585SMTW-WP-OP-13"
26227,"MODELO",4223368,"COMPUTADORA DE ESCRITORIO SUPREM"
26227,"MODELO",1600770,"800 G2 SFF"
26227,"MODELO",1600771,"VC 737405"
26227,"MODELO",1600772,"VC 61G603"
26227,"MODELO",1600773,"VC 737702"
26227,"MODELO",1600774,"VS823601"
26227,"MODELO",1600775,"VO 219108"
26227,"MODELO",1600776,"VC 735901"
26227,"MODELO",1600777,"VC 737503"
26227,"MODELO",1600778,"VS7398"
26227,"MODELO",1600779,"VO 829401"
26227,"MODELO",1600780,"VC 219401"
26227,"MODELO",1600781,"VC 515606"
26227,"MODELO",1600782,"VS857502"
26227,"MODELO",1600783,"VO 737701"
26227,"MODELO",1600784,"VO4636"
26227,"MODELO",1600785,"VO 515401"
26227,"MODELO",1600786,"VS 815501"
26227,"MODELO",1600787,"ELITEDESK 800 G2 TWR"
26227,"MODELO",1600788,"VC 515605"
26227,"MODELO",1600789,"VO 627201"
26227,"MODELO",1600790,"VC 219207"
26227,"MODELO",1600791,"VC 219809"
26227,"MODELO",1600792,"VC2175"
26227,"MODELO",1600793,"VC 715402"
26227,"MODELO",1600794,"VO 51C7"
26227,"MODELO",1600795,"VS7277"
26227,"MODELO",1600796,"ELITE 8300 USDT"
26227,"MODELO",1600797,"VC 605903"
26227,"MODELO",1600798,"VC2371"
26227,"MODELO",1600799,"VO 619301"
26227,"MODELO",1600800,"VC 735902"
26227,"MODELO",1600801,"SMART 5000"
26227,"MODELO",1600802,"VC 217804"
26227,"MODELO",1600803,"VC 737A03"
26227,"MODELO",1600804,"VCO2258"
26227,"MODELO",1600805,"ADMIRAL"
26227,"MODELO",1600806,"VC 217202"
26227,"MODELO",1600807,"VO 639301"
26227,"MODELO",1600808,"VC 629205"
26227,"MODELO",1600809,"VC 515704"
26227,"MODELO",1600810,"VC 607604"
26227,"MODELO",1600811,"VC 619404"
26227,"MODELO",1600812,"VO 737B01"
26227,"MODELO",1600813,"VO733601"
26227,"MODELO",1600814,"VISSION VS 717J"
26227,"MODELO",1600815,"480017"
26227,"MODELO",1600816,"VO7296"
26227,"MODELO",1600817,"VC 625504"
26227,"MODELO",1600818,"MIG-SFF"
26227,"MODELO",1600819,"VC 623606"
26227,"MODELO",1600820,"PSL3GTW0VA200M"
26227,"MODELO",1600821,"53012TYG - PANGUBZ-W5821 - MATESTATION B520"
26227,"MODELO",1600822,"11CVS3EP00"
26227,"MODELO",1600823,"TORNADO YXL0003"
26227,"MODELO",1600824,"CORE I7- MIRAGE XYL0041"
26227,"MODELO",1600825,"TORNADO YXL00019'"
26227,"MODELO",1600826,"TORNADO YXL00020"
26227,"MODELO",1600827,"TORNADO YXL00021"
26227,"MODELO",1600828,"CORE I7- MIRAGE XYL0063"
26227,"MODELO",1600829,"TORNADO YXL00028"
26227,"MODELO",1600830,"CORE I7- MIRAGE XYL0066"
26227,"MODELO",1600831,"TORNADO YXL00030"
26227,"MODELO",1600832,"TORNADO YXL00032"
26227,"MODELO",2629957,"QUBIT3 14° GEN"
26227,"MODELO",2629797,"QUBIT3 14° GEN"
26227,"MODELO",1760389,"11K65MT11160"
26227,"MODELO",1760423,"VISSION VP8560"
26227,"MODELO",1600833,"CORE I7- MIRAGE XYL0071"
26227,"MODELO",1600834,"CORE I7- MIRAGE XYL0072"
26227,"MODELO",1600835,"OPTIPLEX 7080 MFF"
26227,"MODELO",1600836,"CSL78MW0VA2011"
26227,"MODELO",1600837,"CSL58QW0VA202V"
26227,"MODELO",1600838,"CORE I7- MIRAGE XYL0037"
26227,"MODELO",1600839,"TORNADO YXL0008"
26227,"MODELO",1600840,"DS72002BB330"
26227,"MODELO",1600841,"TORNADO YXL00033"
26227,"MODELO",1600842,"TORNADO YXL00027"
26227,"MODELO",1600843,"CORE I7- MIRAGE XYL0070"
26227,"MODELO",1600844,"HBCI3318"
26227,"MODELO",1600845,"MASTER LINE G11 521"
26227,"MODELO",1600846,"CORE I9 -STACION DE TRABAJO PRO FLASH ZYC004"
26227,"MODELO",1600847,"TORNADO YXL0020"
26227,"MODELO",1600848,"11K72SSA676"
26227,"MODELO",1600849,"CORE I7- MIRAGE XYL0058"
26227,"MODELO",1600850,"WAYRA BP"
26227,"MODELO",1600851,"11K52SSA578"
26227,"MODELO",1600852,"MASTER LINE G11 722"
26227,"MODELO",1600853,"TORNADO YXL00024"
26227,"MODELO",1600854,"CORE I7- MIRAGE XYL0061"
26227,"MODELO",1600855,"TORNADO YXL00026"
26227,"MODELO",1600856,"CORE I7- MIRAGE XYL0064"
26227,"MODELO",1600857,"CORE I7- MIRAGE XYL0065"
26227,"MODELO",1600858,"MODELO: CORE I7- MIRAGE XYL0052"
26227,"MODELO",1600859,"GENWORK DM720W"
26227,"MODELO",1600860,"GENWORK DM722W"
26227,"MODELO",1600861,"MASTER LINE  GXII 202"
26227,"MODELO",1600862,"11K72SSA888"
26227,"MODELO",1600863,"ARCANUS G7"
26227,"MODELO",1600864,"GENWORK QM5210"
26227,"MODELO",1600865,"CORE I9 -STACION DE TRABAJO PRO FLASH ZYC006"
26227,"MODELO",1600866,"TORNADO YXL0022"
26227,"MODELO",1600867,"11K23SSA351"
26227,"MODELO",1600868,"CORE I7- MIRAGE XYL0056"
26227,"MODELO",1600869,"CORE I7- MIRAGE XYL0052"
26227,"MODELO",1600870,"TORNADO YXL00022"
26227,"MODELO",1600871,"CORE I7- MIRAGE XYL0060"
26227,"MODELO",1600872,"GENWORK DM4100"
26227,"MODELO",1600873,"TORNADO YXL0023"
26227,"MODELO",1600874,"TORNADO YXL00023"
26227,"MODELO",1600875,"CORE I7- MIRAGE XYL0062"
26227,"MODELO",1600876,"TORNADO YXL00025"
26227,"MODELO",1600877,"TORNADO YXL0021"
26227,"MODELO",1600878,"NKEROS SFF 7010"
26227,"MODELO",1600879,"CORE I7- MIRAGE XYL0054"
26227,"MODELO",1600880,"CORE I7- MIRAGE XYL0055"
26227,"MODELO",1600881,"FORESTER"
26227,"MODELO",1600882,"CORE I7- MIRAGE XYL0059"
26227,"MODELO",1600883,"G77"
26227,"MODELO",1600884,"MASTER LINE GXI 21I7"
26227,"MODELO",1600885,"436B56I7X903"
26227,"MODELO",1600886,"11K72SSA723"
26227,"MODELO",1600887,"11K51SSC468"
26227,"MODELO",1600888,"11K52SSA236"
26227,"MODELO",1600889,"VISSION VO4800"
26227,"MODELO",1600890,"GENWORK OM620V"
26227,"MODELO",1600891,"GENWORK OM6200"
26227,"MODELO",1600892,"GENWORK DM721V"
26227,"MODELO",4312300,"COMPUTADORA DE ESCRITORIO PROFESSIONAL 179"
26227,"MODELO",2806453,"ROPTIWORK 6050 V2R"
26227,"MODELO",2027052,"MASTER LINE  GXIII 330"
26227,"MODELO",2626727,"TURING7 14° GEN"
26227,"MODELO",2626734,"TURING7 14° GEN"
26227,"MODELO",2626738,"TURING7 14° GEN"
26227,"MODELO",1600893,"MASTER LINE GX 200"
26227,"MODELO",1600894,"FALCON CRD0083"
26227,"MODELO",1600895,"CORE I7- MIRAGE XYL0091"
26227,"MODELO",1600896,"FALCON CRD0092"
26227,"MODELO",1600897,"CORE I7- MIRAGE XYL00101"
26227,"MODELO",1600898,"FALCON CRD0096"
26227,"MODELO",1600899,"EXECUTIVE G9"
26227,"MODELO",1600900,"PRIME G9"
26227,"MODELO",1600901,"ARMADA G9"
26227,"MODELO",1600902,"QMHVWK04A"
26227,"MODELO",1600903,"NUC6CAYH-CEL J3455"
26227,"MODELO",1600904,"GENWORK NM422T"
26227,"MODELO",1600905,"GENWORK NM400T"
26227,"MODELO",1600906,"GENWORK NM411V"
26227,"MODELO",1600907,"GENWORK DC720V"
26227,"MODELO",1600908,"GENWORK DC721V"
26227,"MODELO",1600909,"GENWORK NM411T"
26227,"MODELO",1600910,"GENWORK DC720X"
26227,"MODELO",1600911,"GENWORK DC721X"
26227,"MODELO",1600912,"GENWORK DC700R"
26227,"MODELO",1600913,"GENWORK NM721R"
26227,"MODELO",1600914,"GENWORK DC722V"
26227,"MODELO",1600915,"VISSION VP7510"
26227,"MODELO",1600916,"VISSION VO7710"
26227,"MODELO",1600917,"VISSION VP7710"
26227,"MODELO",1600918,"VISSION VO7510"
26227,"MODELO",1600919,"9DT77S-59162OH3-19"
26227,"MODELO",1600920,"VISSION VP7310"
26227,"MODELO",1600921,"VISSION VO7310"
26227,"MODELO",1600922,"HMHVWW07G"
26227,"MODELO",1600923,"HP PRODESK 400 G6 SFF"
26227,"MODELO",1600924,"19OPTIPLEX 7070 SFF"
26227,"MODELO",1600925,"9DT37S-5161SS3"
26227,"MODELO",1600926,"OPTIPLEX 7070 SFF"
26227,"MODELO",1600927,"MASTER LINE G7 220"
26227,"MODELO",1600928,"MASTER LINE G7 120"
26227,"MODELO",1600929,"264QTI37135"
26227,"MODELO",1600930,"PRIMEDESK C8"
26227,"MODELO",1600931,"MASTER LINE G7 320"
26227,"MODELO",1600932,"VISSION VP2330"
26227,"MODELO",1600933,"MASTER LINE G8 130"
26227,"MODELO",1600934,"MASTER LINE G8 330"
26227,"MODELO",1600935,"SUPREMO A5"
26227,"MODELO",1600936,"SUPREMO A7"
26227,"MODELO",1600937,"SUPREMO A3"
26227,"MODELO",1600938,"5B360AM519"
26227,"MODELO",1600939,"264QTI77313"
26227,"MODELO",1600940,"SMART 9700"
26227,"MODELO",1600941,"SMART GOLD 9600"
26227,"MODELO",1600942,"VISSION VP2510"
26227,"MODELO",1600943,"VISSION VP2310"
26227,"MODELO",1600944,"SMART PLATINUM 9900"
26227,"MODELO",1600945,"SMART 9600"
26227,"MODELO",1600946,"SMART GOLD 9700"
26227,"MODELO",1600947,"SMART 5400"
26227,"MODELO",1600948,"SMART GOLD 9900"
26227,"MODELO",1600949,"3H310AM311"
26227,"MODELO",1600950,"STUDENT"
26227,"MODELO",1600951,"ST360M001"
26227,"MODELO",1600952,"ST360SV002"
26227,"MODELO",1600953,"ST360S001"
26227,"MODELO",4314756,"COMPUTADORA DE ESCRITORIO OFFICE 116"
26227,"MODELO",4314757,"COMPUTADORA DE ESCRITORIO OFFICE 117"
26227,"MODELO",4314764,"COMPUTADORA DE ESCRITORIO OFFICE 124"
26227,"MODELO",4314765,"COMPUTADORA DE ESCRITORIO OFFICE 125"
26227,"MODELO",4314766,"COMPUTADORA DE ESCRITORIO OFFICE 126"
26227,"MODELO",4314767,"COMPUTADORA DE ESCRITORIO OFFICE 127"
26227,"MODELO",4314796,"COMPUTADORA DE ESCRITORIO OFFICE 136"
26227,"MODELO",4314797,"COMPUTADORA DE ESCRITORIO OFFICE 137"
26227,"MODELO",4314798,"COMPUTADORA DE ESCRITORIO OFFICE 138"
26227,"MODELO",4314799,"COMPUTADORA DE ESCRITORIO OFFICE 139"
26227,"MODELO",4314800,"COMPUTADORA DE ESCRITORIO OFFICE 140"
26227,"MODELO",2533126,"ALLWI2024PJ8KLY2"
26227,"MODELO",1838164,"HP PRO SFF 400 G9 DESKTOP PC"
26227,"MODELO",1954388,"OPTIMUS MT11700K"
26227,"MODELO",2806468,"OPTIWRORK 6050 V2R"
26227,"MODELO",4112762,"EI 147 MT"
26227,"MODELO",1802183,"CORE I9 -STACION DE TRABAJO PRO FLASH ZYC00226"
26227,"MODELO",1802189,"ARCANUS VIN713"
26227,"MODELO",2626712,"TURING7 14° GEN"
26227,"MODELO",2626764,"TURING7 14° GEN"
26227,"MODELO",2626795,"TURING7 14° GEN"
26227,"MODELO",2626800,"TURING7 14° GEN"
26227,"MODELO",1600954,"VISSION VP271G"
26227,"MODELO",1600955,"VISSION VP471G"
26227,"MODELO",1600956,"SMART GOLD 9400"
26227,"MODELO",1600957,"HP PRODESK 600 G4 DM"
26227,"MODELO",1600958,"MASTER LINE G8 210"
26227,"MODELO",1600959,"ERHV0PH"
26227,"MODELO",1600960,"BMLM0KJ"
26227,"MODELO",1600961,"ADMIRAL G9"
26227,"MODELO",1600962,"ADMIRAL G8"
26227,"MODELO",1600963,"PCI5001"
26227,"MODELO",1600964,"HP ELITEDESK 800 G5 SFF"
26227,"MODELO",1600965,"SMART 8500"
26227,"MODELO",1600966,"OPTIPLEX 7050 MT"
26227,"MODELO",1600967,"SMART 8100"
26227,"MODELO",1600968,"VISSION VP4310"
26227,"MODELO",1600969,"CORE I9 -STACION DE TRABAJO PRO FLASH ZYC0012"
26227,"MODELO",1600970,"VISSION VO3750"
26227,"MODELO",1600971,"CORE I9 -STACION DE TRABAJO PRO FLASH ZYC0013"
26227,"MODELO",1600972,"CORE I9 -STACION DE TRABAJO PRO FLASH ZYC00100"
26227,"MODELO",1600973,"CORE I7- MIRAGE XYL009"
26227,"MODELO",1600974,"CORE I7- MIRAGE XYL005"
26227,"MODELO",1600975,"FALCON CRD0017"
26227,"MODELO",1600976,"VISSION VP1340"
26227,"MODELO",1600977,"CORE I7- MIRAGE XYL00103"
26227,"MODELO",1600978,"CORE I7- MIRAGE XYL0081"
26227,"MODELO",1600979,"FALCON CRD0089"
26227,"MODELO",1600980,"FALCON CRD0090"
26227,"MODELO",1600981,"CORE I7- MIRAGE XYL00100"
26227,"MODELO",1600982,"DS721V22B332SF"
26227,"MODELO",1600983,"DS321011B330"
26227,"MODELO",1600984,"DS321022B330"
26227,"MODELO",1600985,"GENWORK NM920V"
26227,"MODELO",1600986,"ALMA F8"
26227,"MODELO",1600987,"VISSION VP4710"
26227,"MODELO",1600988,"THINKCENTRE M920S"
26227,"MODELO",1600989,"S26361-K1186-SFF7781HBWPDP"
26227,"MODELO",1600990,"S73-H104D1V0C4#00"
26227,"MODELO",1600991,"S74-H104D1V0C4#35"
26227,"MODELO",1600992,"S GOLD 7000 (G77)"
26227,"MODELO",1600993,"SMART 8700"
26227,"MODELO",1600994,"VISSION VP4700"
26227,"MODELO",1600995,"SMART GOLD 8700"
26227,"MODELO",1600996,"VISSION VP4300"
26227,"MODELO",1600997,"VISSION VH4400"
26227,"MODELO",1600998,"VISSION VP4400"
26227,"MODELO",1600999,"VISSION VO4500"
26227,"MODELO",1601000,"VISSION VP4500"
26227,"MODELO",1601001,"VISSION VO4300"
26227,"MODELO",1601002,"VISSION VH4300"
26227,"MODELO",1601003,"VISSION VP4410"
26227,"MODELO",1601004,"B250VA-109"
26227,"MODELO",1601005,"OX COMPUTER I3 B30"
26227,"MODELO",1601006,"OX COMPUTER I7 C520"
26227,"MODELO",1601007,"VISSION VH4500"
26227,"MODELO",1601008,"VISSION VO4400"
26227,"MODELO",1601009,"B250VA-159"
26227,"MODELO",1601010,"VISSION VO4700"
26227,"MODELO",1601011,"VISSION VH4700"
26227,"MODELO",1601012,"OPTIPLEX 5055 SFF"
26227,"MODELO",1601013,"8DT50S-A7162SS3"
26227,"MODELO",4314805,"COMPUTADORA DE ESCRITORIO OFFICE 145"
26227,"MODELO",4314812,"COMPUTADORA DE ESCRITORIO OFFICE 152"
26227,"MODELO",4314813,"COMPUTADORA DE ESCRITORIO OFFICE 153"
26227,"MODELO",1889609,"OD7030812G3S"
26227,"MODELO",2910195,"TURING9 14° GEN"
26227,"MODELO",2910203,"TURING9 14° GEN"
26227,"MODELO",1879481,"OPTIWORK 6090 GPU RTX 3060 12GB"
26227,"MODELO",2805081,"1K65KMA7A"
26227,"MODELO",2788253,"HPRIME  3070 V2"
26227,"MODELO",1744574,"OD422WT51B3300"
26227,"MODELO",2626751,"TURING7 14° GEN"
26227,"MODELO",2626777,"TURING7 14° GEN"
26227,"MODELO",2626791,"WA"
26227,"MODELO",2626896,"TURING7 14° GEN"
26227,"MODELO",2626910,"TURING7 14° GEN"
26227,"MODELO",1601014,"HP PRODESK 400 G5 SFF"
26227,"MODELO",1601015,"GENWORK NM420V"
26227,"MODELO",1601016,"GENWORK NM421V"
26227,"MODELO",1601017,"GENWORK NM422V"
26227,"MODELO",1601018,"GENWORK NM400V"
26227,"MODELO",1601019,"GENWORK NM410T"
26227,"MODELO",1601020,"GENWORK NM420T"
26227,"MODELO",1601021,"GENWORK NM421T"
26227,"MODELO",1601022,"GENWORK DC410"
26227,"MODELO",1601023,"GENWORK DC41"
26227,"MODELO",1601024,"MASTER LINE G8 103"
26227,"MODELO",1601025,"MASTER LINE G8 201"
26227,"MODELO",1601026,"COMPUTADORA PARA OFICINA CORE I7 - 8700 X"
26227,"MODELO",1601027,"GENWORK NM710G"
26227,"MODELO",1601028,"GENWORK NM720G"
26227,"MODELO",1601029,"GENWORK NM610G"
26227,"MODELO",1601030,"GENWORK NM620G"
26227,"MODELO",1601031,"GENWORK NM700G"
26227,"MODELO",1601032,"GENWORK NM621G"
26227,"MODELO",1601033,"GENWORK NM622G"
26227,"MODELO",1601034,"GENWORK NM721G"
26227,"MODELO",1601035,"GENWORK NM722G"
26227,"MODELO",1601036,"GENWORK NM600G"
26227,"MODELO",1601037,"VISSION  VP2700"
26227,"MODELO",1601038,"COMPUTADORA EMPRESARIAL DE 8°GENERACIÓN I5-8400"
26227,"MODELO",1601039,"COMPUTADORA EMPRESARIAL DE 9° GENERACIÓN I3-9100F"
26227,"MODELO",1601040,"COMPUTADORA EMPRESARIAL DE 9° GENERACIÓN I3-9100F XS"
26227,"MODELO",1601041,"COMPUTADORA EMPRESARIAL DE 9° GENERACIÓN I3-9100F PRO"
26227,"MODELO",1601042,"WYRA"
26227,"MODELO",1601043,"VISSION  VO2310"
26227,"MODELO",1601044,"SMART GOLD 9100"
26227,"MODELO",1601045,"VISSION VO2310"
26227,"MODELO",1601046,"VISSION  VO2710"
26227,"MODELO",1601047,"VISSION VO2510"
26227,"MODELO",1601048,"PCAD2VP271S21B5"
26227,"MODELO",1601049,"ALMA F9"
26227,"MODELO",1601050,"3H310AM310"
26227,"MODELO",1601051,"VISSION VP7410"
26227,"MODELO",1601052,"VISSION VP2710"
26227,"MODELO",1601053,"VISSION VO4710"
26227,"MODELO",1601054,"11K72SS"
26227,"MODELO",1601055,"CORE I9 -STACION DE TRABAJO PRO FLASH ZYC0015"
26227,"MODELO",1601056,"CORE I7- MIRAGE XYL0018"
26227,"MODELO",1601057,"CORE I7- MIRAGE XYL0023"
26227,"MODELO",1601058,"FALCON CRD0027"
26227,"MODELO",1601059,"FALCON CRD0028"
26227,"MODELO",1601060,"FALCON CRD0029"
26227,"MODELO",1601061,"FALCON CRD0030"
26227,"MODELO",1601062,"VISSION VO1540"
26227,"MODELO",1601063,"SMART 12100"
26227,"MODELO",1601064,"11K72SSA939"
26227,"MODELO",1601065,"E6SI3D106B"
26227,"MODELO",1601066,"TORNADO YXL00190"
26227,"MODELO",1601067,"FALCON CRD0095"
26227,"MODELO",1601068,"FALCON CRD0098"
26227,"MODELO",1601069,"DS421021B330"
26227,"MODELO",1601070,"GENWORK TM920V"
26227,"MODELO",1601071,"VC 613503"
26227,"MODELO",1601072,"VC 737B03"
26227,"MODELO",1601073,"VS717J"
26227,"MODELO",1889753,"6090"
26227,"MODELO",1838441,"FALCON"
26227,"MODELO",4312579,"COMPUTADORA DE ESCRITORIO PROFESIONAL 144"
26227,"MODELO",4312583,"COMPUTADORA DE ESCRITORIO PROFESIONAL 148"
26227,"MODELO",4312584,"COMPUTADORA DE ESCRITORIO PROFESIONAL 149"
26227,"MODELO",4312587,"COMPUTADORA DE ESCRITORIO PROFESIONAL 153"
26227,"MODELO",4312589,"COMPUTADORA DE ESCRITORIO PROFESIONAL 150"
26227,"MODELO",4312614,"PCIS-26058"
26227,"MODELO",4312617,"PCIS-26061"
26227,"MODELO",3879963,"OPTIWORK SFF 3030"
26227,"MODELO",1784685,"ARCANUS VIN513"
26227,"MODELO",1784709,"05IUMX04"
26227,"MODELO",2788252,"HPRIME  3070 VII"
26227,"MODELO",2515081,"SMART GOLD 14600K"
26227,"MODELO",2626907,"TURING7 14° GEN"
26227,"MODELO",2626929,"TURING7 14° GEN"
26227,"MODELO",2626982,"TURING7 14° GEN"
26227,"MODELO",2626990,"TURING7 14° GEN"
26227,"MODELO",1601074,"VS7377"
26227,"MODELO",1601075,"VC 737C01"
26227,"MODELO",1601076,"VC 613802"
26227,"MODELO",1601077,"VC 715506"
26227,"MODELO",1601078,"VO 605501"
26227,"MODELO",1601079,"VC 727104"
26227,"MODELO",1601080,"VC 623903"
26227,"MODELO",1601081,"ALMA F6"
26227,"MODELO",1601082,"VC 217801"
26227,"MODELO",1601083,"VC 605801"
26227,"MODELO",1601084,"VC 613306"
26227,"MODELO",1601085,"VS717L"
26227,"MODELO",1601086,"VS829801"
26227,"MODELO",1601087,"WAYRA M4"
26227,"MODELO",1601088,"VC 215706"
26227,"MODELO",1601089,"VC 217107"
26227,"MODELO",1601090,"VC 217608"
26227,"MODELO",1601091,"VC 219403"
26227,"MODELO",1601092,"VC 607106"
26227,"MODELO",1601093,"VC 629404"
26227,"MODELO",1601094,"VC 739G01"
26227,"MODELO",1601095,"VC2373"
26227,"MODELO",1601096,"VO 61D401"
26227,"MODELO",1601097,"VO 637201"
26227,"MODELO",1601098,"VC 735A05"
26227,"MODELO",1601099,"VC 639301"
26227,"MODELO",1601100,"VC 618601"
26227,"MODELO",1601101,"VC 725903"
26227,"MODELO",1601102,"VC 215709"
26227,"MODELO",1601103,"VC 615905"
26227,"MODELO",1601104,"VC 711405"
26227,"MODELO",1601105,"VC 739G06"
26227,"MODELO",1601106,"VC 623306"
26227,"MODELO",1601107,"480019"
26227,"MODELO",1601108,"VC 215A08"
26227,"MODELO",1601109,"VC 619203"
26227,"MODELO",1601110,"VC 623803"
26227,"MODELO",1601111,"VC 623402"
26227,"MODELO",1601112,"VC 725501"
26227,"MODELO",1601113,"VC 619505"
26227,"MODELO",1601114,"VC 725505"
26227,"MODELO",1601115,"VC 727603"
26227,"MODELO",1601116,"VC 735601"
26227,"MODELO",1601117,"VC2231"
26227,"MODELO",1601118,"VS823401"
26227,"MODELO",1601119,"OPEN VO 717J"
26227,"MODELO",1601120,"VC 619503"
26227,"MODELO",1601121,"VC 715905"
26227,"MODELO",1601122,"VC 725702"
26227,"MODELO",1601123,"VC2233"
26227,"MODELO",1601124,"VC2396"
26227,"MODELO",1601125,"VC 215B04"
26227,"MODELO",1601126,"VC 217902"
26227,"MODELO",1601127,"VC 735705"
26227,"MODELO",1601128,"VC2350"
26227,"MODELO",1601129,"VO 61G501"
26227,"MODELO",1601130,"OPEN VS 7176"
26227,"MODELO",1601131,"THINKCENTRE M700 SFF"
26227,"MODELO",1601132,"VC 735H04"
26227,"MODELO",1601133,"VISSION VS 6377"
26227,"MODELO",1601134,"VCO2250"
26227,"MODELO",1601135,"VC 719106"
26227,"MODELO",1601136,"50003"
26227,"MODELO",1601137,"VC 515801"
26227,"MODELO",4314804,"COMPUTADORA DE ESCRITORIO OFFICE 144"
26227,"MODELO",4314810,"COMPUTADORA DE ESCRITORIO OFFICE 150"
26227,"MODELO",4314811,"COMPUTADORA DE ESCRITORIO OFFICE 151"
26227,"MODELO",4314814,"COMPUTADORA DE ESCRITORIO OFFICE 154"
26227,"MODELO",4314815,"COMPUTADORA DE ESCRITORIO OFFICE 155"
26227,"MODELO",2533063,"ALLWI2024NKJ531G"
26227,"MODELO",2554365,"MDP2402P5J9YS"
26227,"MODELO",4312660,"COMPUTADORA DE ESCRITORIO PROFESIONAL 155"
26227,"MODELO",2788337,"KOT7S20W3Q1B3"
26227,"MODELO",2626758,"TURING7 14° GEN"
26227,"MODELO",2626948,"TURING7 14° GEN"
26227,"MODELO",2627017,"QUBIT5 14° GEN"
26227,"MODELO",1601138,"VO 735B01"
26227,"MODELO",1601139,"VC227A"
26227,"MODELO",1601140,"FE703"
26227,"MODELO",1601141,"VC 719105"
26227,"MODELO",1601142,"VISSION VO2710"
26227,"MODELO",1601143,"VISSION VO4310"
26227,"MODELO",1601144,"G83"
26227,"MODELO",1601145,"G85"
26227,"MODELO",1601146,"3H310AM302"
26227,"MODELO",1601147,"5H310AM511"
26227,"MODELO",1601148,"G87"
26227,"MODELO",1601149,"5B360AM515"
26227,"MODELO",1601150,"HP PRODESK 400 G5 DM"
26227,"MODELO",1601151,"10TXS0EX00"
26227,"MODELO",1601152,"LENOVO V530S"
26227,"MODELO",1601153,"LENOVO V530S"
26227,"MODELO",1601154,"LENOVO V530S"
26227,"MODELO",1601155,"LENOVO V530S"
26227,"MODELO",1601156,"LENOVO V530S"
26227,"MODELO",1601157,"LENOVO V530S"
26227,"MODELO",1601158,"LENOVO V530S"
26227,"MODELO",1601159,"LENOVO V530S"
26227,"MODELO",1601160,"GENWORK DC700X"
26227,"MODELO",1601161,"GENWORK DC722X"
26227,"MODELO",1601162,"GENWORK NM700R"
26227,"MODELO",1601163,"LENOVO V530S"
26227,"MODELO",1601164,"GENWORK DC700V"
26227,"MODELO",1601165,"GENWORK NM722R"
26227,"MODELO",1601166,"GENWORK NM420R"
26227,"MODELO",1601167,"GENWORK NM720R"
26227,"MODELO",1601168,"HP PRODESK 600 G5 MT"
26227,"MODELO",1601169,"NUC7I5BNH I5-7260"
26227,"MODELO",1601170,"MASTER LINE G9 140"
26227,"MODELO",1601171,"VISSION VO2530"
26227,"MODELO",1601172,"VISSION VO2330"
26227,"MODELO",1601173,"LENOVO V530S"
26227,"MODELO",1601174,"HP PRODESK 600 G5 SFF"
26227,"MODELO",1601175,"THINKCENTRE M910Q"
26227,"MODELO",1601176,"MASTER LINE G10"
26227,"MODELO",1601177,"MASTER LINE G8 230"
26227,"MODELO",1601178,"MASTER LINE G9 340"
26227,"MODELO",1601179,"VISSION VP2530"
26227,"MODELO",1601180,"9DT37S-581SOP3-19"
26227,"MODELO",1601181,"MASTER LINE G9 240"
26227,"MODELO",1601182,"MASTER LINE G9 440"
26227,"MODELO",1601183,"OPTIPLEX 3070 SFF"
26227,"MODELO",1601184,"9DT37S-51625OH3-19"
26227,"MODELO",1601185,"GENWORK DC322S"
26227,"MODELO",1601186,"GENWORK DC410S"
26227,"MODELO",1601187,"GENWORK DC721S"
26227,"MODELO",1601188,"GENWORK DC722S"
26227,"MODELO",1601189,"GENWORK DC300S"
26227,"MODELO",1601190,"GENWORK DC700S"
26227,"MODELO",1601191,"COMMANDER G9"
26227,"MODELO",1601192,"GENWORK DC320S"
26227,"MODELO",1601193,"GENWORK DC321S"
26227,"MODELO",1601194,"GENWORK DC400S"
26227,"MODELO",1601195,"GENWORK DC411S"
26227,"MODELO",1601196,"GENWORK DC421S"
26227,"MODELO",1601197,"GENWORK DC422S"
26227,"MODELO",1601198,"GENWORK DC310S"
26227,"MODELO",1601199,"GENWORK DC420S"
26227,"MODELO",4314758,"COMPUTADORA DE ESCRITORIO OFFICE 118"
26227,"MODELO",4314759,"COMPUTADORA DE ESCRITORIO OFFICE 119"
26227,"MODELO",4314760,"COMPUTADORA DE ESCRITORIO OFFICE 120"
26227,"MODELO",4314761,"COMPUTADORA DE ESCRITORIO OFFICE 121"
26227,"MODELO",4314762,"COMPUTADORA DE ESCRITORIO OFFICE 122"
26227,"MODELO",4314763,"COMPUTADORA DE ESCRITORIO OFFICE 123"
26227,"MODELO",4314768,"COMPUTADORA DE ESCRITORIO OFFICE 128"
26227,"MODELO",4314769,"COMPUTADORA DE ESCRITORIO OFFICE 129"
26227,"MODELO",4314770,"COMPUTADORA DE ESCRITORIO OFFICE 130"
26227,"MODELO",4314771,"COMPUTADORA DE ESCRITORIO OFFICE 131"
26227,"MODELO",4314772,"COMPUTADORA DE ESCRITORIO OFFICE 132"
26227,"MODELO",4314773,"COMPUTADORA DE ESCRITORIO OFFICE 133"
26227,"MODELO",4314774,"COMPUTADORA DE ESCRITORIO OFFICE 134"
26227,"MODELO",4314775,"COMPUTADORA DE ESCRITORIO OFFICE 135"
26227,"MODELO",4314836,"COMPUTADORA DE ESCRITORIO OFFICE 156"
26227,"MODELO",4314837,"COMPUTADORA DE ESCRITORIO OFFICE 157"
26227,"MODELO",4314838,"COMPUTADORA DE ESCRITORIO OFFICE 158"
26227,"MODELO",4314839,"COMPUTADORA DE ESCRITORIO OFFICE 159"
26227,"MODELO",4314840,"COMPUTADORA DE ESCRITORIO OFFICE 160"
26227,"MODELO",4314841,"COMPUTADORA DE ESCRITORIO OFFICE 161"
26227,"MODELO",4314842,"COMPUTADORA DE ESCRITORIO OFFICE 162"
26227,"MODELO",4312572,"COMPUTADORA DE ESCRITORIO PROFESIONAL 143"
26227,"MODELO",4312580,"COMPUTADORA DE ESCRITORIO PROFESIONAL 145"
26227,"MODELO",4312581,"COMPUTADORA DE ESCRITORIO PROFESIONAL 146"
26227,"MODELO",4312585,"COMPUTADORA DE ESCRITORIO PROFESIONAL 151"
26227,"MODELO",4312586,"COMPUTADORA DE ESCRITORIO PROFESIONAL 152"
26227,"MODELO",4312659,"COMPUTADORA DE ESCRITORIO PROFESIONAL 154"
26227,"MODELO",4312661,"COMPUTADORA DE ESCRITORIO PROFESIONAL 156"
26227,"MODELO",4312662,"COMPUTADORA DE ESCRITORIO PROFESIONAL 157"
26227,"MODELO",2939446,"THINKCENTRE M70S GEN 5"
26227,"MODELO",3140844,"SMART 14700K"
26227,"MODELO",3879970,"1K34SFL6A003"
26227,"MODELO",1784837,"11K65MT08"
26227,"MODELO",2788424,"8B3C4LT"
26227,"MODELO",2626773,"TURING7 14° GEN"
26227,"MODELO",2626789,"TURING7 14° GEN"
26227,"MODELO",2626873,"TURING7 14° GEN"
26227,"MODELO",2626904,"TURING7 14° GEN"
26227,"MODELO",2626942,"TURING7 14° GEN"
26227,"MODELO",2627034,"QUBIT5 14° GEN"
26227,"MODELO",1601200,"GENWORK DC710S"
26227,"MODELO",1601201,"GENWORK DC720S"
26227,"MODELO",1601202,"CORE I9 -STACION DE TRABAJO PRO FLASH ZYC008"
26227,"MODELO",1601203,"CORE I7- MIRAGE XYL0085"
26227,"MODELO",1601204,"TORNADO YXL00178"
26227,"MODELO",1601205,"TORNADO YXL00180"
26227,"MODELO",1601206,"CORE I7- MIRAGE XYL0087"
26227,"MODELO",1601207,"TORNADO YXL00185"
26227,"MODELO",1601208,"V530S-07ICR"
26227,"MODELO",1601209,"M70C"
26227,"MODELO",1601210,"VISSION VP9960"
26227,"MODELO",1601211,"VISSION VP3960"
26227,"MODELO",1601212,"FALCON CRD0084"
26227,"MODELO",1601213,"FALCON CRD0087"
26227,"MODELO",1601214,"CORE I7- MIRAGE XYL0097"
26227,"MODELO",1601215,"CORE I7- MIRAGE XYL0099"
26227,"MODELO",1601216,"CORE I7- MIRAGE XYL0092"
26227,"MODELO",1601217,"CORE I7- MIRAGE XYL0098"
26227,"MODELO",1601218,"MASTER LINE  G11 722"
26227,"MODELO",1601219,"FALCON CRD0097"
26227,"MODELO",1601220,"CORE I7- MIRAGE XYL00102"
26227,"MODELO",1601221,"CORE I7- MIRAGE XYL00104"
26227,"MODELO",1601222,"CORE I7- MIRAGE XYL0075"
26227,"MODELO",1601223,"CORE I7- MIRAGE XYL0078"
26227,"MODELO",1601224,"CORE I7- MIRAGE XYL0080"
26227,"MODELO",1601225,"TORNADO YXL00184"
26227,"MODELO",1601226,"TORNADO YXL00186"
26227,"MODELO",1601227,"TORNADO YXL00187"
26227,"MODELO",1601228,"FALCON CRD0085"
26227,"MODELO",1601229,"FALCON CRD0086"
26227,"MODELO",1601230,"SMART 10700"
26227,"MODELO",1601231,"FALCON CRD0088"
26227,"MODELO",1601232,"CORE I7- MIRAGE XYL0093"
26227,"MODELO",1601233,"CORE I7- MIRAGE XYL0086"
26227,"MODELO",1601234,"FALCON CRD0091"
26227,"MODELO",1601235,"FALCON CRD0093"
26227,"MODELO",1601236,"FALCON CRD0094"
26227,"MODELO",1601237,"CORE I7- MIRAGE XYL0094"
26227,"MODELO",1601238,"CORE I7- MIRAGE XYL0095"
26227,"MODELO",1601239,"TORNADO YXL0017"
26227,"MODELO",1601240,"CORE I9 -STACION DE TRABAJO PRO FLASH ZYC005"
26227,"MODELO",1601241,"KJ"
26227,"MODELO",1601242,"ENTERPRISE 7500 TOWER"
26227,"MODELO",1601243,"BUSINESS 6500"
26227,"MODELO",1601244,"CORE I7- MIRAGE XYL0096"
26227,"MODELO",1601245,"CORE I7- MIRAGE XYL0074"
26227,"MODELO",1601246,"MIRAGE XYL0019"
26227,"MODELO",1601247,"CORE I7- MIRAGE XYL0079"
26227,"MODELO",1601248,"CORE I7- MIRAGE XYL00105"
26227,"MODELO",1601249,"CORE I7- MIRAGE XYL00106"
26227,"MODELO",1601250,"CORE I7- MIRAGE XYL00108"
26227,"MODELO",1601251,"INSOMED EMPRESARIAL I7- J10"
26227,"MODELO",1601252,"SUPREMO I3"
26227,"MODELO",1601253,"11K72SSB316"
26227,"MODELO",1601254,"PCKAI5125001TBHDD720064GBR4GBVWOP"
26227,"MODELO",1601255,"CORE I9 -STACION DE TRABAJO PRO FLASH ZYC0089"
26227,"MODELO",1601256,"CORE I9 -STACION DE TRABAJO PRO FLASH ZYC0095"
26227,"MODELO",1601257,"VISSION VS1079"
26227,"MODELO",1601258,"FM721D1OB634X"
26227,"MODELO",4314801,"COMPUTADORA DE ESCRITORIO OFFICE 141"
26227,"MODELO",4314802,"COMPUTADORA DE ESCRITORIO OFFICE 142"
26227,"MODELO",4314803,"COMPUTADORA DE ESCRITORIO OFFICE 143"
26227,"MODELO",4314806,"COMPUTADORA DE ESCRITORIO OFFICE 146"
26227,"MODELO",4314807,"COMPUTADORA DE ESCRITORIO OFFICE 147"
26227,"MODELO",4314808,"COMPUTADORA DE ESCRITORIO OFFICE 148"
26227,"MODELO",4314809,"COMPUTADORA DE ESCRITORIO OFFICE 149"
26227,"MODELO",4314843,"COMPUTADORA DE ESCRITORIO OFFICE 163"
26227,"MODELO",4314844,"COMPUTADORA DE ESCRITORIO OFFICE 164"
26227,"MODELO",4314845,"COMPUTADORA DE ESCRITORIO OFFICE 165"
26227,"MODELO",4314846,"COMPUTADORA DE ESCRITORIO OFFICE 166"
26227,"MODELO",4314847,"COMPUTADORA DE ESCRITORIO OFFICE 167"
26227,"MODELO",4314848,"COMPUTADORA DE ESCRITORIO OFFICE 168"
26227,"MODELO",4314849,"COMPUTADORA DE ESCRITORIO OFFICE 169"
26227,"MODELO",4314850,"COMPUTADORA DE ESCRITORIO OFFICE 170"
26227,"MODELO",4314851,"COMPUTADORA DE ESCRITORIO OFFICE 171"
26227,"MODELO",4314852,"COMPUTADORA DE ESCRITORIO OFFICE 172"
26227,"MODELO",4314853,"COMPUTADORA DE ESCRITORIO OFFICE 173"
26227,"MODELO",4314854,"COMPUTADORA DE ESCRITORIO OFFICE 174"
26227,"MODELO",4314855,"COMPUTADORA DE ESCRITORIO OFFICE 175"
26227,"MODELO",1838463,"27JUS4S14"
26227,"MODELO",4312582,"COMPUTADORA DE ESCRITORIO PROFESIONAL 147"
26227,"MODELO",4312715,"COMPUTADORA DE ESCRITORIO PROFESIONAL 162"
26227,"MODELO",4312717,"COMPUTADORA DE ESCRITORIO PROFESIONAL 158"
26227,"MODELO",4312719,"COMPUTADORA DE ESCRITORIO PROFESIONAL 160"
26227,"MODELO",4312720,"COMPUTADORA DE ESCRITORIO PROFESIONAL 161"
26227,"MODELO",4312725,"COMPUTADORA DE ESCRITORIO PROFESIONAL 166"
26227,"MODELO",4312743,"COMPUTADORA DE ESCRITORIO PROFESIONAL 170"
26227,"MODELO",4222186,"U78S2W3WBG2"
26227,"MODELO",2939289,"TURING9 14° GEN"
26227,"MODELO",2910434,"TURING5 14° GEN"
26227,"MODELO",2788368,"PCNEWK5_047"
26227,"MODELO",1802168,"SMART 13700"
26227,"MODELO",1802195,"CORE I9 -STACION DE TRABAJO PRO FLASH ZYC00227"
26227,"MODELO",1802303,"QUBIT5"
26227,"MODELO",2626900,"TURING7 14° GEN"
26227,"MODELO",2626916,"TURING7 14° GEN"
26227,"MODELO",2626924,"TURING7 14° GEN"
26227,"MODELO",1601259,"CORE I9 -STACION DE TRABAJO PRO FLASH ZYC0093"
26227,"MODELO",1601260,"CORE I9 -STACION DE TRABAJO PRO FLASH ZYC0096"
26227,"MODELO",1601261,"412B56X1I72209"
26227,"MODELO",1601262,"MASTER LINE  GXII 240"
26227,"MODELO",1601263,"FALCON CRD0033"
26227,"MODELO",1601264,"FALCON CRD0053"
26227,"MODELO",1601265,"FALCON CRD0067"
26227,"MODELO",1601266,"INSOMED EMPRESARIAL I7- K1"
26227,"MODELO",1601267,"OPTIPLEX 7090 MT"
26227,"MODELO",1601268,"436B56I5XI846"
26227,"MODELO",1601269,"CORE I9 -STACION DE TRABAJO PRO FLASH ZYC0097"
26227,"MODELO",1601270,"CORE I9 -STACION DE TRABAJO PRO FLASH ZYC0098"
26227,"MODELO",1601271,"CORE I7- MIRAGE XYL0032"
26227,"MODELO",1601272,"11K23SSA"
26227,"MODELO",1601273,"INSOMED EMPRESARIAL I7- J10/HB"
26227,"MODELO",1601274,"CORE I9 -STACION DE TRABAJO PRO FLASH ZYC0099"
26227,"MODELO",1601275,"CORE I9 -STACION DE TRABAJO PRO FLASH ZYC00101"
26227,"MODELO",1601276,"CORE I7- MIRAGE XYL0033"
26227,"MODELO",1601277,"FALCON CRD0051"
26227,"MODELO",1601278,"FALCON CRD0057"
26227,"MODELO",1601279,"00C51AXO52"
26227,"MODELO",1601280,"GENWORK OM722V"
26227,"MODELO",1601281,"MDP2209P5Q6C2"
26227,"MODELO",1601282,"HEP3G02STVA50G"
26227,"MODELO",1601283,"11K52SSA032"
26227,"MODELO",1601284,"CORE I7- MIRAGE XYL0026"
26227,"MODELO",1601285,"CORE I7- MIRAGE XYL0028"
26227,"MODELO",1601286,"CORE I7- MIRAGE XYL0029"
26227,"MODELO",1601287,"CORE I7- MIRAGE XYL0030"
26227,"MODELO",1601288,"ARCANUS X7"
26227,"MODELO",1601289,"11K72SSB753"
26227,"MODELO",1601290,"FALCON CRD0025"
26227,"MODELO",1601291,"FALCON CRD0038"
26227,"MODELO",1601292,"FALCON CRD0040"
26227,"MODELO",1601293,"TORNADO YXL00183"
26227,"MODELO",1601294,"CORE I7- MIRAGE XYL0088"
26227,"MODELO",1601295,"CORE I7- MIRAGE XYL0089"
26227,"MODELO",1601296,"CORE I7- MIRAGE XYL0090"
26227,"MODELO",1601297,"OBI7-11700"
26227,"MODELO",1601298,"CORE I9 -STACION DE TRABAJO PRO FLASH ZYC0056"
26227,"MODELO",1601299,"MDP2209T9B1C2"
26227,"MODELO",1601300,"CORE I9 -STACION DE TRABAJO PRO FLASH ZYC0057"
26227,"MODELO",1601301,"CORE I9 -STACION DE TRABAJO PRO FLASH ZYC0059"
26227,"MODELO",1601302,"VISSION VO8340"
26227,"MODELO",1601303,"GENWORK OM720V"
26227,"MODELO",1601304,"GENWORK OM721V"
26227,"MODELO",1601305,"TORNADO YXL00188"
26227,"MODELO",1601306,"TORNADO YXL00189"
26227,"MODELO",1601307,"FALCON CRD0082"
26227,"MODELO",1601308,"TORNADO YXL00174"
26227,"MODELO",1601309,"TORNADO YXL00175"
26227,"MODELO",1601310,"CORE I9 -STACION DE TRABAJO PRO FLASH ZYC0061"
26227,"MODELO",1601311,"CORE I9 -STACION DE TRABAJO PRO FLASH ZYC0062"
26227,"MODELO",1601312,"CORE I9 -STACION DE TRABAJO PRO FLASH ZYC0063"
26227,"MODELO",1601313,"CORE I9 -STACION DE TRABAJO PRO FLASH ZYC0064"
26227,"MODELO",1601314,"CORE I9 -STACION DE TRABAJO PRO FLASH ZYC0065"
26227,"MODELO",1601315,"CORE I9 -STACION DE TRABAJO PRO FLASH ZYC0066"
26227,"MODELO",2532869,"ALLWI2024P4Q8VVE"
26227,"MODELO",1838611,"MDP2305YS8A0T"
26227,"MODELO",1838672,"ALLKA230010"
26227,"MODELO",1838685,"D500SD"
26227,"MODELO",1838717,"D900MDRES"
26227,"MODELO",4312744,"COMPUTADORA DE ESCRITORIO PROFESIONAL 171"
26227,"MODELO",4312774,"COMPUTADORA DE ESCRITORIO PROFESIONAL 173"
26227,"MODELO",4312779,"COMPUTADORA DE ESCRITORIO PROFESIONAL 178"
26227,"MODELO",4312782,"COMPUTADORA DE ESCRITORIO PROFESIONAL 181"
26227,"MODELO",1726766,"OPTIPLEX 3000 SFF"
26227,"MODELO",2806637,"07NUM4AF"
26227,"MODELO",1802219,"CORE I9 -STACION DE TRABAJO PRO FLASH ZYC00228"
26227,"MODELO",1802244,"CORE I9 -STACION DE TRABAJO PRO FLASH ZYC00229"
26227,"MODELO",1744462,"7Z851LS#ABM-OP"
26227,"MODELO",4104415,"MASTER LINE U7-S2 352"
26227,"MODELO",1601316,"11K72SSA777"
26227,"MODELO",1601317,"INSOMED EMPRESARIAL I7- K1/HB"
26227,"MODELO",1601318,"TORNADO YXL00177"
26227,"MODELO",1601319,"CORE I7- MIRAGE XYL0076"
26227,"MODELO",1601320,"CORE I7- MIRAGE XYL0082"
26227,"MODELO",1601321,"CORE I7- MIRAGE XYL0083"
26227,"MODELO",1601322,"CORE I9 -STACION DE TRABAJO PRO FLASH ZYC0060"
26227,"MODELO",1601323,"CORE I9 -STACION DE TRABAJO PRO FLASH ZYC0069"
26227,"MODELO",1601324,"VISSION VO1087"
26227,"MODELO",1601325,"PRADO"
26227,"MODELO",1601326,"TESERATO1"
26227,"MODELO",1601327,"KEROS SFF 7010N"
26227,"MODELO",1601328,"CORE I7- MIRAGE XYL0084"
26227,"MODELO",1601329,"TORNADO YXL00179"
26227,"MODELO",1601330,"TORNADO YXL00181"
26227,"MODELO",1601331,"TORNADO YXL00182"
26227,"MODELO",1601332,"CORE I9 -STACION DE TRABAJO PRO FLASH ZYC00184"
26227,"MODELO",1601333,"CORE I9 -STACION DE TRABAJO PRO FLASH ZYC00188"
26227,"MODELO",1601334,"CORE I9 -STACION DE TRABAJO PRO FLASH ZYC00187"
26227,"MODELO",1601335,"TORNADO YXL00167"
26227,"MODELO",1601336,"TORNADO YXL00172"
26227,"MODELO",1601337,"TS420022B330S"
26227,"MODELO",1601338,"TS420011B330S"
26227,"MODELO",1601339,"CORE I9 -STACION DE TRABAJO PRO FLASH ZYC0058"
26227,"MODELO",1601340,"CORE I9 -STACION DE TRABAJO PRO FLASH ZYC0070"
26227,"MODELO",1601341,"CORE I9 -STACION DE TRABAJO PRO FLASH ZYC0071"
26227,"MODELO",1601342,"VISSION VO2089"
26227,"MODELO",1601343,"GENWORK DM700V"
26227,"MODELO",1601344,"HP PRO DESK 400G7SFF"
26227,"MODELO",1601345,"GENWORK DM322W"
26227,"MODELO",1601346,"11K72SSA779"
26227,"MODELO",1601347,"MASTER LINE  GXII 300KF"
26227,"MODELO",1601348,"MASTER LINE  G11 522"
26227,"MODELO",1601349,"CORE I7- MIRAGE XYL0073"
26227,"MODELO",1601350,"CORE I9 -STACION DE TRABAJO PRO FLASH ZYC0080"
26227,"MODELO",1601351,"GENWORK DM710V"
26227,"MODELO",1601352,"INSOMED EMPRESARIAL I5- FREE"
26227,"MODELO",1601353,"536Z69I7KFXII343"
26227,"MODELO",1601354,"VISSION VP8340"
26227,"MODELO",1601355,"INSOMED EMPRESARIAL I7- K1/0"
26227,"MODELO",1601356,"CORE I7- MIRAGE XYL0077"
26227,"MODELO",1601357,"CORE I9 -STACION DE TRABAJO PRO FLASH ZYC00183"
26227,"MODELO",1601358,"CORE I9 -STACION DE TRABAJO PRO FLASH ZYC00186"
26227,"MODELO",1601359,"MDP2209T9G6H7"
26227,"MODELO",1601360,"CORE I9 -STACION DE TRABAJO PRO FLASH ZYC0067"
26227,"MODELO",1601361,"CORE I9 -STACION DE TRABAJO PRO FLASH ZYC0068"
26227,"MODELO",1601362,"VISSION VO8540"
26227,"MODELO",1601363,"VISSION VP8540"
26227,"MODELO",1601364,"CORE I9 -STACION DE TRABAJO PRO FLASH ZYC00190"
26227,"MODELO",1601365,"CORE I9 -STACION DE TRABAJO PRO FLASH ZYC00189"
26227,"MODELO",1601366,"OFISZU P90-SFF"
26227,"MODELO",1601367,"CORE I9 -STACION DE TRABAJO PRO FLASH ZYC0073"
26227,"MODELO",1601368,"LUKE3-12100"
26227,"MODELO",1601369,"CORE I9 -STACION DE TRABAJO PRO FLASH ZYC0077"
26227,"MODELO",1601370,"CORE I9 -STACION DE TRABAJO PRO FLASH ZYC0081"
26227,"MODELO",1601371,"INSOMED EMPRESARIAL I5- PROF"
26227,"MODELO",1949676,"DESKTOP007GCSCI9"
26227,"MODELO",1949685,"EI 137 SFF"
26227,"MODELO",2143546,"FORTIN-13400-V8"
26227,"MODELO",2465021,"HP ELITE MINI 800 G9 DESKTOP PC"
26227,"MODELO",2624981,"TURING7 14° GEN"
26227,"MODELO",2624988,"TURING7 14° GEN"
26227,"MODELO",2624996,"TURING7 14° GEN"
26227,"MODELO",2625001,"TURING7 14° GEN"
26227,"MODELO",2625005,"TURING7 14° GEN"
26227,"MODELO",2625036,"TURING7 14° GEN"
26227,"MODELO",1601372,"VISSION VP8740"
26227,"MODELO",1601373,"VISSION VO8740"
26227,"MODELO",1601374,"CORE I9 -STACION DE TRABAJO PRO FLASH ZYC00172"
26227,"MODELO",1601375,"CORE I9 -STACION DE TRABAJO PRO FLASH ZYC00173"
26227,"MODELO",1601376,"TORNADO YXL00157"
26227,"MODELO",1601377,"CORE I9 -STACION DE TRABAJO PRO FLASH ZYC00185"
26227,"MODELO",1601378,"TORNADO YXL00166"
26227,"MODELO",1601379,"TORNADO YXL00169"
26227,"MODELO",1601380,"INSOMED EMPRESARIAL I5- PRO"
26227,"MODELO",1601381,"GENWORK TM920D"
26227,"MODELO",1601382,"TORNADO YXL00092"
26227,"MODELO",1601383,"TORNADO YXL00173"
26227,"MODELO",1601384,"TORNADO YXL00176"
26227,"MODELO",1601385,"CORE I9 -STACION DE TRABAJO PRO FLASH ZYC00151"
26227,"MODELO",1601386,"COMMANDER  GX"
26227,"MODELO",1601387,"CORE I9 -STACION DE TRABAJO PRO FLASH ZYC00156"
26227,"MODELO",1601388,"CORE I9 -STACION DE TRABAJO PRO FLASH ZYC00158"
26227,"MODELO",1601389,"TORNADO YXL00141"
26227,"MODELO",1601390,"TORNADO YXL00143"
26227,"MODELO",1601391,"11K72SSA750"
26227,"MODELO",1601392,"HAN3-10105"
26227,"MODELO",1601393,"CORE I9 -STACION DE TRABAJO PRO FLASH ZYC00176"
26227,"MODELO",1601394,"RUNNER"
26227,"MODELO",1601395,"CORE I9 -STACION DE TRABAJO PRO FLASH ZYC00152"
26227,"MODELO",1601396,"CORE I9 -STACION DE TRABAJO PRO FLASH ZYC00153"
26227,"MODELO",1601397,"CORE I9 -STACION DE TRABAJO PRO FLASH ZYC00157"
26227,"MODELO",1601398,"TORNADO YXL00144"
26227,"MODELO",1601399,"TORNADO YXL00145"
26227,"MODELO",1601400,"CORE I9 -STACION DE TRABAJO PRO FLASH ZYC00160"
26227,"MODELO",1601401,"HP PRO DESK 400 G7 SFF"
26227,"MODELO",1601402,"CORE I9 -STACION DE TRABAJO PRO FLASH ZYC00191"
26227,"MODELO",1601403,"TORNADO YXL00164"
26227,"MODELO",1601404,"TORNADO YXL00165"
26227,"MODELO",1601405,"GAMMA CLASS X"
26227,"MODELO",1601406,"CORE I9 -STACION DE TRABAJO PRO FLASH ZYC00154"
26227,"MODELO",1601407,"CORE I9 -STACION DE TRABAJO PRO FLASH ZYC00155"
26227,"MODELO",1601408,"TORNADO YXL00150"
26227,"MODELO",1601409,"CORE I9 -STACION DE TRABAJO PRO FLASH ZYC00162"
26227,"MODELO",1601410,"TORNADO YXL00168"
26227,"MODELO",1601411,"TORNADO YXL00170"
26227,"MODELO",1601412,"TORNADO YXL00171"
26227,"MODELO",1601413,"CORE I9 -STACION DE TRABAJO PRO FLASH ZYC00166"
26227,"MODELO",1601414,"CORE I9 -STACION DE TRABAJO PRO FLASH ZYC00180"
26227,"MODELO",1601415,"TORNADO YXL00162"
26227,"MODELO",1601416,"TORNADO YXL00159"
26227,"MODELO",1601417,"GENWORK DM410V"
26227,"MODELO",1601418,"TORNADO YXL00142"
26227,"MODELO",1601419,"SMART PLATINUM 10900K"
26227,"MODELO",1601420,"CORE I9 -STACION DE TRABAJO PRO FLASH ZYC00181"
26227,"MODELO",1601421,"CORE I9 -STACION DE TRABAJO PRO FLASH ZYC00182"
26227,"MODELO",1601422,"TORNADO YXL00160"
26227,"MODELO",1601423,"TORNADO YXL00147"
26227,"MODELO",1601424,"TORNADO YXL00148"
26227,"MODELO",1601425,"TORNADO YXL00151"
26227,"MODELO",1601426,"TORNADO YXL00152"
26227,"MODELO",1601427,"HPELITEDESK805G6DM"
26227,"MODELO",1797965,"11K69K2B515"
26227,"MODELO",2632141,"ALMA"
26227,"MODELO",2143529,"FORTIN-13400-V6"
26227,"MODELO",2143555,"FORTIN-13400-V12"
26227,"MODELO",4139421,"VISSION VP4780"
26227,"MODELO",2624986,"TURING7 14° GEN"
26227,"MODELO",2625008,"TURING7 14° GEN"
26227,"MODELO",2625013,"TURING7 14° GEN"
26227,"MODELO",2625016,"TURING7 14° GEN"
26227,"MODELO",2625020,"TURING7 14° GEN"
26227,"MODELO",2625025,"TURING7 14° GEN"
26227,"MODELO",2625028,"TURING7 14° GEN"
26227,"MODELO",2625032,"TURING7 14° GEN"
26227,"MODELO",2625049,"TURING7 14° GEN"
26227,"MODELO",1601428,"TORNADO YXL00094"
26227,"MODELO",1601429,"TORNADO YXL00088"
26227,"MODELO",1601430,"TORNADO YXL00091"
26227,"MODELO",1601431,"TORNADO YXL00093"
26227,"MODELO",1601432,"HP ELITE 600 G9 SFF"
26227,"MODELO",1601433,"11K51SSA676"
26227,"MODELO",1601434,"TORNADO YXL00087"
26227,"MODELO",1601435,"TORNADO YXL00089"
26227,"MODELO",1601436,"TORNADO YXL00095"
26227,"MODELO",1601437,"TORNADO YXL00090"
26227,"MODELO",1601438,"ENTERINFORMATION 117"
26227,"MODELO",1601439,"TORNADO YXL00158"
26227,"MODELO",1601440,"CORE I9 -STACION DE TRABAJO PRO FLASH ZYC00177"
26227,"MODELO",1601441,"CORE I9 -STACION DE TRABAJO PRO FLASH ZYC00178"
26227,"MODELO",1601442,"TORNADO YXL00161"
26227,"MODELO",1601443,"CORE I9 -STACION DE TRABAJO PRO FLASH ZYC00179"
26227,"MODELO",1601444,"TORNADO YXL00163"
26227,"MODELO",1601445,"CORE I9 -STACION DE TRABAJO PRO FLASH ZYC00163"
26227,"MODELO",1601446,"CORE I9 -STACION DE TRABAJO PRO FLASH ZYC00164"
26227,"MODELO",1601447,"CORE I9 -STACION DE TRABAJO PRO FLASH ZYC00168"
26227,"MODELO",1601448,"HPPRODESK400G6DESKTOPMINI"
26227,"MODELO",1601449,"53012TXA-MOB - PUBZ-W5891A - MATESTATION B520"
26227,"MODELO",1601450,"CAPTIVA G11 SFF"
26227,"MODELO",1601451,"OS721V22B332F"
26227,"MODELO",1601452,"VISSION VP374E"
26227,"MODELO",1601453,"CORE I9 -STACION DE TRABAJO PRO FLASH ZYC00169"
26227,"MODELO",1601454,"TORNADO YXL00156"
26227,"MODELO",1601455,"CORE I9 -STACION DE TRABAJO PRO FLASH ZYC00174"
26227,"MODELO",1601456,"CORE I9 -STACION DE TRABAJO PRO FLASH ZYC00175"
26227,"MODELO",1601457,"E6SI7E114B"
26227,"MODELO",1601458,"FM722D37B634X"
26227,"MODELO",1601459,"FM621D1JB634X"
26227,"MODELO",1601460,"11T7S00K00"
26227,"MODELO",1601461,"STAR5-9400"
26227,"MODELO",1601462,"OPTIPLEX 5090 MT"
26227,"MODELO",1601463,"MASTER L'INE G11 521"
26227,"MODELO",1601464,"53012TXA-MOP - PUBZ-W5891A - MATESTATION B520"
26227,"MODELO",1601465,"MASTER LINE G9 302"
26227,"MODELO",1601466,"DS723W48B330S"
26227,"MODELO",1601467,"MASTER LINE  GXII 310"
26227,"MODELO",1601468,"}"
26227,"MODELO",1601469,"CORE I7- MIRAGE XYL00109"
26227,"MODELO",1601470,"PCALLCF0006"
26227,"MODELO",1601471,"PCALLCF0098"
26227,"MODELO",1601472,"PCALLCF0100"
26227,"MODELO",1601473,"PCALLCF0106"
26227,"MODELO",1601474,"11K51SSB095"
26227,"MODELO",1601475,"THINKCENTRE M90Q"
26227,"MODELO",1601476,"OX COMPUTER I5 A126"
26227,"MODELO",1601477,"OX COMPUTER I5 A130"
26227,"MODELO",1601478,"OX COMPUTER I5 B92"
26227,"MODELO",1601479,"OX COMPUTER B94"
26227,"MODELO",1601480,"OX COMPUTER B95"
26227,"MODELO",1601481,"OX COMPUTER B96"
26227,"MODELO",1601482,"OX COMPUTER B97"
26227,"MODELO",1601483,"OX COMPUTER B98"
26227,"MODELO",1601484,"OX COMPUTER B99"
26227,"MODELO",1601485,"OX COMPUTER B110"
26227,"MODELO",2527375,"ALLWI20246IG2RL2"
26227,"MODELO",1949682,"DESKTOP007GCSCI5-13"
26227,"MODELO",1949687,"DESKTOP003GCSCI912900K"
26227,"MODELO",1949691,"DESKTOP005GCSCI713700"
26227,"MODELO",2632066,"D713S-781S-U-S-WF"
26227,"MODELO",1785809,"COMPUTADORA DE ESCRITORIO MEDIA DE MAGNO RENDIMIENTO"
26227,"MODELO",4143591,"SD7-B532T5V675B#35"
26227,"MODELO",1836798,"D500SDES"
26227,"MODELO",2624994,"TURING7 14° GEN"
26227,"MODELO",2625053,"TURING7 14° GEN"
26227,"MODELO",2625056,"TURING7 14° GEN"
26227,"MODELO",1601486,"OX COMPUTER B112"
26227,"MODELO",1601487,"OX COMPUTER B114"
26227,"MODELO",1601488,"OX COMPUTER B115"
26227,"MODELO",1601489,"OX COMPUTER B116"
26227,"MODELO",1601490,"OX COMPUTER B120"
26227,"MODELO",1601491,"OX COMPUTER B121"
26227,"MODELO",1601492,"OX COMPUTER B123"
26227,"MODELO",1601493,"OX COMPUTER B126"
26227,"MODELO",1601494,"OX COMPUTER B128"
26227,"MODELO",1601495,"OX COMPUTER B129"
26227,"MODELO",1601496,"OX COMPUTER B130"
26227,"MODELO",1601497,"OX COMPUTER B132"
26227,"MODELO",1601498,"OX COMPUTER B133"
26227,"MODELO",1601499,"OX COMPUTER B103"
26227,"MODELO",1601500,"OX COMPUTER B105"
26227,"MODELO",1601501,"OX COMPUTER B135"
26227,"MODELO",1601502,"OX COMPUTER B136"
26227,"MODELO",1601503,"OX COMPUTER I3 A39"
26227,"MODELO",1601504,"OX COMPUTER I3 A43"
26227,"MODELO",1601505,"OX COMPUTER I5 A94"
26227,"MODELO",1601506,"OX COMPUTER I5 A97"
26227,"MODELO",1601507,"OX COMPUTER I5 A98"
26227,"MODELO",1601508,"OX COMPUTER I5 A124"
26227,"MODELO",1601509,"OX COMPUTER B138"
26227,"MODELO",1601510,"OX COMPUTER B140"
26227,"MODELO",1601511,"OX COMPUTER B141"
26227,"MODELO",1601512,"OX COMPUTER B142"
26227,"MODELO",1601513,"OX COMPUTER B144"
26227,"MODELO",1601514,"OX COMPUTER B145"
26227,"MODELO",1601515,"OX COMPUTER B147"
26227,"MODELO",1601516,"OX COMPUTER B149"
26227,"MODELO",1601517,"HBCI7873"
26227,"MODELO",1601518,"OX COMPUTER I7 C161"
26227,"MODELO",1601519,"OX COMPUTER I7 C166"
26227,"MODELO",1601520,"OX COMPUTER I7 C167"
26227,"MODELO",1601521,"OX COMPUTER I7 C168"
26227,"MODELO",1601522,"ENTERPRISE 6500 SFFF"
26227,"MODELO",1601523,"ENTRY-LEVEL"
26227,"MODELO",1601524,"MID-LEVEL"
26227,"MODELO",1601525,"SUPREMO"
26227,"MODELO",1601526,"510007EW"
26227,"MODELO",1601527,"OX COMPUTER I7 C178"
26227,"MODELO",1601528,"OX COMPUTER I7 C208"
26227,"MODELO",1601529,"OX COMPUTER I7 C209"
26227,"MODELO",1601530,"OX COMPUTER I7 C210"
26227,"MODELO",1601531,"OX COMPUTER I7 C212"
26227,"MODELO",1601532,"OX COMPUTER I7 C214"
26227,"MODELO",1601533,"OX COMPUTER I7 C213"
26227,"MODELO",1601534,"OX COMPUTER I7 C220"
26227,"MODELO",1601535,"OX COMPUTER I7 C224"
26227,"MODELO",1601536,"OX COMPUTER I7 C225"
26227,"MODELO",1601537,"OX COMPUTER I7 C169"
26227,"MODELO",1601538,"OX COMPUTER I3 A44"
26227,"MODELO",1601539,"OX COMPUTER I7 C170"
26227,"MODELO",1601540,"OX COMPUTER I7 C176"
26227,"MODELO",1601541,"OX COMPUTER I7 C181"
26227,"MODELO",1601542,"OX COMPUTER I7 C182"
26227,"MODELO",1601543,"DART7-10700"
26227,"MODELO",1601544,"CR003CI581HDWP"
26227,"MODELO",1601545,"SMART GOLD 10700"
26227,"MODELO",3812120,"1K54SFL6A074"
26227,"MODELO",4224607,"VISSION VP4790"
26227,"MODELO",4313796,"COMPUTADORA DE ESCRITORIO Q T-GLICH"
26227,"MODELO",4230011,"LEGENDARY TIN72"
26227,"MODELO",2143494,"FORTIN-13400-V4"
26227,"MODELO",2560543,"QBIUY7"
26227,"MODELO",2625040,"TURING7 14° GEN"
26227,"MODELO",2625045,"TURING7 14° GEN"
26227,"MODELO",2631012,"QUBIT3 14° GEN"
26227,"MODELO",1752978,"11K65MT10310"
26227,"MODELO",1601546,"11K52SSB002"
26227,"MODELO",1601547,"11K51SSB144"
26227,"MODELO",1601548,"COMPUTADORA ALBERCOM SMART I310100"
26227,"MODELO",1601549,"PRIME GX+"
26227,"MODELO",1601550,"GENWORK DM420V"
26227,"MODELO",1601551,"TORNADO YXL0018"
26227,"MODELO",1601552,"7DT75S-7162OP3-WB"
26227,"MODELO",1601553,"HP ELITEDESK 800 G3 65W DM"
26227,"MODELO",1601554,"O"
26227,"MODELO",1601555,"7DT75S-7081OH4-WB"
26227,"MODELO",1601556,"VS7292"
26227,"MODELO",1601557,"HP ELITEONE 800 G3 AIO NT"
26227,"MODELO",1601558,"VS7291"
26227,"MODELO",1601559,"VS7272"
26227,"MODELO",1601560,"VC-2295"
26227,"MODELO",1601561,"THINKCENTRE M715S"
26227,"MODELO",1601562,"THINKPAD P51"
26227,"MODELO",1601563,"VOSTRO 3267"
26227,"MODELO",1601564,"VOSTRO 3267 SFF"
26227,"MODELO",1601565,"VO7170"
26227,"MODELO",1601566,"HP PRODESK 600 G3 SFF"
26227,"MODELO",1601567,"V520S"
26227,"MODELO",1601568,"THINKCENTRE M710S"
26227,"MODELO",1601569,"CMVS7071"
26227,"MODELO",1601570,"OPTIPLEX 7050 SFF"
26227,"MODELO",1601571,"CMVO7071"
26227,"MODELO",1601572,"CMVS7051"
26227,"MODELO",1601573,"CMVS7091"
26227,"MODELO",1601574,"VOSTRO 3268 SFF"
26227,"MODELO",1601575,"CMVO7051"
26227,"MODELO",1601576,"CMVO7091"
26227,"MODELO",1601577,"PRODESK 400 G4 SFF"
26227,"MODELO",1601578,"THINKCENTRE M910S"
26227,"MODELO",1601579,"VC2293"
26227,"MODELO",1601580,"VC 607401"
26227,"MODELO",1601581,"VS853502"
26227,"MODELO",1601582,"VC 119202"
26227,"MODELO",1601583,"VC 737906"
26227,"MODELO",1601584,"VC 627503"
26227,"MODELO",1601585,"48008"
26227,"MODELO",1601586,"VO7398"
26227,"MODELO",1601587,"VC 215402"
26227,"MODELO",1601588,"VO 517201"
26227,"MODELO",1601589,"VC 637301"
26227,"MODELO",1601590,"VS7312"
26227,"MODELO",1601591,"VS829503"
26227,"MODELO",1601592,"ELITEDESK 705 G1 SFF"
26227,"MODELO",1601593,"VC 727506"
26227,"MODELO",1601594,"DCM0001"
26227,"MODELO",1601595,"VC 619306"
26227,"MODELO",1601596,"VC2230"
26227,"MODELO",1601597,"VC 217602"
26227,"MODELO",1601598,"VC 605405"
26227,"MODELO",1601599,"VC 719203"
26227,"MODELO",1601600,"VC 735G04"
26227,"MODELO",1601601,"ENTRY"
26227,"MODELO",1601602,"VC 627202"
26227,"MODELO",1601603,"VC 717101"
26227,"MODELO",1601604,"VO 637401"
26227,"MODELO",1601605,"VC 735C04"
26227,"MODELO",1601606,"VC 735H05"
26227,"MODELO",1601607,"VS 827401"
26227,"MODELO",1601608,"LEO-SFF"
26227,"MODELO",4273603,"2192"
26227,"MODELO",4224502,"VISSION VP4590"
26227,"MODELO",2747231,"WANX-13900"
26227,"MODELO",2630922,"QUBIT3 14° GEN"
26227,"MODELO",1601609,"VC 517306"
26227,"MODELO",1601610,"VC 217605"
26227,"MODELO",1601611,"VS7276"
26227,"MODELO",1601612,"VC 619604"
26227,"MODELO",1601613,"ENTERPRISE 7500"
26227,"MODELO",1601614,"VC 607101"
26227,"MODELO",1601615,"VC 618401"
26227,"MODELO",1601616,"VC 717104"
26227,"MODELO",1601617,"VO 613201"
26227,"MODELO",1601618,"VC 517305"
26227,"MODELO",1601619,"VC 739703"
26227,"MODELO",1601620,"VC2257"
26227,"MODELO",1601621,"VC 737802"
26227,"MODELO",1601622,"VC 215307"
26227,"MODELO",1601623,"TORNADO YXL004"
26227,"MODELO",1601624,"TORNADO YXL008"
26227,"MODELO",1601625,"TORNADO YXL0011"
26227,"MODELO",1601626,"OM721D36Z738K"
26227,"MODELO",1601627,"536B66I5XII4M538"
26227,"MODELO",1601628,"HP ELITEDESK 805 G6 DM"
26227,"MODELO",1601629,"11K51SSB114"
26227,"MODELO",1601630,"OX COMPUTER I7 C32"
26227,"MODELO",1601631,"OX COMPUTER I7 C153"
26227,"MODELO",1601632,"OX COMPUTER I7 C154"
26227,"MODELO",1601633,"OX COMPUTER I7 C155"
26227,"MODELO",1601634,"OX COMPUTER I7 C96"
26227,"MODELO",1601635,"OX COMPUTER I7 C97"
26227,"MODELO",1601636,"OX COMPUTER I7 C117"
26227,"MODELO",1601637,"OX COMPUTER I7 C118"
26227,"MODELO",1601638,"OX COMPUTER I7 C119"
26227,"MODELO",1601639,"OX COMPUTER I7 C120"
26227,"MODELO",1601640,"OX COMPUTER I7 C121"
26227,"MODELO",1601641,"OX COMPUTER I7 C122"
26227,"MODELO",1601642,"OX COMPUTER I7 C123"
26227,"MODELO",1601643,"OX COMPUTER I7 C124"
26227,"MODELO",1601644,"OX COMPUTER I7 C125"
26227,"MODELO",1601645,"OX COMPUTER I7 C127"
26227,"MODELO",1601646,"OX COMPUTER I7 C128"
26227,"MODELO",1601647,"OX COMPUTER I7 C129"
26227,"MODELO",1601648,"OX COMPUTER I7 C130"
26227,"MODELO",1601649,"OX COMPUTER I7 C131"
26227,"MODELO",1601650,"OX COMPUTER I7 C132"
26227,"MODELO",1601651,"OX COMPUTER I7 C133"
26227,"MODELO",1601652,"OX COMPUTER I7 C134"
26227,"MODELO",1601653,"OX COMPUTER I7 C135"
26227,"MODELO",1601654,"OX COMPUTER I7 C136"
26227,"MODELO",1601655,"OX COMPUTER I7 C137"
26227,"MODELO",1601656,"OX COMPUTER I7 C138"
26227,"MODELO",1601657,"OX COMPUTER I7 C139"
26227,"MODELO",1601658,"OX COMPUTER I7 C140"
26227,"MODELO",1601659,"OX COMPUTER I5 B65"
26227,"MODELO",1601660,"OX COMPUTER I7 C126"
26227,"MODELO",1601661,"OX COMPUTER I7 B145"
26227,"MODELO",1601662,"OX COMPUTER I7 C146"
26227,"MODELO",1601663,"OX COMPUTER I7 C147"
26227,"MODELO",1601664,"OX COMPUTER I7 C150"
26227,"MODELO",1601665,"OX COMPUTER I7 C151"
26227,"MODELO",1601666,"VISSION VP2600"
26227,"MODELO",1601667,"VISSION VP2700"
26227,"MODELO",1601668,"HBCI7806"
26227,"MODELO",1974578,"PCIN20233440"
26227,"MODELO",1974682,"D700MD"
26227,"MODELO",2143762,"AM25  I5B760134006WH"
26227,"MODELO",2895419,"THINKCENTRE M90S GEN 5"
26227,"MODELO",2747304,"STATION PRO"
26227,"MODELO",4118018,"E6SI7F116-Z"
26227,"MODELO",1757847,"E6SI5E114"
26227,"MODELO",1801824,"SMART GOLD 13600K"
26227,"MODELO",1799903,"CORE I9 -STACION DE TRABAJO PRO FLASH ZYC00208"
26227,"MODELO",1601669,"VISSION VO2700"
26227,"MODELO",1601670,"VISSION VO2600"
26227,"MODELO",1601671,"VISSION VO2300"
26227,"MODELO",1601672,"VISSION VP2300"
26227,"MODELO",1601673,"HBCI7816"
26227,"MODELO",1601674,"OX COMPUTER I3 A29"
26227,"MODELO",1601675,"OX COMPUTER I3 A35"
26227,"MODELO",1601676,"OX COMPUTER I3 A36"
26227,"MODELO",1601677,"OX COMPUTER I3 A40"
26227,"MODELO",1601678,"OX COMPUTER I3 A41"
26227,"MODELO",1601679,"OX COMPUTER I3 A45"
26227,"MODELO",1601680,"OX COMPUTER I3 A48"
26227,"MODELO",1601681,"OX COMPUTER I3 A49"
26227,"MODELO",1601682,"OX COMPUTER I3 A56"
26227,"MODELO",1601683,"OX COMPUTER I3 A51"
26227,"MODELO",1601684,"OX COMPUTER I3 A52"
26227,"MODELO",1601685,"OX COMPUTER I5 A96"
26227,"MODELO",1601686,"OX COMPUTER I5 B90"
26227,"MODELO",1601687,"OX COMPUTER I5 A115"
26227,"MODELO",1601688,"OX COMPUTER I5 A118"
26227,"MODELO",1601689,"OX COMPUTER I5 A119"
26227,"MODELO",1601690,"OX COMPUTER I3 A33"
26227,"MODELO",1601691,"OX COMPUTER I3 A47"
26227,"MODELO",1601692,"OX COMPUTER I5 B93"
26227,"MODELO",1601693,"OX COMPUTER I5 A99"
26227,"MODELO",1601694,"OX COMPUTER I5 A95"
26227,"MODELO",1601695,"OX COMPUTER I5 A122"
26227,"MODELO",1601696,"OM721D2OZ738K"
26227,"MODELO",1601697,"GENWORK TM7210"
26227,"MODELO",1601698,"CAPTIVA G10 SFF"
26227,"MODELO",1601699,"CORE I9 -STACION DE TRABAJO PRO FLASH ZYC0038"
26227,"MODELO",1601700,"CORE I9 -STACION DE TRABAJO PRO FLASH ZYC0039"
26227,"MODELO",1601701,"CORE I9 -STACION DE TRABAJO PRO FLASH ZYC0040"
26227,"MODELO",1601702,"CORE I9 -STACION DE TRABAJO PRO FLASH ZYC0042"
26227,"MODELO",1601703,"GENWORK DM400V"
26227,"MODELO",1601704,"VISSION VO1340"
26227,"MODELO",1601705,"OS400016B3C0"
26227,"MODELO",1601706,"CORE I9 -STACION DE TRABAJO PRO FLASH ZYC0036"
26227,"MODELO",1601707,"CORE I9 -STACION DE TRABAJO PRO FLASH ZYC0074"
26227,"MODELO",1601708,"CORE I9 -STACION DE TRABAJO PRO FLASH ZYC0083"
26227,"MODELO",1601709,"PCKAI7117001TBSSD16GBR6GBVW"
26227,"MODELO",1601710,"11K52SSB001"
26227,"MODELO",1601711,"11K72SSA497"
26227,"MODELO",1601712,"GENWORK NM7000"
26227,"MODELO",1601713,"CORE I9 -STACION DE TRABAJO PRO FLASH ZYC0043"
26227,"MODELO",1601714,"CORE I9 -STACION DE TRABAJO PRO FLASH ZYC0072"
26227,"MODELO",1601715,"CORE I9 -STACION DE TRABAJO PRO FLASH ZYC0076"
26227,"MODELO",1601716,"11K51SSA948"
26227,"MODELO",1601717,"THINKCENTRE M75Q GEN 2"
26227,"MODELO",1601718,"HP PRODESK 405G6 SFF"
26227,"MODELO",1601719,"GENWORK NM7100"
26227,"MODELO",1601720,"CORE I9 -STACION DE TRABAJO PRO FLASH ZYC001"
26227,"MODELO",1601721,"CORE I9 -STACION DE TRABAJO PRO FLASH ZYC0037"
26227,"MODELO",1601722,"CORE I9 -STACION DE TRABAJO PRO FLASH ZYC0041"
26227,"MODELO",1601723,"CORE I9 -STACION DE TRABAJO PRO FLASH ZYC0075"
26227,"MODELO",1601724,"OS720022B330S"
26227,"MODELO",1601725,"GENWORK DM621V"
26227,"MODELO",2143770,"AM25  I5B7601240019"
26227,"MODELO",1802074,"SMART 13400"
26227,"MODELO",1601726,"CORE I7- MIRAGE XYL00107"
26227,"MODELO",1601727,"KEROS TORRE 7010"
26227,"MODELO",1601728,"VO 61B501"
26227,"MODELO",1601729,"VC 639302"
26227,"MODELO",1601730,"VC 605706"
26227,"MODELO",1601731,"VC 613403"
26227,"MODELO",1601732,"VO6306"
26227,"MODELO",1601733,"OPEN VO 6379"
26227,"MODELO",1601734,"VO 639801"
26227,"MODELO",1601735,"VC 715602"
26227,"MODELO",1601736,"VC 637702"
26227,"MODELO",1601737,"VC 219704"
26227,"MODELO",1601738,"M73"
26227,"MODELO",1601739,"VC 715605"
26227,"MODELO",1601740,"VC 717201"
26227,"MODELO",1601741,"VC 515401"
26227,"MODELO",1601742,"VS717G"
26227,"MODELO",1601743,"VC 617503"
26227,"MODELO",1601744,"BASIC RELAMPAGOI3"
26227,"MODELO",1601745,"VC 217808"
26227,"MODELO",1601746,"VO 613D01"
26227,"MODELO",1601747,"VISSION VO 7796"
26227,"MODELO",1601748,"VC 711406"
26227,"MODELO",1601749,"VS857802"
26227,"MODELO",1601750,"VC 515703"
26227,"MODELO",1601751,"VS 815603"
26227,"MODELO",1601752,"VC 215302"
26227,"MODELO",1601753,"50001"
26227,"MODELO",1601754,"VC 215901"
26227,"MODELO",1601755,"VC 737F06"
26227,"MODELO",1601756,"VS715B"
26227,"MODELO",1601757,"SELECTO"
26227,"MODELO",1601758,"VC 607603"
26227,"MODELO",1601759,"VC 719206"
26227,"MODELO",1601760,"VC2291"
26227,"MODELO",1601761,"VC 215809"
26227,"MODELO",1601762,"VC 639706"
26227,"MODELO",1601763,"VC 618504"
26227,"MODELO",1601764,"VC 217206"
26227,"MODELO",1601765,"VC 625501"
26227,"MODELO",1601766,"EXECUTIVE"
26227,"MODELO",1601767,"VO 215101"
26227,"MODELO",1601768,"OPTIPLEX 7010 DT"
26227,"MODELO",1601769,"ENTRY-LEVEL MT"
26227,"MODELO",1601770,"VC 623301"
26227,"MODELO",1601771,"VS719A"
26227,"MODELO",1601772,"VS855702"
26227,"MODELO",1601773,"VC 735704"
26227,"MODELO",1601774,"VC 623703"
26227,"MODELO",1601775,"VC 639705"
26227,"MODELO",1601776,"VS829803"
26227,"MODELO",1601777,"VC 219506"
26227,"MODELO",1601778,"VC 639203"
26227,"MODELO",1601779,"OPEN VO 51G7"
26227,"MODELO",1601780,"VO 219202"
26227,"MODELO",1601781,"VC 617203"
26227,"MODELO",1601782,"VS819603"
26227,"MODELO",1601783,"VC 737F05"
26227,"MODELO",1601784,"PRO 6300 SFF"
26227,"MODELO",1601785,"VC 219208"
26227,"MODELO",1601786,"VO 219205"
26227,"MODELO",1601787,"VC229E"
26227,"MODELO",1601788,"VC2375"
26227,"MODELO",1601789,"VS7575"
26227,"MODELO",4230233,"THINKCENTRE NEO 50S GEN 6"
26227,"MODELO",2143776,"AM25 I5B7601240020W"
26227,"MODELO",1953232,"WASICHAY"
26227,"MODELO",1802029,"SMART 13100"
26227,"MODELO",1601790,"VC 613704"
26227,"MODELO",1601791,"VC 717601"
26227,"MODELO",1601792,"VC 629403"
26227,"MODELO",1601793,"VC235"
26227,"MODELO",1601794,"VO 639701"
26227,"MODELO",1601795,"VC 613B05"
26227,"MODELO",1601796,"VO 607401"
26227,"MODELO",1601797,"VS839601"
26227,"MODELO",1601798,"VC 711401"
26227,"MODELO",1601799,"GENWORK DM622V"
26227,"MODELO",1601800,"VISSION V8550E"
26227,"MODELO",1601801,"MASTER LINE  GXII 220"
26227,"MODELO",1601802,"COMPUTADORA DE ESCRITORIO PROFESIONAL I7"
26227,"MODELO",1601803,"VISSION VO8750"
26227,"MODELO",1601804,"HP PRODESK 400G 6 DESKTOP MINI"
26227,"MODELO",1601805,"HP ELITEDESK 805 G6 SFF"
26227,"MODELO",1601806,"HP PRODESK 405 G6 SFF"
26227,"MODELO",1601807,"OM720D3NZ738K"
26227,"MODELO",1601808,"OM720D18Z738K"
26227,"MODELO",1601809,"00C73AXO85"
26227,"MODELO",1601810,"VISSION VP8550"
26227,"MODELO",1601811,"G17"
26227,"MODELO",1601812,"11K23SSA301"
26227,"MODELO",1601813,"HP260G4DESKTOPMINI"
26227,"MODELO",1601814,"MODELO CORE I9 -STACION DE TRABAJO PRO FLASH ZYC003"
26227,"MODELO",1601815,"OS721V29B332S"
26227,"MODELO",1601816,"TORNADO YXL0013"
26227,"MODELO",1601817,"VO 215109"
26227,"MODELO",1601818,"VO 605701"
26227,"MODELO",1601819,"VS7333"
26227,"MODELO",1601820,"VC 217A03"
26227,"MODELO",1601821,"VC 219801"
26227,"MODELO",1601822,"VS827801"
26227,"MODELO",1601823,"VC 725603"
26227,"MODELO",1601824,"VS 623904"
26227,"MODELO",1601825,"VS 813802"
26227,"MODELO",1601826,"VC 739701"
26227,"MODELO",1601827,"VC 623906"
26227,"MODELO",1601828,"ENTERPRISE 6500 TORRE"
26227,"MODELO",1601829,"VC 613401"
26227,"MODELO",1601830,"VC 629605"
26227,"MODELO",1601831,"VC 637405"
26227,"MODELO",1601832,"VO7396"
26227,"MODELO",1601833,"VO 627101"
26227,"MODELO",1601834,"VS 815702"
26227,"MODELO",1601835,"VS829501"
26227,"MODELO",1601836,"VC 739D02"
26227,"MODELO",1601837,"ELITEDESK 705 G2 SFF"
26227,"MODELO",1601838,"VC 613305"
26227,"MODELO",1601839,"VC 735905"
26227,"MODELO",1601840,"VS7296"
26227,"MODELO",1601841,"VC 617104"
26227,"MODELO",1601842,"VC 719601"
26227,"MODELO",1601843,"VO 217201"
26227,"MODELO",1601844,"VC 517303"
26227,"MODELO",1601845,"VO 725901"
26227,"MODELO",1601846,"VC 215B06"
26227,"MODELO",1601847,"VC 711602"
26227,"MODELO",1601848,"VC 517101"
26227,"MODELO",1601849,"VC 637304"
26227,"MODELO",1601850,"VC 719604"
26227,"MODELO",1601851,"ENTERPRISE 7500 TORRE"
26227,"MODELO",2551344,"ALLWI2024K1PMB5J"
26227,"MODELO",3898127,"MINI FORTIN"
26227,"MODELO",3139353,"SMART 14900K"
26227,"MODELO",2823295,"HP ELITE SFF 805 G9 DESKTOP PC"
26227,"MODELO",2912696,"TURING5 14° GEN"
26227,"MODELO",2912722,"TURING5 14° GEN"
26227,"MODELO",3967371,"1K54MTL7A351"
26227,"MODELO",1800196,"ARCANUS TIN713"
26227,"MODELO",4149805,"MASTER LINE GXIV 341"
26227,"MODELO",1601852,"VC 215103"
26227,"MODELO",1601853,"VC 739F04"
26227,"MODELO",1601854,"PRODESK 400 G3 MT"
26227,"MODELO",1601855,"VC 217803"
26227,"MODELO",1601856,"VC2296"
26227,"MODELO",1601857,"VO 717201"
26227,"MODELO",1601858,"VC 735B01"
26227,"MODELO",1601859,"VC 735E01"
26227,"MODELO",1601860,"VC2179"
26227,"MODELO",1601861,"VC 517206"
26227,"MODELO",1601862,"VC 629604"
26227,"MODELO",1601863,"VC 717105"
26227,"MODELO",1601864,"VC 717301"
26227,"MODELO",1601865,"480014"
26227,"MODELO",1601866,"ENTERPRISE 6500 SFF"
26227,"MODELO",1601867,"VC 215708"
26227,"MODELO",1601868,"VC 737803"
26227,"MODELO",1601869,"VO 735E01"
26227,"MODELO",1601870,"VS7314"
26227,"MODELO",1601871,"VS823303"
26227,"MODELO",1601872,"VC 605505"
26227,"MODELO",1601873,"11K51SSA545"
26227,"MODELO",1601874,"11K51SSA555"
26227,"MODELO",1601875,"SMART 6400"
26227,"MODELO",1601876,"VISSION VO8550"
26227,"MODELO",1601877,"VS829703"
26227,"MODELO",1601878,"VS7339"
26227,"MODELO",1601879,"VO 737F01"
26227,"MODELO",1601880,"VC2275"
26227,"MODELO",1601881,"BASIC I5"
26227,"MODELO",1601882,"VO 515801"
26227,"MODELO",1601883,"VC 615606"
26227,"MODELO",1601884,"CMVO7171"
26227,"MODELO",1601885,"VC 737B04"
26227,"MODELO",1601886,"VC2274"
26227,"MODELO",1601887,"VC 613205"
26227,"MODELO",1601888,"VO 613301"
26227,"MODELO",1601889,"VS829603"
26227,"MODELO",1601890,"VS 817802"
26227,"MODELO",1601891,"VC 637805"
26227,"MODELO",1601892,"VC 737506"
26227,"MODELO",1601893,"VC 605704"
26227,"MODELO",1601894,"VS7335"
26227,"MODELO",1601895,"VC 219505"
26227,"MODELO",1601896,"VC 735406"
26227,"MODELO",1601897,"VC 719403"
26227,"MODELO",1601898,"VC 215409"
26227,"MODELO",1601899,"VC 61B501"
26227,"MODELO",1601900,"VC 613202"
26227,"MODELO",1601901,"GB-BXI5H-5200-BN"
26227,"MODELO",1601902,"ENTERPRISE G6"
26227,"MODELO",1601903,"VC 615602"
26227,"MODELO",1601904,"VISSION VO587A"
26227,"MODELO",1601905,"VC 215602"
26227,"MODELO",1601906,"VC 739804"
26227,"MODELO",1601907,"VC 613C01"
26227,"MODELO",1601908,"VCO2272"
26227,"MODELO",1601909,"VC 215606"
26227,"MODELO",1601910,"VS 815602"
26227,"MODELO",1601911,"VC 735405"
26227,"MODELO",1601912,"VC 623202"
26227,"MODELO",1601913,"VC 615605"
26227,"MODELO",1601914,"VC2193"
26227,"MODELO",1601915,"VS821203"
26227,"MODELO",2141874,"AM27  I7Z79013700K3VWH"
26227,"MODELO",3996462,"RTX 3050 6GB"
26227,"MODELO",2807816,"PCAD3VP3710EUJC"
26227,"MODELO",3139558,"SMART 12700K"
26227,"MODELO",3865934,"7S2REVA149"
26227,"MODELO",2031619,"HP PRO SFF 400 G9 DESKTOP PC 8Y973LS#ABM-OHM1G"
26227,"MODELO",4213293,"P87QMB64BF"
26227,"MODELO",1745028,"GENWORK DT90_MT"
26227,"MODELO",1750523,"HTTPS://MEET.GOOGLE.COM/EUD-AWTZ-VDR"
26227,"MODELO",2877277,"VISSION VP6780"
26227,"MODELO",1601916,"VC 215808"
26227,"MODELO",1601917,"VC 605606"
26227,"MODELO",1601918,"VC 215605"
26227,"MODELO",1601919,"VC 639503"
26227,"MODELO",1601920,"VO 517301"
26227,"MODELO",1601921,"TORNADO YXL0016"
26227,"MODELO",1601922,"CORE I9 -STACION DE TRABAJO PRO FLASH ZYC002"
26227,"MODELO",1601923,"TORNADO YXL0012"
26227,"MODELO",1601924,"OM721G1JB634F"
26227,"MODELO",1601925,"OM721G29B634F"
26227,"MODELO",1601926,"1Y6G8LT#ABM-OP"
26227,"MODELO",1601927,"VISSION VP8750"
26227,"MODELO",1601928,"GENWORK DM620V"
26227,"MODELO",1601929,"CORE I9 -STACION DE TRABAJO PRO FLASH ZYC003"
26227,"MODELO",1601930,"TORNADO YXL0014"
26227,"MODELO",1601931,"TORNADO YXL0015"
26227,"MODELO",1601932,"THINKCENTRE M75Q GEN2 (AMD)"
26227,"MODELO",1601933,"CCL58T902VA0UE"
26227,"MODELO",1601934,"11K52SSA806"
26227,"MODELO",1601935,"SMART 10900"
26227,"MODELO",1601936,"FALCON CRD0078"
26227,"MODELO",1601937,"FALCON CRD0080"
26227,"MODELO",1601938,"FALCON CRD0081"
26227,"MODELO",1601939,"OX COMPUTER I3 A3"
26227,"MODELO",1601940,"OX COMPUTER I3 A4"
26227,"MODELO",1601941,"OX COMPUTER I3 A8"
26227,"MODELO",1601942,"OX COMPUTER I3 A11"
26227,"MODELO",1601943,"OX COMPUTER I3 A15"
26227,"MODELO",1601944,"OX COMPUTER I3 A16"
26227,"MODELO",1601945,"GAMEMAX M500"
26227,"MODELO",1601946,"EI SFF 125"
26227,"MODELO",1601947,"GENWORK DM422W"
26227,"MODELO",1601948,"OFISZU P90-SSF"
26227,"MODELO",1601949,"CDL5GM900VA0DA"
26227,"MODELO",1601950,"CDL5GT90QVA0FZ"
26227,"MODELO",1601951,"MASTER LINE  GXII 300"
26227,"MODELO",1601952,"COMPUTADORA ALBERCOM PRIME I710700"
26227,"MODELO",1601953,"11K23SSA651"
26227,"MODELO",1601954,"GENWORK DM421W"
26227,"MODELO",1601955,"FALCON CRD0079"
26227,"MODELO",1601956,"VISSION VP2940"
26227,"MODELO",1601957,"11K51SSA232"
26227,"MODELO",1601958,"MASTER LINE  INFINITY MI100"
26227,"MODELO",1601959,"COMPUTADORA DE ESCRITORIO PROFESIONAL I5"
26227,"MODELO",1601960,"ENTERPRISE 8500 SFF"
26227,"MODELO",1601961,"GENWORK DM7100"
26227,"MODELO",1601962,"PB62-SYS582PXTH"
26227,"MODELO",1601963,"EI 125 SFF"
26227,"MODELO",1601964,"OPTIPLEX 5080 MT"
26227,"MODELO",1601965,"MASTER LINE  GXI 21I7"
26227,"MODELO",1601967,"GENWORK DM420W"
26227,"MODELO",1601968,"MASTER LINE GXI 23I5"
26227,"MODELO",1601969,"HENKO G90-MT"
26227,"MODELO",1601970,"MASTER LINE  GX 210"
26227,"MODELO",1601971,"MASTER LINE GXI 23I"
26227,"MODELO",1601972,"11K51SSA265"
26227,"MODELO",1601973,"11K51SSA287"
26227,"MODELO",1601974,"11K51SSA286"
26227,"MODELO",1601975,"CORE I7- MIRAGE XYL0019"
26227,"MODELO",2625223,"TURING7 14° GEN"
26227,"MODELO",2625234,"TURING7 14° GEN"
26227,"MODELO",2625254,"TURING7 14° GEN"
26227,"MODELO",4075290,"P07ISB6485"
26227,"MODELO",3131911,"PRO I5 GEN 13"
26227,"MODELO",2807973,"OPRTIWORK 6050 V2R"
26227,"MODELO",3920896,"PCAD3VP7500BPMC"
26227,"MODELO",1997527,"09IUM43F"
26227,"MODELO",2031706,"HP ELITE SFF 600 G9 DESKTOP PC - 8Y952LS#ABM-OPDM"
26227,"MODELO",2805484,"QUBIT3 14° GEN"
26227,"MODELO",2805497,"QUBIT3 14° GEN"
26227,"MODELO",2477349,"THEON9-12900"
26227,"MODELO",2487918,"8C1W9LT#ABM-OHMD"
26227,"MODELO",4222234,"VISSION VP1790"
26227,"MODELO",4222497,"MDP2605L1E4S8"
26227,"MODELO",1800241,"CORE I9 -STACION DE TRABAJO PRO FLASH ZYC00211"
26227,"MODELO",1800258,"CORE I9 -STACION DE TRABAJO PRO FLASH ZYC00212"
26227,"MODELO",1782272,"E7TI7T223"
26227,"MODELO",1601976,"CORE I7- MIRAGE XYL0020"
26227,"MODELO",1601977,"CORE I7- MIRAGE XYL0021"
26227,"MODELO",1601978,"FALCON CRD0035"
26227,"MODELO",1601979,"CORE I7- MIRAGE XYL0031"
26227,"MODELO",1601980,"FALCON CRD0039"
26227,"MODELO",1601981,"TORNADO YXL0004"
26227,"MODELO",1601982,"CML58T902VA0U8"
26227,"MODELO",1601983,"HBRA50009"
26227,"MODELO",1601984,"412B56I7XI801"
26227,"MODELO",1601985,"OX COMPUTER I7 C42"
26227,"MODELO",1601986,"OX COMPUTER I7 C43"
26227,"MODELO",1601987,"OX COMPUTER I7 C51"
26227,"MODELO",1601988,"OX COMPUTER I7 C52"
26227,"MODELO",1601989,"OX COMPUTER I7 C55"
26227,"MODELO",1601990,"OX COMPUTER I7 C56"
26227,"MODELO",1601991,"OX COMPUTER I7 C46"
26227,"MODELO",1601992,"OX COMPUTER I7 C47"
26227,"MODELO",1601993,"OX COMPUTER I7 C48"
26227,"MODELO",1601994,"OX COMPUTER I7 C49"
26227,"MODELO",1601995,"OX COMPUTER I7 C50"
26227,"MODELO",1601996,"OX COMPUTER I7 C53"
26227,"MODELO",1601997,"OX COMPUTER I7 C54"
26227,"MODELO",1601998,"ENTERPRISE G7"
26227,"MODELO",1601999,"OX COMPUTER I5 B67"
26227,"MODELO",1602000,"OX COMPUTER I5 B68"
26227,"MODELO",1602001,"OX COMPUTER I5 B69"
26227,"MODELO",1602002,"OX COMPUTER I7 C148"
26227,"MODELO",1602003,"OX COMPUTER I7 C81"
26227,"MODELO",1602004,"OX COMPUTER I7 C159"
26227,"MODELO",1602005,"OX COMPUTER I5 B81"
26227,"MODELO",1602006,"OX COMPUTER I7 C82"
26227,"MODELO",1602007,"OX COMPUTER I7 C99"
26227,"MODELO",1602008,"OX COMPUTER I7 C106"
26227,"MODELO",1602009,"OX COMPUTER I7 C107"
26227,"MODELO",1602010,"OX COMPUTER I7 C108"
26227,"MODELO",1602011,"OX COMPUTER I7 C111"
26227,"MODELO",1602012,"OX COMPUTER I7 C100"
26227,"MODELO",1602013,"OX COMPUTER I7 C109"
26227,"MODELO",1602014,"OX COMPUTER I7 C110"
26227,"MODELO",1602015,"OX COMPUTER I7 C112"
26227,"MODELO",1602016,"OX COMPUTER I7 C68"
26227,"MODELO",1602017,"OX COMPUTER I7 C63"
26227,"MODELO",1602018,"OX COMPUTER I7 C67"
26227,"MODELO",1602019,"OX COMPUTER I7 C72"
26227,"MODELO",1602020,"OX COMPUTER I7 C73"
26227,"MODELO",1602021,"OX COMPUTER I7 C74"
26227,"MODELO",1602022,"OX COMPUTER I7 C75"
26227,"MODELO",1602023,"OX COMPUTER I7 C76"
26227,"MODELO",1602024,"OX COMPUTER I7 C77"
26227,"MODELO",1602025,"OX COMPUTER I7 C78"
26227,"MODELO",1602026,"OX COMPUTER I7 C80"
26227,"MODELO",1602027,"OX COMPUTER I7 C59"
26227,"MODELO",1602028,"OX COMPUTER I7 C79"
26227,"MODELO",1602029,"OX COMPUTER I7 C141"
26227,"MODELO",1602030,"OX COMPUTER I7 C144"
26227,"MODELO",1602031,"OX COMPUTER I5 B84"
26227,"MODELO",1602032,"OX COMPUTER I7 C86"
26227,"MODELO",1602033,"OX COMPUTER I7 C87"
26227,"MODELO",1602034,"OX COMPUTER I7 C88"
26227,"MODELO",1602035,"OX COMPUTER I7 C89"
26227,"MODELO",2625249,"TURING7 14° GEN"
26227,"MODELO",2625259,"TURING7 14° GEN"
26227,"MODELO",2031636,"HP PRO SFF 400 G9 DESKTOP PC 8Y973LS#ABM-OPM1G"
26227,"MODELO",2034093,"CADG12-78S5H2W3"
26227,"MODELO",4222468,"U732M4W3WBG2"
26227,"MODELO",1800351,"11K69K2C133"
26227,"MODELO",1743948,"11K67MT09930"
26227,"MODELO",1602036,"OX COMPUTER I7 C90"
26227,"MODELO",1602037,"OFISZU S331"
26227,"MODELO",1602038,"OX COMPUTER I7 C91"
26227,"MODELO",1602039,"OX COMPUTER I7 C92"
26227,"MODELO",1602040,"OX COMPUTER I7 C93"
26227,"MODELO",1602041,"OX COMPUTER I7 C95"
26227,"MODELO",1602042,"OX COMPUTER I7 C98"
26227,"MODELO",1602043,"OX COMPUTER I7 C94"
26227,"MODELO",1602044,"OX COMPUTER I7 C101"
26227,"MODELO",1602045,"OX COMPUTER I7 C102"
26227,"MODELO",1602046,"OX COMPUTER I7 C103"
26227,"MODELO",1602047,"OX COMPUTER I7 C104"
26227,"MODELO",1602048,"OX COMPUTER I3 A118"
26227,"MODELO",1602049,"OX COMPUTER I3 A119"
26227,"MODELO",1602050,"OX COMPUTER I3 A120"
26227,"MODELO",1602051,"OX COMPUTER I3 A121"
26227,"MODELO",1602052,"OX COMPUTER I3 A122"
26227,"MODELO",1602053,"OX COMPUTER I3 A123"
26227,"MODELO",1602054,"OX COMPUTER I3 A124"
26227,"MODELO",1602055,"OX COMPUTER I3 A125"
26227,"MODELO",1602056,"OX COMPUTER I3 A109"
26227,"MODELO",1602057,"OX COMPUTER I3 A97"
26227,"MODELO",1602058,"OX COMPUTER I3 A99"
26227,"MODELO",1602059,"ENTERPRISE G8"
26227,"MODELO",1602060,"HBCI7927"
26227,"MODELO",1602061,"SUPREMO M5"
26227,"MODELO",1602062,"OXCOI7A90070"
26227,"MODELO",1602063,"OX COMPUTER I5 B111"
26227,"MODELO",1602064,"OX COMPUTER I5 C16"
26227,"MODELO",1602065,"OX COMPUTER I5 C22"
26227,"MODELO",1602066,"OXCOI5A90047"
26227,"MODELO",1602067,"OXCOI5A90050"
26227,"MODELO",1602068,"OX COMPUTER I7 C145"
26227,"MODELO",1602069,"OX COMPUTER I5 C20"
26227,"MODELO",1602070,"OX COMPUTER I7 C216"
26227,"MODELO",1602071,"OX COMPUTER I3 A57"
26227,"MODELO",1602072,"OX COMPUTER I3 A60"
26227,"MODELO",1602073,"OX COMPUTER I3 A61"
26227,"MODELO",1602074,"OX COMPUTER I5 B176"
26227,"MODELO",1602075,"OX COMPUTER I5 B183"
26227,"MODELO",1602076,"OX COMPUTER I5 B187"
26227,"MODELO",1602077,"OX COMPUTER I5 B188"
26227,"MODELO",1602078,"OX COMPUTER I5 B189"
26227,"MODELO",1602079,"OX COMPUTER I5 B190"
26227,"MODELO",1602080,"OX COMPUTER I5 B191"
26227,"MODELO",1602081,"OX COMPUTER I5 B198"
26227,"MODELO",1602082,"OX COMPUTER I7 C305"
26227,"MODELO",1602083,"OX COMPUTER I7 C309"
26227,"MODELO",1602084,"OX COMPUTER I7 C314"
26227,"MODELO",1602085,"OX COMPUTER I5 B184"
26227,"MODELO",1602086,"OX COMPUTER I5 B186"
26227,"MODELO",1602087,"OX COMPUTER I7 C334"
26227,"MODELO",1602088,"OX COMPUTER I7 C335"
26227,"MODELO",1602089,"OXCOI5A90077"
26227,"MODELO",1602090,"OX COMPUTER I5 B179"
26227,"MODELO",1602091,"OX COMPUTER I5 B180"
26227,"MODELO",1602092,"OXCOI5A900183"
26227,"MODELO",1602093,"OX COMPUTER I7 C310"
26227,"MODELO",1602094,"OX COMPUTER I7 C312"
26227,"MODELO",1602095,"OX COMPUTER I7 C336"
26227,"MODELO",2631255,"QUBIT3 14° GEN"
26227,"MODELO",2631358,"QUBIT3 14° GEN"
26227,"MODELO",4130015,"20485962400"
26227,"MODELO",4086714,"VISSION VO7770"
26227,"MODELO",4086719,"VISSION VP7770"
26227,"MODELO",1769265,"11K65MT00576"
26227,"MODELO",1782265,"M70SG3I5508700H"
26227,"MODELO",1602096,"OX COMPUTER I7 C337"
26227,"MODELO",1602097,"OX COMPUTER I7 C338"
26227,"MODELO",1602098,"OX COMPUTER I7 C340"
26227,"MODELO",1602099,"OX COMPUTER I7 C342"
26227,"MODELO",1602100,"OX COMPUTER I7 C348"
26227,"MODELO",1602101,"OX COMPUTER I7 C349"
26227,"MODELO",1602102,"OX COMPUTER I7 C352"
26227,"MODELO",1602103,"OX COMPUTER I7 C353"
26227,"MODELO",1602104,"GENWORK TM4210"
26227,"MODELO",1602105,"11K52SSA392"
26227,"MODELO",1602106,"CR002CI781HDWH"
26227,"MODELO",1602107,"OX COMPUTER I5 B177"
26227,"MODELO",1602108,"OX COMPUTER I5 B181"
26227,"MODELO",1602109,"OX COMPUTER I7 C302"
26227,"MODELO",1602110,"OX COMPUTER I7 C345"
26227,"MODELO",1602111,"OX COMPUTER I5 B178"
26227,"MODELO",1602112,"OX COMPUTER I7 C354"
26227,"MODELO",1602113,"SUPREMO M7"
26227,"MODELO",1602114,"SUPREMO M3"
26227,"MODELO",1602115,"SUPREMO MX5"
26227,"MODELO",1602116,"VISSION VO2200"
26227,"MODELO",1602117,"VISSION VH2200"
26227,"MODELO",1602118,"SUPREMO MX7"
26227,"MODELO",1602119,"HP PRODESK 600 G3"
26227,"MODELO",1602120,"VISSION VP2200"
26227,"MODELO",1602121,"H310VA633"
26227,"MODELO",1602122,"MASTER LINE G7 101"
26227,"MODELO",1602123,"HP 280 G3 SFF"
26227,"MODELO",1602124,"MASTER LINE G7 100"
26227,"MODELO",1602125,"H310VA112"
26227,"MODELO",1602126,"PRIME G8"
26227,"MODELO",1602127,"H310VA103"
26227,"MODELO",1602128,"MASTER LINE G7 300"
26227,"MODELO",1602129,"MASTER LINE G8 200"
26227,"MODELO",1602130,"MASTER LINE G8 300"
26227,"MODELO",1602131,"MASTER LINE G7 301"
26227,"MODELO",1602132,"OPTIPLEX 7060 SFF"
26227,"MODELO",1602133,"MASTER LINE G8 100"
26227,"MODELO",1602134,"MASTER LINE G7 200"
26227,"MODELO",1602135,"MASTER LINE G7 201"
26227,"MODELO",1602136,"HP PRODESK 600 G4 SFF"
26227,"MODELO",1602137,"HP ELITEDESK 705 G4 SFF"
26227,"MODELO",1602138,"HP ELITEDESK 800 G4 SFF"
26227,"MODELO",1602139,"S GOLD 7000"
26227,"MODELO",1602140,"COMMANDER G8"
26227,"MODELO",1602141,"H310QO10170"
26227,"MODELO",1602142,"OPTIPLEX 3060 SFF"
26227,"MODELO",1602143,"H310QO10268"
26227,"MODELO",1602144,"ESPRIMO D556/E85+"
26227,"MODELO",1602145,"ESPRIMO P557/E85+"
26227,"MODELO",1602146,"OX COMPUTER I5 B54"
26227,"MODELO",1602147,"OX COMPUTER I5 B55"
26227,"MODELO",1602148,"OX COMPUTER I5 B56"
26227,"MODELO",1602149,"OXCOI5A90057"
26227,"MODELO",1602150,"OX COMPUTER I5 B57"
26227,"MODELO",1602151,"OX COMPUTER I7 C320"
26227,"MODELO",1602152,"VOSTRO 3470 SFF"
26227,"MODELO",1602153,"DELL VOSTRO 3470 SFF"
26227,"MODELO",1602154,"H310QO10125-7"
26227,"MODELO",1602155,"B360VAV001"
26227,"MODELO",2631292,"QUBIT3 14° GEN"
26227,"MODELO",2631365,"QUBIT3 14° GEN"
26227,"MODELO",4118735,"CE-SVG3-2025"
26227,"MODELO",2532647,"ALLWI20242UV5II9"
26227,"MODELO",3898345,"MINI SITH7"
26227,"MODELO",1886597,"03HUSXEC"
26227,"MODELO",4150088,"P85QMB644A"
26227,"MODELO",1602156,"B360VAV003"
26227,"MODELO",1602157,"H310QO10270-7"
26227,"MODELO",1602158,"VISSION VP4510"
26227,"MODELO",1602159,"OPTIPLEX 3050 MICRO"
26227,"MODELO",1602160,"B360VAVW087"
26227,"MODELO",1602161,"B360VAV156"
26227,"MODELO",1602162,"ENTERPRISE 9500 TOWER"
26227,"MODELO",1602163,"MXE-5500 SERIES"
26227,"MODELO",1602164,"500452HB18"
26227,"MODELO",1602165,"OX COMPUTER I3 A88"
26227,"MODELO",1602166,"OX COMPUTER I3 A102"
26227,"MODELO",1602167,"OX COMPUTER I3 A105"
26227,"MODELO",1602168,"OX COMPUTER I3 A106"
26227,"MODELO",1602169,"OX COMPUTER I3 A110"
26227,"MODELO",1602170,"OX COMPUTER I3 A112"
26227,"MODELO",1602171,"OX COMPUTER I3 A113"
26227,"MODELO",1602172,"OX COMPUTER I3 A114"
26227,"MODELO",1602173,"PCKAI711700512GBSSD64GBR6GBVW"
26227,"MODELO",1602174,"11K52SSA475"
26227,"MODELO",1602175,"CR004CI581HDWH"
26227,"MODELO",1602176,"CORE I7- MIRAGE XYL0067"
26227,"MODELO",1602177,"TORNADO YXL00029"
26227,"MODELO",1602178,"TORNADO YXL00039"
26227,"MODELO",1602179,"TORNADO YXL00043"
26227,"MODELO",1602180,"GENWORK OM420V"
26227,"MODELO",1602181,"CORE I9 -STACION DE TRABAJO PRO FLASH ZYC00120"
26227,"MODELO",1602182,"CORE I9 -STACION DE TRABAJO PRO FLASH ZYC00121"
26227,"MODELO",1602183,"CORE I9 -STACION DE TRABAJO PRO FLASH ZYC00122"
26227,"MODELO",1602184,"CORE I9 -STACION DE TRABAJO PRO FLASH ZYC00123"
26227,"MODELO",1602185,"MAINBLACK I9"
26227,"MODELO",1602186,"TORNADO YXL00041"
26227,"MODELO",1602187,"GENWORK OM421V"
26227,"MODELO",1602188,"ARCANUS PRO G7"
26227,"MODELO",1602189,"CORE I9 -STACION DE TRABAJO PRO FLASH ZYC00124"
26227,"MODELO",1602190,"11K52SSA405"
26227,"MODELO",1602191,"CORE I7- MIRAGE XYL0069"
26227,"MODELO",1602192,"CORE I7- MIRAGE XYL0068"
26227,"MODELO",1602193,"TORNADO YXL00035"
26227,"MODELO",1602194,"412B56XI72147"
26227,"MODELO",1602195,"CORE I9 -STACION DE TRABAJO PRO FLASH ZYC00126"
26227,"MODELO",1602196,"11K52SSA377"
26227,"MODELO",1602197,"COMPUTADORA TODO EN UNO OPTIPLEX 7480 AIO"
26227,"MODELO",1602198,"MASTER LINE GXI 24I7"
26227,"MODELO",1602199,"TORNADO YXL00038"
26227,"MODELO",1602200,"TORNADO YXL00062"
26227,"MODELO",1602201,"TORNADO YXL00063"
26227,"MODELO",1602202,"TORNADO YXL00045"
26227,"MODELO",1602203,"11K52SSA406"
26227,"MODELO",1602204,"11K23SSA723"
26227,"MODELO",1602205,"TORNADO YXL00031"
26227,"MODELO",1602206,"TORNADO YXL00034"
26227,"MODELO",1602207,"TORNADO YXL00036"
26227,"MODELO",1602208,"TORNADO YXL00042"
26227,"MODELO",1602209,"GAMEMAX M700"
26227,"MODELO",1602210,"G13"
26227,"MODELO",1602211,"312H310I39327"
26227,"MODELO",1602212,"GENWORK DM722D"
26227,"MODELO",1602213,"536B66I5XII4M530"
26227,"MODELO",1602214,"HP PRODESK 400 G5 DESKTOP MINI"
26227,"MODELO",2625228,"TURING7 14° GEN"
26227,"MODELO",2625266,"TURING7 14° GEN"
26227,"MODELO",1998536,"GENWORK WS90"
26227,"MODELO",2912932,"VISSION VO7660"
26227,"MODELO",2805738,"OPTIWORK 6050 V2RR"
26227,"MODELO",4222049,"PIRAMI"
26227,"MODELO",1602215,"TORNADO YXL00040"
26227,"MODELO",1602216,"VISSION VP2740"
26227,"MODELO",1602217,"THINKCENTRE M75Q GEN2"
26227,"MODELO",1602218,"PANGUBZ-W7851"
26227,"MODELO",1602219,"HP PRODESK 405 G6 DESKTOP MINI"
26227,"MODELO",1602220,"OPTIPLEX 7080 MT"
26227,"MODELO",1602221,"GENWORK DM720D"
26227,"MODELO",1602222,"536B66I5XII4M535"
26227,"MODELO",1602223,"PUM-WDH9A"
26227,"MODELO",1602224,"PANGUBZ-W7651"
26227,"MODELO",1602225,"ENTERINFORMATION 105"
26227,"MODELO",1602226,"BUSINESS 7500"
26227,"MODELO",1602227,"VISSION VP2540"
26227,"MODELO",1602228,"PUBZ-W3891C"
26227,"MODELO",1602229,"536Z69I5XII20135"
26227,"MODELO",1602230,"CORE I9 -STACION DE TRABAJO PRO FLASH ZYC00125"
26227,"MODELO",1602231,"G15"
26227,"MODELO",1602232,"VS717E"
26227,"MODELO",1602233,"VS827602"
26227,"MODELO",1602234,"M72E"
26227,"MODELO",1602235,"VC 217506"
26227,"MODELO",1602236,"VC 219306"
26227,"MODELO",1602237,"VC 515701"
26227,"MODELO",1602238,"VC 715803"
26227,"MODELO",1602239,"VS819801"
26227,"MODELO",1602240,"VC 215705"
26227,"MODELO",1602241,"VC 719406"
26227,"MODELO",1602242,"VC 735B02"
26227,"MODELO",1602243,"VC 737504"
26227,"MODELO",1602244,"VC2292"
26227,"MODELO",1602245,"VISSION 6358"
26227,"MODELO",1602246,"VC 739B06"
26227,"MODELO",1602247,"VC 739E04"
26227,"MODELO",1602248,"VC2250"
26227,"MODELO",1602249,"VO 739B01"
26227,"MODELO",1602250,"VO733201"
26227,"MODELO",1602251,"VS 829403"
26227,"MODELO",1602252,"ENTRE"
26227,"MODELO",1602253,"VC 215204"
26227,"MODELO",1602254,"VC 618605"
26227,"MODELO",1602255,"VC 619206"
26227,"MODELO",1602256,"VC 639403"
26227,"MODELO",1602257,"VC 735804"
26227,"MODELO",1602258,"B250VA088"
26227,"MODELO",1602259,"VO7050"
26227,"MODELO",1602260,"OX COMPUTER FE8040"
26227,"MODELO",1602261,"LENOVO THINKCENTRE M715S"
26227,"MODELO",1602262,"VO7070"
26227,"MODELO",1602263,"HP 260 G2 DM"
26227,"MODELO",1602264,"MXE-5502/M16G"
26227,"MODELO",1602265,"VISSION VO7070"
26227,"MODELO",1602266,"VISSION VO7050"
26227,"MODELO",1602267,"MXE-5502"
26227,"MODELO",1602268,"VISSION VS7070"
26227,"MODELO",1602269,"MXE-5502/M8G"
26227,"MODELO",1602270,"B250VA349"
26227,"MODELO",1602271,"OXCOFE8038"
26227,"MODELO",1602272,"OX COMPUTER FE8038"
26227,"MODELO",1602273,"OX COMPUTER FE8039"
26227,"MODELO",1602274,"OX COMPUTER FE8044"
26227,"MODELO",1602275,"VS7250"
26227,"MODELO",1602276,"VS7050"
26227,"MODELO",2631058,"COECWVCRBOXW11-PYIN-EP"
26227,"MODELO",2631350,"QUBIT3 14° GEN"
26227,"MODELO",4086901,"MASTER LINE GXIV 340"
26227,"MODELO",2807976,"OPTRIWORK 6050 V2R"
26227,"MODELO",1997384,"ARCANUS TIN913"
26227,"MODELO",4143458,"SMART 12700F"
26227,"MODELO",2822936,"RK 6070 VX4"
26227,"MODELO",1602277,"VS7270"
26227,"MODELO",1602278,"VS7290"
26227,"MODELO",1602279,"HP PRODESK 600 G2 DM"
26227,"MODELO",1602280,"HP ELITEDESK 800 G2 DM"
26227,"MODELO",1602281,"VS7070"
26227,"MODELO",1602282,"B250VA312"
26227,"MODELO",1602283,"VO7090"
26227,"MODELO",1602284,"HP ELITEDESK 705 G3 DM"
26227,"MODELO",1602285,"OP"
26227,"MODELO",1602286,"OX COMPUTER FE808"
26227,"MODELO",1602287,"HP ELITEDESK 705 G3 SFF"
26227,"MODELO",1602288,"HP PRODESK 600 G3 MT"
26227,"MODELO",1602289,"HBCI7757"
26227,"MODELO",1602290,"HP ELITE SLICE FOR MEETING ROOMS"
26227,"MODELO",1602291,"HP PRODESK 400 G4 MT"
26227,"MODELO",1602292,"HP ELITEDESK 800 G3 DM 65W"
26227,"MODELO",1602293,"7DT75S-716SOP3"
26227,"MODELO",1602294,"HBCI7765"
26227,"MODELO",1602295,"HBCI7770"
26227,"MODELO",1602296,"VS7170"
26227,"MODELO",1602297,"HP PRODESK 600 G3 DM"
26227,"MODELO",1602298,"HP PRODESK 400 G3 DM"
26227,"MODELO",1602299,"HP ELITEDESK 800 G3 SFF"
26227,"MODELO",1602300,"HP PRODESK 400 G4 SFF"
26227,"MODELO",1602301,"CORE I9 -STACION DE TRABAJO PRO FLASH ZYC0044"
26227,"MODELO",1602302,"CORE I9 -STACION DE TRABAJO PRO FLASH ZYC0046"
26227,"MODELO",1602303,"CORE I9 -STACION DE TRABAJO PRO FLASH ZYC0047"
26227,"MODELO",1602304,"CORE I9 -STACION DE TRABAJO PRO FLASH ZYC0051"
26227,"MODELO",1602305,"THINKCENTRE M70S"
26227,"MODELO",1602306,"THINKCENTRE M75Q-1"
26227,"MODELO",1602307,"CORE I9 -STACION DE TRABAJO PRO FLASH ZYC00128"
26227,"MODELO",1602308,"CORE I9 -STACION DE TRABAJO PRO FLASH ZYC0045"
26227,"MODELO",1602309,"CORE I9 -STACION DE TRABAJO PRO FLASH ZYC0048"
26227,"MODELO",1602310,"MASTER LINE  GXII 201"
26227,"MODELO",1602311,"RAE5-12400"
26227,"MODELO",1602312,"GENWORK TM7220"
26227,"MODELO",1602313,"CORE I9 -STACION DE TRABAJO PRO FLASH ZYC0049"
26227,"MODELO",1602314,"CORE I9 -STACION DE TRABAJO PRO FLASH ZYC0050"
26227,"MODELO",1602315,"CORE I9 -STACION DE TRABAJO PRO FLASH ZYC0052"
26227,"MODELO",1602316,"CORE I9 -STACION DE TRABAJO PRO FLASH ZYC0053"
26227,"MODELO",1602317,"CORE I9 -STACION DE TRABAJO PRO FLASH ZYC0054"
26227,"MODELO",1602318,"CORE I9 -STACION DE TRABAJO PRO FLASH ZYC0055"
26227,"MODELO",1602319,"THINKCENTRE M70Q"
26227,"MODELO",1602320,"THINKCENTRE M70Q"
26227,"MODELO",1602321,"312H310I79786"
26227,"MODELO",1602322,"536Z69I7KXII348"
26227,"MODELO",1602323,"FLASH ZYC00127"
26227,"MODELO",1602324,"D556/E85+"
26227,"MODELO",1602325,"ENTERINFORMATION 115"
26227,"MODELO",1602326,"GENWORK OM422V"
26227,"MODELO",1602327,"GENWORK OM7200"
26227,"MODELO",1602328,"GENWORK TM7200"
26227,"MODELO",1602329,"11AWS0CL00"
26227,"MODELO",1602330,"CORE I9 -STACION DE TRABAJO PRO FLASH ZYC00102"
26227,"MODELO",1602331,"GENWORK DM4000"
26227,"MODELO",1602332,"312H310I79746"
26227,"MODELO",1602333,"CORE I9 -STACION DE TRABAJO PRO FLASH ZYC00130"
26227,"MODELO",2791207,"HPRIME 3050 V2182"
26227,"MODELO",4142028,"SMART 225F"
26227,"MODELO",2033430,"VISSION VP7560"
26227,"MODELO",2630044,"QUBIT3 14° GEN"
26227,"MODELO",1780416,"AM23"
26227,"MODELO",2141603,"AM27 I7Z79013700K2VW"
26227,"MODELO",2910048,"SMART 14900"
26227,"MODELO",2910251,"TURING9 14° GEN"
26227,"MODELO",1602334,"HP PROONE 400 G6 24” AIO NO TÁCTIL"
26227,"MODELO",1602335,"VC 735906"
26227,"MODELO",1602336,"PRODESK 400 G1 MT"
26227,"MODELO",1602337,"VC 217806"
26227,"MODELO",1602338,"VC 627201"
26227,"MODELO",1602339,"VC 737C05"
26227,"MODELO",1602340,"VC 737F02"
26227,"MODELO",1602341,"VC 735D03"
26227,"MODELO",1602342,"VS823202"
26227,"MODELO",1602343,"VC 737406"
26227,"MODELO",1602344,"PRIMERO"
26227,"MODELO",1602345,"VC 735602"
26227,"MODELO",1602346,"VC 739505"
26227,"MODELO",1602347,"VC 605805"
26227,"MODELO",1602348,"VC227C"
26227,"MODELO",1602349,"VS857603"
26227,"MODELO",1602350,"VC 61D401"
26227,"MODELO",1602351,"VS853503"
26227,"MODELO",1602352,"VC 719502"
26227,"MODELO",1602353,"VC 625706"
26227,"MODELO",1602354,"VC 719306"
26227,"MODELO",1602355,"VS7198"
26227,"MODELO",1602356,"SMART PTG6"
26227,"MODELO",1602357,"VC 623503"
26227,"MODELO",1602358,"VS857601"
26227,"MODELO",1602359,"VC 217805"
26227,"MODELO",1602360,"VC 515802"
26227,"MODELO",1602361,"VC 715403"
26227,"MODELO",1602362,"VC 735B06"
26227,"MODELO",1602363,"VC 737F03"
26227,"MODELO",1602364,"VS 623604"
26227,"MODELO",1602365,"VC 219408"
26227,"MODELO",1602366,"VC 627301"
26227,"MODELO",1602367,"VC 735F03"
26227,"MODELO",1602368,"VO7356"
26227,"MODELO",1602369,"VC 605905"
26227,"MODELO",1602370,"VC 61G402"
26227,"MODELO",1602371,"VC 725503"
26227,"MODELO",1602372,"VO7298"
26227,"MODELO",1602373,"VS857801"
26227,"MODELO",1602374,"VC 617406"
26227,"MODELO",1602375,"VC 627501"
26227,"MODELO",1602376,"VO 629101"
26227,"MODELO",1602377,"CMVS717A"
26227,"MODELO",1602378,"VC 613706"
26227,"MODELO",1602379,"VC2237"
26227,"MODELO",1602380,"VC 615502"
26227,"MODELO",1602381,"VC2294"
26227,"MODELO",1602382,"VC 215403"
26227,"MODELO",1602383,"VC 725803"
26227,"MODELO",1602384,"VS855501"
26227,"MODELO",1602385,"VC 617504"
26227,"MODELO",1602386,"VS827702"
26227,"MODELO",1602387,"VS821402"
26227,"MODELO",1602388,"VC 717305"
26227,"MODELO",1602389,"VC 215707"
26227,"MODELO",1602390,"VC 215703"
26227,"MODELO",1602391,"VC 735F02"
26227,"MODELO",1602392,"VO733401"
26227,"MODELO",1602393,"VC 615803"
26227,"MODELO",1602394,"VC2299"
26227,"MODELO",1602395,"VC 639306"
26227,"MODELO",1602396,"MIG-TWR"
26227,"MODELO",1602397,"VC 617106"
26227,"MODELO",4119307,"VISSION VU3590"
26227,"MODELO",2509579,"PRIME AM29"
26227,"MODELO",2745840,"CUBI 5 12M-015BUS"
26227,"MODELO",2745879,"CUBI 5 12M-016BUS"
26227,"MODELO",2745954,"PRO DP10 13M-022BUS"
26227,"MODELO",3138730,"ELUNE 914"
26227,"MODELO",2629999,"QUBIT3 14° GEN"
26227,"MODELO",1780424,"NWKR00096"
26227,"MODELO",1602398,"VS823701"
26227,"MODELO",1602399,"VO 739E01"
26227,"MODELO",1602400,"VS7356"
26227,"MODELO",1602401,"70004"
26227,"MODELO",1602402,"VC 735D05"
26227,"MODELO",1602403,"VC 717602"
26227,"MODELO",1602404,"VS823801"
26227,"MODELO",1602405,"THINKCENTRE M83 SFF"
26227,"MODELO",1602406,"MASTER LINE  G9 302"
26227,"MODELO",1602407,"CORE I9 -STACION DE TRABAJO PRO FLASH ZYC00131"
26227,"MODELO",1602408,"CORE I9 -STACION DE TRABAJO PRO FLASH ZYC00133"
26227,"MODELO",1602409,"MONNUC19VSCI5-OFHB"
26227,"MODELO",1602410,"CORE I9 -STACION DE TRABAJO PRO FLASH ZYC00107"
26227,"MODELO",1602411,"CORE I9 -STACION DE TRABAJO PRO FLASH ZYC00108"
26227,"MODELO",1602412,"CORE I9 -STACION DE TRABAJO PRO FLASH ZYC00109"
26227,"MODELO",1602413,"CORE I9 -STACION DE TRABAJO PRO FLASH ZYC00110"
26227,"MODELO",1602414,"OS721V18B332SF"
26227,"MODELO",1602415,"11EGS00E00"
26227,"MODELO",1602416,"VISSION VO2540"
26227,"MODELO",1602417,"COMPUTADORA ALBERCOM PRIME I310100"
26227,"MODELO",1602418,"GENWORK OM7210"
26227,"MODELO",1602419,"BS0785600VA69A"
26227,"MODELO",1602420,"TORNADO YXL009"
26227,"MODELO",1602421,"11X8S01H00"
26227,"MODELO",1602422,"GENWORK OM7220"
26227,"MODELO",1602423,"OS721V4BB332SF"
26227,"MODELO",1602424,"GENWORK DM722V"
26227,"MODELO",1602425,"VISSION VP2340"
26227,"MODELO",1602426,"VISSION VO2740"
26227,"MODELO",1602427,"GENWORK DM320V"
26227,"MODELO",1602428,"GENWORK DM3100"
26227,"MODELO",1602429,"THINKCENTRE M70T"
26227,"MODELO",1602430,"VISSION VO2340"
26227,"MODELO",1602431,"SMART 12900"
26227,"MODELO",1602432,"FS721W2OB330G"
26227,"MODELO",1602433,"GENWORK DM3000"
26227,"MODELO",1602434,"FM722D1NB634X"
26227,"MODELO",1602435,"FM622D27B634X"
26227,"MODELO",1602436,"OS721V4EB332SF"
26227,"MODELO",1602437,"TORNADO YXL006"
26227,"MODELO",1602438,"TORNADO YXL0010"
26227,"MODELO",1602439,"GENWORK DM310V"
26227,"MODELO",1602440,"DM310V1EB462"
26227,"MODELO",1602441,"GENWORK DM300V"
26227,"MODELO",1602442,"11K72SSA410"
26227,"MODELO",1602443,"GENWORK DM720V"
26227,"MODELO",1602444,"11K72SSA485"
26227,"MODELO",1602445,"GENWORK DM7000"
26227,"MODELO",1602446,"VC 639305"
26227,"MODELO",1602447,"VC 735H02"
26227,"MODELO",1602448,"PAVILION 500-012LA"
26227,"MODELO",1602449,"VC 613C06"
26227,"MODELO",1602450,"VC 727304"
26227,"MODELO",1602451,"VS823702"
26227,"MODELO",1602452,"VC 217706"
26227,"MODELO",1602453,"VC 615601"
26227,"MODELO",1602454,"VC 615604"
26227,"MODELO",1602455,"SERV XEON REFRESH"
26227,"MODELO",1602456,"VC 61G404"
26227,"MODELO",1602457,"ALMA F4"
26227,"MODELO",2509555,"THINKCENTRE NEO 50S GEN 3"
26227,"MODELO",2034110,"HP ELITE SFF 600 G9 DESKTOP PC - 8Y952LS#ABM-OP."
26227,"MODELO",2034491,"07ETSX15"
26227,"MODELO",2630790,"CDG13-58SSD5SS3"
26227,"MODELO",1747651,"FALCON CRD082"
26227,"MODELO",1602458,"VC 739403"
26227,"MODELO",1602459,"47009"
26227,"MODELO",1602460,"OPTIPLEX 9020"
26227,"MODELO",1602461,"VC 717604"
26227,"MODELO",1602462,"VS857503"
26227,"MODELO",1602463,"48001"
26227,"MODELO",1602464,"VC 607404"
26227,"MODELO",1602465,"VS855503"
26227,"MODELO",1602466,"PRODESK 800 G1 SFF"
26227,"MODELO",1602467,"VC 217604"
26227,"MODELO",1602468,"VC 735C01"
26227,"MODELO",1602469,"VO 737C01"
26227,"MODELO",1602470,"VC 639304"
26227,"MODELO",1602471,"VC 217309"
26227,"MODELO",1602472,"VO 617501"
26227,"MODELO",1602473,"VC 613B06"
26227,"MODELO",1602474,"VC 619303"
26227,"MODELO",1602475,"VC 725802"
26227,"MODELO",1602476,"VC 637506"
26227,"MODELO",1602477,"VC 715505"
26227,"MODELO",1602478,"480011"
26227,"MODELO",1602479,"VC 737D02"
26227,"MODELO",1602480,"VS855502"
26227,"MODELO",1602481,"PRODESK 800 G2 TWR"
26227,"MODELO",1602482,"VC 737401"
26227,"MODELO",1602483,"VC 613906"
26227,"MODELO",1602484,"CMVS7171"
26227,"MODELO",1602485,"VC 615801"
26227,"MODELO",1602486,"VC 215A07"
26227,"MODELO",1602487,"VO 618601"
26227,"MODELO",1602488,"VO 623501"
26227,"MODELO",1602489,"VS837602"
26227,"MODELO",1602490,"VS 829302"
26227,"MODELO",1602491,"VC 737E04"
26227,"MODELO",1602492,"VO2231"
26227,"MODELO",1602493,"280 G1 SLIM TOWER"
26227,"MODELO",1602494,"VC 727302"
26227,"MODELO",1602495,"ALV-SFF"
26227,"MODELO",1602496,"VC 639206"
26227,"MODELO",1602497,"VC 739503"
26227,"MODELO",1602498,"VS827603"
26227,"MODELO",1602499,"VC 715406"
26227,"MODELO",1602500,"VO 623B01"
26227,"MODELO",1602501,"VC 717203"
26227,"MODELO",1602502,"VC227D"
26227,"MODELO",1602503,"480026"
26227,"MODELO",1602504,"VC 219602"
26227,"MODELO",1602505,"VO 737A01"
26227,"MODELO",1602506,"VC 217205"
26227,"MODELO",1602507,"VC 219705"
26227,"MODELO",1602508,"VC 219504"
26227,"MODELO",1602509,"VO 517601"
26227,"MODELO",1602510,"VC 517506"
26227,"MODELO",1602511,"70002"
26227,"MODELO",1602512,"VO 639501"
26227,"MODELO",1602513,"VS855602"
26227,"MODELO",1602514,"VC 625704"
26227,"MODELO",1602515,"VO 637301"
26227,"MODELO",1602516,"VS 827302"
26227,"MODELO",1602517,"M80S"
26227,"MODELO",1602518,"MASTER LINE G11 522+}"
26227,"MODELO",1602519,"NM31001EB60"
26227,"MODELO",1602520,"HP ELITEDESK 800 G8 SFF"
26227,"MODELO",1602521,"GAMEMAX X700"
26227,"MODELO",2033422,"VISSION VO7560"
26227,"MODELO",2034136,"VISSION VO7760"
26227,"MODELO",2034154,"HP PRO SFF 400 G9 DESKTOP PC - 980D3LS#ABM-OP"
26227,"MODELO",2035519,"VO5360"
26227,"MODELO",1742349,"VISSION VO3970"
26227,"MODELO",1742362,"OD720WO50B3300"
26227,"MODELO",2745903,"CUBI 5 12M-086BUS"
26227,"MODELO",3138843,"VISSION VP7680"
26227,"MODELO",1901473,"OD72206D1G3S"
26227,"MODELO",2538625,"ENTERPRISE 8500 TOWER"
26227,"MODELO",2030793,"G35CA"
26227,"MODELO",1602522,"FRONTIER G11"
26227,"MODELO",1602523,"11K72SSA409"
26227,"MODELO",1602524,"HP PRODESK 400 G6 SFF DESKTOP MINI"
26227,"MODELO",1602525,"COMMANDER X+"
26227,"MODELO",1602526,"11K52SSA465"
26227,"MODELO",1602527,"11K72SSA638"
26227,"MODELO",1602528,"GENWORK NM300V"
26227,"MODELO",1602529,"GENWORK NM310V"
26227,"MODELO",1602530,"GENWORK NM3100"
26227,"MODELO",1602531,"NM310011B60"
26227,"MODELO",1602532,"GENWORK NM3200"
26227,"MODELO",1602533,"TRACKER 12T"
26227,"MODELO",1602534,"PRIUS"
26227,"MODELO",1602535,"VISSION VP574X"
26227,"MODELO",1602536,"KEROS SFF 7010"
26227,"MODELO",1602537,"HP ELITEDESK 800 G6 DM"
26227,"MODELO",1602538,"ENTERINFORMATION 107"
26227,"MODELO",1602539,"11K51SSA194"
26227,"MODELO",1602540,"PCKAI711700512GBSSD1TBHDD720032GBR8GBV"
26227,"MODELO",1602541,"TS42002JB330S"
26227,"MODELO",1602542,"11K72SSA624"
26227,"MODELO",1602543,"11K72SSA637"
26227,"MODELO",1602544,"THINKCENTRE M90S"
26227,"MODELO",1602545,"GENWORK NM3000"
26227,"MODELO",1602546,"SMART 10400"
26227,"MODELO",1602547,"VISSION VP1540"
26227,"MODELO",1602548,"GENWORK OM9210"
26227,"MODELO",1602549,"11K72SSA736"
26227,"MODELO",1602550,"TRACKER"
26227,"MODELO",1602551,"11K72SSA333"
26227,"MODELO",1602552,"11K72SSA338"
26227,"MODELO",1602553,"COMPUTADORA ALBERCOM SMART I510400"
26227,"MODELO",1602554,"SMART PLATINUM 11900"
26227,"MODELO",1602555,"SPACE X300"
26227,"MODELO",1602556,"OX COMPUTER I7 C198"
26227,"MODELO",1602557,"OX COMPUTER I7 C199"
26227,"MODELO",1602558,"OX COMPUTER I7 C201"
26227,"MODELO",1602559,"OX COMPUTER I7 C202"
26227,"MODELO",1602560,"VC 739A02"
26227,"MODELO",1602561,"VC 215903"
26227,"MODELO",1602562,"VC 625805"
26227,"MODELO",1602563,"PAVILION 500-050LA"
26227,"MODELO",1602564,"VC 639402"
26227,"MODELO",1602565,"VO 719501"
26227,"MODELO",1602566,"VC 607501"
26227,"MODELO",1602567,"VO 727301"
26227,"MODELO",1602568,"VC 515602"
26227,"MODELO",1602569,"VISSION VP153G"
26227,"MODELO",1602570,"KEROS SSF 5010"
26227,"MODELO",1602571,"536B66I5XII4T827"
26227,"MODELO",1602572,"11K72SSA381"
26227,"MODELO",1602573,"PCKAI711700512GBSSD1TBHDD72008GBR4GBVWOP"
26227,"MODELO",1602574,"KEROS SFF 5010}"
26227,"MODELO",1602575,"DM62201JB4C0K"
26227,"MODELO",1602576,"HOMOLOGADO NIVEL AVANZADO"
26227,"MODELO",1602577,"ENTERINFORMATION 109"
26227,"MODELO",1602578,"SONI3-9100"
26227,"MODELO",1602579,"VISSION VP253G"
26227,"MODELO",1602580,"11K52SSA949"
26227,"MODELO",1602581,"CORE I9 -STACION DE TRABAJO PRO FLASH ZYC0018"
26227,"MODELO",1602582,"GENWORK DT7220"
26227,"MODELO",2938140,"PRO I3 GEN 12"
26227,"MODELO",2791330,"HPRIME  3070 V2RR"
26227,"MODELO",2791384,"E  3070 V2"
26227,"MODELO",2033426,"EI 135 SFF"
26227,"MODELO",1926309,"EDG13-532M1DWSS3-V4"
26227,"MODELO",2903931,"4HDT720S-7321S1HOH3-LO"
26227,"MODELO",2030877,"D900SDES"
26227,"MODELO",1602583,"KAMAY"
26227,"MODELO",1602584,"SMART 9400"
26227,"MODELO",1602585,"MASTER LINE G9 202"
26227,"MODELO",1602586,"SPACE PRO X5"
26227,"MODELO",1602587,"CORE I9 -STACION DE TRABAJO PRO FLASH ZYC0029"
26227,"MODELO",1602588,"CORE I9 -STACION DE TRABAJO PRO FLASH ZYC0030"
26227,"MODELO",1602589,"CORE I9 -STACION DE TRABAJO PRO FLASH ZYC0031"
26227,"MODELO",1602590,"CORE I9 -STACION DE TRABAJO PRO FLASH ZYC0032"
26227,"MODELO",1602591,"CORE I9 -STACION DE TRABAJO PRO FLASH ZYC0033"
26227,"MODELO",1602592,"CORE I9 -STACION DE TRABAJO PRO FLASH ZYC0034"
26227,"MODELO",1602593,"CORE I9 -STACION DE TRABAJO PRO FLASH ZYC0035"
26227,"MODELO",1602594,"PCKAI711700512GBSSD64GBR"
26227,"MODELO",1602595,"11K5010S188"
26227,"MODELO",1602596,"SMART 10100"
26227,"MODELO",1602597,"CORE I9 -STACION DE TRABAJO PRO FLASH ZYC0025"
26227,"MODELO",1602598,"CORE I7- MIRAGE XYL0022"
26227,"MODELO",1602599,"FALCON CRD0031"
26227,"MODELO",1602600,"FALCON CRD0032"
26227,"MODELO",1602601,"FALCON CRD0034"
26227,"MODELO",1602602,"VISSION VP1740"
26227,"MODELO",1602603,"VISSION VP954G"
26227,"MODELO",1602604,"CORE I9 -STACION DE TRABAJO PRO FLASH ZYC0020"
26227,"MODELO",1602605,"FALCON CRD004"
26227,"MODELO",1602606,"CORE I9 -STACION DE TRABAJO PRO FLASH ZYC0021"
26227,"MODELO",1602607,"SPACE PRO G5"
26227,"MODELO",1602608,"CORE I9 -STACION DE TRABAJO PRO FLASH ZYC0026"
26227,"MODELO",1602609,"CORE I9 -STACION DE TRABAJO PRO FLASH ZYC0027"
26227,"MODELO",1602610,"FALCON CRD0036"
26227,"MODELO",1602611,"MASTER LIME G11 522"
26227,"MODELO",1602612,"MASTER LINE G11 5222"
26227,"MODELO",1602613,"GAMEMAX X500"
26227,"MODELO",1602614,"FALCON CRD001"
26227,"MODELO",1602615,"FALCON CRD0037"
26227,"MODELO",1602616,"CORE I7- MIRAGE XYL0034"
26227,"MODELO",1602617,"CORE I7- MIRAGE XYL0035"
26227,"MODELO",1602618,"FALCON CRD0042"
26227,"MODELO",1602619,"TM921D3NB634K"
26227,"MODELO",1602620,"FALCON CRD005"
26227,"MODELO",1602621,"HOMOLOGADO NIVEL INTERMEDIO"
26227,"MODELO",1602622,"THINKCENTRE M80S GEN 3"
26227,"MODELO",1602623,"CORE I7- MIRAGE XYL002"
26227,"MODELO",1602624,"CORE I7- MIRAGE XYL003"
26227,"MODELO",1602625,"CORE I7- MIRAGE XYL004"
26227,"MODELO",1602626,"PLATINUM 11900"
26227,"MODELO",1602627,"SMART PLATINUM 10900"
26227,"MODELO",1602628,"CORE I9 -STACION DE TRABAJO PRO FLASH ZYC0028"
26227,"MODELO",1602629,"CORE I9 -STACION DE TRABAJO PRO FLASH ZYC0017"
26227,"MODELO",1602630,"CORE I9 -STACION DE TRABAJO PRO FLASH ZYC0019"
26227,"MODELO",1602631,"FALCON CRD006"
26227,"MODELO",1602632,"FALCON CRD007"
26227,"MODELO",1602633,"HP PRODESK 400 G6 DESKTOP MINI"
26227,"MODELO",1602634,"GENWORK DM7210"
26227,"MODELO",1602635,"STATION PRO XE"
26227,"MODELO",1602636,"COMPUTADORA MAXTIC BUSINESS X I711700"
26227,"MODELO",1602637,"COMPUTADORA MAXTIC BUSINESS X I510400"
26227,"MODELO",1602638,"SMART GOLD 11700"
26227,"MODELO",1602639,"THINKCENTRE M80Q GEN 3"
26227,"MODELO",2131981,"27JUM648"
26227,"MODELO",4001929,"VISSION VO3660"
26227,"MODELO",4001938,"VISSION VP3660"
26227,"MODELO",2034088,"CAMA"
26227,"MODELO",1742654,"VISSION VP3970"
26227,"MODELO",3139042,"EZENT S5000"
26227,"MODELO",2141731,"8Y974LS#ABM-OHM."
26227,"MODELO",1747874,"MDP2302N3N3VE"
26227,"MODELO",1747898,"FALCON CRD086"
26227,"MODELO",1602640,"TM720D2OZ738K"
26227,"MODELO",1602641,"SMART 11400"
26227,"MODELO",1602642,"VISSION VP975G"
26227,"MODELO",1602643,"KEROS SFF 2230"
26227,"MODELO",1602644,"TORNADO YXL00106"
26227,"MODELO",1602645,"11K51SSB708"
26227,"MODELO",1602646,"GENWORK DM721N"
26227,"MODELO",1602647,"HENKO OM7200"
26227,"MODELO",1602648,"ENTERINFORMATION 93"
26227,"MODELO",1602649,"SPACE PRO G7"
26227,"MODELO",1602650,"SMART PLATINUM 10900X"
26227,"MODELO",1602651,"THINKCENTRE M90A"
26227,"MODELO",1602652,"TORNADO YXL00127"
26227,"MODELO",1602653,"TORNADO YXL00128"
26227,"MODELO",1602654,"TORNADO YXL00131"
26227,"MODELO",1602655,"TORNADO YXL00132"
26227,"MODELO",1602656,"TORNADO YXL00133"
26227,"MODELO",1602657,"TORNADO YXL00134"
26227,"MODELO",1602658,"TORNADO YXL00135"
26227,"MODELO",1602659,"TORNADO YXL00138"
26227,"MODELO",1602660,"TORNADO YXL00139"
26227,"MODELO",1602661,"MASTER LINE  GXI 34I7"
26227,"MODELO",1602662,"THINKCENTRE M75S"
26227,"MODELO",1602663,"EXPERTCENTER D900SC"
26227,"MODELO",1602664,"PCKAI712700512GBSSD32GBR12GBVW"
26227,"MODELO",1602665,"KEROS SSF 2230"
26227,"MODELO",1602666,"TORNADO YXL00096"
26227,"MODELO",1602667,"TORNADO YXL00103"
26227,"MODELO",1602668,"11K52SSB267"
26227,"MODELO",1602669,"MASTER LINE  INFINITY MI 301"
26227,"MODELO",1602670,"216B8LA#ABM-OH"
26227,"MODELO",1602671,"VISSION VP3760"
26227,"MODELO",1602672,"TORNADO YXL00126"
26227,"MODELO",1602673,"TORNADO YXL00129"
26227,"MODELO",1602674,"TORNADO YXL00136"
26227,"MODELO",1602675,"TORNADO YXL00140"
26227,"MODELO",1602676,"CORE I9 -STACION DE TRABAJO PRO FLASH ZYC00165"
26227,"MODELO",1602677,"CORE I9 -STACION DE TRABAJO PRO FLASH ZYC00170"
26227,"MODELO",1602678,"MASTER LINE GXI 34I7"
26227,"MODELO",1602679,"GENWORK NM720N"
26227,"MODELO",1602680,"GENWORK NM722N"
26227,"MODELO",1602681,"GENWORK DM720N"
26227,"MODELO",1602682,"OPTIPLEX 7080 SFF"
26227,"MODELO",1602683,"HENKO OM7210"
26227,"MODELO",1602684,"SUPREMO I5"
26227,"MODELO",1602685,"TORNADO YXL00124"
26227,"MODELO",1602686,"TORNADO YXL00125"
26227,"MODELO",1602687,"TORNADO YXL00130"
26227,"MODELO",1602688,"TORNADO YXL00137"
26227,"MODELO",1602689,"V50S-07IMB"
26227,"MODELO",1602690,"SMART 11700"
26227,"MODELO",1602691,"MASTER LINE  G11 721"
26227,"MODELO",1602692,"AB123456"
26227,"MODELO",1602693,"GENWORK DM7220"
26227,"MODELO",1602694,"TS721W48B330S"
26227,"MODELO",1602695,"HENKO OM720V"
26227,"MODELO",1602696,"HENKO OM721D"
26227,"MODELO",1602697,"VISSION VP3740"
26227,"MODELO",1602698,"VISSION VO3360"
26227,"MODELO",1602699,"THINKCENTRE M70S GEN 3"
26227,"MODELO",4154170,"P57QMB6471"
26227,"MODELO",2792222,"OPTIWORK 6050 VI"
26227,"MODELO",2910287,"TURING9 14° GEN"
26227,"MODELO",4070578,"E7G5B701"
26227,"MODELO",4003292,"EZENT M7"
26227,"MODELO",2746183,"CDG14-332S5WOH3"
26227,"MODELO",1924795,"NC-257"
26227,"MODELO",2141883,"AM27 I7Z79013700K4V"
26227,"MODELO",1747823,"FALCON CRD085"
26227,"MODELO",1747868,"GC421WS10B434V"
26227,"MODELO",1602700,"CORE I9 -STACION DE TRABAJO PRO FLASH ZYC00167"
26227,"MODELO",1602701,"CORE I9 -STACION DE TRABAJO PRO FLASH ZYC00171"
26227,"MODELO",1602702,"GENWORK DM7200"
26227,"MODELO",1602703,"HENKO OM721V"
26227,"MODELO",1602704,"SMART GOLD 11600"
26227,"MODELO",1602705,"OPTIPLEX 5080 SFF"
26227,"MODELO",1602706,"GENWORK DM722N"
26227,"MODELO",1602707,"VISSION V8750E"
26227,"MODELO",1602708,"VISSION VO3560"
26227,"MODELO",1602709,"VISSION VP3360"
26227,"MODELO",1602710,"VISSION VP3560"
26227,"MODELO",1602711,"VISSION VO3760"
26227,"MODELO",1602712,"P350 TORRE"
26227,"MODELO",1602713,"HP PRODESK 400 G4 DESKTOP MINI"
26227,"MODELO",1602714,"KERO SSF 5010"
26227,"MODELO",1602715,"KERO SFF 5010"
26227,"MODELO",1602716,"HENKO OM720D"
26227,"MODELO",1602717,"VISSION VP3540"
26227,"MODELO",1602718,"BASIC"
26227,"MODELO",1602719,"KEROS 3010"
26227,"MODELO",1602720,"GENWORK QM7200"
26227,"MODELO",1602721,"MASTER LINE G11 522"
26227,"MODELO",1602722,"ARCANUS G5"
26227,"MODELO",1602723,"CAMARO"
26227,"MODELO",1602724,"GENWORK OM4210"
26227,"MODELO",1602725,"GENWORK OM4220"
26227,"MODELO",1602726,"ARMADA GX"
26227,"MODELO",1602727,"KERO 3010"
26227,"MODELO",1602728,"OPTIPLEX 7090 MFF"
26227,"MODELO",1602729,"GENWORK TM921D"
26227,"MODELO",1602730,"OX COMPUTER B117"
26227,"MODELO",1602731,"OX COMPUTER B119"
26227,"MODELO",1602732,"OX COMPUTER B122"
26227,"MODELO",1602733,"OX COMPUTER B124"
26227,"MODELO",1602734,"OX COMPUTER B125"
26227,"MODELO",1602735,"OX COMPUTER B127"
26227,"MODELO",1602736,"OX COMPUTER B131"
26227,"MODELO",1602737,"OX COMPUTER B134"
26227,"MODELO",1602738,"OX COMPUTER B137"
26227,"MODELO",1602739,"OX COMPUTER B139"
26227,"MODELO",1602740,"OX COMPUTER B143"
26227,"MODELO",1602741,"OX COMPUTER B146"
26227,"MODELO",1602742,"OX COMPUTER I7 C162"
26227,"MODELO",1602743,"OX COMPUTER I7 C163"
26227,"MODELO",1602744,"OX COMPUTER I7 C165"
26227,"MODELO",1602745,"OPTIPLEX 3080 SFF"
26227,"MODELO",1602746,"MASTER LINE GXII 220"
26227,"MODELO",1602747,"THINKCENTRE M75S GEN2(AMD)"
26227,"MODELO",1602748,"GENWORK OM4200"
26227,"MODELO",1602749,"GENWORK OM9220"
26227,"MODELO",1602750,"OPTIPLEX 5090 MFF"
26227,"MODELO",1602751,"COMPUTADORA DE ESCRITORIO PROFESIONAL"
26227,"MODELO",1602752,"BS0781602VA7PA"
26227,"MODELO",1602753,"MONNUC22VSCI7-OFPR"
26227,"MODELO",1602754,"SPACE X G7"
26227,"MODELO",1602755,"TM721W39B630K"
26227,"MODELO",1602756,"MONNUC24VSCI7-OFHB"
26227,"MODELO",1602757,"OX COMPUTER I7 C164"
26227,"MODELO",1602758,"OX COMPUTER I7 C171"
26227,"MODELO",1602759,"OX COMPUTER I7 C172"
26227,"MODELO",3861568,"1K5U2SFL8A109"
26227,"MODELO",2510033,"15JUM41B"
26227,"MODELO",4098328,"5DTDPS-7U161SOH3WLO"
26227,"MODELO",4109203,"MDP2509G6J9F5"
26227,"MODELO",2746032,"GT721WS1X43B-V2"
26227,"MODELO",3138984,"EZENT S7000"
26227,"MODELO",4274613,"OPTIWORK 3050"
26227,"MODELO",4274615,"OPTIWORK 3070"
26227,"MODELO",1602760,"OX COMPUTER I7 C173"
26227,"MODELO",1602761,"OX COMPUTER I7 C174"
26227,"MODELO",1602762,"OX COMPUTER I7 C175"
26227,"MODELO",1602763,"OX COMPUTER I7 C177"
26227,"MODELO",1602764,"OX COMPUTER B148"
26227,"MODELO",1602765,"OX COMPUTER B150"
26227,"MODELO",1602766,"OX COMPUTER B152"
26227,"MODELO",1602767,"OX COMPUTER I7 C179"
26227,"MODELO",1602768,"OX COMPUTER I7 C180"
26227,"MODELO",1602769,"OX COMPUTER B151"
26227,"MODELO",1602770,"OX COMPUTER I7 C184"
26227,"MODELO",1602771,"OX COMPUTER I7 C187"
26227,"MODELO",1602772,"OX COMPUTER I7 C188"
26227,"MODELO",1602773,"OX COMPUTER I7 C191"
26227,"MODELO",1602774,"OX COMPUTER C192"
26227,"MODELO",1602775,"OX COMPUTER I7 C193"
26227,"MODELO",1602776,"OX COMPUTER I7 C189"
26227,"MODELO",1602777,"OX COMPUTER I7 C190"
26227,"MODELO",1602778,"OX COMPUTER I7 C192"
26227,"MODELO",1602779,"OX COMPUTER I7 C194"
26227,"MODELO",1602780,"OX COMPUTER I7 C195"
26227,"MODELO",1602781,"OX COMPUTER I7 C196"
26227,"MODELO",1602782,"11K51SSA185"
26227,"MODELO",1602783,"912B56I5XI4M37"
26227,"MODELO",1602784,"MONNUC19VSCI5-DFPR"
26227,"MODELO",1602785,"MONNUC27VSCI5-DFPR"
26227,"MODELO",1602786,"CDL7WMX0RVA0CE"
26227,"MODELO",1602787,"HOMOLOGADO NIVEL BÁSICO"
26227,"MODELO",1602788,"BSH7G5600VA65Z"
26227,"MODELO",1602789,"INVADER M500"
26227,"MODELO",1602790,"GENWORK DM320W"
26227,"MODELO",1602791,"GENWORK DM321W"
26227,"MODELO",1602792,"TM722W2EB630K"
26227,"MODELO",1602793,"MONNUC19VSCI5-OFPR"
26227,"MODELO",1602794,"MONNUC22VSCI5-OFHB"
26227,"MODELO",1602795,"MONNUC22VSCI5-OFPR"
26227,"MODELO",1602796,"1DT59S-581SS3"
26227,"MODELO",1602797,"OPTIPLEX 5090 SFF"
26227,"MODELO",1602798,"HP 200 G4 22” AIO NO TÁCTIL"
26227,"MODELO",1602799,"INVADER X500"
26227,"MODELO",1602800,"OPTIPLEX 7090 SFF"
26227,"MODELO",1602801,"ENTERINFORMATION 97"
26227,"MODELO",1602802,"PRIME GX"
26227,"MODELO",1602803,"GENWORK NM7200"
26227,"MODELO",1602804,"GENWORK NM7210"
26227,"MODELO",1602805,"GENWORK NM7220"
26227,"MODELO",1602806,"GENWORK NM721N"
26227,"MODELO",1602807,"TORNADO YXL00067"
26227,"MODELO",1602808,"TORNADO YXL00068"
26227,"MODELO",1602809,"TORNADO YXL00069"
26227,"MODELO",1602810,"TORNADO YXL00073"
26227,"MODELO",1602811,"TORNADO YXL00074"
26227,"MODELO",1602812,"TORNADO YXL00075"
26227,"MODELO",1602813,"TORNADO YXL00077"
26227,"MODELO",1602814,"TORNADO YXL00078"
26227,"MODELO",1602815,"TORNADO YXL00079"
26227,"MODELO",1602816,"TORNADO YXL00080"
26227,"MODELO",1602817,"TORNADO YXL00081"
26227,"MODELO",1602818,"TORNADO YXL00082"
26227,"MODELO",1602819,"TORNADO YXL00083"
26227,"MODELO",3861547,"EZENT S700"
26227,"MODELO",2023094,"VISSION VP1360"
26227,"MODELO",2798865,"576012400W9W"
26227,"MODELO",2627091,"QUBIT5 14° GEN"
26227,"MODELO",2627100,"QUBIT5 14° GEN"
26227,"MODELO",2627112,"QUBIT5 14° GEN"
26227,"MODELO",2627161,"QUBIT5 14° GEN"
26227,"MODELO",1829790,"<"
26227,"MODELO",3776761,"TURING5 14° GEN"
26227,"MODELO",3776934,"TURING7 14° GEN"
26227,"MODELO",3776957,"TURING7 14° GEN"
26227,"MODELO",4223915,"GENWORK T70"
26227,"MODELO",4223919,"INVADER LITE VIN72"
26227,"MODELO",4224014,"GENWORK T90"
26227,"MODELO",3775738,"HELIX 8"
26227,"MODELO",3825532,"1K74SFL6A356"
26227,"MODELO",4224814,"EMC7M6S032"
26227,"MODELO",1602820,"VISSION VO974G"
26227,"MODELO",1602821,"VISSION VP974G"
26227,"MODELO",1602822,"FORESTER G11 SFF"
26227,"MODELO",1602823,"MASTER LINE GX 100"
26227,"MODELO",1602824,"GENWORK DM6220"
26227,"MODELO",1602825,"11K51SSC517"
26227,"MODELO",1602826,"TORNADO YXL00065"
26227,"MODELO",1602827,"TORNADO YXL00070"
26227,"MODELO",1602828,"TORNADO YXL00071"
26227,"MODELO",1602829,"TORNADO YXL00072"
26227,"MODELO",1602830,"TORNADO YXL00076"
26227,"MODELO",1602831,"TORNADO YXL00084"
26227,"MODELO",1602832,"THINKCENTRE M70Q GEN2"
26227,"MODELO",1602833,"VH2300"
26227,"MODELO",1602834,"VO2700"
26227,"MODELO",1602835,"VP2300"
26227,"MODELO",1602836,"SMART PLATINUM 9000"
26227,"MODELO",1602837,"SMART PLATINUM 9800"
26227,"MODELO",1602838,"8DT76S-708S1SS3-W"
26227,"MODELO",1602839,"VP2700"
26227,"MODELO",1602840,"VO2300"
26227,"MODELO",1602841,"STATIONPRO"
26227,"MODELO",1602842,"VISSION VH2700"
26227,"MODELO",1602843,"VISSION VO2400"
26227,"MODELO",1602844,"GENWORK DC3000"
26227,"MODELO",1602845,"GENWORK DC4000"
26227,"MODELO",1602846,"GENWORK DC4200"
26227,"MODELO",1602847,"GENWORK DC4210"
26227,"MODELO",1602848,"GENWORK DC4220"
26227,"MODELO",1602849,"GENWORK DC3210"
26227,"MODELO",1602850,"GENWORK DC7110"
26227,"MODELO",1602851,"GENWORK DC7210"
26227,"MODELO",1602852,"GENWORK DC7100"
26227,"MODELO",1602853,"GENWORK DC7200"
26227,"MODELO",1602854,"GENWORK DC7000"
26227,"MODELO",1602855,"GENWORK DC3100"
26227,"MODELO",1602856,"GENWORK DC7220"
26227,"MODELO",1602857,"E7SI7O111B"
26227,"MODELO",1602858,"EMHW0RT"
26227,"MODELO",1602859,"GENWORK DC720G"
26227,"MODELO",1602860,"E7SI7O105A"
26227,"MODELO",1602861,"GENWORK DC3220"
26227,"MODELO",1602862,"GENWORK DC3200"
26227,"MODELO",1602863,"GENWORK DC3110"
26227,"MODELO",1602864,"CIBER ENTERPRISE 7500 SFF"
26227,"MODELO",1602865,"GENWORK DC4100"
26227,"MODELO",1602866,"GENWORK DC4110"
26227,"MODELO",1602867,"VISSION VO8530"
26227,"MODELO",1602868,"VISSION  VO8310"
26227,"MODELO",1602869,"VISSION  VO8510"
26227,"MODELO",1602870,"PCAD2VP830011B1"
26227,"MODELO",1602871,"PCAD2VP831022B1"
26227,"MODELO",1602872,"VISSION VP8510"
26227,"MODELO",1602873,"VISSION VO873G"
26227,"MODELO",1602874,"VISSION  VP8310"
26227,"MODELO",1602875,"VISSION VP873G"
26227,"MODELO",1602876,"VISSION VP8730"
26227,"MODELO",1602877,"INSOMED EMPRESARIAL I3-8100"
26227,"MODELO",1602878,"INSOMED EMPRESARIAL I7-9700"
26227,"MODELO",1602879,"INSOMED EMPRESARIAL I5-7500"
26227,"MODELO",1602880,"VISSION  VP8530"
26227,"MODELO",2893822,"ARCANUS TIN71"
26227,"MODELO",2776564,"ALLKAMMF24GQUBT"
26227,"MODELO",2505428,"M354S0H0I-XXWX3-1"
26227,"MODELO",2627175,"QUBIT5 14° GEN"
26227,"MODELO",2627192,"QUBIT5 14° GEN"
26227,"MODELO",2627221,"QUBIT5 14° GEN"
26227,"MODELO",2627229,"QUBIT5 14° GEN"
26227,"MODELO",3130320,"PRO I5 GEN 12"
26227,"MODELO",3776891,"TURING7 14° GEN"
26227,"MODELO",3776939,"TURING7 14° GEN"
26227,"MODELO",3776961,"TURING7 14° GEN"
26227,"MODELO",3825502,"2,113"
26227,"MODELO",1830504,"OD722WO5XT34F"
26227,"MODELO",2784474,"05KUSX72"
26227,"MODELO",1602881,"SUPREMO I9"
26227,"MODELO",1602882,"QOI911#2020"
26227,"MODELO",1602883,"VISSION  VP8330"
26227,"MODELO",1602884,"VISSION  VO8330"
26227,"MODELO",1602885,"PCAD1VO830021B3"
26227,"MODELO",1602886,"VISSION  VO8730"
26227,"MODELO",1602887,"PCAD1VO870011B3"
26227,"MODELO",1602888,"VISSION  VO8530"
26227,"MODELO",1602889,"GENWORK SC723D"
26227,"MODELO",1602890,"GENWORK SC721D"
26227,"MODELO",1602891,"GENWORK SC722D"
26227,"MODELO",1602892,"G99"
26227,"MODELO",1602893,"VISSION VP252E"
26227,"MODELO",1602894,"G97"
26227,"MODELO",1602895,"MASTER LINE G8 101"
26227,"MODELO",1602896,"GENWORK SC720D"
26227,"MODELO",1602897,"G93"
26227,"MODELO",1602898,"MASTER LINE G9 303"
26227,"MODELO",1602899,"INSOMED EMPRESARIAL I5-8400"
26227,"MODELO",1602900,"GENWORK NM410V"
26227,"MODELO",1602901,"MASTER LINE  GXII 203"
26227,"MODELO",1602902,"TORNADO YXL00066"
26227,"MODELO",1602903,"THINKCENTRE M70S GEN3"
26227,"MODELO",1602904,"11K72SSA880"
26227,"MODELO",1602905,"TORNADO YXL00060"
26227,"MODELO",1602906,"OX COMPUTER I3 A115"
26227,"MODELO",1602907,"OX COMPUTER I3 A81"
26227,"MODELO",1602908,"OX COMPUTER I3 A82"
26227,"MODELO",1602909,"OX COMPUTER I3 A84"
26227,"MODELO",1602910,"OX COMPUTER I3 A86"
26227,"MODELO",1602911,"OX COMPUTER I3 A89"
26227,"MODELO",1602912,"OX COMPUTER I3 A100"
26227,"MODELO",1602913,"OX COMPUTER I3 A116"
26227,"MODELO",1602914,"OX COMPUTER I3 A66"
26227,"MODELO",1602915,"OX COMPUTER I3 A67"
26227,"MODELO",1602916,"OX COMPUTER I3 A68"
26227,"MODELO",1602917,"OX COMPUTER I3 A73"
26227,"MODELO",1602918,"OX COMPUTER I3 A65"
26227,"MODELO",1602919,"OX COMPUTER I3 A71"
26227,"MODELO",1602920,"OX COMPUTER I3 A64"
26227,"MODELO",1602921,"OX COMPUTER I3 A69"
26227,"MODELO",1602922,"OX COMPUTER I3 A70"
26227,"MODELO",1602923,"OX COMPUTER I3 A74"
26227,"MODELO",1602924,"OX COMPUTER I3 A76"
26227,"MODELO",1602925,"OX COMPUTER I3 A78"
26227,"MODELO",1602926,"OX COMPUTER I3 A79"
26227,"MODELO",1602927,"OX COMPUTER I3 A77"
26227,"MODELO",1602928,"OX COMPUTER I3 A80"
26227,"MODELO",1602929,"OX COMPUTER I3 A63"
26227,"MODELO",1602930,"OX COMPUTER I3 A72"
26227,"MODELO",1602931,"OX COMPUTER I3 A75"
26227,"MODELO",1602932,"OX COMPUTER I3 A83"
26227,"MODELO",1602933,"OX COMPUTER I3 A85"
26227,"MODELO",1602934,"OX COMPUTER I3 A87"
26227,"MODELO",1602935,"OX COMPUTER I3 A90"
26227,"MODELO",1602936,"OX COMPUTER I3 A91"
26227,"MODELO",1602937,"OX COMPUTER I3 A92"
26227,"MODELO",1602938,"OX COMPUTER I3 A93"
26227,"MODELO",1602939,"OX COMPUTER I3 A94"
26227,"MODELO",1602940,"OX COMPUTER I3 A95"
26227,"MODELO",2627085,"QUBIT5 14° GEN"
26227,"MODELO",2627094,"QUBIT5 14° GEN"
26227,"MODELO",2627107,"QUBIT5 14° GEN"
26227,"MODELO",2627169,"QUBIT5 14° GEN"
26227,"MODELO",2627198,"QUBIT5 14° GEN"
26227,"MODELO",3776926,"TURING7 14° GEN"
26227,"MODELO",3776945,"TURING7 14° GEN"
26227,"MODELO",2790656,"INVADER VIN714"
26227,"MODELO",3825647,"1K74SFL6A359"
26227,"MODELO",1602941,"OX COMPUTER I3 A96"
26227,"MODELO",1602942,"OX COMPUTER I3 A98"
26227,"MODELO",1602943,"OX COMPUTER I3 A103"
26227,"MODELO",1602944,"OX COMPUTER I3 A104"
26227,"MODELO",1602945,"OX COMPUTER I3 A107"
26227,"MODELO",1602946,"OX COMPUTER I3 A111"
26227,"MODELO",1602947,"OX COMPUTER I3 A101"
26227,"MODELO",1602948,"OX COMPUTER I3 A117"
26227,"MODELO",1602949,"OX COMPUTER I5 B196"
26227,"MODELO",1602950,"OX COMPUTER I5 B197"
26227,"MODELO",1602951,"OX COMPUTER I5 B195"
26227,"MODELO",1602952,"DELL"
26227,"MODELO",1602953,"OX COMPUTER I7 C306"
26227,"MODELO",1602954,"OX COMPUTER I7 C307"
26227,"MODELO",1602955,"OX COMPUTER I7 C308"
26227,"MODELO",1602956,"OX COMPUTER I7 C311"
26227,"MODELO",1602957,"OX COMPUTER I7 C313"
26227,"MODELO",1602958,"OX COMPUTER I7 C315"
26227,"MODELO",1602959,"OX COMPUTER I7 C316"
26227,"MODELO",1602960,"OX COMPUTER I7 C317"
26227,"MODELO",1602961,"OX COMPUTER I5 B0"
26227,"MODELO",1602962,"OX COMPUTER I5 B192"
26227,"MODELO",1602963,"OX COMPUTER I5 B193"
26227,"MODELO",1602964,"OX COMPUTER I5 B194"
26227,"MODELO",1602965,"OX COMPUTER I5 B175"
26227,"MODELO",1602966,"OX COMPUTER I7 C339"
26227,"MODELO",1602967,"OX COMPUTER I7 C341"
26227,"MODELO",1602968,"OX COMPUTER I7 C344"
26227,"MODELO",1602969,"OX COMPUTER I7 C346"
26227,"MODELO",1602970,"OX COMPUTER I7 C350"
26227,"MODELO",1602971,"OX COMPUTER I7 C351"
26227,"MODELO",1602972,"OX COMPUTER I7 C355"
26227,"MODELO",1602973,"OX COMPUTER I7 C343"
26227,"MODELO",1602974,"OX COMPUTER I7 C347"
26227,"MODELO",1602975,"536Z69I5XII20302"
26227,"MODELO",1602976,"OX COMPUTER I5 B182"
26227,"MODELO",1602977,"OX COMPUTER I3 A59"
26227,"MODELO",1602978,"OX COMPUTER I3 A62"
26227,"MODELO",1602979,"OX COMPUTER I5 B185"
26227,"MODELO",1602980,"OX COMPUTER I7 C303"
26227,"MODELO",1602981,"OX COMPUTER I7 C304"
26227,"MODELO",1602982,"OX COMPUTER I7 C108A"
26227,"MODELO",1602983,"OX COMPUTER I7 C106A"
26227,"MODELO",1602984,"OX COMPUTER I7 C354A"
26227,"MODELO",1602985,"OX COMPUTER I7 C332"
26227,"MODELO",1602986,"OX COMPUTER I7 C160A"
26227,"MODELO",1602987,"OX COMPUTER I7 C333"
26227,"MODELO",1602988,"OX COMPUTER I7 C7A"
26227,"MODELO",1602989,"OX COMPUTER I7 C1A"
26227,"MODELO",1602990,"OX COMPUTER I5 B106"
26227,"MODELO",1602991,"OX COMPUTER I5 B108"
26227,"MODELO",1602992,"OX COMPUTER I5 B107"
26227,"MODELO",1602993,"OX COMPUTER I5 B109"
26227,"MODELO",1602994,"OX COMPUTER I7 C253"
26227,"MODELO",1602995,"OX COMPUTER I7 C242"
26227,"MODELO",1602996,"WAYRA V8"
26227,"MODELO",1602997,"OX COMPUTER I7 C44A"
26227,"MODELO",1602998,"OX COMPUTER I7 C52A"
26227,"MODELO",1602999,"OX COMPUTER I5 B110"
26227,"MODELO",1727683,"PC-M12023"
26227,"MODELO",2776578,"THINKCENTRE M75S GEN5"
26227,"MODELO",2627182,"QUBIT5 14° GEN"
26227,"MODELO",2627377,"QUBIT5 14° GEN"
26227,"MODELO",2031221,"8R201LT#ABM"
26227,"MODELO",2031280,"8Y973LS#ABM-M1G1"
26227,"MODELO",1888328,"OD72003V1B3S"
26227,"MODELO",4224167,"PCAX-26000107"
26227,"MODELO",2790598,"TURING5 14° GEN"
26227,"MODELO",2790629,"TURING5 14° GEN"
26227,"MODELO",2026398,"MASTER LINE  GXIII 130"
26227,"MODELO",1603000,"OX COMPUTER I5 B117"
26227,"MODELO",1603001,"OX COMPUTER I5 B113"
26227,"MODELO",1603002,"OX COMPUTER I5 B114"
26227,"MODELO",1603003,"OX COMPUTER I5 B112"
26227,"MODELO",1603004,"OX COMPUTER I5 B116"
26227,"MODELO",1603005,"OX COMPUTER I5 B118"
26227,"MODELO",1603006,"OX COMPUTER I5 B119"
26227,"MODELO",1603007,"OX COMPUTER I5 B120"
26227,"MODELO",1603008,"OX COMPUTER I7 C286"
26227,"MODELO",1603009,"OX COMPUTER I7 C287"
26227,"MODELO",1603010,"OX COMPUTER I7 C288"
26227,"MODELO",1603011,"OX COMPUTER I7 C289"
26227,"MODELO",1603012,"OX COMPUTER I7 C290"
26227,"MODELO",1603013,"OX COMPUTER I7 C294"
26227,"MODELO",1603014,"OX COMPUTER I7 C256"
26227,"MODELO",1603015,"OX COMPUTER I7 C299"
26227,"MODELO",1603016,"OX COMPUTER I7 C300"
26227,"MODELO",1603017,"OX COMPUTER I7 C280"
26227,"MODELO",1603018,"OX COMPUTER I7 C356"
26227,"MODELO",1603019,"OX COMPUTER I7 C358"
26227,"MODELO",1603020,"OX COMPUTER I7 C359"
26227,"MODELO",1603021,"OX COMPUTER I7 C362A"
26227,"MODELO",1603022,"OX COMPUTER I7 C363"
26227,"MODELO",1603023,"OX COMPUTER I7 C270"
26227,"MODELO",1603024,"OX COMPUTER I7 C291"
26227,"MODELO",1603025,"OX COMPUTER I7 C292"
26227,"MODELO",1603026,"OX COMPUTER I7 C297"
26227,"MODELO",1603027,"COMPUTADORA EMPRESARIAL DE 9° GENERACIÓN I7-9700"
26227,"MODELO",1603028,"COMPUTADORA EMPRESARIAL DE 9° GENERACIÓN I7-9700 XS"
26227,"MODELO",1603029,"COMPUTADORA EMPRESARIAL DE 9° GENERACIÓN I5-9400 XS"
26227,"MODELO",1603030,"COMPUTADORA EMPRESARIAL DE 9° GENERACIÓN I7-9700 SSD"
26227,"MODELO",1603031,"COMPUTADORA EMPRESARIAL DE 9° GENERACIÓN I5-9400 PRO"
26227,"MODELO",1603032,"COMPUTADORA EMPRESARIAL DE 9° GENERACIÓN I7-9700 PRO"
26227,"MODELO",1603033,"COMPUTADORA EMPRESARIAL DE 9° GENERACIÓN I5-9400"
26227,"MODELO",1603034,"MASTER LINE G8 203"
26227,"MODELO",1603035,"B360VAV131"
26227,"MODELO",1603036,"B360VAVW130"
26227,"MODELO",1603037,"B360VAV153"
26227,"MODELO",1603038,"B360VAVW135"
26227,"MODELO",1603039,"B360VAVW133"
26227,"MODELO",1603040,"G55"
26227,"MODELO",1603041,"E7SI5S105BA"
26227,"MODELO",1603042,"ESPRIMO D958/E85+"
26227,"MODELO",1603043,"B360VAV116"
26227,"MODELO",1603044,"HP PRODESK 600 G4 MT"
26227,"MODELO",1603045,"HP PRODESK 400 G4 DM"
26227,"MODELO",1603046,"HP ELITE DESK 800 G4 SFF"
26227,"MODELO",1603047,"THINKCENTRE M920Z"
26227,"MODELO",1603048,"VP2710"
26227,"MODELO",1603049,"VP2310"
26227,"MODELO",1603050,"VP4410"
26227,"MODELO",1603051,"VP4710"
26227,"MODELO",1603052,"VO2710"
26227,"MODELO",1603053,"VP2400"
26227,"MODELO",1603054,"VO2410"
26227,"MODELO",1603055,"VO2310"
26227,"MODELO",1603056,"VO4710"
26227,"MODELO",1603057,"VO4410"
26227,"MODELO",1603058,"VO4310"
26227,"MODELO",2893854,"SMART PLATINUM 12700"
26227,"MODELO",1729350,"MDP2301H7R7I8"
26227,"MODELO",2032459,"HP ELITE SFF 600 G9 DESKTOP PC 8Y952LS#ABM-OPD1"
26227,"MODELO",2627362,"QUBIT5 14° GEN"
26227,"MODELO",2627438,"Q5161SNV2-14-W-WP-SF-OP"
26227,"MODELO",1729797,"GALA5-1140"
26227,"MODELO",1888756,"PCIN20232127"
26227,"MODELO",4224080,"HP PRO MINI 260 G9 DESKTOP PC"
26227,"MODELO",1603059,"VP4310"
26227,"MODELO",1603060,"VP4301"
26227,"MODELO",1603061,"VP7410"
26227,"MODELO",1603062,"HP ELITEDESK 705 G4 DM"
26227,"MODELO",1603063,"MASTER LINE G7 310"
26227,"MODELO",1603064,"VP2410"
26227,"MODELO",1603065,"264QTI77311"
26227,"MODELO",1603066,"264QTI77314"
26227,"MODELO",1603067,"WAYRA M9"
26227,"MODELO",1603068,"MASTER LINE G8 310"
26227,"MODELO",1603069,"THINKCENTRE M925S"
26227,"MODELO",1603070,"HP 260 G2"
26227,"MODELO",1603071,"HP ELITE SLICE G2 PARA SALAS SKYPE"
26227,"MODELO",1603072,"THINKCENTRE M725 SFF"
26227,"MODELO",1603073,"E7SI5S111BA"
26227,"MODELO",1603074,"THINKCENTRE M725S"
26227,"MODELO",1603075,"OX COMPUTER I3 A108"
26227,"MODELO",1603076,"OX COMPUTER I7 C366"
26227,"MODELO",1603077,"OX COMPUTER I5 B29A"
26227,"MODELO",1603078,"OX COMPUTER I5 B30A"
26227,"MODELO",1603079,"8DT76S-781SS3-2"
26227,"MODELO",1603080,"OX COMPUTER I7 C2A"
26227,"MODELO",1603081,"OX COMPUTER I7 C102A"
26227,"MODELO",1603082,"OX COMPUTER I7 C247"
26227,"MODELO",1603083,"OX COMPUTER I7 C243"
26227,"MODELO",1603084,"OX COMPUTER I7 C248"
26227,"MODELO",1603085,"OX COMPUTER I7 C250"
26227,"MODELO",1603086,"OX COMPUTER I7 C241"
26227,"MODELO",1603087,"OX COMPUTER I7 C244"
26227,"MODELO",1603088,"OX COMPUTER I7 C245"
26227,"MODELO",1603089,"OX COMPUTER I7 C252"
26227,"MODELO",1603090,"OX COMPUTER I7 C254"
26227,"MODELO",1603091,"OX COMPUTER I7 C255"
26227,"MODELO",1603092,"OX COMPUTER I7 C257"
26227,"MODELO",1603093,"OX COMPUTER I7 C259"
26227,"MODELO",1603094,"OX COMPUTER I7 C258"
26227,"MODELO",1603095,"OX COMPUTER I7 C263"
26227,"MODELO",1603096,"8DT76S-7162OH3-2"
26227,"MODELO",1603097,"OX COMPUTER I7 C232"
26227,"MODELO",1603098,"OX COMPUTER I7 C234"
26227,"MODELO",1603099,"OX COMPUTER I7 C237"
26227,"MODELO",1603100,"OX COMPUTER I7 C240"
26227,"MODELO",1603101,"OX COMPUTER I7 C376"
26227,"MODELO",1603102,"8DT76S-7162SS5-2"
26227,"MODELO",1603103,"OX COMPUTER I7 C235"
26227,"MODELO",1603104,"OX COMPUTER I7 C230"
26227,"MODELO",1603105,"THINKCENTRE M70Q"
26227,"MODELO",1603106,"FRONTIER G11 SFF"
26227,"MODELO",1603107,"VISSION VO1740"
26227,"MODELO",1603108,"SKY5-10400"
26227,"MODELO",1603109,"TORNADO YXL00097"
26227,"MODELO",1603110,"OX COMPUTER I5 B1A"
26227,"MODELO",1603111,"OX COMPUTER I5 B0A"
26227,"MODELO",1603112,"OX COMPUTER I5 B3A"
26227,"MODELO",1603113,"OX COMPUTER I7 C67A"
26227,"MODELO",1603114,"OX COMPUTER I7 C3B"
26227,"MODELO",1603115,"OX COMPUTER I7 C66A"
26227,"MODELO",1603116,"8DT76S-781OP5-2"
26227,"MODELO",1603117,"OX COMPUTER I7 C1B"
26227,"MODELO",1603118,"OX COMPUTER I7 C100A"
26227,"MODELO",2893996,"TURING5 14° GEN"
26227,"MODELO",2894003,"TURING5 14° GEN"
26227,"MODELO",3398548,"THINKCENTRE NEO 50S GEN 4"
26227,"MODELO",3398599,"THINKCENTRE NEO 50S GEN 4"
26227,"MODELO",2627254,"QUBIT5 14° GEN"
26227,"MODELO",2627396,"QUBIT5 14° GEN"
26227,"MODELO",2627413,"QUBIT5 14° GEN"
26227,"MODELO",2031434,"7G952LS#ABM-M"
26227,"MODELO",2031608,"HP PRO SFF 400 G9 DESKTOP PC 7G952LS#ABM-OPM."
26227,"MODELO",2034842,"INVADER LITE VIN513"
26227,"MODELO",4225053,"ESC7M6S062"
26227,"MODELO",1603119,"OX COMPUTER I7 C99A"
26227,"MODELO",1603120,"OX COMPUTER I7 C377"
26227,"MODELO",1603121,"OX COMPUTER I7 C379"
26227,"MODELO",1603122,"OX COMPUTER I7 C380"
26227,"MODELO",1603123,"OX COMPUTER I7 C381"
26227,"MODELO",1603124,"HP PRODESK 400 G5 MT"
26227,"MODELO",1603125,"THINKCENTRE M720S"
26227,"MODELO",1603126,"OX COMPUTER I7 C65A"
26227,"MODELO",1603127,"OX COMPUTER I5 B95"
26227,"MODELO",1603128,"OX COMPUTER I5 B97"
26227,"MODELO",1603129,"OX COMPUTER I5 B98"
26227,"MODELO",1603130,"OX COMPUTER I5 B101"
26227,"MODELO",1603131,"OX COMPUTER I5 B102"
26227,"MODELO",1603132,"OX COMPUTER I5 B104"
26227,"MODELO",1603133,"OX COMPUTER I5 B105"
26227,"MODELO",1603134,"OX COMPUTER I5 B99"
26227,"MODELO",1603135,"OX COMPUTER I5 B100"
26227,"MODELO",1603136,"OX COMPUTER I5 B103"
26227,"MODELO",1603137,"OX COMPUTER I5 B94"
26227,"MODELO",1603138,"OX COMPUTER I7 C321"
26227,"MODELO",1603139,"OX COMPUTER I7 C324"
26227,"MODELO",1603140,"OX COMPUTER I5 B115"
26227,"MODELO",1603141,"OX COMPUTER I7 C319"
26227,"MODELO",1603142,"OX COMPUTER I7 C329"
26227,"MODELO",1603143,"OX COMPUTER I7 C331"
26227,"MODELO",1603144,"OX COMPUTER I7 C326"
26227,"MODELO",1603145,"OX COMPUTER I7 C330"
26227,"MODELO",1603146,"OX COMPUTER I7 C327"
26227,"MODELO",1603147,"OX COMPUTER I7 C328"
26227,"MODELO",1603148,"OX COMPUTER I7 C318"
26227,"MODELO",1603149,"OX COMPUTER I7 C323"
26227,"MODELO",1603150,"OX COMPUTER I7 C322"
26227,"MODELO",1603151,"OX COMPUTER I7 C325"
26227,"MODELO",1603152,"OPTIPLEX 3060 MICRO"
26227,"MODELO",1603153,"OX COMPUTER I7 C249"
26227,"MODELO",1603154,"OX COMPUTER I7 C251"
26227,"MODELO",1603155,"OX COMPUTER I7 C260"
26227,"MODELO",1603156,"OX COMPUTER I7 C261"
26227,"MODELO",1603157,"OX COMPUTER I7 C262"
26227,"MODELO",1603158,"OX COMPUTER I7 C264"
26227,"MODELO",1603159,"OX COMPUTER I7 C265"
26227,"MODELO",1603160,"OX COMPUTER I7 C266"
26227,"MODELO",1603161,"OX COMPUTER I7 C269"
26227,"MODELO",1603162,"OX COMPUTER I7 C267"
26227,"MODELO",1603163,"OX COMPUTER I7 C268"
26227,"MODELO",1603164,"OX COMPUTER I7 C273"
26227,"MODELO",1603165,"OX COMPUTER I7 C274"
26227,"MODELO",1603166,"OX COMPUTER I7 C275"
26227,"MODELO",1603167,"OX COMPUTER I7 C246"
26227,"MODELO",1603168,"OX COMPUTER I7 C271"
26227,"MODELO",1603169,"OX COMPUTER I7 C272"
26227,"MODELO",1603170,"OX COMPUTER I7 C276"
26227,"MODELO",1603171,"OX COMPUTER I7 C278"
26227,"MODELO",1603172,"OX COMPUTER I7 C281"
26227,"MODELO",1603173,"OX COMPUTER I7 C282"
26227,"MODELO",1603174,"OX COMPUTER I7 C283"
26227,"MODELO",1603175,"OX COMPUTER I7 C284"
26227,"MODELO",1603176,"OX COMPUTER I7 C285"
26227,"MODELO",1603177,"11DUSFJ900"
26227,"MODELO",2894029,"TURING5 14° GEN"
26227,"MODELO",2894054,"TURING9 14° GEN"
26227,"MODELO",4314262,"COMPUTADORA DE ESCRITORIO MODERN 107"
26227,"MODELO",4314264,"COMPUTADORA DE ESCRITORIO MODERN 109"
26227,"MODELO",4314265,"COMPUTADORA DE ESCRITORIO EXPERT 101"
26227,"MODELO",2032945,"HP PRO SFF 400 G9 DESKTOP PC - 6U863LA#ABM-OPMD2"
26227,"MODELO",1729849,"GALA5-11600K"
26227,"MODELO",4224204,"P07QSH14347"
26227,"MODELO",2844312,"COMPUTADORA DE ESCRITORIO"
26227,"MODELO",4224992,"MAD-ULTRA5"
26227,"MODELO",1603178,"GENWORK DM6210"
26227,"MODELO",1603179,"SMART 9100"
26227,"MODELO",1603180,"HP PRODESK 400 G6   DESKTOP MINI"
26227,"MODELO",1603181,"OX COMPUTER I5 B96"
26227,"MODELO",1603182,"URF"
26227,"MODELO",1603183,"OX COMPUTER I3 B29"
26227,"MODELO",1603184,"OX COMPUTER I7 C521"
26227,"MODELO",1603185,"OX COMPUTER I7 C308A"
26227,"MODELO",1603186,"OX COMPUTER I7 C309A"
26227,"MODELO",1603187,"OX COMPUTER I3 A87A"
26227,"MODELO",1603188,"OX COMPUTER I7 C3A"
26227,"MODELO",1603189,"OX COMPUTER I7 C64A"
26227,"MODELO",1603190,"407H410I3X213"
26227,"MODELO",1603191,"MASTER LINE GX 210"
26227,"MODELO",1603192,"FALCON CRD002"
26227,"MODELO",1603193,"FALCON CRD003"
26227,"MODELO",1603194,"INVADER M300"
26227,"MODELO",1603195,"53012UUU-MOP - PUBZ-W3891C - MATESTATION B520"
26227,"MODELO",1603196,"COMMANDER XI"
26227,"MODELO",1603197,"11K72SSA809"
26227,"MODELO",1603198,"TORNADO YXL0019"
26227,"MODELO",1603199,"GENWORK DM6200"
26227,"MODELO",1603200,"53012XKC-MOB - PUL-WDH9B - MATESTATION B515"
26227,"MODELO",1603201,"1DT59S-516S1OH3-2V"
26227,"MODELO",1603202,"ASTER LINE G9 101"
26227,"MODELO",1603203,"407H410I3X234"
26227,"MODELO",1603204,"GENWORK DM6110"
26227,"MODELO",1603205,"53012UUU-MOB - PUBZ-W3891C - MATESTATION B520"
26227,"MODELO",1603206,"MASTER LINE G9 101"
26227,"MODELO",1603207,"SPACE M500"
26227,"MODELO",1603208,"PRIME XI"
26227,"MODELO",1603209,"LENOVO NEO 50S"
26227,"MODELO",1603210,"11K72SSA745"
26227,"MODELO",1603211,"SPACE M700"
26227,"MODELO",1603212,"HSL785600VA618"
26227,"MODELO",1603213,"BS05G1600VA9ET"
26227,"MODELO",1603214,"CORE I9 -STACION DE TRABAJO PRO FLASH ZYC0022"
26227,"MODELO",1603215,"CORE I9 -STACION DE TRABAJO PRO FLASH ZYC0023"
26227,"MODELO",1603216,"CORE I9 -STACION DE TRABAJO PRO FLASH ZYC0024"
26227,"MODELO",1603217,"GENWORK DM6000"
26227,"MODELO",1603218,"THINKCENTRE M80S GEN3"
26227,"MODELO",1603219,"GENWORK DM6100"
26227,"MODELO",1603220,"53012XKC-MOP - PUL-WDH9B - MATESTATION B515"
26227,"MODELO",1603221,"53012UUU - PUBZ-W3891C - MATESTATION B520"
26227,"MODELO",1603222,"VOSTRO 3681 SFF"
26227,"MODELO",1603223,"CORE I7- MIRAGE XYL001"
26227,"MODELO",1603224,"SPACE X700"
26227,"MODELO",1603225,"FTG11-732S41V8W11OH3"
26227,"MODELO",1603226,"PUL-WDH9B"
26227,"MODELO",1603227,"GENWORK OM9000"
26227,"MODELO",1603228,"MASTER LINE  GX 110"
26227,"MODELO",1603229,"GENWORK DM9200"
26227,"MODELO",1603230,"GENWORK DM9210"
26227,"MODELO",1603231,"KEROS SFF 5010KEROS SFF 5010"
26227,"MODELO",1603232,"CORE I9 -STACION DE TRABAJO PRO FLASH ZYC00105"
26227,"MODELO",1603233,"TANOS-12900K"
26227,"MODELO",1603234,"PCKAI7127001TBHDD720064GBR2GBV"
26227,"MODELO",1603235,"GENWORK DM9220"
26227,"MODELO",4314285,"COMPUTADORA DE ESCRITORIO MODERN 110"
26227,"MODELO",4314289,"COMPUTADORA DE ESCRITORIO OFFICE 101"
26227,"MODELO",4314291,"COMPUTADORA DE ESCRITORIO MASTER 102"
26227,"MODELO",4314292,"COMPUTADORA DE ESCRITORIO MASTER 103"
26227,"MODELO",4314293,"COMPUTADORA DE ESCRITORIO MASTER 104"
26227,"MODELO",4314294,"COMPUTADORA DE ESCRITORIO MASTER 105"
26227,"MODELO",4314295,"COMPUTADORA DE ESCRITORIO MASTER 106"
26227,"MODELO",4314310,"COMPUTADORA DE ESCRITORIO MASTER 107"
26227,"MODELO",4314312,"COMPUTADORA DE ESCRITORIO MASTER 109"
26227,"MODELO",4314317,"COMPUTADORA DE ESCRITORIO MASTER 114"
26227,"MODELO",2032547,"HP PRO SFF 400 G9 DESKTOP PC 7G952LS#ABM-OHMD"
26227,"MODELO",2032559,"HP PRO SFF 400 G9 DESKTOP PC 7G952LS#ABM-OPMD"
26227,"MODELO",3952588,"VISSION VO3670"
26227,"MODELO",4107707,"EI 147 SFF"
26227,"MODELO",3825735,"1K74SFL6A246"
26227,"MODELO",1603236,"CORE I9 -STACION DE TRABAJO PRO FLASH ZYC00111"
26227,"MODELO",1603237,"PCKAI7127001TBHDD720016GBR"
26227,"MODELO",1603238,"THINCENTRE M70S"
26227,"MODELO",1603239,"MONNUC19VSCI7-OFHB"
26227,"MODELO",1603240,"MONNUC24VSCI7-OFPR"
26227,"MODELO",1603241,"MONNUC27VSCI7-OFHB"
26227,"MODELO",1603242,"GENWORK NM321V"
26227,"MODELO",1603243,"GENWORK DM920V"
26227,"MODELO",1603244,"PRECISION WORKSTATION 3640"
26227,"MODELO",1603245,"CORE I9 -STACION DE TRABAJO PRO FLASH ZYC00114"
26227,"MODELO",1603246,"2222"
26227,"MODELO",1603247,"MONNUC27VSCI5-OFHB"
26227,"MODELO",1603248,"THINKCENTRE M80S"
26227,"MODELO",1603249,"OPTIPLEX 3090 SFF"
26227,"MODELO",1603250,"CORE I9 -STACION DE TRABAJO PRO FLASH ZYC00116"
26227,"MODELO",1603251,"MONNUC27VSCI5-OFPR"
26227,"MODELO",1603252,"MONNUC22VSCI5-DFPR"
26227,"MODELO",1603253,"CML78MX0RVA03T"
26227,"MODELO",1603254,"G33"
26227,"MODELO",1603255,"11K51SSA038"
26227,"MODELO",1603256,"CORE I9 -STACION DE TRABAJO PRO FLASH ZYC00113"
26227,"MODELO",1603257,"CORE I9 -STACION DE TRABAJO PRO FLASH ZYC00115"
26227,"MODELO",1603258,"CORE I9 -STACION DE TRABAJO PRO FLASH ZYC00118"
26227,"MODELO",1603259,"CORE I9 -STACION DE TRABAJO PRO FLASH ZYC00119"
26227,"MODELO",1603260,"MDP2209UN3H7"
26227,"MODELO",1603261,"EB12D1S256M810"
26227,"MODELO",1603262,"EI 127 SFF"
26227,"MODELO",1603263,"HP 205 G4 TODO EN UNO NO TÁCTIL"
26227,"MODELO",1603264,"HP 260 G4 DESKTOPMINI"
26227,"MODELO",1603265,"MONNUC24VSCI5-DFPR"
26227,"MODELO",1603266,"SUPREMO I7"
26227,"MODELO",1603267,"10SKS7N600"
26227,"MODELO",1603268,"THINKCENTRE M625 TINY TC"
26227,"MODELO",1603269,"GENWORK DM921V"
26227,"MODELO",1603270,"GENWORK DM922V"
26227,"MODELO",1603271,"INVADER PRO G7"
26227,"MODELO",1603272,"CML7GMX0RVA04R"
26227,"MODELO",1603273,"GENWORK DM920T"
26227,"MODELO",1603274,"MASTER LINE GX 320"
26227,"MODELO",1603275,"SMART GOLD 12600K"
26227,"MODELO",1603276,"GENWORK NM4200"
26227,"MODELO",1603277,"PB62-SYS715PXTH"
26227,"MODELO",1603278,"CORE I9 -STACION DE TRABAJO PRO FLASH ZYC00112"
26227,"MODELO",1603279,"ESL00DW"
26227,"MODELO",1603280,"GENWORK DC711S"
26227,"MODELO",1603281,"BMHI1TO"
26227,"MODELO",1603282,"GENWORK DC311S"
26227,"MODELO",1603283,"QO7109#B450"
26227,"MODELO",1603284,"S26361-K1186-SFF7782WPHB"
26227,"MODELO",1603285,"SMART G"
26227,"MODELO",1603286,"MINIDESK C8"
26227,"MODELO",1603287,"S85-B308D1V0C4#35"
26227,"MODELO",1603288,"S83-H304D1V0C4#00"
26227,"MODELO",1603289,"SMART 8400"
26227,"MODELO",1603290,"S73-H108D1V0C4#35"
26227,"MODELO",1603291,"OX COMPUTER I7 C519"
26227,"MODELO",1603292,"B360VA812"
26227,"MODELO",1603293,"B360VA903"
26227,"MODELO",1603294,"M910Q"
26227,"MODELO",2893990,"TURING5 14° GEN"
26227,"MODELO",4314311,"COMPUTADORA DE ESCRITORIO MASTER 108"
26227,"MODELO",4314355,"COMPUTADORA DE ESCRITORIO MASTER 120"
26227,"MODELO",4314357,"COMPUTADORA DE ESCRITORIO MASTER 122"
26227,"MODELO",4314359,"COMPUTADORA DE ESCRITORIO MASTER 124"
26227,"MODELO",4314360,"COMPUTADORA DE ESCRITORIO MASTER 125"
26227,"MODELO",4314361,"COMPUTADORA DE ESCRITORIO MASTER 126"
26227,"MODELO",4314364,"COMPUTADORA DE ESCRITORIO MASTER 129"
26227,"MODELO",4314365,"COMPUTADORA DE ESCRITORIO MASTER 130"
26227,"MODELO",4314367,"COMPUTADORA DE ESCRITORIO MASTER 132"
26227,"MODELO",2625410,"TURING7 14° GEN"
26227,"MODELO",2625424,"TURING7 14° GEN"
26227,"MODELO",2625432,"TURING7 14° GEN"
26227,"MODELO",2625438,"TURING7 14° GEN"
26227,"MODELO",2625442,"TURING7 14° GEN"
26227,"MODELO",2625447,"TURING7 14° GEN"
26227,"MODELO",2625471,"TURING7 14° GEN"
26227,"MODELO",1927100,"EDG13-516S1WOH3"
26227,"MODELO",1927104,"OPTIWORK 6090"
26227,"MODELO",4087135,"E7S5C381"
26227,"MODELO",1603295,"OX COMPUTER I5 B2A"
26227,"MODELO",1603296,"OX COMPUTER I5 B27A"
26227,"MODELO",1603297,"OX COMPUTER I5 B28A"
26227,"MODELO",1603298,"OX COMPUTER I7 C0A"
26227,"MODELO",1603299,"OX COMPUTER I7 C101A"
26227,"MODELO",1603300,"OX COMPUTER I7 C238"
26227,"MODELO",1603301,"OX COMPUTER I7 C236"
26227,"MODELO",1603302,"OX COMPUTER I7 C233"
26227,"MODELO",1603303,"LENOVO V530S"
26227,"MODELO",1603304,"THINKCENTRE M920S"
26227,"MODELO",1603305,"THINKCENTRE P910Q"
26227,"MODELO",1603306,"OX COMPUTER I7 C327A"
26227,"MODELO",1603307,"OX COMPUTER I7 C328A"
26227,"MODELO",1603308,"OX COMPUTER I7 C318A"
26227,"MODELO",1603309,"OX COMPUTER I7 C319A"
26227,"MODELO",1603310,"OX COMPUTER I7 C322A"
26227,"MODELO",1603311,"OX COMPUTER I7 C323A"
26227,"MODELO",1603312,"OX COMPUTER I7 C362"
26227,"MODELO",1603313,"OX COMPUTER I7 C365"
26227,"MODELO",1603314,"OX COMPUTER I7 C326A"
26227,"MODELO",1603315,"HPPRODESK400G7SFF"
26227,"MODELO",1603316,"GENWORK OM9200"
26227,"MODELO",1603317,"MONNUC24VSCI5-OFHB"
26227,"MODELO",1603318,"MONNUC24VSCI5-OFPR"
26227,"MODELO",1603319,"I7Z490107009"
26227,"MODELO",1603320,"HP PRO MINI 260 G9 DESKTOP"
26227,"MODELO",1603321,"CORE I9 -STACION DE TRABAJO PRO FLASH ZYC00117"
26227,"MODELO",1603322,"OX COMPUTER I7 C320A"
26227,"MODELO",1603323,"OX COMPUTER I7 C321A"
26227,"MODELO",1603324,"OX COMPUTER I7 C333A"
26227,"MODELO",1603325,"8DT36S-7162OP4-2"
26227,"MODELO",1603326,"OX COMPUTER I7 C329A"
26227,"MODELO",1603327,"OX COMPUTER I7 C331A"
26227,"MODELO",1603328,"OX COMPUTER I7 C332A"
26227,"MODELO",1603329,"OX COMPUTER I7 C226"
26227,"MODELO",1603330,"OX COMPUTER I7 C227"
26227,"MODELO",1603331,"OX COMPUTER I7 C228"
26227,"MODELO",1603332,"OX COMPUTER I7 C229"
26227,"MODELO",1603333,"OX COMPUTER I7 C231"
26227,"MODELO",1603334,"OX COMPUTER I7 C239"
26227,"MODELO",1603335,"OX COMPUTER I7 C279"
26227,"MODELO",1603336,"OX COMPUTER I7 C301"
26227,"MODELO",1603337,"OX COMPUTER I7 C360"
26227,"MODELO",1603338,"OX COMPUTER I7 C361"
26227,"MODELO",1603339,"OX COMPUTER I7 C367"
26227,"MODELO",1603340,"OX COMPUTER I7 C368"
26227,"MODELO",1603341,"OX COMPUTER I7 C369"
26227,"MODELO",1603342,"OX COMPUTER I7 C364"
26227,"MODELO",1603343,"OX COMPUTER I7 C277"
26227,"MODELO",1603344,"OX COMPUTER I7 C357"
26227,"MODELO",1603345,"OX COMPUTER I7 C372"
26227,"MODELO",1603346,"OX COMPUTER I7 C373"
26227,"MODELO",1603347,"OX COMPUTER I7 C374"
26227,"MODELO",1603348,"OX COMPUTER I7 C375"
26227,"MODELO",1603349,"OX COMPUTER I7 C296"
26227,"MODELO",1603350,"OX COMPUTER I7 C298"
26227,"MODELO",1603351,"OX COMPUTER I7 C293"
26227,"MODELO",1603352,"OX COMPUTER I7 C295"
26227,"MODELO",1603353,"OX COMPUTER I7 C371"
26227,"MODELO",2786471,"1K35SL7A001"
26227,"MODELO",2786522,"TURING5 14° GEN"
26227,"MODELO",2786527,"TURING5 14° GEN"
26227,"MODELO",1998297,"MONTANAS"
26227,"MODELO",1998492,"MD582AB3PHE4"
26227,"MODELO",2625408,"TURING7 14° GEN"
26227,"MODELO",2625415,"TURING7 14° GEN"
26227,"MODELO",2625458,"TURING7 14° GEN"
26227,"MODELO",2625463,"TURING7 14° GEN"
26227,"MODELO",3826243,"VISSION VO3780"
26227,"MODELO",2629348,"QUBIT3 14° GEN"
26227,"MODELO",2515181,"SMART GOLD 14700K"
26227,"MODELO",1603354,"OX COMPUTER I7 C378"
26227,"MODELO",1603355,"OX COMPUTER I7 C370"
26227,"MODELO",1603356,"OX COMPUTER I7 C382"
26227,"MODELO",1603357,"MONNUC19VSCI7-OFPR"
26227,"MODELO",1603358,"THINKCENTRE M70C"
26227,"MODELO",1603359,"MONNUC22VSCI7-OFHB"
26227,"MODELO",2786660,"TURING5 14° GEN"
26227,"MODELO",2786669,"TURING5 14° GEN"
26227,"MODELO",2624450,"TURING7 14° GEN"
26227,"MODELO",2624454,"TURING7 14° GEN"
26227,"MODELO",2624459,"TURING7 14° GEN"
26227,"MODELO",2624461,"TURING7 14° GEN"
26227,"MODELO",2624463,"TURING7 14° GEN"
26227,"MODELO",2624465,"TURING7 14° GEN"
26227,"MODELO",2624468,"TURING7 14° GEN"
26227,"MODELO",2624471,"TURING7 14° GEN"
26227,"MODELO",2624477,"TURING7 14° GEN"
26227,"MODELO",2624480,"TURING7 14° GEN"
26227,"MODELO",2624482,"TURING7 14° GEN"
26227,"MODELO",1837935,"DA"
26227,"MODELO",2625486,"TURING7 14° GEN"
26227,"MODELO",2625503,"TURING7 14° GEN"
26227,"MODELO",2625585,"TURING7 14° GEN"
26227,"MODELO",2502560,"436B76I54XIIIM033"
26227,"MODELO",2629422,"QUBIT3 14° GEN"
26227,"MODELO",2629429,"QUBIT3 14° GEN"
26227,"MODELO",2629450,"QUBIT3 14° GEN"
26227,"MODELO",2629458,"QUBIT3 14° GEN"
26227,"MODELO",2630990,"QUBIT3 14° GEN"
26227,"MODELO",1843115,"ALLKA230159"
26227,"MODELO",4312171,"COMPUTADORA DE ESCRITORIO PROFESSIONAL 144"
26227,"MODELO",4312174,"COMPUTADORA DE ESCRITORIO PROFESSIONAL 145"
26227,"MODELO",4312175,"COMPUTADORA DE ESCRITORIO PROFESSIONAL 146"
26227,"MODELO",4312177,"COMPUTADORA DE ESCRITORIO PROFESSIONAL 147"
26227,"MODELO",4312178,"COMPUTADORA DE ESCRITORIO PROFESSIONAL 148"
26227,"MODELO",4312179,"COMPUTADORA DE ESCRITORIO PROFESSIONAL 149"
26227,"MODELO",4312182,"COMPUTADORA DE ESCRITORIO PROFESSIONAL 150"
26227,"MODELO",4312184,"COMPUTADORA DE ESCRITORIO PROFESSIONAL 151"
26227,"MODELO",4132143,"ALL25KAIC714160158V"
26227,"MODELO",2786702,"TURING5 14° GEN"
26227,"MODELO",2786724,"TURING5 14° GEN"
26227,"MODELO",2786740,"TURING5 14° GEN"
26227,"MODELO",2624498,"TURING7 14° GEN"
26227,"MODELO",2631275,"QUBIT3 14° GEN"
26227,"MODELO",2631371,"QUBIT3 14° GEN"
26227,"MODELO",2631378,"QUBIT3 14° GEN"
26227,"MODELO",2505928,"T74S9HXI003-CBS"
26227,"MODELO",2625455,"TURING7 14° GEN"
26227,"MODELO",2625476,"WANX-14700K"
26227,"MODELO",2625622,"TURING7 14° GEN"
26227,"MODELO",2502210,"MASTER LINE GXIII 240"
26227,"MODELO",2629356,"QUBIT3 14° GEN"
26227,"MODELO",2629365,"QUBIT3 14° GEN"
26227,"MODELO",2629378,"QUBIT3 14° GEN"
26227,"MODELO",2629396,"QUBIT3 14° GEN"
26227,"MODELO",4312207,"COMPUTADORA DE ESCRITORIO PROFESSIONAL 153"
26227,"MODELO",4312209,"COMPUTADORA DE ESCRITORIO PROFESSIONAL 154"
26227,"MODELO",4312212,"COMPUTADORA DE ESCRITORIO PROFESSIONAL 156"
26227,"MODELO",2786782,"TURING5 14° GEN"
26227,"MODELO",2786819,"TURING5 14° GEN"
26227,"MODELO",2786829,"TURING5 14° GEN"
26227,"MODELO",2786838,"TURING5 14° GEN"
26227,"MODELO",2786844,"TURING5 14° GEN"
26227,"MODELO",2624351,"TURING7 14° GEN"
26227,"MODELO",2631549,"QUBIT3 14° GEN"
26227,"MODELO",3105557,"VISSION VP8680"
26227,"MODELO",2625567,"TURING7 14° GEN"
26227,"MODELO",2625654,"TURING7 14° GEN"
26227,"MODELO",2625685,"TURING7 14° GEN"
26227,"MODELO",2629482,"QUBIT3 14° GEN"
26227,"MODELO",2629489,"QUBIT3 14° GEN"
26227,"MODELO",2629577,"QUBIT3 14° GEN"
26227,"MODELO",2630974,"QUBIT3 14° GEN"
26227,"MODELO",2631020,"QUBIT3 14° GEN"
26227,"MODELO",2631029,"QUBIT3 14° GEN"
26227,"MODELO",1902928,"OD4210661G3S"
26227,"MODELO",4312210,"COMPUTADORA DE ESCRITORIO PROFESSIONAL 155"
26227,"MODELO",4312227,"COMPUTADORA DE ESCRITORIO PROFESSIONAL 161"
26227,"MODELO",4312228,"COMPUTADORA DE ESCRITORIO PROFESSIONAL 162"
26227,"MODELO",4312240,"COMPUTADORA DE ESCRITORIO PROFESSIONAL 164"
26227,"MODELO",4312251,"COMPUTADORA DE ESCRITORIO PROFESSIONAL 167"
26227,"MODELO",4312256,"COMPUTADORA DE ESCRITORIO PROFESSIONAL 168"
26227,"MODELO",4312259,"COMPUTADORA DE ESCRITORIO PROFESSIONAL 169"
26227,"MODELO",4312263,"COMPUTADORA DE ESCRITORIO PROFESSIONAL 170"
26227,"MODELO",4312270,"COMPUTADORA DE ESCRITORIO PROFESSIONAL 172"
26227,"MODELO",4312279,"COMPUTADORA DE ESCRITORIO PROFESSIONAL 173"
26227,"MODELO",4312284,"COMPUTADORA DE ESCRITORIO PROFESSIONAL 175"
26227,"MODELO",4312288,"COMPUTADORA DE ESCRITORIO PROFESSIONAL 176"
26227,"MODELO",4312297,"COMPUTADORA DE ESCRITORIO PROFESSIONAL 182"
26227,"MODELO",3911033,"MULTIV AL"
26227,"MODELO",2771340,"05KTSX2C"
26227,"MODELO",2786862,"TURING5 14° GEN"
26227,"MODELO",2631264,"QUBIT3 14° GEN"
26227,"MODELO",2625493,"TURING7 14° GEN"
26227,"MODELO",3878281,"PC-M6"
26227,"MODELO",2629466,"QUBIT3 14° GEN"
26227,"MODELO",1843085,"ALLKA230153"
26227,"MODELO",4312169,"COMPUTADORA DE ESCRITORIO PROFESSIONAL 143"
26227,"MODELO",4312224,"COMPUTADORA DE ESCRITORIO PROFESSIONAL 159"
26227,"MODELO",4312282,"COMPUTADORA DE ESCRITORIO PROFESSIONAL 174"
26227,"MODELO",4312302,"COMPUTADORA DE ESCRITORIO PROFESSIONAL 180"
26227,"MODELO",4312304,"COMPUTADORA DE ESCRITORIO PROFESSIONAL 181"
26227,"MODELO",2786714,"TURING5 14° GEN"
26227,"MODELO",2786807,"TURING5 14° GEN"
26227,"MODELO",2786871,"TURING5 14° GEN"
26227,"MODELO",2624448,"TURING7 14° GEN"
26227,"MODELO",2624487,"TURING7 14° GEN"
26227,"MODELO",2624493,"TURING7 14° GEN"
26227,"MODELO",2625550,"TURING7 14° GEN"
26227,"MODELO",2625741,"TURING7 14° GEN"
26227,"MODELO",1914160,"QUBIT5 13° GEN"
26227,"MODELO",4312186,"COMPUTADORA DE ESCRITORIO PROFESSIONAL 152"
26227,"MODELO",4312267,"COMPUTADORA DE ESCRITORIO PROFESSIONAL 171"
26227,"MODELO",4312291,"COMPUTADORA DE ESCRITORIO PROFESSIONAL 177"
26227,"MODELO",4312295,"COMPUTADORA DE ESCRITORIO PROFESSIONAL 178"
26227,"MODELO",2816200,"1K65FNA7A"
26227,"MODELO",2624452,"TURING7 14° GEN"
26227,"MODELO",2624456,"TURING7 14° GEN"
26227,"MODELO",2624474,"TURING7 14° GEN"
26227,"MODELO",2624484,"TURING7 14° GEN"
26227,"MODELO",2624490,"TURING7 14° GEN"
26227,"MODELO",2624495,"TURING7 14° GEN"
26227,"MODELO",2624502,"TURING7 14° GEN"
26227,"MODELO",2624505,"TURING7 14° GEN"
26227,"MODELO",2624510,"TURING7 14° GEN"
26227,"MODELO",2624512,"TURING7 14° GEN"
26227,"MODELO",2624517,"TURING7 14° GEN"
26227,"MODELO",2624520,"TURING7 14° GEN"
26227,"MODELO",2624522,"TURING7 14° GEN"
26227,"MODELO",2624524,"TURING7 14° GEN"
26227,"MODELO",2625605,"TURING7 14° GEN"
26227,"MODELO",2625628,"TURING7 14° GEN"
26227,"MODELO",2625672,"TURING7 14° GEN"
26227,"MODELO",3878360,"ALL25KAIU7881"
26227,"MODELO",4312221,"COMPUTADORA DE ESCRITORIO PROFESSIONAL 157"
26227,"MODELO",4312222,"COMPUTADORA DE ESCRITORIO PROFESSIONAL 158"
26227,"MODELO",4312226,"COMPUTADORA DE ESCRITORIO PROFESSIONAL 160"
26227,"MODELO",4312236,"COMPUTADORA DE ESCRITORIO PROFESSIONAL 163"
26227,"MODELO",4312243,"COMPUTADORA DE ESCRITORIO PROFESSIONAL 165"
26227,"MODELO",4312246,"COMPUTADORA DE ESCRITORIO PROFESSIONAL 166"
26227,"MODELO",1753572,"MASTER LINE  GX 130"
26227,"MODELO",3895044,"FORESTERV5"
26227,"MODELO",3924470,"OPTIWORK 6050 VX6"
26227,"MODELO",3128472,"ALLKAMGG24SHVXS"
26227,"MODELO",3850511,"1K74SFL6A392"
26227,"MODELO",2906795,"TURING9 14° GEN"
26227,"MODELO",2033913,"HP ELITE SFF 600 G9 DESKTOP PC 92C62LT#ABM-UM"
26227,"MODELO",2033932,"HP ELITE SFF 600 G9 DESKTOP PC 92C62LT#ABM-OHUM"
26227,"MODELO",3838815,"1K74SFL6A389"
26227,"MODELO",2032718,"HP PRO SFF 400 G9 DESKTOP PC - 6U863LA#ABM-MD2"
26227,"MODELO",2462421,"SMARTI5-13400"
26227,"MODELO",2627590,"QUBIT5 14° GEN"
26227,"MODELO",2627602,"QUBIT3 14° GEN"
26227,"MODELO",2627606,"QUBIT3 14° GEN"
26227,"MODELO",2627634,"GC721WOU0B430S"
26227,"MODELO",2024253,"SK17FB56A421"
26227,"MODELO",3128642,"ALLKAMGG24GCDIB"
26227,"MODELO",3128658,"ALLKAMGG248IVD3"
26227,"MODELO",3850634,"1K74SFL6A393"
26227,"MODELO",3850673,"VISSION VO7980"
26227,"MODELO",3956400,"MASTER LINE GXIV 242"
26227,"MODELO",1834789,"FLASH"
26227,"MODELO",2906804,"TURING9 14° GEN"
26227,"MODELO",2906823,"TURING9 14° GEN"
26227,"MODELO",4003780,"D900SDRES (32)"
26227,"MODELO",3812099,"INTEL I5-14400"
26227,"MODELO",2504814,"436B7I5XIIIDH1066"
26227,"MODELO",1720029,"EJECUTIVE XII"
26227,"MODELO",2032785,"VISSION  VO7360"
26227,"MODELO",2627572,"QUBIT5 14° GEN"
26227,"MODELO",2627582,"QUBIT5 14° GEN"
26227,"MODELO",2627615,"QUBIT3 14° GEN"
26227,"MODELO",2627620,"QUBIT3 14° GEN"
26227,"MODELO",2627630,"QUBIT3 14° GEN"
26227,"MODELO",2024252,"SK17FB56A"
26227,"MODELO",2139686,"VP6760"
26227,"MODELO",2033731,"HP ELITE SFF 600 G9 DESKTOP PC 92C62LT#ABM-U"
26227,"MODELO",2033765,"HP ELITE SFF 600 G9 DESKTOP PC 92C62LT#ABM-OHU"
26227,"MODELO",2906827,"ALLWAS2420128"
26227,"MODELO",3135217,"THINKCENTRE NEO 50S GEN 4"
26227,"MODELO",1953109,"ALLKA231026"
26227,"MODELO",1953164,"27JUS4SD3"
26227,"MODELO",2940224,"THINKCENTRE M70S GEN 3"
26227,"MODELO",2940614,"THINKCENTRE M70S GEN 3"
26227,"MODELO",1888595,"OD7200851B3S"
26227,"MODELO",1803044,"INVADER TIN513"
26227,"MODELO",1803080,"TURING5 13° GEN"
26227,"MODELO",2823933,"VISSION VP8360"
26227,"MODELO",2627668,"GC721WOU2B430S"
26227,"MODELO",2627705,"QUBIT3 14° GEN"
26227,"MODELO",2627724,"QUBIT3 14° GEN"
26227,"MODELO",2024327,"17JUM49A"
26227,"MODELO",4036781,"OPTIWORK 6090 V16"
26227,"MODELO",4092136,"E7S5C675"
26227,"MODELO",4092193,"E7S5C683"
26227,"MODELO",3970541,"PCSVG14JN0114-D5-OH"
26227,"MODELO",1761069,"VISSION VO8570"
26227,"MODELO",1803050,"E6SI5E316SB"
26227,"MODELO",2627667,"QUBIT3 14° GEN"
26227,"MODELO",2627745,"QUBIT3 14° GEN"
26227,"MODELO",4003768,"EZENT M5"
26227,"MODELO",3994569,"2297"
26227,"MODELO",1768179,"11K65MT00912."
26227,"MODELO",2787671,"576012400W2W"
26227,"MODELO",2627751,"QUBIT3 14° GEN"
26227,"MODELO",2627757,"QUBIT3 14° GEN"
26227,"MODELO",2627801,"PIRAMIX-14900K"
26227,"MODELO",2940453,"THINKCENTRE NEO 50S GEN 5"
26227,"MODELO",2940630,"THINKCENTRE M70S GEN 3"
26227,"MODELO",3838994,"VISSION VO7960"
26227,"MODELO",2627702,"QUBIT3 14° GEN"
26227,"MODELO",2033865,"HP ELITE SFF 600 G9 DESKTOP PC 92C62LT#ABM-OPU"
26227,"MODELO",2034099,"HP ELITE SFF 600 G9 DESKTOP PC - 8Y952LS#ABM-OH."
26227,"MODELO",3128989,"ALLKAMGG24S0ST9"
26227,"MODELO",3970664,"436H1I5XIVG2120"
26227,"MODELO",3956516,"436H1I5XIVG2005"
26227,"MODELO",2627736,"QUBIT3 14° GEN"
26227,"MODELO",2034090,"HP ELITE SFF 600 G9 DESKTOP PC - 8Y952LS#ABM."
26227,"MODELO",2034201,"INVADER LITE VIN512"
26227,"MODELO",3758275,"436#HI3XIII1021"
26227,"MODELO",3859552,"EZENT S500"
26227,"MODELO",2787891,"KOT7S20W8UB3"
26227,"MODELO",3334571,"NUEVOTEST2211"
26227,"MODELO",2557748,"WANX-13700-V2"
26227,"MODELO",3867153,"ALL25KAIU51688V"
26227,"MODELO",1838516,"E6SI5T144"
26227,"MODELO",1838574,"COMANDER"
26227,"MODELO",2504911,"MASTER LINE GXIII 150"
26227,"MODELO",1866897,"OPTIWORK 6090 GPU RTX 3060 TI 8GB"
26227,"MODELO",4274648,"OPTIWORK 3070 VX8"
26227,"MODELO",4111782,"964562216"
26227,"MODELO",2773933,"GENWORK D30S_MT"
26227,"MODELO",2888750,"VISSION VP8580"
26227,"MODELO",3881278,"SAWYER19"
26227,"MODELO",1856158,"11K69K2I471"
26227,"MODELO",2796424,"TURING5 14° GEN"
26227,"MODELO",2631888,"MIG-SSF"
26227,"MODELO",3824220,"1K74SFL6A339"
26227,"MODELO",3969111,"ALMA LI"
26227,"MODELO",4274696,"OPTIWORK 3050 VX8"
26227,"MODELO",4274732,"OPTIWORK 3070 VX12"
26227,"MODELO",1953555,"OD4200661B3S"
26227,"MODELO",3912140,"ALL25KAIU77918V"
26227,"MODELO",2746259,"VISSION VP3380"
26227,"MODELO",2746335,"CDG14-38M1WSS3"
26227,"MODELO",2746354,"VISSION VP3580"
26227,"MODELO",3390301,"MATX7 C100-0009"
26227,"MODELO",3390519,"MATX7 C100-0011"
26227,"MODELO",3390532,"MATX7 C100-0012"
26227,"MODELO",1838475,"MDP2305Q6G6R7"
26227,"MODELO",1838509,"MD361AH3PHS"
26227,"MODELO",2796502,"TURING5 14° GEN"
26227,"MODELO",2635312,"PCAD3VP3300AXLB"
26227,"MODELO",3824249,"1K74SFL6A107"
26227,"MODELO",3922563,"1,490.80"
26227,"MODELO",3922569,"1,266.80"
26227,"MODELO",1836235,"11K69K2E051"
26227,"MODELO",4111734,"MDP2509VH7M2N"
26227,"MODELO",1730902,"MADITEK SITH7"
26227,"MODELO",2746378,"CA"
26227,"MODELO",2746452,"VISSION VP3780"
26227,"MODELO",2796695,"KOT7S21WDF2B3"
26227,"MODELO",1842033,"TORNADO"
26227,"MODELO",3824181,"Y"
26227,"MODELO",3824232,"1K74SFL6A121"
26227,"MODELO",4130289,"3616GWSI9V213"
26227,"MODELO",4274813,"OPTIWORK 3070 VX16"
26227,"MODELO",3912049,"1K32SFL6A003"
26227,"MODELO",4274894,"OPTIWORK 3090"
26227,"MODELO",1806638,"CORE I9 -STACION DE TRABAJO PRO FLASH ZYC00230"
26227,"MODELO",2897923,"RORPTIWORK 6070 VX4"
26227,"MODELO",2123952,"GCSCI713700CPUS"
26227,"MODELO",2746339,"CDG14-332M1WSS3"
26227,"MODELO",3824179,"1K74SFL6A337"
26227,"MODELO",1778254,"PRO LINE"
26227,"MODELO",2912669,"TURING5 14° GEN"
26227,"MODELO",2912743,"TURING5 14° GEN"
26227,"MODELO",2746529,"HTPC-300"
26227,"MODELO",1778470,"MDP2304D3K0WZ"
26227,"MODELO",4274966,"OPTIWORK 3090 VX8"
26227,"MODELO",2747725,"XBYTE PHANTOM 7"
26227,"MODELO",1730866,"MDP2301Q6WC2"
26227,"MODELO",1731052,"11K65MT0"
26227,"MODELO",3912412,"1K32SFL6A004"
26227,"MODELO",1778487,"MDP2304F5I8F5"
26227,"MODELO",2747760,"THINKCENTRE M70Q GEN 4"
26227,"MODELO",2789122,"TURING5 14° GEN"
26227,"MODELO",2789271,"TURING5 14° GEN"
26227,"MODELO",3823669,"1K54SFL6A171"
26227,"MODELO",3824710,"1K74SFL6A343"
26227,"MODELO",2144073,"STATION PRO-XE"
26227,"MODELO",4119531,"NEODESK SFF"
26227,"MODELO",2625341,"TURING7 14° GEN"
26227,"MODELO",2625344,"TURING7 14° GEN"
26227,"MODELO",2625347,"TURING7 14° GEN"
26227,"MODELO",2625371,"TURING7 14° GEN"
26227,"MODELO",2625373,"TURING7 14° GEN"
26227,"MODELO",2625379,"TURING7 14° GEN"
26227,"MODELO",2144331,"AM25 I5B7601240021WH"
26227,"MODELO",1762060,"VISSION VP8760"
26227,"MODELO",1745245,"PCAD2VO370Y11B7"
26227,"MODELO",2789171,"RAES-12400"
26227,"MODELO",3823683,"1K54SFL6A182"
26227,"MODELO",3823825,"EZENT T50"
26227,"MODELO",3823839,"1K74SFL6A100"
26227,"MODELO",3762030,"DEMOSTRACION - FP NO VALIDA"
26227,"MODELO",2625369,"TURING7 14° GEN"
26227,"MODELO",2625376,"TURING7 14° GEN"
26227,"MODELO",2625382,"TURING7 14° GEN"
26227,"MODELO",2631551,"QUBIT3 14° GEN"
26227,"MODELO",1745236,"VISSION VO3770"
26227,"MODELO",2527566,"THINKCENTRE M90S GEN 3"
26227,"MODELO",2033300,"ARTEC-12DCMI9"
26227,"MODELO",3824862,"1K74SFL6A349"
26227,"MODELO",1880636,"11K69K2L080"
26227,"MODELO",2530818,"DG13-516M5DWOH3-D5"
26227,"MODELO",2789338,"HPRIME 3050 V2"
26227,"MODELO",3824817,"20131369981"
26227,"MODELO",3824890,"1K74SFL6A351"
26227,"MODELO",2144365,"AM27  I7B7601370031W"
26227,"MODELO",3839577,"1K74SFL6A186"
26227,"MODELO",2784168,"PCINPP_0017"
26227,"MODELO",1748373,"FALCON CRD089"
26227,"MODELO",1926932,"OPTIMUS MT12900F"
26227,"MODELO",4113674,"E7SI7F165-Z"
26227,"MODELO",3823966,"1K54SFL6A243"
26227,"MODELO",3823987,"1K54SFL6A256"
26227,"MODELO",3977321,"436H6I7XIV4G091"
26227,"MODELO",1771901,"TORNADO YXL00201"
26227,"MODELO",1748408,"FALCON CRD088"
26227,"MODELO",3824838,"1K74SFL6A348"
26227,"MODELO",2144355,"AM27 I7B7601370030"
26227,"MODELO",2793992,"KOT5S21W3FB3"
26227,"MODELO",2803808,"07NUM46C"
26227,"MODELO",3824010,"1K54SFL6A271"
26227,"MODELO",3824028,"1K54SFL6A287"
26227,"MODELO",1937785,"ALLKA230982"
26227,"MODELO",2562190,"Q581S1HNV2-WP-OH-DW-13"
26227,"MODELO",1748459,"FALCON CRD090"
26227,"MODELO",2589185,"SMART 14100"
26227,"MODELO",2589266,"SMART 14400"
26227,"MODELO",3824007,"1K54SFL6A269"
26227,"MODELO",3824075,"ABOUT:BLANK"
26227,"MODELO",3916035,"ALL25KAIU734012V"
26227,"MODELO",2794114,"ROPTIWORK 6070 VI"
26227,"MODELO",2644191,"PHANTOM 5"
26227,"MODELO",2562251,"TURING5 13° GEN"
26227,"MODELO",2889981,"ALLKAMGG24B9BP4"
26227,"MODELO",2625706,"TURING7 14° GEN"
26227,"MODELO",2623007,"SKY5-10400-V12"
26227,"MODELO",2623025,"SKY5-10400-V8"
26227,"MODELO",2811519,"1742"
26227,"MODELO",2811527,"1808"
26227,"MODELO",2811537,"1870"
26227,"MODELO",2811586,"2056"
26227,"MODELO",2811589,"2031"
26227,"MODELO",1739814,"12T-GLICH123"
26227,"MODELO",3135711,"QSI513002"
26227,"MODELO",2786757,"TURING5 14° GEN"
26227,"MODELO",1760930,"11K65MT11473"
26227,"MODELO",1838730,"D800SDR"
26227,"MODELO",1806801,"15JUS4SCB"
26227,"MODELO",3967619,"1K54MTL7A373"
26227,"MODELO",1780936,"VISSION VP8970"
26227,"MODELO",1756532,"THINKCENTRE M70Q GEN 3"
26227,"MODELO",2489343,"VISSION VO1770"
26227,"MODELO",2559106,"MDP2402O4N3F5"
26227,"MODELO",2624857,"TURING7 14° GEN"
26227,"MODELO",4140585,"SMART 225"
26227,"MODELO",4140609,"G25-H810M16SD30W#35"
26227,"MODELO",3780079,"TURING7 14° GEN"
26227,"MODELO",4101210,"VP8780"
26227,"MODELO",2811444,"2211"
26227,"MODELO",2811495,"2602"
26227,"MODELO",2811612,"2280"
26227,"MODELO",3135635,"THINKCENTRE M70Q GEN 4"
26227,"MODELO",2786682,"TURING5 14° GEN"
26227,"MODELO",1780570,"AM25"
26227,"MODELO",2895611,"WANX-RZ75"
26227,"MODELO",1747720,"FALCON CRD084"
26227,"MODELO",2551772,"CHUWI HEROBOX PC INTEL"
26227,"MODELO",4098905,"FORGE"
26227,"MODELO",4101139,"VP5780"
26227,"MODELO",2787073,"COMPUTADORA DE ESCRITORIO PROFESSIONAL"
26227,"MODELO",4091290,"E7S5C628"
26227,"MODELO",1761089,"PRIMEONEAIO240"
26227,"MODELO",1762431,"VISSION VO5970"
26227,"MODELO",1838801,"NBP1260P016S1H0IXWO"
26227,"MODELO",1780697,"VISSION VP8960"
26227,"MODELO",2489394,"VISSION VP1770"
26227,"MODELO",3780168,"TURING7 14° GEN"
26227,"MODELO",1748355,"GC422WS11B434V"
26227,"MODELO",1765097,"RDG12-7328TWOH3"
26227,"MODELO",4207038,"P89NMB6489"
26227,"MODELO",2787096,"PCNEWK3_010"
26227,"MODELO",4091319,"1439"
26227,"MODELO",2770535,"ARCANUS VIN"
26227,"MODELO",1757849,"CIBER"
26227,"MODELO",2797360,"TURING5 14° GEN"
26227,"MODELO",4136611,"VISSION VU4590"
26227,"MODELO",1973542,"EB13SSD512M850"
26227,"MODELO",1740240,"COMPUTADORA PROFESSIONAL XI"
26227,"MODELO",2628028,"QUBIT3 14° GEN"
26227,"MODELO",2811583,"1965"
26227,"MODELO",2811592,"2027"
26227,"MODELO",2811598,"2093"
26227,"MODELO",1740022,"PODRIA COTIZARME 12  MARCADORES ARTESCO CD PERMANENTE DE PUNTA FINA NEGRO OHP-CD MAX A421"
26227,"MODELO",3134950,"ELUNE 514"
26227,"MODELO",3924884,"INTEL® UHD GRAPHICS 730 ASUS PRIME H610M-E RB"
26227,"MODELO",3924903,"1,266.58"
26227,"MODELO",1838804,"NUX BI"
26227,"MODELO",1787279,"11K69K2B149"
26227,"MODELO",1801182,"HP ELITE MINI 600 G9 DESKTOP"
26227,"MODELO",1973557,"MT581AH3U0E"
26227,"MODELO",3780309,"TURING5 14° GEN"
26227,"MODELO",3780358,"TURING5 14° GEN"
26227,"MODELO",2802915,"PRIME  3070 VI"
26227,"MODELO",3924928,"1,534.78"
26227,"MODELO",3924971,"933.78"
26227,"MODELO",1763971,"MDP2303C2XVB1"
26227,"MODELO",1839064,"D900SD"
26227,"MODELO",2891617,"ALLKAMGG2459LXY"
26227,"MODELO",1973328,"HP ELITE SFF 600 G9 DESKTOP PC"
26227,"MODELO",4140574,"EZENT M9"
26227,"MODELO",3780388,"TURING5 14° GEN"
26227,"MODELO",1740054,"OPTIWORK 6050 GPU NVIDIA GTX1660 6GB"
26227,"MODELO",1974726,"D900MDES"
26227,"MODELO",1748206,"MULTIV X"
26227,"MODELO",1765495,"VISION VO5770"
26227,"MODELO",3924883,"1,259.38"
26227,"MODELO",1839090,"27JUS4S36"
26227,"MODELO",1787108,"11K69K2B115"
26227,"MODELO",3791080,"436#B77XIV3352"
26227,"MODELO",1801286,"ARCANUS TIN513"
26227,"MODELO",3716265,"PVG1 VP3780"
26227,"MODELO",2510870,"25JUM662"
26227,"MODELO",3879395,"ALL25KAIU51446V"
26227,"MODELO",3924963,"1,011.18"
26227,"MODELO",2891868,"VISSION VP1780"
26227,"MODELO",1801200,"ARMADA RL"
26227,"MODELO",1801281,"INVADER VIN713INVADER VIN713"
26227,"MODELO",2903376,"ANTRYX (DT-V1B)"
26227,"MODELO",2032097,"HP PRO SFF 400 G9 DESKTOP PC 8Y973LS#ABM-OHM1G1"
26227,"MODELO",2032103,"HP PRO SFF 400 G9 DESKTOP PC 7G952LS#ABM-M"
26227,"MODELO",3129005,"ALLKAMGG246ISQ6"
26227,"MODELO",3779439,"TURING7 14° GEN"
26227,"MODELO",3779631,"TURING7 14° GEN"
26227,"MODELO",2501875,"SKY5-10400-V2"
26227,"MODELO",3391279,"MATX7 C100-0013"
26227,"MODELO",3812602,"VISSION VO3580"
26227,"MODELO",2031405,"8Y973LS#ABM-OPM1G1"
26227,"MODELO",2744897,"MDP2405L1R7J9"
26227,"MODELO",2791447,"PCNEWK5_063"
26227,"MODELO",2791538,"OPTIWORK 6070 VI"
26227,"MODELO",3379495,"MATX5 C100-0009"
26227,"MODELO",2551528,"CHUWI COREBOX PC INTEL"
26227,"MODELO",2903296,"OPTIWORK 6050 VX12OPTIWORK 6050 VX12"
26227,"MODELO",2903344,"ANTRYX (DT-V1A)"
26227,"MODELO",3862143,"1,113"
26227,"MODELO",2502001,"SKY5-10400-V6"
26227,"MODELO",3391414,"MATX7 C300-0014"
26227,"MODELO",1768149,"11K65MT00822."
26227,"MODELO",3812913,"1K74SFL6A200"
26227,"MODELO",2031655,"HP PRO SFF 400 G9 DESKTOP PC 8Y973LS#ABM-M1G1"
26227,"MODELO",4112054,"TANOS-"
26227,"MODELO",2771604,"GENWORK D70S_MT"
26227,"MODELO",4036399,"OPTWORK 6070 VX8"
26227,"MODELO",2032245,"HP PRO MINI 400 G9 DESKTOP PC 8C1X9LT#ABM-OH"
26227,"MODELO",2032251,"HP PRO MINI 400 G9 DESKTOP PC 8C1X9LT#ABM-OP"
26227,"MODELO",2032269,"HP PRO MINI 400 G9 DESKTOP PC 8C1Y0LT#ABM"
26227,"MODELO",3779544,"TURING7 14° GEN"
26227,"MODELO",1762464,"GOBIERNO REGIONAL DE PASCO"
26227,"MODELO",1762560,"DEMOSTRACION"
26227,"MODELO",3391462,"MATX7 C300-0016"
26227,"MODELO",3391464,"MATX7 C300-0017"
26227,"MODELO",3391468,"MATX7 C300-0018"
26227,"MODELO",4036560,"OPTIWORK 6090 V12"
26227,"MODELO",3379486,"MATX5 C100-0008"
26227,"MODELO",3390286,"MATX7 C100-0007"
26227,"MODELO",3390292,"MATX7 C100-0008"
26227,"MODELO",3390307,"MATX7 C100-0010"
26227,"MODELO",2032101,"HP PRO SFF 400 G9 DESKTOP PC 8Y973LS#ABM-OPM1G1"
26227,"MODELO",1762587,"8 GB DDR4 3200 400 MHZ"
26227,"MODELO",1762483,"VISSION VO8770"
26227,"MODELO",1762498,"VISSION VP8770"
26227,"MODELO",4049330,"E7G5B546"
26227,"MODELO",3812826,"1K74SFL6A052"
26227,"MODELO",3812886,"1K74SFL6A053"
26227,"MODELO",2774773,"HP ELITE TOWER 800 G9 DESKTOP PC"
26227,"MODELO",4121152,"THINKCENTRE NEO 50S GEN 6"
26227,"MODELO",2937101,"PCAD3VP7600BWQA"
26227,"MODELO",4112041,"MDP2509T9O4E4"
26227,"MODELO",2793159,"TURING5 14° GEN"
26227,"MODELO",2903465,"1K67KFML7A0"
26227,"MODELO",2032290,"HP PRO MINI 400 G9 DESKTOP PC 8C1Y0LT#ABM-OP"
26227,"MODELO",3129383,"ALLKAMGG246E95N"
26227,"MODELO",2809462,"OPTIWORK 6050R V2R"
26227,"MODELO",4138067,"VISSION VU4790"
26227,"MODELO",3812825,"1,833"
26227,"MODELO",3812905,"1,897"
26227,"MODELO",2124618,"GCSCI513400"
26227,"MODELO",3838081,"RDG12-716SD4WOH43B"
26227,"MODELO",2627996,"QUBIT3 14° GEN"
26227,"MODELO",1803056,"INVADER TIN713"
26227,"MODELO",2032282,"HP PRO MINI 400 G9 DESKTOP PC 8C1Y0LT#ABM-OH"
26227,"MODELO",3779685,"TURING7 14° GEN"
26227,"MODELO",3779725,"TURING7 14° GEN"
26227,"MODELO",1833983,"OT421WD5XT32F"
26227,"MODELO",2745193,"XBCI50010"
26227,"MODELO",4148371,"ARCANUS TIN52"
26227,"MODELO",2551799,"CHUWI LARKBOX X INTEL"
26227,"MODELO",2032227,"HP PRO MINI 400 G9 DESKTOP PC 8C1X9LT#ABM"
26227,"MODELO",2032438,"HP ELITE SFF 600 G9 DESKTOP PC - 8Y952LS#ABM-D1"
26227,"MODELO",2032515,"HP PRO SFF 400 G9 DESKTOP PC 7G952LS#ABM-MD"
26227,"MODELO",4086456,"CE O UE"
26227,"MODELO",1762414,"VISSION VO5770"
26227,"MODELO",1762437,"MASTER LINE  GXIII 120"
26227,"MODELO",3391421,"MATX7 C300-0015"
26227,"MODELO",1768644,"OPTIWORK 6050 GPU NVIDIA 4GB3"
26227,"MODELO",4112334,"MDP2509YVB1S8"
26227,"MODELO",1802775,"GALA5-11"
26227,"MODELO",4096872,"P07MSH132A"
26227,"MODELO",2809561,"ORR"
26227,"MODELO",2130323,"8Y952LS#ABM-OHD1"
26227,"MODELO",1976050,"HP PROONE 440 23.8 INCH G9 ALL-IN-ONE DESKTOP PC"
26227,"MODELO",2785365,"1K35SL6A028"
26227,"MODELO",2642586,"INVADER LITE VIN314"
26227,"MODELO",3333365,"MATX3 C100-0007"
26227,"MODELO",2625328,"TURING7 14° GEN"
26227,"MODELO",2625331,"TURING7 14° GEN"
26227,"MODELO",2625338,"TURING7 14° GEN"
26227,"MODELO",2539031,"PIRAMIX-13900"
26227,"MODELO",2550956,"9L8Y6LA#ABM-M"
26227,"MODELO",2804298,"ROPTIWORK 6050 VIR"
26227,"MODELO",2804349,"OPTRIWORK 6050 VIR"
26227,"MODELO",3877741,"VISSION VO7780"
26227,"MODELO",3333411,"MATX3 C100-0009"
26227,"MODELO",3333435,"MATX3 C100-0010"
26227,"MODELO",2625998,"TURING7 14° GEN"
26227,"MODELO",2626010,"TURING7 14° GEN"
26227,"MODELO",4155492,"ARCANUS VIN92"
26227,"MODELO",3774933,"EZENT T700"
26227,"MODELO",2010318,"ALMA BI"
26227,"MODELO",2010335,"Z29"
26227,"MODELO",1798970,"11K69K2B857"
26227,"MODELO",1798975,"11K69K2B867"
26227,"MODELO",4230374,"HESD 200"
26227,"MODELO",3333384,"MATX3 C100-0008"
26227,"MODELO",3333388,"THINKCENTRE NEO 50S GEN 5"
26227,"MODELO",3333426,"THINKCENTRE NEO 50S GEN 5"
26227,"MODELO",3333456,"THINKCENTRE NEO 50S GEN 5"
26227,"MODELO",2032798,"VISSION VP7360"
26227,"MODELO",2626376,"TURING7 14° GEN"
26227,"MODELO",2626390,"TURING7 14° GEN"
26227,"MODELO",2626395,"TURING7 14° GEN"
26227,"MODELO",1972705,"GD720W111Z73K-V8"
26227,"MODELO",1971374,"07IUMXDF"
26227,"MODELO",2626023,"TURING7 14° GEN"
26227,"MODELO",2626027,"TURING7 14° GEN"
26227,"MODELO",2626407,"TURING7 14° GEN"
26227,"MODELO",2627237,"QUBIT5 14° GEN"
26227,"MODELO",2627242,"QUBIT5 14° GEN"
26227,"MODELO",2627247,"QUBIT5 14° GEN"
26227,"MODELO",2627271,"QUBIT5 14° GEN"
26227,"MODELO",2625334,"TURING7 14° GEN"
26227,"MODELO",4114490,"E7SI7F116B-Z"
26227,"MODELO",1798967,"11K69K2B856"
26227,"MODELO",1798980,"11K69K2B869"
26227,"MODELO",2785565,"ALLKAMF2411W6L"
26227,"MODELO",1731570,"11K67MT02460"
26227,"MODELO",1731575,"OPTIWORK 6070 GPU NVIDIA 2GB"
26227,"MODELO",2627041,"QUBIT5 14° GEN"
26227,"MODELO",2627337,"QUBIT5 14° GEN"
26227,"MODELO",2010464,"09IUM49C"
26227,"MODELO",1779798,"INVADER V330"
26227,"MODELO",4114582,"NEODESK 8000 SFF"
26227,"MODELO",2804483,"PCINPP_0109"
26227,"MODELO",2804491,"6050 VI"
26227,"MODELO",4210660,"P55VMB64E0"
26227,"MODELO",2780454,"CDG14-58M5WSS3-W"
26227,"MODELO",2628760,"HP Z2 G9 SFF WORKSTATION DESKTOP PC"
26227,"MODELO",2785545,"INVADER TIN714"
26227,"MODELO",2785578,"ARCANUS TIN714"
26227,"MODELO",1731698,"TURING5"
26227,"MODELO",1731844,"OPTIWORK 6070 GPU NVIDIA RTX3050 8GB"
26227,"MODELO",1731850,"OPTIWORK 6070 GPU NVIDIA RTX3060 TI 8GB"
26227,"MODELO",3775208,"PROWORK WS70"
26227,"MODELO",2625336,"TURING7 14° GEN"
26227,"MODELO",2629500,"QUBIT3 14° GEN"
26227,"MODELO",2629582,"QUBIT3 14° GEN"
26227,"MODELO",3312736,"GENWORK T7000"
26227,"MODELO",1902374,"MULTIVX"
26227,"MODELO",2138769,"FORTIN-13400 MDP2305B1T9P5"
26227,"MODELO",2138774,"FORTIN-13400 MDP2305F5B1P5"
26227,"MODELO",2138804,"FORTIN-13400 MDP2305B1C2N3"
26227,"MODELO",2138824,"MADI-TEK FORTIN-13400 MDP2305ZD3A0A"
26227,"MODELO",1799073,"CORE I9 -STACION DE TRABAJO PRO FLASH ZYC00207"
26227,"MODELO",2783535,"COMPUTADORA COMANDO ELITE"
26227,"MODELO",2783641,"COMPUTADORA PROFESIONAL PREMIUN VD"
26227,"MODELO",2785743,"HPRIME  3070 VI"
26227,"MODELO",4230685,"AM-U7"
26227,"MODELO",1731832,"TURING7"
26227,"MODELO",3971429,"436H1I5XIVG2150"
26227,"MODELO",2769206,"KAWAY"
26227,"MODELO",2033979,"HP ELITE SFF 600 G9 DESKTOP PC 92C62LT#ABM-OPUM"
26227,"MODELO",2034057,"HP ELITE SFF 600 G9 DESKTOP PC - 81C53LS#ABM-OHMD3"
26227,"MODELO",3760355,"E5T8B49NWVHD3"
26227,"MODELO",4116156,"MDP2509UA0M2P"
26227,"MODELO",2512404,"25JUM6DD"
26227,"MODELO",2810293,"OPTIWORK 6050 VX4RR"
26227,"MODELO",1831489,"OT723WD1XT34F"
26227,"MODELO",1831513,"OT723W81XT32F"
26227,"MODELO",4205388,"P99LMB644C"
26227,"MODELO",3824308,"1,428"
26227,"MODELO",2034075,"HP ELITE SFF 600 G9 DESKTOP PC - 81C53LS#ABM-OPMD3"
26227,"MODELO",2783849,"K"
26227,"MODELO",2512389,"25JUM6D8"
26227,"MODELO",2810689,"1K65FML7A107"
26227,"MODELO",1782598,"VISSION VP7960"
26227,"MODELO",1831440,"OT722WD5XT320"
26227,"MODELO",4095399,"D701MER"
26227,"MODELO",2908335,"TURING9 14° GEN"
26227,"MODELO",3824297,"1K74SFL6A243"
26227,"MODELO",4221399,"VISSION RP1770"
26227,"MODELO",3972842,"OPTIWORK 6070 V16"
26227,"MODELO",3716488,"OPTIPLEX 7020 SF"
26227,"MODELO",2810429,"OPTIWORK 6050 VXR4R"
26227,"MODELO",2908131,"SF7-B416SMV03B#30"
26227,"MODELO",4221799,"MODELO: RYZ7-8700G"
26227,"MODELO",2799493,"THINKCENTRE M70Q GEN 4"
26227,"MODELO",1748326,"FALCON CRD087"
26227,"MODELO",1805473,"RAIZE"
26227,"MODELO",4122508,"VISSION VO8780"
26227,"MODELO",4116307,"E7SI7FK116B-Z"
26227,"MODELO",2629231,"ELUNE 513"
26227,"MODELO",1787401,"OPTIWORK 6090 GPU 2GB"
26227,"MODELO",1755103,"11K65MT07872"
26227,"MODELO",1755158,"333333333333333333333333333333333333333333333333333333333333333333333333333333333333333333333333333333333333333333333333333333333333333"
26227,"MODELO",4221353,"MDP2604J9I8Q6"
26227,"MODELO",4122434,"SD7-B432T5V86W#35"
26227,"MODELO",2811447,"2248"
26227,"MODELO",2811448,"1K69KNL7A042"
26227,"MODELO",1973125,"OPTIMUS MT11900F"
26227,"MODELO",4116349,"RDG14-78MN1WOH3BV8"
26227,"MODELO",4222654,"ELITE-TWR"
26227,"MODELO",1776380,"INSOPC0001"
26227,"MODELO",1776184,"ASUS EXPERT CENTER"
26227,"MODELO",1776211,"ASUS EXPERTCENTER"
26227,"MODELO",2799402,"07NUM450"
26227,"MODELO",1787708,"11K69K2B470"
26227,"MODELO",3824606,"ELITEDESK"
26227,"MODELO",2856373,"17NUM814"
26227,"MODELO",2532311,"ALLWI2024WSI2O5W"
26227,"MODELO",2811452,"2212"
26227,"MODELO",2811453,"1K69KNL7A045"
26227,"MODELO",2811456,"112"
26227,"MODELO",2811457,"1K69KNL7A046"
26227,"MODELO",2811461,"2443"
26227,"MODELO",2811464,"2480"
26227,"MODELO",2811470,"2535"
26227,"MODELO",2811472,"2510"
26227,"MODELO",2811480,"1K65FML7A324"
26227,"MODELO",2811491,"2627"
26227,"MODELO",2811499,"2598"
26227,"MODELO",2940249,"11TBS1R000*"
26227,"MODELO",2940251,"THINKCENTRE M70S GEN 3"
26227,"MODELO",2784710,"TURING5 14° GEN"
26227,"MODELO",1782715,"THINKCENTRE M75S GEN2 (AMD)"
26227,"MODELO",2908404,"TURING9 14° GEN"
26227,"MODELO",4222521,"COMPUTADORA PROFESIONAL SUPREM"
26227,"MODELO",4222677,"PCAX-260003"
26227,"MODELO",2811505,"OPTIWORK 6090 V2"
26227,"MODELO",2811510,"53"
26227,"MODELO",2811549,"1925"
26227,"MODELO",2811576,"2001"
26227,"MODELO",2940359,"PC-SVG1"
26227,"MODELO",2810618,"1K65FML7A069"
26227,"MODELO",2908488,"HDT-SM5IT"
26227,"MODELO",1776429,"INSOPC0004"
26227,"MODELO",3824648,"ELITEDESK-SFF"
26227,"MODELO",4221720,"RYZ7-8700G"
26227,"MODELO",4221727,"MDP2605I8R7B1"
26227,"MODELO",4221864,"VISSION VP1590"
26227,"MODELO",2811634,"2640"
26227,"MODELO",2811648,"2696"
26227,"MODELO",2784668,"HPRIME  3050 VI"
26227,"MODELO",2784741,"TURING5 14° GEN"
26227,"MODELO",4115011,"MDP2509WN3UUB"
26227,"MODELO",1832186,"MODELO MIRAGE PRO"
26227,"MODELO",4133010,"ALL25KAIC714320668V"
26227,"MODELO",2508267,"MODELO: ARCANUS TIN713"
26227,"MODELO",2508687,"436B7I7XIIIDH1077"
26227,"MODELO",3955701,"1,686.98"
26227,"MODELO",1845428,"11K69K2I120"
26227,"MODELO",1760089,"11K65MT10972"
26227,"MODELO",2912028,"TURING5 14° GEN"
26227,"MODELO",3811222,"HP PRO TOWER 400 G9 DESKTOP PC"
26227,"MODELO",2892679,"QUBIT5 14° GEN"
26227,"MODELO",2892682,"QUBIT5 14° GEN"
26227,"MODELO",2786077,"INVADER LITE VIN714"
26227,"MODELO",1766564,"MASTER LINE  GXIII 220"
26227,"MODELO",2028944,"VISSION  VP5760"
26227,"MODELO",2788971,"1K35SL7A002"
26227,"MODELO",1729100,"MADITEK SKY5"
26227,"MODELO",2911948,"PHANTOM 3"
26227,"MODELO",2892725,"QUBIT3 14° GEN"
26227,"MODELO",2462725,"VISSION VO1570"
26227,"MODELO",1939617,"DESKTOP006GCSCI7"
26227,"MODELO",1726398,"OPTIPLEX 3000 MFF"
26227,"MODELO",2028939,"VISSION VP5760"
26227,"MODELO",2912002,"TURING5 14° GEN"
26227,"MODELO",4275039,"OPTIWORK 3090 VX12"
26227,"MODELO",2892684,"QUBIT5 14° GEN"
26227,"MODELO",2892686,"QUBIT5 14° GEN"
26227,"MODELO",1766674,"11K65MT00210"
26227,"MODELO",1939657,"DESKTOP007GCSCI5"
26227,"MODELO",4146637,"VISSION VP4660"
26227,"MODELO",2028932,"VISSION VO5760"
26227,"MODELO",2777040,"TURING5 14° GEN"
26227,"MODELO",2780770,"05KUSX46"
26227,"MODELO",3332849,"THINKCENTRE M70Q GEN 5"
26227,"MODELO",3754719,"EZENT S50"
26227,"MODELO",2814135,"COMPUTADORA PROFESSIONAL PREMIUN VD"
26227,"MODELO",2814192,"OPTIWORK 6090 VX8"
26227,"MODELO",1760231,"VISSION VO8560"
26227,"MODELO",2912008,"TURING5 14° GEN"
26227,"MODELO",2912015,"TURING5 14° GEN"
26227,"MODELO",4275111,"OPTIWORK 3090 VX16"
26227,"MODELO",1731753,"OPTIWORK 6070 GPU NVIDIA GTX1660 6GB"
26227,"MODELO",1975783,"MULTIV RL"
26227,"MODELO",2627356,"QUBIT5 14° GEN"
26227,"MODELO",2627392,"QUBIT5 14° GEN"
26227,"MODELO",2627459,"QUBIT5 14° GEN"
26227,"MODELO",2462732,"VISSION VP1570"
26227,"MODELO",3861659,"2,035"
26227,"MODELO",1766488,"MASTER LINE  GXIII 210"
26227,"MODELO",1767153,"WAYRA BI"
26227,"MODELO",2777085,"CDG14-732S4WOH3-W"
26227,"MODELO",1723035,"WSTATIONM1"
26227,"MODELO",1731643,"OPTIWORK 6070 GPU NVIDIA 4GB"
26227,"MODELO",2892676,"QUBIT5 14° GEN"
26227,"MODELO",2892690,"QUBIT5 14° GEN"
26227,"MODELO",2892698,"QUBIT3 14° GEN"
26227,"MODELO",2907171,"TURING9 14° GEN"
26227,"MODELO",3779456,"VISSION VP7480"
26227,"MODELO",2819080,"4101"
26227,"MODELO",2777154,"ALLKAMMF246GZCE"
26227,"MODELO",2789150,"TURING5 14° GEN"
26227,"MODELO",1731666,"OPTIWORK 6070 GPU NVIDIA GTX1650 4GB"
26227,"MODELO",2892741,"QUBIT3 14° GEN"
26227,"MODELO",3778423,"TURING7 14° GEN"
26227,"MODELO",3779552,"TURING7 14° GEN"
26227,"MODELO",2746937,"WANX-13700-V12"
26227,"MODELO",2800455,"OD5S21W12X3A"
26227,"MODELO",2777145,"TURING5 14° GEN"
26227,"MODELO",2777182,"TURING7 14° GEN"
26227,"MODELO",2896533,"1K67NA6A301"
26227,"MODELO",2892926,"QUBIT3 14° GEN"
26227,"MODELO",2893019,"QUBIT3 14° GEN"
26227,"MODELO",3861837,"ALL25KAIU5059"
26227,"MODELO",2786402,"HPRIME  3050"
26227,"MODELO",2786493,"1K35FSA7A041"
26227,"MODELO",2786506,"TURING5 14° GEN"
26227,"MODELO",3778431,"TURING7 14° GEN"
26227,"MODELO",3778439,"TURING7 14° GEN"
26227,"MODELO",3778468,"TURING7 14° GEN"
26227,"MODELO",3779614,"436#B7I5XIV2626"
26227,"MODELO",3996857,"NEURACORE5"
26227,"MODELO",4231151,"CROSSTEK"
26227,"MODELO",2789056,"TURING5 14° GEN"
26227,"MODELO",2789241,"TURING5 14° GEN"
26227,"MODELO",4297189,"SMART 14700KF"
26227,"MODELO",3332940,"THINKCENTRE M70Q GEN 5"
26227,"MODELO",2893039,"QUBIT7 14° GEN"
26227,"MODELO",3778530,"TURING5 14° GEN"
26227,"MODELO",2800132,"KOT5S21W3BB3"
26227,"MODELO",3997051,"NEURACORE7K"
26227,"MODELO",2777178,"TURING7 14° GEN"
26227,"MODELO",4231473,"ZYRIS"
26227,"MODELO",2896628,"LUKE3-13100"
26227,"MODELO",1784263,"V"
26227,"MODELO",3896949,"OPTIWORK SFF 3090"
26227,"MODELO",1844965,"07IUSXDC"
26227,"MODELO",3972267,"436H6I3XIV018"
26227,"MODELO",2550957,"9L8Y6LA#ABM-M PROCESADOR INTEL® CORE™ I7-13700T 16 NÚCLEOS (8 P-CORES Y 8 E-CORES), 24 HILOS, 30 MB INTEL®  SMART CACHE. MAX TURBO FREQUENCY: 4.90 GHZ P-CORE FREQUENCY => BASE: 1.40 GHZ - MAX TURBO: 4.80 GHZ E-CORE FREQUENCY => BASE: 1.00 GHZ - MAX TURBO"
26227,"MODELO",2124478,"N"
26227,"MODELO",2124479,"NWKR20230003"
26227,"MODELO",2817005,"OPTIWORK 6090 VX12"
26227,"MODELO",2515318,"SMART GOLD 14900K"
26227,"MODELO",3897325,"2,424.00"
26227,"MODELO",3897388,"1K94KSFL7A130"
26227,"MODELO",2010825,"ALLKA231394"
26227,"MODELO",1832187,"MIRAGE PRO"
26227,"MODELO",2799572,"RROPTIWORK 6070 V4"
26227,"MODELO",1779759,"OPTIWORK 6090 INTEL GRAPHICS"
26227,"MODELO",1776536,"MULTIV XII"
26227,"MODELO",1955003,"ALLKA231102"
26227,"MODELO",4153495,"ARCANUS TIN72"
26227,"MODELO",1727651,"RAV5"
26227,"MODELO",1954072,"OPTIMUS MT11700F412"
26227,"MODELO",3897084,"2,004.80"
26227,"MODELO",3897335,"2,289.00"
26227,"MODELO",2801005,"1K35KSL7A124"
26227,"MODELO",3128438,"ALLKAMGG24KGUMU"
26227,"MODELO",1843278,"PCIN20231762"
26227,"MODELO",2937356,"M70SG5I7432211U"
26227,"MODELO",4101707,"VISSION VP9780"
26227,"MODELO",2027870,"THINKSTATION P360 TOWER"
26227,"MODELO",2895045,"TURING9 14° GEN"
26227,"MODELO",1954089,"OPTIMUS MT11700F440"
26227,"MODELO",3897271,"1K94KSFL7A071"
26227,"MODELO",3897652,"MINI LUKE13"
26227,"MODELO",2030537,"8Y973LS#ABM-M1G"
26227,"MODELO",2030541,"8Y973LS#ABM-OPM1G"
26227,"MODELO",2800047,"AM7"
26227,"MODELO",1969403,"17IUMX4C"
26227,"MODELO",3897282,"1,967.80"
26227,"MODELO",3897331,"1K94KSFL7A101"
26227,"MODELO",2801093,"1K35KSL7A134"
26227,"MODELO",2800012,"OPRR"
26227,"MODELO",3898476,"MDP2504UD3L1K"
26227,"MODELO",2777537,"M70SG5I7108111-OH"
26227,"MODELO",4232676,"A700"
26227,"MODELO",2502278,"GALA5-11400-V4"
26227,"MODELO",4047108,"E7G5B062"
26227,"MODELO",3778554,"TURING5 14° GEN"
26227,"MODELO",2502559,"436B76I54XIIIM03"
26227,"MODELO",2626998,"TURING7 14° GEN"
26227,"MODELO",2777690,"TURING7 14° GEN"
26227,"MODELO",2777709,"TURING7 14° GEN"
26227,"MODELO",2777718,"TURING5 14° GEN"
26227,"MODELO",4050320,"3485"
26227,"MODELO",4021773,"OPTIWORK 6090 VX6"
26227,"MODELO",1760459,"OD423WS12B3300"
26227,"MODELO",4067605,"90PF05N1-M00VU0-PCD-OH"
26227,"MODELO",3778496,"TURING7 14° GEN"
26227,"MODELO",3778541,"TURING5 14° GEN"
26227,"MODELO",3778609,"TURING5 14° GEN"
26227,"MODELO",3778650,"TURING5 14° GEN"
26227,"MODELO",1903117,"12DSS01F00-OH"
26227,"MODELO",3864210,"1K54SFL7A224"
26227,"MODELO",2627037,"QUBIT5 14° GEN"
26227,"MODELO",2627323,"QUBIT5 14° GEN"
26227,"MODELO",2777796,"TURING5 14° GEN"
26227,"MODELO",2789774,"THINKCENTRE M75S GEN5(AMD)"
26227,"MODELO",1798293,"11K69K2B648"
26227,"MODELO",3898708,"MINI WANX7"
26227,"MODELO",3864294,"1K54SFL7A283"
26227,"MODELO",3864322,"INTEL I5-14600K"
26227,"MODELO",2627350,"QUBIT5 14° GEN"
26227,"MODELO",2627373,"QUBIT5 14° GEN"
26227,"MODELO",2627408,"QUBIT5 14° GEN"
26227,"MODELO",2627447,"QUBIT5 14° GEN"
26227,"MODELO",2777860,"TURING5 14° GEN"
26227,"MODELO",4100908,"VP3780"
26227,"MODELO",3755916,"PRO VP3580"
26227,"MODELO",3975973,"MASTER LINE GXIV 342"
26227,"MODELO",3778454,"TURING7 14° GEN"
26227,"MODELO",3778512,"TURING5 14° GEN"
26227,"MODELO",3778518,"TURING5 14° GEN"
26227,"MODELO",3778627,"TURING5 14° GEN"
26227,"MODELO",3778657,"TURING5 14° GEN"
26227,"MODELO",3778670,"TURING5 14° GEN"
26227,"MODELO",3864196,"1,515"
26227,"MODELO",2627439,"QUBIT5 14° GEN"
26227,"MODELO",2627454,"QUBIT5 14° GEN"
26227,"MODELO",2627780,"WANX-14900K"
26227,"MODELO",2777686,"TURING7 14° GEN"
26227,"MODELO",2777895,"QUBIT3 14° GEN"
26227,"MODELO",1926020,"OPTIMUS MT12700KF"
26227,"MODELO",4142562,"S506"
26227,"MODELO",4226558,"ESU7M6S004"
26227,"MODELO",4047094,"E7G5B061"
26227,"MODELO",3755827,"PRO VP3780"
26227,"MODELO",3778487,"TURING7 14° GEN"
26227,"MODELO",3778599,"TURING5 14° GEN"
26227,"MODELO",3778705,"TURING5 14° GEN"
26227,"MODELO",3778723,"TURING5 14° GEN"
26227,"MODELO",3778736,"TURING5 14° GEN"
26227,"MODELO",4115950,"14900K"
26227,"MODELO",2777786,"ALLKAMMF247SX7N"
26227,"MODELO",2777824,"TURING5 14° GEN"
26227,"MODELO",2777892,"INVADER VIN514"
26227,"MODELO",4142647,"DESKTOP VV0TUOM"
26227,"MODELO",1746818,"VISSION VP3770"
26227,"MODELO",3778568,"TURING5 14° GEN"
26227,"MODELO",3778700,"TURING5 14° GEN"
26227,"MODELO",3778819,"TURING7 14° GEN"
26227,"MODELO",3778827,"TURING7 14° GEN"
26227,"MODELO",2627043,"QUBIT5 14° GEN"
26227,"MODELO",2627432,"QUBIT5 14° GEN"
26227,"MODELO",2628079,"QUBIT3 14° GEN"
26227,"MODELO",2778021,"QUBIT7 11° GEN"
26227,"MODELO",2139900,"D800MDRES"
26227,"MODELO",2140051,"D700MEES"
26227,"MODELO",2140057,"D800SDRES"
26227,"MODELO",2140063,"D700SEES"
26227,"MODELO",3398058,"THINKCENTRE NEO 50S GEN 5"
26227,"MODELO",1887725,"OD72006E2B3S"
26227,"MODELO",1747154,"11X8S06900"
26227,"MODELO",3778668,"TURING5 14° GEN"
26227,"MODELO",3778713,"TURING5 14° GEN"
26227,"MODELO",2464572,"THORI7-12700"
26227,"MODELO",1721603,"G67"
26227,"MODELO",2778061,"TURING5 13° GEN"
26227,"MODELO",1804879,"PRIME 3090"
26227,"MODELO",3778678,"TURING5 14° GEN"
26227,"MODELO",3778781,"TURING5 14° GEN"
26227,"MODELO",3778791,"TURING5 14° GEN"
26227,"MODELO",3778802,"TURING5 14° GEN"
26227,"MODELO",3778806,"TURING5 14° GEN"
26227,"MODELO",2750020,"INVADER LITE VIN514"
26227,"MODELO",2910172,"TURING9 14° GEN"
26227,"MODELO",2744670,"OPTIPLEX 7020 SFF"
26227,"MODELO",2744713,"03JUSX03"
26227,"MODELO",3851611,"1K5U2SFL8A013"
26227,"MODELO",2781221,"MAG-TWR"
26227,"MODELO",3851365,"1,991"
26227,"MODELO",2744697,"INVADER VIN314"
26227,"MODELO",2744776,"HP ELITE TOWER 600 G9 DESKTOP PC"
26227,"MODELO",2143156,"AM25 I5B760134004W"
26227,"MODELO",2143174,"AM25  I5B760134005W"
26227,"MODELO",2751136,"07MUMX68"
26227,"MODELO",2785905,"TURING5 14° GEN"
26227,"MODELO",2781129,"ARCANUS VIN914"
26227,"MODELO",1735708,"2,908"
26227,"MODELO",3851655,"1K5U2SFL8A027"
26227,"MODELO",3851741,"1K74SFL6A268"
26227,"MODELO",3851765,"1K74SFL6A270"
26227,"MODELO",2785700,"HPRIME 3050 VI"
26227,"MODELO",2785931,"TURING5 14° GEN"
26227,"MODELO",2785939,"TURING5 14° GEN"
26227,"MODELO",2781228,"MAGI9161SV75WHB1101"
26227,"MODELO",2902877,"050 VX8"
26227,"MODELO",2902891,"OPTIWORK 6050 VX12RR"
26227,"MODELO",1779847,"32624GXIIP7338"
26227,"MODELO",3877766,"VISSION VO7580"
26227,"MODELO",1939130,"OPTIMUS MT11700"
26227,"MODELO",4127848,"THINKCENTRE M90A GEN 5"
26227,"MODELO",3851600,"INTEL I7-14700"
26227,"MODELO",4156107,"ARCANUS TIN92"
26227,"MODELO",3851466,"1K74SFL6A469"
26227,"MODELO",3851472,"1K74SFL6A438"
26227,"MODELO",1806027,"MDP2305J9ZE4C"
26227,"MODELO",4221973,"MDP2605I8G6YC"
26227,"MODELO",1780066,"GC922WT61F430K"
26227,"MODELO",3851360,"1K74SFL6A463"
26227,"MODELO",2745934,"CUBI N ADL-019BUS"
26227,"MODELO",3715069,"PVG1 VO3780"
26227,"MODELO",2785951,"TURING5 14° GEN"
26227,"MODELO",2785957,"TURING5 14° GEN"
26227,"MODELO",1780103,"GC923WT61F430K"
26227,"MODELO",3851629,"1,604"
26227,"MODELO",2745943,"CUBI N ADL-020BUS"
26227,"MODELO",4068902,"1K93KMTL7A386"
26227,"MODELO",2785917,"TURING5 14° GEN"
26227,"MODELO",2781509,"CDG14-516S1WSS3-W"
26227,"MODELO",2938756,"12JES1KT00-OH-2"
26227,"MODELO",3714889,"MASTER LINE GXIV 230"
26227,"MODELO",2785986,"TURING5 14° GEN"
26227,"MODELO",1742106,"OFISZU P90_SFF"
26227,"MODELO",4152978,"ARCANUS VIN72"
26227,"MODELO",2504068,"MASTER LINE GXIII 250"
26227,"MODELO",3919420,"TYTAN-Z84S"
26227,"MODELO",3919426,"TYTAN-Z85S"
26227,"MODELO",2624909,"TURING7 14° GEN"
26227,"MODELO",2624912,"TURING7 14° GEN"
26227,"MODELO",2625747,"TURING7 14° GEN"
26227,"MODELO",3996944,"NEURACORE7"
26227,"MODELO",3996989,"CU7S-7161S-WP-OH-WF"
26227,"MODELO",2628294,"QUBIT3 14° GEN"
26227,"MODELO",2628333,"QUBIT3 14° GEN"
26227,"MODELO",2587775,"MT5310B6PHIC"
26227,"MODELO",2796285,"CDG12-732S5HD1WOH3-W"
26227,"MODELO",2026979,"VISSION VO5460"
26227,"MODELO",2026987,"VISSION VP5460"
26227,"MODELO",2132437,"D700"
26227,"MODELO",3992922,"1K74KMTL7A176"
26227,"MODELO",3717903,"MASTER LINE GXIV 320"
26227,"MODELO",2504076,"436B7I5XIIIDH1009"
26227,"MODELO",1765794,"VISION VP5760"
26227,"MODELO",3919430,"TYTAN-Z82S"
26227,"MODELO",3919445,"TYTAN-Z81S"
26227,"MODELO",2625715,"TURING7 14° GEN"
26227,"MODELO",2625721,"TURING7 14° GEN"
26227,"MODELO",2625733,"TURING7 14° GEN"
26227,"MODELO",2628280,"QUBIT3 14° GEN"
26227,"MODELO",2628300,"QUBIT3 14° GEN"
26227,"MODELO",2628308,"QUBIT3 14° GEN"
26227,"MODELO",2628346,"QUBIT3 14° GEN"
26227,"MODELO",4095011,"THINKCENTRE NEO ULTRA GEN 2"
26227,"MODELO",2796615,"1K65KMA7A071"
26227,"MODELO",2026640,"MASTER LINE  GXIII 230"
26227,"MODELO",2026913,"VISSION VO5360"
26227,"MODELO",4093369,"E6SI5T113SBZ"
26227,"MODELO",2556669,"STATION PRO RL"
26227,"MODELO",2033082,"17JUM6F4"
26227,"MODELO",2631558,"QUBIT3 14° GEN"
26227,"MODELO",3853023,"EZENT T30"
26227,"MODELO",2022801,"PCIN20233812"
26227,"MODELO",3915101,"1K52KSFL7A068"
26227,"MODELO",2628372,"QUBIT3 14° GEN"
26227,"MODELO",1767214,"OPTIWORK 6050 INTEL GRAPHICS0"
26227,"MODELO",2908420,"TURING9 14° GEN"
26227,"MODELO",1749505,"FALCON CRD092"
26227,"MODELO",1749695,"FALCON CRD096"
26227,"MODELO",3993326,"MDP2504H7K0H7"
26227,"MODELO",1739525,"11K65MT04164"
26227,"MODELO",2628352,"QUBIT3 14° GEN"
26227,"MODELO",2141225,"HP PRODESK 400 G7 SMALL FORM FACTOR PC"
26227,"MODELO",1803580,"11K69K2C421"
26227,"MODELO",1743165,"CPUALKAI31095"
26227,"MODELO",1743291,"TORNADO YXL001010"
26227,"MODELO",2624850,"TURING7 14° GEN"
26227,"MODELO",2624905,"TURING7 14° GEN"
26227,"MODELO",2022846,"VISSION VO1360"
26227,"MODELO",3919438,"TYTAN-Z8S"
26227,"MODELO",2628710,"PRO SFF 400 G9 DESKTOP PC"
26227,"MODELO",1759639,"INVADER VIN513"
26227,"MODELO",4141894,"VISSION VP4680"
26227,"MODELO",1804119,"Q785S1HV2SFF-WP-S"
26227,"MODELO",1739420,"CORE I9 -STACION DE TRABAJO PRO FLASH ZYC00206 NRO"
26227,"MODELO",2032957,"SMART GOLD 13700K"
26227,"MODELO",2033077,"HP ELITE SFF 600 G9 DESKTOP PC - 81C53LS#ABM-OPMD2"
26227,"MODELO",2033255,"GI-GLAUCO"
26227,"MODELO",2034123,"HP PRO SFF 400 G9 DESKTOP PC - 980D3LS#ABM"
26227,"MODELO",2034141,"HP PRO SFF 400 G9 DESKTOP PC - 980D3LS#ABM-OH"
26227,"MODELO",2531273,"DG13-532M4H1DWSS3-D5"
26227,"MODELO",2908347,"TURING9 14° GEN"
26227,"MODELO",2516428,"THINKCENTRE M90A GEN 3"
26227,"MODELO",1785430,"11K69K2A774"
26227,"MODELO",1785437,"11K69K2A784"
26227,"MODELO",1785466,"PCIN20230121"
26227,"MODELO",1743364,"CPUALKAI31104"
26227,"MODELO",2624830,"TURING7 14° GEN"
26227,"MODELO",3812123,"1K54SFL6A075"
26227,"MODELO",3993369,"HP PRODESK 4 SFF G1I DESKTOP AI PC"
26227,"MODELO",3997276,"NEURAPRO7K"
26227,"MODELO",2908358,"TURING9 14° GEN"
26227,"MODELO",2908366,"TURING9 14° GEN"
26227,"MODELO",2908398,"TURING9 14° GEN"
26227,"MODELO",2516426,"THINKCENTRE M90A GEN 3 11VGS3YF00"
26227,"MODELO",2624871,"TURING7 14° GEN"
26227,"MODELO",2624890,"TURING7 14° GEN"
26227,"MODELO",3811850,"1K74SFL6A038"
26227,"MODELO",2529238,"D900SDRES"
26227,"MODELO",2032773,"HP ELITE SFF 600 G9 DESKTOP PC 8D710LS#ABM-OH."
26227,"MODELO",2033123,"WANX-13700"
26227,"MODELO",3915493,"RECUPERANDO DATOS. ESPERE UNOS SEGUNDOS E INTENTE CORTAR O COPIAR DE NUEVO."
26227,"MODELO",2908320,"TURING9 14° GEN"
26227,"MODELO",1783451,"64 GB DDR4 3200 400 MHZ"
26227,"MODELO",2892229,"1K67NA6A"
26227,"MODELO",2624883,"TURING7 14° GEN"
26227,"MODELO",1739406,"CORE I9 -STACION DE TRABAJO PRO FLASH ZYC00205"
26227,"MODELO",1739421,"CORE I9 -STACION DE TRABAJO PRO FLASH ZYC00206"
26227,"MODELO",3954784,"OPTIWORK 6070 V12"
26227,"MODELO",3994596,"GTX 1650 4GB"
26227,"MODELO",2777871,"QUBIT3 14° GEN"
26227,"MODELO",2778095,"QUBIT5 13° GEN"
26227,"MODELO",2778140,"QUBIT5 13° GEN"
26227,"MODELO",1759255,"OD723WO02B3300"
26227,"MODELO",2511767,"15JUM462"
26227,"MODELO",4113832,"MASTER TEAM U7-S2"
26227,"MODELO",4137479,"THINKCENTRE NEO 55S GEN 6"
26227,"MODELO",4137483,"THINKCENTER NEO 55S GEN 6"
26227,"MODELO",2629906,"QUBIT3 14° GEN"
26227,"MODELO",2629982,"QUBIT3 14° GEN"
26227,"MODELO",2629995,"Q316500SN-14-WD-WP-SF-OH"
26227,"MODELO",3995030,"E5S-5325S-WP-OH-WF"
26227,"MODELO",3750683,"436#B7I5XIV2582"
26227,"MODELO",4140958,"VISSION VP4760"
26227,"MODELO",4132094,"LXSP3001I71416512X-WPOH"
26227,"MODELO",2772109,"KGD7S22N82B43A"
26227,"MODELO",4133096,"ALL25WAIC9141603916V"
26227,"MODELO",2510149,"DIAMOND"
26227,"MODELO",2630016,"QUBIT3 14° GEN"
26227,"MODELO",2781476,"CDG14-58SD1HD1WSS3-W"
26227,"MODELO",2508646,"436B7I7XIIIDH1066"
26227,"MODELO",3825089,"1K74SFL6A134"
26227,"MODELO",2777921,"QUBIT5 14° GEN"
26227,"MODELO",2510189,"VISSION VO1260"
26227,"MODELO",2510198,"STAR M5"
26227,"MODELO",2629806,"QUBIT3 14° GEN"
26227,"MODELO",3333087,"MATX3 C100-0001"
26227,"MODELO",2529896,"PC-M4-2024"
26227,"MODELO",2777991,"QUBIT7 11° GEN"
26227,"MODELO",3137499,"CDG13-532SD1H1WOH43"
26227,"MODELO",3333264,"MATX3 C100-0002"
26227,"MODELO",3825339,"CORE I5-14400"
26227,"MODELO",2806391,"RROPTIWORK 6050 V2"
26227,"MODELO",2810243,"RROPTIWORK 6050 VI"
26227,"MODELO",1735406,"OPTIWORK 6070 GPU NVIDIA RTX3060 12GB"
26227,"MODELO",3895831,"FORESTERG2"
26227,"MODELO",3333266,"THINKCENTRE NEO 50S GEN 5"
26227,"MODELO",3333302,"MATX3 C100-0004"
26227,"MODELO",3333342,"MATX3 C100-0006"
26227,"MODELO",3954978,"OPTIWORK 6070 VX6"
26227,"MODELO",2778320,"TURING5 13° GEN"
26227,"MODELO",3896052,"1K34SFL6A068"
26227,"MODELO",3333286,"MATX3 C100-0003"
26227,"MODELO",3825270,"1K54SFL6A376"
26227,"MODELO",2778413,"TURING5 13° GEN"
26227,"MODELO",4083340,"INVADER  VIN713"
26227,"MODELO",4114144,"940 341 435"
26227,"MODELO",3896006,"ALL25KAIU91074"
26227,"MODELO",3995454,"ELUNE7"
26227,"MODELO",1739177,"OTA ADHESIVA AMARILLO PASTEL 1.5” X 2” PULGADAS 12 TACOS X 100 HOJASSTICKY NOTES 653"
26227,"MODELO",3333322,"MATX3 C100-0005"
26227,"MODELO",3333335,"THINKCENTRE NEO 50S GEN 5"
26227,"MODELO",3995038,"MINI ABYSS"
26227,"MODELO",1968856,"OPTIMUS MT11900"
26227,"MODELO",3825385,"1K74SFL6A140"
26227,"MODELO",4084103,"E7S5C008"
26227,"MODELO",4084136,"976"
26227,"MODELO",2778298,"TURING5 14° GEN"
26227,"MODELO",2778311,"TURING5 14° GEN"
26227,"MODELO",4118437,"ASUS"
26227,"MODELO",4114112,"MDP2509B1D3XV"
26227,"MODELO",4089230,"E7S5C492"
26227,"MODELO",2652726,"FORTIN-14400"
26227,"MODELO",3777359,"TURING7 14° GEN"
26227,"MODELO",3777420,"TURING7 14° GEN"
26227,"MODELO",2802120,"RAV4"
26227,"MODELO",1749715,"FALCON CRD097"
26227,"MODELO",4231938,"OMNY"
26227,"MODELO",2794153,"OPTIWORK 6070 V2"
26227,"MODELO",1840053,"VISSION VO8960"
26227,"MODELO",1835288,"HP ELITE TOWER 600 G9"
26227,"MODELO",1835299,"E6SI7T308P"
26227,"MODELO",1749589,"FALCON CRD094"
26227,"MODELO",1749659,"FALCON CRD095"
26227,"MODELO",4090412,"TURING5 2° GEN ULTRA"
26227,"MODELO",4231858,"MDP2604D3F5YW"
26227,"MODELO",2802511,"PRECISION 3070"
26227,"MODELO",1835201,"FONZYS M1"
26227,"MODELO",1750847,"OPTIWORK 6050 GPU NVIDIA RTX3060 TI 8GB"
26227,"MODELO",4225642,"COMPUTADORA DE ESCRITORIO PROFESSIONAL PREMIUM"
26227,"MODELO",4105800,"EI 145 SFF"
26227,"MODELO",2648577,"D713S-7161SV4-WP-OH-D"
26227,"MODELO",1835998,"OPTIWORK 6090 GPU GTX 1650 4GB"
26227,"MODELO",2904928,"ALLWAS2420078"
26227,"MODELO",1749444,"FALCON CRD091"
26227,"MODELO",4231966,"SMART GOLD 225F"
26227,"MODELO",1840552,"ALLKA231518"
26227,"MODELO",4087820,"PCAD3VP7700AVDA"
26227,"MODELO",3980029,"1K74KMTL7A113"
26227,"MODELO",2904821,"GCS12400"
26227,"MODELO",2801324,"1K65KMA7A151"
26227,"MODELO",2045797,"INVADER LITE VIN713"
26227,"MODELO",4231940,"AXIS"
26227,"MODELO",2802494,"1K65KNA7A063"
26227,"MODELO",2802694,"THINKCENTRE M70S GEN 5"
26227,"MODELO",2904954,"ALLWAS2420079"
26227,"MODELO",3777458,"TURING7 14° GEN"
26227,"MODELO",2802672,"THINKCENTRE M70S GEN 5"
26227,"MODELO",1769074,"MASTER LINE  GXIII 310"
26227,"MODELO",4225915,"U716S2WOH3WBM"
26227,"MODELO",2802720,"THINKCENTRE M70S GEN 5"
26227,"MODELO",4227288,"AM-U5"
26227,"MODELO",2624500,"TURING7 14° GEN"
26227,"MODELO",2624827,"TURING7 14° GEN"
26227,"MODELO",2624839,"TURING7 14° GEN"
26227,"MODELO",2624893,"TURING7 14° GEN"
26227,"MODELO",2624899,"TURING7 14° GEN"
26227,"MODELO",4312721,"COMPUTADORA DE ESCRITORIO PROFESIONAL 163"
26227,"MODELO",4312722,"COMPUTADORA DE ESCRITORIO PROFESIONAL 164"
26227,"MODELO",4312724,"COMPUTADORA DE ESCRITORIO PROFESIONAL 165"
26227,"MODELO",4312726,"COMPUTADORA DE ESCRITORIO PROFESIONAL 167"
26227,"MODELO",4312741,"COMPUTADORA DE ESCRITORIO PROFESIONAL 169"
26227,"MODELO",4312745,"COMPUTADORA DE ESCRITORIO PROFESIONAL 172"
26227,"MODELO",4312775,"COMPUTADORA DE ESCRITORIO PROFESIONAL 174"
26227,"MODELO",4312777,"COMPUTADORA DE ESCRITORIO PROFESIONAL 176"
26227,"MODELO",4312778,"COMPUTADORA DE ESCRITORIO PROFESIONAL 177"
26227,"MODELO",4312783,"COMPUTADORA DE ESCRITORIO PROFESIONAL 182"
26227,"MODELO",2144368,"AM27 I7B7601370032"
26227,"MODELO",2144375,"AM27  I7B7601370033W"
26227,"MODELO",4226698,"GENWORK (T70-T50-T90)"
26227,"MODELO",2623940,"TURING7 14° GEN"
26227,"MODELO",2623967,"TURING7 14° GEN"
26227,"MODELO",2630399,"OPTIPLEX 7020 SFF PLUS"
26227,"MODELO",2031589,"HP ELITE SFF 600 G9 DESKTOP PC - 8Y952LS#ABM-DM"
26227,"MODELO",1783673,"11K69K2A208"
26227,"MODELO",3775914,"TURING5 14° GEN"
26227,"MODELO",2531130,"ARTEC PC 13 EXTREME PRO"
26227,"MODELO",2784692,"TURING5 14° GEN"
26227,"MODELO",2784732,"TURING5 14° GEN"
26227,"MODELO",2785049,"05KUSX8C"
26227,"MODELO",2817526,"1K65FNA7A313"
26227,"MODELO",2624507,"TURING7 14° GEN"
26227,"MODELO",2624515,"TURING7 14° GEN"
26227,"MODELO",4312718,"COMPUTADORA DE ESCRITORIO PROFESIONAL 159"
26227,"MODELO",4312892,"COMPUTADORA DE ESCRITORIO PROFESIONAL 114"
26227,"MODELO",4312893,"COMPUTADORA DE ESCRITORIO PROFESIONAL 115"
26227,"MODELO",4312894,"COMPUTADORA DE ESCRITORIO PROFESIONAL 116"
26227,"MODELO",4312895,"COMPUTADORA DE ESCRITORIO PROFESIONAL 117"
26227,"MODELO",4312896,"COMPUTADORA DE ESCRITORIO PROFESIONAL 118"
26227,"MODELO",4312897,"COMPUTADORA DE ESCRITORIO PROFESIONAL 119"
26227,"MODELO",4312898,"COMPUTADORA DE ESCRITORIO PROFESIONAL 120"
26227,"MODELO",4312899,"COMPUTADORA DE ESCRITORIO PROFESIONAL 121"
26227,"MODELO",4312925,"COMPUTADORA DE ESCRITORIO PROFESSIONAL 106"
26227,"MODELO",4312931,"COMPUTADORA DE ESCRITORIO PROFESSIONAL 112"
26227,"MODELO",4312932,"COMPUTADORA DE ESCRITORIO PROFESSIONAL 113"
26227,"MODELO",2144340,"AM25  I5B7601240022"
26227,"MODELO",2623976,"TURING7 14° GEN"
26227,"MODELO",2624010,"TURING7 14° GEN"
26227,"MODELO",3333899,"TEST21-11-24"
26227,"MODELO",2625728,"TURING7 14° GEN"
26227,"MODELO",4312746,"COMPUTADORA DE ESCRITORIO PROFESIONAL 168"
26227,"MODELO",4312776,"COMPUTADORA DE ESCRITORIO PROFESIONAL 175"
26227,"MODELO",4312780,"COMPUTADORA DE ESCRITORIO PROFESIONAL 179"
26227,"MODELO",4312781,"COMPUTADORA DE ESCRITORIO PROFESIONAL 180"
26227,"MODELO",4312960,"COMPUTADORA DE ESCRITORIO PROFESIONAL 133"
26227,"MODELO",4312961,"COMPUTADORA DE ESCRITORIO PROFESIONAL 134"
26227,"MODELO",4312963,"COMPUTADORA DE ESCRITORIO PROFESIONAL 136"
26227,"MODELO",4312964,"COMPUTADORA DE ESCRITORIO PROFESIONAL 137"
26227,"MODELO",4312965,"COMPUTADORA DE ESCRITORIO PROFESIONAL 138"
26227,"MODELO",4312966,"COMPUTADORA DE ESCRITORIO PROFESIONAL 139"
26227,"MODELO",4312967,"COMPUTADORA DE ESCRITORIO PROFESIONAL 140"
26227,"MODELO",4312969,"COMPUTADORA DE ESCRITORIO PROFESIONAL 142"
26227,"MODELO",4313004,"COMPUTADORA DE ESCRITORIO PROFESSIONAL 125"
26227,"MODELO",4313005,"COMPUTADORA DE ESCRITORIO PROFESSIONAL 126"
26227,"MODELO",4313006,"COMPUTADORA DE ESCRITORIO PROFESSIONAL 127"
26227,"MODELO",4313007,"COMPUTADORA DE ESCRITORIO PROFESSIONAL 128"
26227,"MODELO",4313008,"COMPUTADORA DE ESCRITORIO PROFESSIONAL 129"
26227,"MODELO",4313012,"COMPUTADORA DE ESCRITORIO PROFESSIONAL 133"
26227,"MODELO",4313013,"COMPUTADORA DE ESCRITORIO PROFESSIONAL 134"
26227,"MODELO",4313014,"COMPUTADORA DE ESCRITORIO PROFESSIONAL 135"
26227,"MODELO",4313022,"COMPUTADORA DE ESCRITORIO PROFESSIONAL 136"
26227,"MODELO",4313028,"COMPUTADORA DE ESCRITORIO PROFESSIONAL 142"
26227,"MODELO",4226795,"D900SF"
26227,"MODELO",2487765,"VISSION  VP1570"
26227,"MODELO",2528194,"PC-M5-2024"
26227,"MODELO",2529056,"XXX"
26227,"MODELO",1722716,"SMART PLATINUM 13900"
26227,"MODELO",1722684,"SMART GOLD 13700"
26227,"MODELO",4148836,"P35QMB64B8"
26227,"MODELO",2624875,"TURING7 14° GEN"
26227,"MODELO",2625665,"TURING7 14° GEN"
26227,"MODELO",4312891,"COMPUTADORA DE ESCRITORIO PROFESIONAL 113"
26227,"MODELO",4312924,"COMPUTADORA DE ESCRITORIO PROFESSIONAL 105"
26227,"MODELO",4312928,"COMPUTADORA DE ESCRITORIO PROFESSIONAL 109"
26227,"MODELO",4312929,"COMPUTADORA DE ESCRITORIO PROFESSIONAL 110"
26227,"MODELO",4312945,"COMPUTADORA DE ESCRITORIO PROFESIONAL 132"
26227,"MODELO",2623932,"TURING7 14° GEN"
26227,"MODELO",2624175,"TURING7 14° GEN"
26227,"MODELO",1737525,"CORE I9 -STACION DE TRABAJO PRO FLASH ZYC00196"
26227,"MODELO",3919135,"VISSION VP3670"
26227,"MODELO",2808407,"PCNEWK7_051"
26227,"MODELO",3752987,"EZENT S70"
26227,"MODELO",3826154,"DE	ASUNTO	RECIBIDO	TAMAÑO	 ABASTECIMIENTO@MUNICHANCAY.GOB.PE	SOLICITUD DE COTIZACION SOBRE COMPUTADORA DE ESCRITORIO CORE  I5 Y TODOS SUS COMPONENTES PARA TRABAJOS DE OFICINA E IMPLEMENTACION DE LA OFICINA DE COFOPRI	17:29	4 MB"
26227,"MODELO",1722537,"SMART GOLD 13600"
26227,"MODELO",4312865,"COMPUTADORA DE ESCRITORIO PROFESIONAL 103"
26227,"MODELO",4312869,"COMPUTADORA DE ESCRITORIO PROFESIONAL 107"
26227,"MODELO",4312870,"COMPUTADORA DE ESCRITORIO PROFESIONAL 108"
26227,"MODELO",4312871,"COMPUTADORA DE ESCRITORIO PROFESIONAL 109"
26227,"MODELO",4312872,"COMPUTADORA DE ESCRITORIO PROFESIONAL 110"
26227,"MODELO",4312873,"COMPUTADORA DE ESCRITORIO PROFESIONAL 11"
26227,"MODELO",4312874,"COMPUTADORA DE ESCRITORIO PROFESIONAL 111"
26227,"MODELO",4312875,"COMPUTADORA DE ESCRITORIO PROFESIONAL 112"
26227,"MODELO",4312900,"COMPUTADORA DE ESCRITORIO PROFESIONAL 122"
26227,"MODELO",4312922,"COMPUTADORA DE ESCRITORIO PROFESSIONAL 103"
26227,"MODELO",4312923,"COMPUTADORA DE ESCRITORIO PROFESSIONAL 104"
26227,"MODELO",4312926,"COMPUTADORA DE ESCRITORIO PROFESSIONAL 107"
26227,"MODELO",4312927,"COMPUTADORA DE ESCRITORIO PROFESSIONAL 108"
26227,"MODELO",4312930,"COMPUTADORA DE ESCRITORIO PROFESSIONAL 111"
26227,"MODELO",4312936,"COMPUTADORA DE ESCRITORIO PROFESIONAL 123"
26227,"MODELO",4312937,"COMPUTADORA DE ESCRITORIO PROFESIONAL 124"
26227,"MODELO",2032807,"HP ELITE SFF 600 G9 DESKTOP PC 8D710LS#ABM-OP."
26227,"MODELO",3840443,"1K74SFL6A391"
26227,"MODELO",2910423,"TURING9 14° GEN"
26227,"MODELO",1726606,"OPTIWORK 6050 GPU NVIDIA 2GB"
26227,"MODELO",2810981,"1K65FML7A175"
26227,"MODELO",2903382,"ANTRYX (DT-V2A)"
26227,"MODELO",2903385,"ANTRYX (DT-V2B)"
26227,"MODELO",2903394,"ROPTIWORK 6050 VX16R"
26227,"MODELO",1783213,"DESKTOP003GCSCI512400"
26227,"MODELO",1783217,"DESKTOP001GCSCI513400"
26227,"MODELO",1783225,"DESKTOP002GCSCI712700SOP"
26227,"MODELO",1783196,"DESKTOP002CI712700SOP"
26227,"MODELO",1783220,"DESKTOP002GCSCI513400SOP"
26227,"MODELO",3776166,"TURING5 14° GEN"
26227,"MODELO",3776275,"TURING5 14° GEN"
26227,"MODELO",1751384,"INVADER G33"
26227,"MODELO",1762777,"10447498681"
26227,"MODELO",4312866,"COMPUTADORA DE ESCRITORIO PROFESIONAL 104"
26227,"MODELO",4312867,"COMPUTADORA DE ESCRITORIO PROFESIONAL 105"
26227,"MODELO",4312868,"COMPUTADORA DE ESCRITORIO PROFESIONAL 106"
26227,"MODELO",4312939,"COMPUTADORA DE ESCRITORIO PROFESIONAL 126"
26227,"MODELO",4312941,"COMPUTADORA DE ESCRITORIO PROFESIONAL 128"
26227,"MODELO",4312943,"COMPUTADORA DE ESCRITORIO PROFESIONAL 130"
26227,"MODELO",4312944,"COMPUTADORA DE ESCRITORIO PROFESIONAL 131"
26227,"MODELO",4312962,"COMPUTADORA DE ESCRITORIO PROFESIONAL 135"
26227,"MODELO",4312968,"COMPUTADORA DE ESCRITORIO PROFESIONAL 141"
26227,"MODELO",4312980,"COMPUTADORA DE ESCRITORIO PROFESSIONAL 114"
26227,"MODELO",4312981,"COMPUTADORA DE ESCRITORIO PROFESSIONAL 115"
26227,"MODELO",4312982,"COMPUTADORA DE ESCRITORIO PROFESSIONAL 116"
26227,"MODELO",4312983,"COMPUTADORA DE ESCRITORIO PROFESSIONAL 117"
26227,"MODELO",4312984,"COMPUTADORA DE ESCRITORIO PROFESSIONAL 118"
26227,"MODELO",4312985,"COMPUTADORA DE ESCRITORIO PROFESSIONAL 119"
26227,"MODELO",4312986,"COMPUTADORA DE ESCRITORIO PROFESSIONAL 120"
26227,"MODELO",4312987,"COMPUTADORA DE ESCRITORIO PROFESSIONAL 121"
26227,"MODELO",4312988,"COMPUTADORA DE ESCRITORIO PROFESSIONAL 122"
26227,"MODELO",4312989,"COMPUTADORA DE ESCRITORIO PROFESSIONAL 123"
26227,"MODELO",4312990,"COMPUTADORA DE ESCRITORIO PROFESSIONAL 124"
26227,"MODELO",4313009,"COMPUTADORA DE ESCRITORIO PROFESSIONAL 130"
26227,"MODELO",4313010,"COMPUTADORA DE ESCRITORIO PROFESSIONAL 131"
26227,"MODELO",2022350,"VISSION VO6760"
26227,"MODELO",3851200,"1K74SFL6A426"
26227,"MODELO",2144350,"AM25 I5B7601240023W"
26227,"MODELO",4226913,"ESU7M6S027"
26227,"MODELO",2811013,"0"
26227,"MODELO",2631037,"PIRAMIX-13900K"
26227,"MODELO",2631041,"QUBIT3 14° GEN"
26227,"MODELO",4227690,"PCIN-260150"
26227,"MODELO",4312938,"COMPUTADORA DE ESCRITORIO PROFESIONAL 125"
26227,"MODELO",4312940,"COMPUTADORA DE ESCRITORIO PROFESIONAL 127"
26227,"MODELO",4312942,"COMPUTADORA DE ESCRITORIO PROFESIONAL 129"
26227,"MODELO",4313011,"COMPUTADORA DE ESCRITORIO PROFESSIONAL 132"
26227,"MODELO",4313023,"COMPUTADORA DE ESCRITORIO PROFESSIONAL 137"
26227,"MODELO",4313024,"COMPUTADORA DE ESCRITORIO PROFESSIONAL 138"
26227,"MODELO",4313025,"COMPUTADORA DE ESCRITORIO PROFESSIONAL 139"
26227,"MODELO",4313026,"COMPUTADORA DE ESCRITORIO PROFESSIONAL 140"
26227,"MODELO",4313027,"COMPUTADORA DE ESCRITORIO PROFESSIONAL 141"
26227,"MODELO",2022120,"17JUM44F"
26227,"MODELO",2031611,"HP PRO SFF 400 G9 DESKTOP PC 8Y973LS#ABM-M1G"
26227,"MODELO",2910418,"TURING9 14° GEN"
26227,"MODELO",4227000,"PCIN-260004"
26227,"MODELO",4227023,"GMC9M6S030V12"
26227,"MODELO",1739092,"CORE I9 -STACION DE TRABAJO PRO FLASH ZYC00204"
26227,"MODELO",1726849,"3DT50S-7161SOH3-W-E"
26227,"MODELO",2903366,"OPTIWORK 6050 VX1696"
26227,"MODELO",3896884,"1,075.00"
26227,"MODELO",3896922,"MINI LUKE12"
26227,"MODELO",1783232,"DESKTOP001GCSCI912900K"
26227,"MODELO",1783245,"DESKTOP002GCSCI912900KSOP"
26227,"MODELO",2031625,"HP ELITE SFF 600 G9 DESKTOP PC - 8Y952LS#ABM-MD1"
26227,"MODELO",2031697,"HP ELITE SFF 600 G9 DESKTOP PC - 8Y952LS#ABM-OHMD1"
26227,"MODELO",2032572,"HP ELITE SFF 600 G9 DESKTOP PC 8D710LS#ABM."
26227,"MODELO",3851546,"1,706"
26227,"MODELO",2811008,"INTEL I9-12900K"
26227,"MODELO",2811009,"OPTIWORK 6090 VI"
26227,"MODELO",2898531,"OPTIWORK 6070 VX12"
26227,"MODELO",3776622,"TURING5 14° GEN"
26227,"MODELO",3776629,"TURING5 14° GEN"
26227,"MODELO",3776635,"TURING5 14° GEN"
26227,"MODELO",3776659,"TURING5 14° GEN"
26227,"MODELO",1765132,"E6SI5T302"
26227,"MODELO",3732061,"THINKCENTRE NEO 50T GEN 5"
26227,"MODELO",2625823,"TURING7 14° GEN"
26227,"MODELO",2625831,"TURING7 14° GEN"
26227,"MODELO",2625849,"TURING7 14° GEN"
26227,"MODELO",2625907,"TURING7 14° GEN"
26227,"MODELO",1755887,"MASTER LINE  GXII 110"
26227,"MODELO",2031649,"HP ELITE SFF 600 G9 DESKTOP PC - 8Y952LS#ABM-OHDM"
26227,"MODELO",2632436,"ABS14400032S1H0O3612"
26227,"MODELO",1901158,"ALLKA230552"
26227,"MODELO",2783447,"COMANDO PROFESIONAL"
26227,"MODELO",2589605,"SMART 14700"
26227,"MODELO",1742440,"OPTIWORK 6050 GPU NVIDIA RTX3050 8GB"
26227,"MODELO",1783714,"COMPUTADORA DE ESCRITORIO SUPERIOR DE ALTO RENDIMIENTO"
26227,"MODELO",2626410,"TURING7 14° GEN"
26227,"MODELO",2626426,"TURING7 14° GEN"
26227,"MODELO",2627365,"PIRAMIX-14900"
26227,"MODELO",2627419,"QUBIT5 14° GEN"
26227,"MODELO",2627424,"QUBIT5 14° GEN"
26227,"MODELO",1762738,"COOLER PROCESADOR MA410M ARGB"
26227,"MODELO",4220878,"VISSION VP5590"
26227,"MODELO",2788142,"OFISZU P30_SFF"
26227,"MODELO",1826285,"11K69K2C513"
26227,"MODELO",1737753,"CORE I9 -STACION DE TRABAJO PRO FLASH ZYC00198"
26227,"MODELO",1867700,"11K69K2J271"
26227,"MODELO",1867702,"VOPTIWORK 6090 GPU RTX 3060 TI 8GB"
26227,"MODELO",2625828,"TURING7 14° GEN"
26227,"MODELO",2625837,"TURING7 14° GEN"
26227,"MODELO",2625840,"TURING7 14° GEN"
26227,"MODELO",2625843,"TURING7 14° GEN"
26227,"MODELO",2625871,"TURING7 14° GEN"
26227,"MODELO",2625877,"TURING7 14° GEN"
26227,"MODELO",2625884,"TURING7 14° GEN"
26227,"MODELO",2611165,"PCAD3VP3300BWDA"
26227,"MODELO",3979496,"1K74KMTL7A0"
26227,"MODELO",4229140,"I7B716GB1TF"
26227,"MODELO",4229184,"SMART GOLD 225"
26227,"MODELO",2010586,"ARCANUS TIN"
26227,"MODELO",1747338,"11TFS19100"
26227,"MODELO",2628004,"QUBIT3 14° GEN"
26227,"MODELO",2628015,"QUBIT3 14° GEN"
26227,"MODELO",4220857,"VISSION RP5770"
26227,"MODELO",2788143,"HPRIME 3070 VI"
26227,"MODELO",2625933,"TURING7 14° GEN"
26227,"MODELO",1954683,"OD32008N1B3S"
26227,"MODELO",2138953,"FORTIN-13400 MDP2305L1O4YG"
26227,"MODELO",2783629,"COMPUTADORA PROFESIONAL PREMIUN"
26227,"MODELO",1786865,"11K69K2B015"
26227,"MODELO",1783712,"COMPUTADORA DE ESCRITORIO ESTANDAR DE ALTO RENDIMIENTO"
26227,"MODELO",3862191,"1K54SFL7A046"
26227,"MODELO",2599717,"VISSION VP3370"
26227,"MODELO",2787217,"HPRIME  3070 VIHPRIME  3070 VI"
26227,"MODELO",2787236,"HPRIME  3070 VIRR"
26227,"MODELO",2787259,"PCNEWK5_017"
26227,"MODELO",2787280,"PCNEWK5_022"
26227,"MODELO",2787333,"OFISZU P70_SFF"
26227,"MODELO",2611366,"PRIME RL"
26227,"MODELO",2138955,"FORTIN-13400 MDP2305YVT9D3"
26227,"MODELO",2512467,"25JUM6E4"
26227,"MODELO",2023820,"ALLKA231413"
26227,"MODELO",4208536,"DELL PRO SLIM PLUS"
26227,"MODELO",1748921,"VISSION VO3570"
26227,"MODELO",1747687,"FALCON CRD083"
26227,"MODELO",1783643,"11K69K2A194"
26227,"MODELO",1737865,"CORE I9 -STACION DE TRABAJO PRO FLASH ZYC00199"
26227,"MODELO",1868125,"INVADER TIN313"
26227,"MODELO",1954591,"27JUS4S98"
26227,"MODELO",1954599,"OD42003Q1B3S"
26227,"MODELO",1879557,"11K69K2K444"
26227,"MODELO",3981370,"ELUNE5"
26227,"MODELO",1803616,"11K69K2C452"
26227,"MODELO",2783560,"COMPUTADORA DEFENDER SUPERIOR"
26227,"MODELO",1783880,"11K69K2A391"
26227,"MODELO",1779531,"ARCANUS T370"
26227,"MODELO",2787319,"TURING5 14° GEN"
26227,"MODELO",2138951,"FORTIN-13400 MDP2305H7R7Q6"
26227,"MODELO",1737897,"CORE I9 -STACION DE TRABAJO PRO FLASH ZYC00200"
26227,"MODELO",2611266,"PCAD3VP3500BWDA"
26227,"MODELO",2630030,"QUBIT3 14° GEN"
26227,"MODELO",1803835,"QUBIT7"
26227,"MODELO",1749274,"E6SI5E315SB"
26227,"MODELO",1779601,"INVADER V350"
26227,"MODELO",3810831,"TITAN ULTRA 7"
26227,"MODELO",2629559,"QUBIT3 14° GEN"
26227,"MODELO",1803910,"PRIME 3070"
26227,"MODELO",2795172,"PCNEWK5_103"
26227,"MODELO",1779391,"ARCANUS T350"
26227,"MODELO",2800863,"1K35KSL7A0"
26227,"MODELO",1737882,"CPUALKAI52097"
26227,"MODELO",1738064,"CORE I9 -STACION DE TRABAJO PRO FLASH ZYC00203"
26227,"MODELO",2795252,"PCNEWK5_104"
26227,"MODELO",2588769,"THINKCENTRE NEO 50T GEN 4"
26227,"MODELO",2599864,"VP1570"
26227,"MODELO",1737972,"CORE I9 -STACION DE TRABAJO PRO FLASH ZYC00201"
26227,"MODELO",1738002,"CORE I9 -STACION DE TRABAJO PRO FLASH ZYC00202"
26227,"MODELO",4084112,"E7S5C012"
26227,"MODELO",1730603,"1184.10"
26227,"MODELO",2630798,"QUBIT3 14° GEN"
26227,"MODELO",2630806,"QUBIT3 14° GEN"
26227,"MODELO",4069473,"PC-M5-2025"
26227,"MODELO",2625996,"TURING7 14° GEN"
26227,"MODELO",2626007,"TURING7 14° GEN"
26227,"MODELO",2626329,"TURING7 14° GEN"
26227,"MODELO",2626371,"TURING7 14° GEN"
26227,"MODELO",2626386,"TURING7 14° GEN"
26227,"MODELO",3778691,"TURING5 14° GEN"
26227,"MODELO",3778842,"TURING7 14° GEN"
26227,"MODELO",3778892,"TURING7 14° GEN"
26227,"MODELO",3778902,"TURING7 14° GEN"
26227,"MODELO",3778907,"TURING7 14° GEN"
26227,"MODELO",3778912,"TURING7 14° GEN"
26227,"MODELO",3778915,"TURING7 14° GEN"
26227,"MODELO",3810862,"OPTIWORK SFF 3050"
26227,"MODELO",3131398,"PRO I3 GEN 13"
26227,"MODELO",1902781,"OD42008Q1G3S"
26227,"MODELO",3763861,"ELITE-SFF"
26227,"MODELO",1836801,"D700SDES"
26227,"MODELO",2777187,"TURING7 14° GEN"
26227,"MODELO",2777197,"TURING7 14° GEN"
26227,"MODELO",2032993,"HP ELITE SFF 600 G9 DESKTOP PC - 81C53LS#ABM-MD3"
26227,"MODELO",2033095,"SMART PLATINUM 13900K"
26227,"MODELO",2034337,"ARTEC PC 12 EXTREME"
26227,"MODELO",1723608,"HP Z2 G9 SFF WORKSTATION"
26227,"MODELO",2630865,"QUBIT3 14° GEN"
26227,"MODELO",2630886,"QUBIT3 14° GEN"
26227,"MODELO",2630907,"Q3161S1HN-14-WD-WP-SF-OP"
26227,"MODELO",2630908,"QUBIT3 14° GEN"
26227,"MODELO",3780275,"TURING5 14° GEN"
26227,"MODELO",3780324,"TURING5 14° GEN"
26227,"MODELO",3780337,"TURING5 14° GEN"
26227,"MODELO",3778831,"TURING7 14° GEN"
26227,"MODELO",3778856,"TURING7 14° GEN"
26227,"MODELO",3778867,"TURING7 14° GEN"
26227,"MODELO",3778873,"TURING7 14° GEN"
26227,"MODELO",3778923,"TURING7 14° GEN"
26227,"MODELO",1971676,"AM29"
26227,"MODELO",1971735,"MT741BH3PHE"
26227,"MODELO",3378977,"MATX3 C100-0011"
26227,"MODELO",1836930,"11K69K2E250"
26227,"MODELO",2034752,"ARTEC MINI PC 12 PROFESIONAL"
26227,"MODELO",4084075,"E7S5C001"
26227,"MODELO",1723643,"PC-M12022"
26227,"MODELO",3755388,"EZENT S30"
26227,"MODELO",2148770,"SMARTI5-12400"
26227,"MODELO",4101789,"VISSION VP9880"
26227,"MODELO",3780413,"TURING5 14° GEN"
26227,"MODELO",3780435,"TURING5 14° GEN"
26227,"MODELO",3780442,"TURING7 14° GEN"
26227,"MODELO",3780455,"TURING7 14° GEN"
26227,"MODELO",3780504,"ULTRAHT"
26227,"MODELO",3778880,"TURING7 14° GEN"
26227,"MODELO",3778886,"TURING7 14° GEN"
26227,"MODELO",2797115,"OPTIWORK 6050 V2"
26227,"MODELO",2797148,"TURING5 14° GEN"
26227,"MODELO",4088316,"HP PRODESK 4 MINI G1I DESKTOP AI PC"
26227,"MODELO",1753726,"MASTER LINE  GX 140"
26227,"MODELO",1759203,"INVADER VIN313"
26227,"MODELO",3978903,"1K74KMTL7A046"
26227,"MODELO",3778927,"TURING7 14° GEN"
26227,"MODELO",3810864,"OPTIWORK SFF 3070"
26227,"MODELO",1902551,"SK27B76A240"
26227,"MODELO",1972858,"SK19B56A844"
26227,"MODELO",2778524,"ALLKAMMF240HL4V"
26227,"MODELO",3379304,"MATX3 C100-0018"
26227,"MODELO",3138423,"DG14-716S1H4WOH43"
26227,"MODELO",3138519,"VISSION VO7680"
26227,"MODELO",1999481,"VISSION VO6460"
26227,"MODELO",1999488,"VISSION VP6460"
26227,"MODELO",4088461,"1019"
26227,"MODELO",1730291,"QUBIT3"
26227,"MODELO",2890188,"VISSION VO6780"
26227,"MODELO",2778609,"TURING5 14° GEN"
26227,"MODELO",4273559,"2190"
26227,"MODELO",3379460,"MATX5 C100-0005"
26227,"MODELO",4088505,"1184"
26227,"MODELO",3132891,"THINKCENTRE NEO 50S GEN 4"
26227,"MODELO",2778737,"TURING5 14° GEN"
26227,"MODELO",3379477,"MATX5 C100-0007"
26227,"MODELO",3379508,"MATX5 C100-0010"
26227,"MODELO",3379542,"MATX5 C100-0011"
26227,"MODELO",2652664,"AR"
26227,"MODELO",2773042,"GENWORK D50S_MT"
26227,"MODELO",2778799,"TURING5 14° GEN"
26227,"MODELO",1773444,"COMPUTADORA PROFESSIONAL XII"
26228,"NRO_PARTE",,
26423,"EMPAQUE_DE_FABRICA",1597408,"EN: CAJA"
26423,"EMPAQUE_DE_FABRICA",1661112,"EN: CAJA"
51106,"SISTEMA_DE_MANEJO_RAEE",3716331,"SIST. MANEJO RAEE: COLECTIVO"
51106,"SISTEMA_DE_MANEJO_RAEE",3716333,"SIST. MANEJO RAEE: INDIVIDUAL"
26229,"CERTIFICACION",1597409,"ISO 9001"
26229,"CERTIFICACION",1597410,"TCO"
26229,"CERTIFICACION",1597411,"VCCI - JAPON"
26229,"CERTIFICACION",1597412,"EPEAT"
26229,"CERTIFICACION",1597413,"BSMI - Taiwan Mark"
26229,"CERTIFICACION",1597414,"GOST-R Rusia"
26229,"CERTIFICACION",1597415,"EPA 5.0"
26229,"CERTIFICACION",1597416,"cCSAus"
26229,"CERTIFICACION",1597417,"TUV/S S-Mark (Japan)"
26229,"CERTIFICACION",1597418,"CE O UE"
26229,"CERTIFICACION",1597419,"UL"
26229,"CERTIFICACION",1597420,"ENERGY STAR"
26229,"CERTIFICACION",1597421,"RoHS"
26229,"CERTIFICACION",1597422,"EuP/ErP"
26229,"CERTIFICACION",1597423,"FCC - EE. UU."
26229,"CERTIFICACION",1597424,"WEEE"
26229,"CERTIFICACION",1661113,"GREENGUARD"
26229,"CERTIFICACION",1661114,"GOST-R Rusia"
26229,"CERTIFICACION",1661115,"BSMI - Taiwan Mark"
26229,"CERTIFICACION",1661116,"FCC - EE. UU."
26229,"CERTIFICACION",1661117,"WEEE"
26229,"CERTIFICACION",1661118,"ISO 9001"
26229,"CERTIFICACION",1661119,"EPA 5.0"
26229,"CERTIFICACION",1661120,"VCCI - JAPON"
26229,"CERTIFICACION",1661121,"TCO"
26229,"CERTIFICACION",1661122,"MIL-STD-810G"
26229,"CERTIFICACION",1661123,"ISO 14001"
26229,"CERTIFICACION",1661124,"TUV/S S-Mark (Japan)"
26229,"CERTIFICACION",1661125,"EuP/ErP"
26229,"CERTIFICACION",1661126,"ENERGY STAR"
26229,"CERTIFICACION",1661127,"RoHS"
26229,"CERTIFICACION",1661128,"EPEAT"
26229,"CERTIFICACION",1661129,"cCSAus"
26229,"CERTIFICACION",1661130,"UL"
26229,"CERTIFICACION",1661131,"CE O UE"
26229,"CERTIFICACION",1661132,"MIL-STD 810H"
