ID_Caracteristica,Nombre_Caracteristica,ID_Valor,Nombre_Valor
26269,"PANTALLA",3745551,"PANTALLA: LCD CON RETROILUMINACION LED 33.9"" 3440X1440 PIXELES"
26269,"PANTALLA",1675425,"PANTALLA: LCD CON RETROILUMINACION LED 15.0"" 1024X768 PIXELES"
26269,"PANTALLA",1675426,"PANTALLA: LCD CON RETROILUMINACION LED 28.2"" 3840X2560 PIXELES"
26269,"PANTALLA",1675427,"PANTALLA: LCD CON RETROILUMINACION LED 43"" 3840 x 2160 PIXELES"
26269,"PANTALLA",1675428,"PANTALLA: LCD CON RETROILUMINACION LED 55"" 3840 x 2160 PIXELES"
26269,"PANTALLA",1675429,"PANTALLA: LCD CON RETROILUMINACION LED 50"" 3840 x 2160 PIXELES"
26269,"PANTALLA",1675430,"PANTALLA: LCD CON RETROILUMINACION LED 65"" 3840 x 2160 PIXELES"
26269,"PANTALLA",1675431,"PANTALLA: LCD CON RETROILUMINACION LED 32.0"" 1920X1080 PIXELES"
26269,"PANTALLA",1675432,"PANTALLA: LCD CON RETROILUMINACION LED 34.0"" 3440X1440 PIXELES"
26269,"PANTALLA",1675433,"PANTALLA: LCD CON RETROILUMINACION LED 25.0"" 2560X1080 PIXELES"
26269,"PANTALLA",1675434,"PANTALLA: LCD CON RETROILUMINACION LED 30.0"" 2560X1600 PIXELES"
26269,"PANTALLA",1675435,"PANTALLA: LCD CON RETROILUMINACION LED 31.5"" 1920X1080 PIXELES"
26269,"PANTALLA",1675436,"PANTALLA: LCD CON RETROILUMINACION LED 27.0"" 2560X1440 PIXELES"
26269,"PANTALLA",1675437,"PANTALLA: LCD CON RETROILUMINACION LED 32.0"" 1366X768 PIXELES"
26269,"PANTALLA",1675438,"PANTALLA: LCD CON RETROILUMINACION LED 24.0"" 1920X1080 PIXELES"
26269,"PANTALLA",1675439,"PANTALLA: LCD CON RETROILUMINACION LED 27.0"" 3840X2160 PIXELES"
26269,"PANTALLA",1675440,"PANTALLA: LCD CON RETROILUMINACION LED 49.0"" 1920X1080 PIXELES"
26269,"PANTALLA",1675441,"PANTALLA: LCD CON RETROILUMINACION LED 75.0"" 3480X2160 PIXELES"
26269,"PANTALLA",1675442,"PANTALLA: LCD CON RETROILUMINACION LED 37.5"" 3840X1600 PIXELES"
26269,"PANTALLA",1675443,"PANTALLA: LCD CON RETROILUMINACION LED 24.0"" 1920X1200 PIXELES"
26269,"PANTALLA",1675444,"PANTALLA: LCD CON RETROILUMINACION LED 23.8"" 1920X1080 PIXELES"
26269,"PANTALLA",1675445,"PANTALLA: LCD CON RETROILUMINACION LED 23.6"" 1920X1080 PIXELES"
26269,"PANTALLA",1675446,"PANTALLA: LCD CON RETROILUMINACION LED 19.45"" 1600X900 PIXELES"
26269,"PANTALLA",1675447,"PANTALLA: LCD CON RETROILUMINACION LED 21.5"" 1920X1080 PIXELES"
26269,"PANTALLA",1675448,"PANTALLA: LCD CON RETROILUMINACION LED 23.0"" 1920X1080 PIXELES"
26269,"PANTALLA",1675449,"PANTALLA: LCD CON RETROILUMINACION LED 27.0"" 1920X1080 PIXELES"
26269,"PANTALLA",1675450,"PANTALLA: LCD CON RETROILUMINACION LED 22.5"" 1920X1200 PIXELES"
26269,"PANTALLA",1675451,"PANTALLA: LCD CON RETROILUMINACION LED 20.0"" 1600X900 PIXELES"
26269,"PANTALLA",1675452,"PANTALLA: LCD CON RETROILUMINACION LED 32"" 3840X2160 PIXELES"
26269,"PANTALLA",1675453,"PANTALLA: LCD CON RETROILUMINACION LED 31.5"" 2560X1440 PIXELES"
26269,"PANTALLA",1675454,"PANTALLA: LCD CON RETROILUMINACION LED 19.5"" 1600X900 PIXELES"
26269,"PANTALLA",1675455,"PANTALLA: LCD CON RETROILUMINACION LED 42.5"" 3840X2160 PIXELES"
26269,"PANTALLA",1675456,"PANTALLA: LCD CON RETROILUMINACION LED 20.7"" 1920X1080 PIXELES"
26269,"PANTALLA",1675457,"PANTALLA: LCD CON RETROILUMINACION LED 31.1"" 1920X1200 PIXELES"
26269,"PANTALLA",1675458,"PANTALLA: LCD CON RETROILUMINACION LED 48.9"" 3840X1080 PIXELES"
26269,"PANTALLA",1675459,"PANTALLA: LCD CON RETROILUMINACION LED 18.5"" 1440X900 PIXELES"
26269,"PANTALLA",1675460,"PANTALLA: LCD CON RETROILUMINACION LED 31.1"" 4096X2160 PIXELES"
26269,"PANTALLA",1675461,"PANTALLA: LCD CON RETROILUMINACION LED 31.5"" 3840X2160 PIXELES"
26269,"PANTALLA",1675462,"PANTALLA: LCD CON RETROILUMINACION LED 49.0"" 5120X1440 PIXELES"
26269,"PANTALLA",1675463,"PANTALLA: LCD CON RETROILUMINACION LED 19.5"" 1366X768 PIXELES"
26269,"PANTALLA",1675464,"PANTALLA: LCD CON RETROILUMINACION LED 28.0"" 1920X1080 PIXELES"
26269,"PANTALLA",1675465,"PANTALLA: LCD CON RETROILUMINACION LED 42.0"" 1920X1080 PIXELES"
26269,"PANTALLA",1675466,"PANTALLA: LCD CON RETROILUMINACION LED 27.0"" 5120X2880 PIXELES"
26269,"PANTALLA",1675467,"PANTALLA: LCD CON RETROILUMINACION LED 29.0"" 2560X1080 PIXELES"
26269,"PANTALLA",1675468,"PANTALLA: LCD CON RETROILUMINACION LED 17.0"" 1280X1024 PIXELES"
26269,"PANTALLA",1675469,"PANTALLA: LCD CON RETROILUMINACION LED 27.0"" 1980X1080 PIXELES"
26269,"PANTALLA",1675470,"PANTALLA: LCD CON RETROILUMINACION LED 19.5"" 1440X900 PIXELES"
26269,"PANTALLA",1675471,"PANTALLA: LCD CON RETROILUMINACION LED 22.0"" 1680X1050 PIXELES"
26269,"PANTALLA",1675472,"PANTALLA: LCD CON RETROILUMINACION LED 23.8"" 2560X1440 PIXELES"
26269,"PANTALLA",1675473,"PANTALLA: LCD CON RETROILUMINACION LED 29.9"" 2560X1600 PIXELES"
26269,"PANTALLA",1675474,"PANTALLA: LCD CON RETROILUMINACION LED 23.5"" 1366X768 PIXELES"
26269,"PANTALLA",1675475,"PANTALLA: LCD CON RETROILUMINACION LED 19.5"" 1920X1080 PIXELES"
26269,"PANTALLA",1675476,"PANTALLA: LCD CON RETROILUMINACION LED 18.5"" 1366X768 PIXELES"
26269,"PANTALLA",1675477,"PANTALLA: LCD CON RETROILUMINACION LED 78.0"" 4096X4096 PIXELES"
26269,"PANTALLA",1675478,"PANTALLA: LCD CON RETROILUMINACION LED 39.0"" 1360X768 PIXELES"
26269,"PANTALLA",1675479,"PANTALLA: LCD CON RETROILUMINACION LED 22.0"" 1920X1080 PIXELES"
26269,"PANTALLA",1675480,"PANTALLA: LCD CON RETROILUMINACION LED 31.5"" 1366X768 PIXELES"
26269,"PANTALLA",1675481,"PANTALLA: LCD CON RETROILUMINACION LED 28.0"" 3840X2160 PIXELES"
26269,"PANTALLA",1675482,"PANTALLA: LCD CON RETROILUMINACION LED 27.5"" 1366X768 PIXELES"
26269,"PANTALLA",1675483,"PANTALLA: LCD CON RETROILUMINACION LED 23.0"" 1366X768 PIXELES"
26269,"PANTALLA",1675484,"PANTALLA:LCD CON RETROILUMINACION LED 23.8"" 3840X2160 PIXELES"
26269,"PANTALLA",1675485,"PANTALLA: LCD CON RETROILUMINACION LED 34.0"" 2560X1080 PIXELES"
26269,"PANTALLA",1675486,"PANTALLA: LCD CON RETROILUMINACION LED 15.6"" 1366X768 PIXELES"
26269,"PANTALLA",1675487,"PANTALLA: LCD CON RETROILUMINACION LED 23.6"" 1366X768 PIXELES"
26269,"PANTALLA",1675488,"PANTALLA: LCD CON RETROILUMINACION LED 24.0"" 1366X768 PIXELES"
26269,"PANTALLA",1675489,"PANTALLA: LCD CON RETROILUMINACION LED 23.5"" 1920X1080 PIXELES"
26269,"PANTALLA",1675490,"PANTALLA: LCD CON RETROILUMINACION LED 55.0"" 3480X2160 PIXELES"
26269,"PANTALLA",1675491,"PANTALLA: LCD CON RETROILUMINACION LED 35.0"" 3440X1440 PIXELES"
26269,"PANTALLA",1675492,"PANTALLA: LCD CON RETROILUMINACION LED 24.5"" 1920X1080 PIXELES"
26269,"PANTALLA",1675493,"PANTALLA: LCD CON RETROILUMINACION LED 21.5"" 1920X1200 PIXELES"
26269,"PANTALLA",1675494,"PANTALLA: LCD CON RETROILUMINACION LED 54.64"" 3840X2160 PIXELES"
26269,"PANTALLA",1675495,"PANTALLA: LCD CON RETROILUMINACION LED 43.0"" 1920X1080 PIXELES"
26269,"PANTALLA",1675496,"PANTALLA: LCD CON RETROILUMINACION LED 21.45"" 1920X1080 PIXELES"
26269,"PANTALLA",1675497,"PANTALLA: LCD CON RETROILUMINACION LED 25.0"" 2560X1440 PIXELES"
26269,"PANTALLA",1675498,"PANTALLA: LCD CON RETROILUMINACION LED 31.5"" 7680X4320 PIXELES"
26269,"PANTALLA",1675499,"PANTALLA: LCD CON RETROILUMINACION LED 85.6"" 3840X2160 PIXELES"
26269,"PANTALLA",1675500,"PANTALLA: LCD CON RETROILUMINACION LED 69.5"" 1920X1080 PIXELES"
26269,"PANTALLA",1675501,"PANTALLA: LCD CON RETROILUMINACION LED 34.14"" 3440X1440 PIXELES"
26269,"PANTALLA",4023582,"PANTALLA: OLED CON PIXELES DE ILUMINACION PROPIA 49.0"" 5120X1440 PIXELES"
26269,"PANTALLA",4023581,"PANTALLA: OLED CON PIXELES DE ILUMINACION PROPIA 34.0"" 3440X1440 PIXELES"
26269,"PANTALLA",1729999,"PANTALLA: LCD CON RETROILUMINACION LED 14.0"" 1920X1080 PIXELES"
26269,"PANTALLA",4051177,"PANTALLA: OLED CON PIXELES DE ILUMINACION PROPIA 31.5"" 3840X2160 PIXELES"
26269,"PANTALLA",4023579,"PANTALLA: OLED CON PIXELES DE ILUMINACION PROPIA 27.0"" 3840X2160 PIXELES"
26269,"PANTALLA",4023578,"PANTALLA: OLED CON PIXELES DE ILUMINACION PROPIA 27.0"" 2560X1440 PIXELES"
26269,"PANTALLA",4023580,"PANTALLA: OLED CON PIXELES DE ILUMINACION PROPIA 32.0"" 3840X2160 PIXELES"
26269,"PANTALLA",2611031,"PANTALLA: LCD CON RETROILUMINACION LED 57.0"" 7680X2160 PIXELES"
26269,"PANTALLA",3995171,"PANTALLA: LCD CON RETROILUMINACION LED 25.0"" 1920X1080 PIXELES"
26269,"PANTALLA",3137378,"PANTALLA: LCD CON RETROILUMINACION LED 44.5"" 5120X1440 PIXELES"
26269,"PANTALLA",3137430,"PANTALLA: LCD CON RETROILUMINACION LED TACTIL 23.8"" 1920X1080 PIXELES"
26269,"PANTALLA",3995167,"PANTALLA: LCD CON RETROILUMINACION LED 24.0"" 2560X1440 PIXELES"
26269,"PANTALLA",1739034,"PANTALLA: LCD CON RETROILUMINACION LED 27.6"" 2560X2880 PIXELES"
26269,"PANTALLA",1739035,"PANTALLA: LCD CON RETROILUMINACION LED 25.7"" 2560X1080 PIXELES"
26269,"PANTALLA",2611029,"PANTALLA: LCD CON RETROILUMINACION LED 32.0"" 2560X1440 PIXELES"
26269,"PANTALLA",1730412,"PANTALLA: LCD CON RETROILUMINACION LED 39.7"" 5120X2160 PIXELES"
26269,"PANTALLA",4149101,"PANTALLA: LCD CON RETROILUMINACION LED 37.0"" 3840X2160 PIXELES"
26270,"CONECTIVIDAD_LAN",1675502,"LAN: NO"
26270,"CONECTIVIDAD_LAN",1675503,"LAN: SI"
26271,"CONECTIVIDAD_WLAN",1675504,"WLAN: SI"
26271,"CONECTIVIDAD_WLAN",1675505,"WLAN: NO"
26272,"CONECTIVIDAD_USB",1675506,"USB: NO"
26272,"CONECTIVIDAD_USB",1675507,"USB: SI"
26273,"VIDEO_VGA",1675508,"VGA: SI"
26273,"VIDEO_VGA",1675509,"VGA: NO"
26274,"VIDEO_HDMI",1675510,"HDMI: NO"
26274,"VIDEO_HDMI",1675511,"HDMI: SI"
26275,"GARANTIA_DE_FABRICA",1675512,"G. F: 12 MESES ON-SITE"
26275,"GARANTIA_DE_FABRICA",1675513,"G. F: 60 MESES ON-SITE"
26275,"GARANTIA_DE_FABRICA",1675514,"G. F: 12 MESES CARRY-IN"
26275,"GARANTIA_DE_FABRICA",1675515,"G. F: 24 MESES CARRY-IN"
26275,"GARANTIA_DE_FABRICA",1675516,"G. F: 48 MESES ON-SITE"
26275,"GARANTIA_DE_FABRICA",1675517,"G. F: 60 MESES CARRY-IN"
26275,"GARANTIA_DE_FABRICA",1675518,"G. F: 24 MESES ON-SITE"
26275,"GARANTIA_DE_FABRICA",1675519,"G. F: 36 MESES ON-SITE"
26275,"GARANTIA_DE_FABRICA",1675520,"G. F: 36 MESES CARRY-IN"
26275,"GARANTIA_DE_FABRICA",1675521,"G. F: 48 MESES CARRY-IN"
26276,"UNIDAD",1675522,"UNIDAD"
26277,"MARCA",4022935,"OSB"
26277,"MARCA",2501152,"GAMEMAX"
26277,"MARCA",3709921,"MARCA: ADVANCE"
26277,"MARCA",3709922,"MARCA: SAMSUNG"
26277,"MARCA",3709923,"MARCA: HP"
26277,"MARCA",3709924,"MARCA: VASTEC"
26277,"MARCA",3709925,"MARCA: DELL"
26277,"MARCA",3709926,"MARCA: LENOVO"
26277,"MARCA",3709927,"MARCA: AOC"
26277,"MARCA",3709928,"MARCA: ASUS"
26277,"MARCA",3709929,"MARCA: CIBER"
26277,"MARCA",3709930,"MARCA: LG"
26277,"MARCA",3709931,"MARCA: TEROS"
26277,"MARCA",3709932,"MARCA: VIEWSONIC"
26277,"MARCA",4040433,"ANAX"
26277,"MARCA",1675523,"MAXTIC"
26277,"MARCA",1675524,"Q T-GLICH"
26277,"MARCA",1675525,"NEW KRAL"
26277,"MARCA",1675526,"POS-D"
26277,"MARCA",1675527,"HAO TECH"
26277,"MARCA",1675528,"TEROS"
26277,"MARCA",1675530,"SILVER VOLT"
26277,"MARCA",1675531,"GCS"
26277,"MARCA",1675532,"UNIVIEW"
26277,"MARCA",1675533,"RHINOBOX"
26277,"MARCA",1675534,"DELL"
26277,"MARCA",1675535,"BENQ"
26277,"MARCA",1675536,"ECOTREND"
26277,"MARCA",1675537,"ACER"
26277,"MARCA",1675538,"AOC"
26277,"MARCA",1675539,"MSI"
26277,"MARCA",1675540,"HP"
26277,"MARCA",1675541,"LG"
26277,"MARCA",1675542,"ADVANCE"
26277,"MARCA",1675543,"PHILIPS"
26277,"MARCA",1675544,"VIEWSONIC"
26277,"MARCA",1675545,"PANASONIC"
26277,"MARCA",1675546,"BI-BRIGHT"
26277,"MARCA",1675547,"NEUIMAGE"
26277,"MARCA",1675548,"SAMSUNG"
26277,"MARCA",1675549,"LENOVO"
26277,"MARCA",1675550,"BOXLIHT MIMIO"
26277,"MARCA",1675551,"TRAUBOARD"
26277,"MARCA",1675552,"FUJITSU"
26277,"MARCA",1675553,"ADLINK"
26277,"MARCA",1675554,"QOSOFT"
26277,"MARCA",3305938,"SHARP"
26277,"MARCA",1675555,"HANDEEL"
26277,"MARCA",1675556,"KENYA"
26277,"MARCA",1675557,"VASTEC"
26277,"MARCA",1675558,"INSOMED"
26277,"MARCA",1675559,"CIBER"
26277,"MARCA",1675560,"ASUS"
26277,"MARCA",1675561,"GIGABYTE"
26277,"MARCA",1675562,"M4X"
26277,"MARCA",1675563,"HUAWEI"
26277,"MARCA",4040660,"ECONORACKS"
26277,"MARCA",3928179,"MARCA: MADI-TEK"
26277,"MARCA",3761388,"MARCA: MICRONICS"
26277,"MARCA",4275368,"T ITED"
26277,"MARCA",1721332,"ZKT ECO"
26277,"MARCA",4223442,"TCL"
26277,"MARCA",3916469,"MEGA CHAMBI"
26277,"MARCA",4104516,"(H)TOOLS"
26277,"MARCA",4104515,"BUGUI(H)"
26277,"MARCA",2502076,"HG HALION"
26277,"MARCA",2906849,"KENYA TECHNOLOGY"
26277,"MARCA",4219324,"SKYON"
26277,"MARCA",1729983,"QUAMTU"
26277,"MARCA",1937432,"ARTEC"
26277,"MARCA",1937455,"JFA TECHNOLOGY"
26277,"MARCA",4136772,"SURCO"
26277,"MARCA",3755249,"H HANERT"
26277,"MARCA",4103473,"EBSAN"
26277,"MARCA",4319501,"QNT TECHNOLOGIES"
26277,"MARCA",1752529,"GROWTH HACK"
26277,"MARCA",1754474,"SIKER"
26277,"MARCA",1835881,"HALION"
26277,"MARCA",1835920,"ALLWIYA"
26277,"MARCA",2611062,"WORLDLIFE"
26277,"MARCA",3731673,"VALHALLA"
26277,"MARCA",4220363,"ROTEXOR"
26277,"MARCA",2641969,"XBYTE"
26278,"MODELO",3136140,"HP Z24Q G3 QHD"
26278,"MODELO",3136150,"HP SERIES 7 PRO 27 4K CONFERENCING - 727PM"
26278,"MODELO",3136155,"HP SERIES 7 PRO 27 4K THUNDERBOLT 4 - 727PK"
26278,"MODELO",1729222,"HP E24U G4"
26278,"MODELO",2464760,"QHD HP P32U G5 USB-C"
26278,"MODELO",2022206,"32CM8G"
26278,"MODELO",1937298,"27MQ400"
26278,"MODELO",2895993,"VX2718-PC-MHD"
26278,"MODELO",2125540,"22E1H"
26278,"MODELO",3136115,"HP SERIES 7 PRO 24 WUXGA - 724PN"
26278,"MODELO",3136129,"HP SERIES 7 PRO 23.8 FHD - 724PF"
26278,"MODELO",3136146,"HP SERIES 7 PRO 39.7 5K2K CONFERENCING -740PM"
26278,"MODELO",3136355,"HP SERIES 5 PRO 23.8 FHD - 524PF"
26278,"MODELO",2895912,"HT-PDHU6010"
26278,"MODELO",2896089,"VA1655"
26278,"MODELO",2464804,"FHD HP E24U G5 USB-C"
26278,"MODELO",4022719,"G91F"
26278,"MODELO",2625969,"S32D700EAL"
26278,"MODELO",2464909,"QHD HP E27U G5 USB-C"
26278,"MODELO",2464940,"HP P204V 19.5-INCH"
26278,"MODELO",1937616,"27QN600"
26278,"MODELO",3136390,"HP SERIES 3 PRO 23.8 FHD - 324PF"
26278,"MODELO",2896171,"VX2418-P-MHD"
26278,"MODELO",1722103,"LS34J550"
26278,"MODELO",2565167,"4K HP P32K G5 USB-C"
26278,"MODELO",1954970,"TD2423D"
26278,"MODELO",1955062,"TD2430"
26278,"MODELO",1722096,"LF27T35"
26278,"MODELO",2748017,"TE-2731S"
26278,"MODELO",1969958,"TD2465"
26278,"MODELO",4232218,"ADV-2456S"
26278,"MODELO",4232228,"ADV-2752S"
26278,"MODELO",4231259,"VA270A-H"
26278,"MODELO",2142371,"24GQ50F"
26278,"MODELO",1719183,"TE-3177N"
26278,"MODELO",4018930,"TE-2715CS"
26278,"MODELO",2489735,"VG249Q1A"
26278,"MODELO",2142373,"27GR75Q"
26278,"MODELO",2022830,"27MQ400-B"
26278,"MODELO",1968741,"MONITOR S2722DCE"
26278,"MODELO",4232428,"RAITO M24V"
26278,"MODELO",4232444,"RAITO M25P"
26278,"MODELO",4232473,"RAITO M32K"
26278,"MODELO",2032724,"GW2780"
26278,"MODELO",3721136,"HP SERIES 5 PRO 34 INCH WQHD USB-C CONFERENCING MONITOR - 534PM"
26278,"MODELO",2489664,"VP227HE"
26278,"MODELO",4135897,"TE_3412G"
26278,"MODELO",2771830,"S32DM500EL"
26278,"MODELO",2771842,"S32DM801UL"
26278,"MODELO",1837339,"THINKVISION P27Q-30"
26278,"MODELO",2779654,"VY279HF"
26278,"MODELO",2779578,"BE24ECSBT"
26278,"MODELO",2500578,"THINKVISION E22-30"
26278,"MODELO",2779674,"VZ24EHF"
26278,"MODELO",2779695,"VZ27EHF"
26278,"MODELO",2500586,"THINKVISION E24-30"
26278,"MODELO",2149754,"55CG9"
26278,"MODELO",2021357,"27QN600-B"
26278,"MODELO",2024775,"VY279HE"
26278,"MODELO",2024766,"MA431"
26278,"MODELO",1837688,"32UN550-W"
26278,"MODELO",2149809,"24BR650B"
26278,"MODELO",2631164,"VA24EQSB"
26278,"MODELO",2631177,"VA27EQSB"
26278,"MODELO",2162682,"24MQ400"
26278,"MODELO",2440801,"26WQ500"
26278,"MODELO",1675564,"MONITOR HP E27 G4"
26278,"MODELO",1675565,"MONITOR HP P24H G4"
26278,"MODELO",1675566,"C5519Q"
26278,"MODELO",1675567,"24B2XHM"
26278,"MODELO",1675568,"43UP771C"
26278,"MODELO",1675569,"MONITOR P2418HZ"
26278,"MODELO",1675570,"MONITOR HP Z27Q G3"
26278,"MODELO",1675571,"MONITOR HP P24 G4"
26278,"MODELO",1675572,"28MQ780-B"
26278,"MODELO",1675573,"32GN50R-B"
26278,"MODELO",1675574,"THINKVISION E22-20"
26278,"MODELO",1675575,"MONITOR U3421WE"
26278,"MODELO",1675576,"29WQ600-B"
26278,"MODELO",1675577,"29WQ600-W"
26278,"MODELO",1675578,"MONITOR E2222H"
26278,"MODELO",1675579,"27GP750-B"
26278,"MODELO",1675580,"ADV-5023"
26278,"MODELO",1675581,"ADV-4021N"
26278,"MODELO",1675582,"C24G2"
26278,"MODELO",1675583,"CQ32G2E."
26278,"MODELO",1675584,"THINKVISION T27HV-20"
26278,"MODELO",1675585,"THINKVISION E24-20"
26278,"MODELO",1675586,"G32QC-SA"
26278,"MODELO",1675587,"G34WQC-SA"
26278,"MODELO",1675588,"BRIGHT 2000"
26278,"MODELO",1675589,"VA-MF24"
26278,"MODELO",1675590,"POS - D 15.1´ TFT LCD MONITOR WITH 5 WIRES RESISTIVE TOUCH BLACK BOTTON+LOGO"
26278,"MODELO",1675591,"B24-9WE"
26278,"MODELO",1675592,"MONITOR HP E23 G4"
26278,"MODELO",1675593,"MONITOR HP P19B G4"
26278,"MODELO",1675594,"THINKVISION T27H-20"
26278,"MODELO",1675595,"43UQ801C"
26278,"MODELO",1675596,"P27-8TE"
26278,"MODELO",1675597,"MONITOR HP E24 G4"
26278,"MODELO",1675598,"HP MONITOR P24H G4"
26278,"MODELO",1675599,"E2270SWHN."
26278,"MODELO",1675600,"VG2440V"
26278,"MODELO",1675601,"SE2222H"
26278,"MODELO",1675602,"P2222H"
26278,"MODELO",1675603,"HP E27U G4 QHD"
26278,"MODELO",1675604,"HP P34HC G4 CURVED"
26278,"MODELO",1675605,"HP E24D G4 FHD USB-C DOCKING MONITOR"
26278,"MODELO",1675606,"THINKVISION E20-30"
26278,"MODELO",1675607,"HP E24U G4 FHD"
26278,"MODELO",1675608,"THINKVISION P24Q-30"
26278,"MODELO",1675609,"HP P24V G5"
26278,"MODELO",1675610,"HP P24H G5"
26278,"MODELO",1675611,"22MP410-B"
26278,"MODELO",1675612,"24GN60R"
26278,"MODELO",1675613,"HP E27D G4 QHD USB-C DOCKING MONITOR"
26278,"MODELO",1675614,"62F7KAR4LA"
26278,"MODELO",1675615,"MONITOR P2222H"
26278,"MODELO",1675616,"MONITOR P2722H"
26278,"MODELO",1761871,"BE24EQK"
26278,"MODELO",2440858,"29WQ600"
26278,"MODELO",1675617,"HP P27V G4"
26278,"MODELO",1675618,"27GN750-B"
26278,"MODELO",1675619,"HP P27H G4"
26278,"MODELO",1675620,"HP E22 G4 FHD"
26278,"MODELO",1675621,"HP E24D G4 FHD USB-C DOCKING"
26278,"MODELO",1675622,"MONITOR HP E24MV G4 FHD CONFERENCING"
26278,"MODELO",1675623,"27GN750"
26278,"MODELO",1675624,"P2422H"
26278,"MODELO",1675625,"32MN600"
26278,"MODELO",1675626,"32MN600P-B"
26278,"MODELO",1675627,"49WL95C"
26278,"MODELO",1675628,"AD80 DISPLAY"
26278,"MODELO",1675629,"ZHUQUE-CBA"
26278,"MODELO",1675630,"MATEVIEW 28.2"
26278,"MODELO",1675631,"XUANWU-CBA"
26278,"MODELO",1675632,"26WQ500-B"
26278,"MODELO",1675633,"MW3222-L"
26278,"MODELO",1675634,"VA3456-MHDJ"
26278,"MODELO",1675635,"P2722HE"
26278,"MODELO",1675636,"P2722H"
26278,"MODELO",1675637,"27GN60R-B"
26278,"MODELO",1675638,"L"
26278,"MODELO",1675639,"XG2705"
26278,"MODELO",1675640,"VX2478-SMHD"
26278,"MODELO",1675641,"XG2405"
26278,"MODELO",1675642,"XG240R"
26278,"MODELO",1675643,"HP P22H G5"
26278,"MODELO",1675644,"MONITOR E2722HS"
26278,"MODELO",1675645,"VA249HE"
26278,"MODELO",1675646,"VA24EHE"
26278,"MODELO",1675647,"VG278Q"
26278,"MODELO",1675648,"VG27WQ"
26278,"MODELO",1675649,"VG27VQ"
26278,"MODELO",1675650,"HP E27D G4 QHD USB-C DOCKING"
26278,"MODELO",1675651,"VP228HE"
26278,"MODELO",1675652,"VG24VQ"
26278,"MODELO",1675653,"P2418HZM"
26278,"MODELO",1675654,"VX2457-MHD"
26278,"MODELO",1675655,"VX2768-2KP-MHD"
26278,"MODELO",1675656,"THINKVISION T27HV-20"
26278,"MODELO",1675657,"MONITOR E2423H"
26278,"MODELO",1675658,"53060068W - AD80HWW - DISPLAY 23.8"
26278,"MODELO",1675659,"CQ32G2E"
26278,"MODELO",1675660,"AG353UCG"
26278,"MODELO",1675661,"C32G2E"
26278,"MODELO",1675662,"HP ELITEDISPLAY E273Q"
26278,"MODELO",1675663,"HP ELITEDISPLAY E233"
26278,"MODELO",1675664,"HP ELITEDISPLAY E243M"
26278,"MODELO",1675665,"E2720HS"
26278,"MODELO",1675666,"E1920H"
26278,"MODELO",1675667,"34WL500"
26278,"MODELO",1675668,"E2720H"
26278,"MODELO",1675669,"E2020H"
26278,"MODELO",1675670,"VA2718-SH"
26278,"MODELO",1675671,"VA2405-H"
26278,"MODELO",1675672,"MONITOR HP P224"
26278,"MODELO",1675673,"MONITOR HP P204"
26278,"MODELO",1675674,"MONITOR HP ELITEDISPLAY E202"
26278,"MODELO",1675675,"HP ELITEDISPLAY E243"
26278,"MODELO",1675676,"MONITOR HP P244"
26278,"MODELO",1675677,"E2420H"
26278,"MODELO",1675678,"27GN950-B"
26278,"MODELO",1675679,"PA247CV"
26278,"MODELO",4147813,"TE-1916S"
26278,"MODELO",3861991,"MONITOR E2225HM"
26278,"MODELO",3141910,"TE-2473G"
26278,"MODELO",3730421,"ADV-2452S"
26278,"MODELO",3730428,"ADV-2751S"
26278,"MODELO",3730436,"ADV-2453S"
26278,"MODELO",3730439,"ADV-2152S"
26278,"MODELO",3730451,"HT-2527U"
26278,"MODELO",2440890,"32UR550"
26278,"MODELO",1675680,"HP ELITEDISPLAY E273M 27"
26278,"MODELO",1675681,"AD80 - DISPLAY"
26278,"MODELO",1675682,"VA2759SMH"
26278,"MODELO",1675683,"VA2759-SMH"
26278,"MODELO",1675684,"Q2963PM"
26278,"MODELO",1675685,"27MP65HQ"
26278,"MODELO",1675686,"A-195M1"
26278,"MODELO",1675687,"E2417H"
26278,"MODELO",1675688,"22MP58VG"
26278,"MODELO",1675689,"VG2439M-LED"
26278,"MODELO",1675690,"34UM65-P"
26278,"MODELO",1675691,"S65WN01"
26278,"MODELO",1675692,"TH-65LFB70U"
26278,"MODELO",1675693,"V206HZ"
26278,"MODELO",1675694,"VX2452MH"
26278,"MODELO",1675695,"ET-M195"
26278,"MODELO",1675696,"P200"
26278,"MODELO",1675697,"P17A"
26278,"MODELO",1675698,"I2757FM"
26278,"MODELO",1675699,"COMPAQ L2311C"
26278,"MODELO",1675700,"E2050S"
26278,"MODELO",1675701,"E241I"
26278,"MODELO",1675702,"LS20D300HS/PE"
26278,"MODELO",1675703,"VT2406-L"
26278,"MODELO",1675704,"WS ZR2440W"
26278,"MODELO",1675705,"LT2323Z"
26278,"MODELO",1675706,"M2461FWH"
26278,"MODELO",1675707,"V244H"
26278,"MODELO",1675708,"AG271QG"
26278,"MODELO",1675709,"D43P"
26278,"MODELO",1675710,"23MP55HQ"
26278,"MODELO",1675711,"E2371F"
26278,"MODELO",1675712,"LT1953"
26278,"MODELO",1675713,"M3284VWH"
26278,"MODELO",1675714,"VG2437MC-LED"
26278,"MODELO",1675715,"24MT45A"
26278,"MODELO",1675716,"THINKVISION T2424Z"
26278,"MODELO",1675717,"E960SWN"
26278,"MODELO",1675718,"E2214H"
26278,"MODELO",1675719,"M2471FM"
26278,"MODELO",1675720,"19M38A"
26278,"MODELO",1675721,"VA2855SMH"
26278,"MODELO",1675722,"COMPAQ LA2405X"
26278,"MODELO",1675723,"BDL4620QL"
26278,"MODELO",1675724,"VP2765-LED"
26278,"MODELO",1675725,"24FH"
26278,"MODELO",1675726,"E2414H"
26278,"MODELO",1675727,"Z27I"
26278,"MODELO",1675728,"E970SWN"
26278,"MODELO",1675729,"PRODISPLAY P221"
26278,"MODELO",1675730,"GW2470H"
26278,"MODELO",1675731,"WS ZR2040W"
26278,"MODELO",1675732,"A195MSG"
26278,"MODELO",1675733,"GL955A"
26278,"MODELO",1675734,"GW2270"
26278,"MODELO",1675735,"LS19C150FS/PE"
26278,"MODELO",1675736,"LE39M13365"
26278,"MODELO",1675737,"G910WAL"
26278,"MODELO",1675738,"LT2423"
26278,"MODELO",1675739,"THINKVISION T2224Z"
26278,"MODELO",1675740,"Z24S"
26278,"MODELO",1675741,"M2470SWH"
26278,"MODELO",1675742,"PRODISPLAY P222VA"
26278,"MODELO",1675743,"LS23C350HS"
26278,"MODELO",3730432,"ADV-2754S"
26278,"MODELO",1841707,"34C500"
26278,"MODELO",1675744,"I2369V/BK"
26278,"MODELO",1675745,"27UD68"
26278,"MODELO",1675746,"LT2223P"
26278,"MODELO",1675747,"LE32H1352"
26278,"MODELO",1675748,"I3284VWH"
26278,"MODELO",1675749,"ERED+"
26278,"MODELO",1675750,"25UM57"
26278,"MODELO",1675751,"E232"
26278,"MODELO",1675752,"V194"
26278,"MODELO",1675753,"LT2323P"
26278,"MODELO",1675754,"LS22C300HS"
26278,"MODELO",1675755,"THINKVISION LT1913P"
26278,"MODELO",1675756,"BDL4220QL"
26278,"MODELO",1675757,"E231"
26278,"MODELO",1675758,"LE40H1351"
26278,"MODELO",1675759,"WS ZR2240W"
26278,"MODELO",1675760,"THINKVISION T2324P"
26278,"MODELO",1675761,"LT1952P"
26278,"MODELO",1675762,"E190I"
26278,"MODELO",1675763,"55LV35A"
26278,"MODELO",1675764,"22MP55HQ-P"
26278,"MODELO",1675765,"VP2365-LED"
26278,"MODELO",1675766,"E2213"
26278,"MODELO",1675767,"19M35A"
26278,"MODELO",1675768,"195H"
26278,"MODELO",1675769,"LS27C500HS/ZA"
26278,"MODELO",1675770,"P2313H"
26278,"MODELO",1675771,"LE48H454F"
26278,"MODELO",1675772,"PRODISPLAY P202"
26278,"MODELO",1675773,"LS20C300NL/PE"
26278,"MODELO",1675774,"V194BZ"
26278,"MODELO",1675775,"G2460PQU"
26278,"MODELO",1675776,"VL2040AZ"
26278,"MODELO",1675777,"E1916H"
26278,"MODELO",1675778,"VA708A"
26278,"MODELO",1675779,"P201"
26278,"MODELO",1675780,"PRODISPLAY P19A"
26278,"MODELO",1675781,"DREAMCOLOR Z24X"
26278,"MODELO",1675782,"DELL E2417H"
26278,"MODELO",1675783,"LT2252P"
26278,"MODELO",1675784,"E1660SW"
26278,"MODELO",1675785,"P231"
26278,"MODELO",1675786,"25UM58"
26278,"MODELO",1675787,"U2879VF"
26278,"MODELO",1675788,"Z27S"
26278,"MODELO",1675789,"XL2420TE"
26278,"MODELO",1675790,"AG241QG"
26278,"MODELO",1675791,"E231I"
26278,"MODELO",1675792,"TD2220"
26278,"MODELO",1675793,"LS2323"
26278,"MODELO",1675794,"VX2770SMH-LED"
26278,"MODELO",1675795,"24MT47A"
26278,"MODELO",1675796,"LE40F1351"
26278,"MODELO",1675797,"LS19D300NY/PE"
26278,"MODELO",1675798,"215FH"
26278,"MODELO",1675799,"GL2265"
26278,"MODELO",1675800,"LH32MECPLGA"
26278,"MODELO",1675801,"Q2577PWQ"
26278,"MODELO",1675802,"ELITEDISPLAY E201"
26278,"MODELO",1675803,"E2261FW"
26278,"MODELO",1675804,"20M47A"
26278,"MODELO",1675805,"20M45A"
26278,"MODELO",1675806,"WS DREAMCOLOR LP2480ZX"
26278,"MODELO",1675807,"G615HDPL"
26278,"MODELO",1801504,"FHD HP E24 G5"
26278,"MODELO",2906279,"32MR50C"
26278,"MODELO",2906355,"24GS65F"
26278,"MODELO",2440881,"34WN780"
26278,"MODELO",1675808,"195MS"
26278,"MODELO",1675809,"242G5DJEB"
26278,"MODELO",1675810,"DL2020"
26278,"MODELO",1675811,"LS24E310HL/ZA"
26278,"MODELO",1675812,"24MT48AF"
26278,"MODELO",1675813,"U2417H"
26278,"MODELO",1675814,"29UM68"
26278,"MODELO",1675815,"G2460PG"
26278,"MODELO",1675816,"LS19E310HYPE"
26278,"MODELO",1675817,"THINKVISION E2054"
26278,"MODELO",1675818,"U2717D"
26278,"MODELO",1675819,"VA2407H"
26278,"MODELO",1675820,"244E5QHSD"
26278,"MODELO",1675821,"Z27N"
26278,"MODELO",1675822,"EILTEDISPLAY E27I"
26278,"MODELO",1675823,"Z27Q"
26278,"MODELO",1675824,"24MP58VQ"
26278,"MODELO",1675825,"VA1903A"
26278,"MODELO",1675826,"VX2270SMH-LED"
26278,"MODELO",1675827,"Z24NF"
26278,"MODELO",1675828,"23MP57HQ"
26278,"MODELO",1675829,"PRODISPLAY P201M"
26278,"MODELO",1675830,"P2017H"
26278,"MODELO",1675831,"E2770SHE"
26278,"MODELO",1675832,"AG322QCX AGON"
26278,"MODELO",1675833,"AG352UCG AGON"
26278,"MODELO",1675834,"AG322FCX AGON"
26278,"MODELO",1675835,"AOC"
26278,"MODELO",1675836,"AG251FZ AGON"
26278,"MODELO",1675837,"HP ZDISPLAY Z22N G2 21.5''"
26278,"MODELO",1675838,"AG271QG AGON"
26278,"MODELO",1675839,"AG352QCX AGON"
26278,"MODELO",1675840,"HP ZDISPLAY Z23N G2 23”"
26278,"MODELO",1675841,"VP2780-4K"
26278,"MODELO",1675842,"TD2740"
26278,"MODELO",1675843,"34UM69G"
26278,"MODELO",1675844,"27UD69"
26278,"MODELO",1675845,"24UD58"
26278,"MODELO",1675846,"29UM69G"
26278,"MODELO",1675847,"E1670SWU/WM"
26278,"MODELO",1675848,"LE43S5970"
26278,"MODELO",1675849,"LE50U7970"
26278,"MODELO",1675850,"LE49S5970"
26278,"MODELO",1675851,"LE32S5970"
26278,"MODELO",1675852,"12490VXQ-BT"
26278,"MODELO",1675853,"E2070SWHN"
26278,"MODELO",1675854,"E2180SWN"
26278,"MODELO",1675855,"G2460PF"
26278,"MODELO",1675856,"LC27G55"
26278,"MODELO",1675857,"LE65U7970"
26278,"MODELO",1675858,"LE55U7970"
26278,"MODELO",1675859,"THINKVISION T22I"
26278,"MODELO",1675860,"THINKVISION T23I"
26278,"MODELO",1675861,"THINKVISION P24H"
26278,"MODELO",1675862,"THINKVISION T24I"
26278,"MODELO",1675863,"THINKVISION T2220 A"
26278,"MODELO",1675864,"THINKVISION T2324D"
26278,"MODELO",1675865,"THINKVISION T2224D IPS"
26278,"MODELO",1675866,"THINKVISION P27H"
26278,"MODELO",1675867,"THINKVISION T2220 VA"
26278,"MODELO",1675868,"THINKVISION P24Q"
26278,"MODELO",1675869,"THINKVISION P27Q"
26278,"MODELO",1675870,"LS27F350FH"
26278,"MODELO",2490568,"THINKVISION S24I-30"
26278,"MODELO",1801488,"FHD HP E22 G5"
26278,"MODELO",1675871,"LC24F390FH"
26278,"MODELO",1675872,"LC27F390FH"
26278,"MODELO",1675873,"LS24F350FH"
26278,"MODELO",1675874,"LC27F591FD"
26278,"MODELO",1675875,"61B1JAR1US"
26278,"MODELO",1675876,"THINKVISION T24D-10"
26278,"MODELO",1675877,"ADV215FH"
26278,"MODELO",1675878,"LS22F355FH"
26278,"MODELO",1675879,"LC34F791WQ"
26278,"MODELO",1675880,"LC32F391FW"
26278,"MODELO",1675881,"LC24FG70FQ"
26278,"MODELO",1675882,"LC27FG70FQ"
26278,"MODELO",1675883,"LU28E590DS"
26278,"MODELO",1675884,"P2018H"
26278,"MODELO",1675885,"HP PRODISPLAY P223 DE 21.5”"
26278,"MODELO",1675886,"HP VH24 DE 23.8”"
26278,"MODELO",1675887,"HP PRODISPLAY P203 DE 20”"
26278,"MODELO",1675888,"E2270SWHN"
26278,"MODELO",1675889,"HP ELITEDISPLAY E223 DE 21.5”"
26278,"MODELO",1675890,"HP V203P DE 19.5”"
26278,"MODELO",1675891,"M2870VQ"
26278,"MODELO",1675892,"MSIOPTIXG27C2-AM"
26278,"MODELO",1675893,"OPTIX G27C2"
26278,"MODELO",1675894,"HP ELITEDISPLAY E240C"
26278,"MODELO",1675895,"MONITOR HP V272 DE 27"""
26278,"MODELO",1675896,"HP PRODISPLAY P222C 21.5”"
26278,"MODELO",1675897,"HP ELITEDISPLAY E242 DE 24”"
26278,"MODELO",1675898,"AG241QX AGON"
26278,"MODELO",1675899,"AG272FCX AGON"
26278,"MODELO",1675900,"I2490VXQ-BT"
26278,"MODELO",1675901,"THINKVISION T2014"
26278,"MODELO",1675902,"E2013H"
26278,"MODELO",1675903,"E222"
26278,"MODELO",1675904,"34UM68"
26278,"MODELO",1675905,"TD2420"
26278,"MODELO",1675906,"I2769VM"
26278,"MODELO",1675907,"E1713S"
26278,"MODELO",1675908,"G2770PF"
26278,"MODELO",1675909,"ELITEDISPLAY E221"
26278,"MODELO",1675910,"LT2013P"
26278,"MODELO",1675911,"THINKVISION E1922 WIDE"
26278,"MODELO",1675912,"25UM65-P"
26278,"MODELO",1675913,"VA2703-LED"
26278,"MODELO",1675914,"29UM67"
26278,"MODELO",1675915,"LE55F1361"
26278,"MODELO",1675916,"E2016H"
26278,"MODELO",1675917,"I2367F"
26278,"MODELO",1675918,"Z24N"
26278,"MODELO",1675919,"GL2250HM"
26278,"MODELO",1675920,"29UC97"
26278,"MODELO",1675921,"ADVF240W"
26278,"MODELO",1675922,"EN43S"
26278,"MODELO",1675923,"LE43F1761"
26278,"MODELO",1675924,"VP2772"
26278,"MODELO",1675925,"Z22N"
26278,"MODELO",1675926,"42L22-F"
26278,"MODELO",1675927,"I2757FH"
26278,"MODELO",1675928,"GL951A"
26278,"MODELO",1675929,"V241P"
26278,"MODELO",1675930,"LH32MDCPLGA"
26278,"MODELO",1675931,"GW2270H"
26278,"MODELO",1675932,"VG2860MHL-4K"
26278,"MODELO",1675933,"I2276VWM"
26278,"MODELO",1761971,"XG32UQ"
26278,"MODELO",2440895,"34WQ75C"
26278,"MODELO",1675934,"Z30I"
26278,"MODELO",1675935,"THINKVISION LT2024 WIDE"
26278,"MODELO",1675936,"LS22E390HS/PE"
26278,"MODELO",1675937,"P2417H"
26278,"MODELO",1675938,"S230TM"
26278,"MODELO",1675939,"P2217H"
26278,"MODELO",1675940,"27MP68VQ"
26278,"MODELO",1675941,"LS27D590PS/PE"
26278,"MODELO",1675942,"LT2013S"
26278,"MODELO",1675943,"PRODISPLAY P191"
26278,"MODELO",1675944,"Z22I"
26278,"MODELO",1675945,"TD2340"
26278,"MODELO",1675946,"THINKVISION T2224D"
26278,"MODELO",1675947,"THINKVISION T2424P"
26278,"MODELO",1675948,"27MU67"
26278,"MODELO",1675949,"LS34E790CNSPE"
26278,"MODELO",1675950,"V202"
26278,"MODELO",1675951,"Z24I"
26278,"MODELO",1675952,"ELITEDISPLAY E231"
26278,"MODELO",1675953,"LT2452P"
26278,"MODELO",1675954,"E2270SWN"
26278,"MODELO",1675955,"LE55F1761"
26278,"MODELO",1675956,"I2269VWM"
26278,"MODELO",1675957,"V223"
26278,"MODELO",1675958,"E2216H"
26278,"MODELO",1675959,"S240ML"
26278,"MODELO",1675960,"LA2205WG"
26278,"MODELO",1675961,"VW2245Z"
26278,"MODELO",1675962,"V203P"
26278,"MODELO",1675963,"PRODISPLAY P201"
26278,"MODELO",1675964,"CDE6500-L"
26278,"MODELO",1675965,"LS22C150NS/PE"
26278,"MODELO",1675966,"LE49F1361"
26278,"MODELO",1675967,"42F27"
26278,"MODELO",1675968,"LT24C301LB/PE"
26278,"MODELO",1675969,"LV1911"
26278,"MODELO",1675970,"LS24D360HL/PE"
26278,"MODELO",1675971,"E1912H"
26278,"MODELO",1675972,"LE24H1351"
26278,"MODELO",1675973,"47LV35A"
26278,"MODELO",1675974,"VA2246M-LED"
26278,"MODELO",1675975,"S231D"
26278,"MODELO",1675976,"LT24D310LB/PE"
26278,"MODELO",1675977,"GW2255HM"
26278,"MODELO",1675978,"P166HQL"
26278,"MODELO",1675979,"CDE4200-L"
26278,"MODELO",1675980,"LE49F1761"
26278,"MODELO",1675981,"LS22D300NY/PE"
26278,"MODELO",1675982,"PRODISPLAY P232"
26278,"MODELO",1675983,"THINKVISION LT1713P"
26278,"MODELO",1675984,"LS22E310HYPE"
26278,"MODELO",1675985,"E2461FW"
26278,"MODELO",1675986,"U2868PQU"
26278,"MODELO",1675987,"V241"
26278,"MODELO",1675988,"P1913"
26278,"MODELO",1675989,"27MP67HQ"
26278,"MODELO",1675990,"THINKVISION LT2024"
26278,"MODELO",1675991,"VT2216-L"
26278,"MODELO",1675992,"EN33S"
26278,"MODELO",1675993,"19M35A-B"
26278,"MODELO",1675994,"GW2760HM"
26278,"MODELO",1675995,"C3583FQ"
26278,"MODELO",1675996,"LS22D390HS/PE"
26278,"MODELO",1675997,"V193"
26278,"MODELO",2770584,"FHD HP P27 G5"
26278,"MODELO",3913560,"G70D"
26278,"MODELO",4127355,"TEST"
26278,"MODELO",3892654,"TE-2402S"
26278,"MODELO",3913596,"G55C"
26278,"MODELO",3732520,"27US500-W"
26278,"MODELO",1744337,"MONITOR C2423H"
26278,"MODELO",2027578,"MA551"
26278,"MODELO",1730063,"HP P24V G4"
26278,"MODELO",1730100,"HP E23 G4 FHD"
26278,"MODELO",1744466,"MONITOR C6522QT"
26278,"MODELO",1744472,"MONITOR C8621QT"
26278,"MODELO",2030495,"MT-INFVA24-MB"
26278,"MODELO",1729646,"HP Z40C G3"
26278,"MODELO",1729562,"HP P34HC G4"
26278,"MODELO",3913709,"S70D"
26278,"MODELO",1730117,"HP E24 G4 FHD"
26278,"MODELO",2773164,"MONITOR P2722HE"
26278,"MODELO",3928432,"MONITOR PARA VIDEOCONFERENCIA DELL P2724DEB"
26278,"MODELO",3928433,"MONITOR PARA VIDEOCONFERENCIA DELL P3424WEB"
26278,"MODELO",1730130,"HP E27 G4 FHD"
26278,"MODELO",1730311,"THINKVISION S25E-30"
26278,"MODELO",3732532,"27US500"
26278,"MODELO",2557122,"MONITOR GAMING ODYSSEY G5 DE 32"""
26278,"MODELO",1675998,"VG2039M-LED"
26278,"MODELO",1675999,"V193B"
26278,"MODELO",1676000,"VG932M-LED"
26278,"MODELO",1676001,"LS27E510CSPE"
26278,"MODELO",1676002,"29UM65-P"
26278,"MODELO",1676003,"VT2756-L"
26278,"MODELO",1676004,"PJ4602"
26278,"MODELO",1676005,"Z25N"
26278,"MODELO",1676006,"20M45A-B"
26278,"MODELO",1676007,"THINKVISION T2454P"
26278,"MODELO",1676008,"VX2370SMH-LED"
26278,"MODELO",1676009,"215H"
26278,"MODELO",1676010,"VT1602-L"
26278,"MODELO",1676011,"ELITEDISPLAY E202"
26278,"MODELO",1676012,"VG2847SMH"
26278,"MODELO",1676013,"E2070SWN"
26278,"MODELO",1676014,"VA1917A"
26278,"MODELO",1676015,"BDL4650EL"
26278,"MODELO",1676016,"E2470SWD"
26278,"MODELO",1676017,"E1914H"
26278,"MODELO",1676018,"E2260SWDA"
26278,"MODELO",1676019,"19M37A"
26278,"MODELO",1676020,"M2870VHE"
26278,"MODELO",1676021,"E2275SWJ"
26278,"MODELO",1676022,"E2461FWH"
26278,"MODELO",1676023,"Q2963PQ"
26278,"MODELO",1676024,"AG271QX AGON"
26278,"MODELO",1676025,"OPTIX G24C"
26278,"MODELO",1676026,"MSIOPTIXG24C-AM"
26278,"MODELO",1676027,"UHD 4K HP Z32 DE 31,5”"
26278,"MODELO",1676028,"HP V190 DE 18.5 PULGADAS"
26278,"MODELO",1676029,"HP ZDISPLAY Z27N G2 27.0 PULGADAS"
26278,"MODELO",1676030,"HP ZDISPLAY Z22N G2 21.5”"
26278,"MODELO",1676031,"LC49J890"
26278,"MODELO",1676032,"LS22F350"
26278,"MODELO",1676033,"LC27FG73"
26278,"MODELO",1676034,"LC49HG90"
26278,"MODELO",1676035,"ADV195TN"
26278,"MODELO",1676036,"ADV215IPS"
26278,"MODELO",1676037,"PROCOLOR 752U"
26278,"MODELO",1676038,"PROCOLOR 862U"
26278,"MODELO",1676039,"HP HC270 27” HEALTHCARE EDITION DISPLAY"
26278,"MODELO",1676040,"HP HC270 24” HEALTHCARE EDITION DISPLAY"
26278,"MODELO",1676041,"P24-8 WS PRO"
26278,"MODELO",1676042,"PROCOLOR 652U"
26278,"MODELO",1676043,"E22T-7 PRO"
26278,"MODELO",1676044,"20MP48A"
26278,"MODELO",1676045,"P27-8 TS PRO"
26278,"MODELO",1676046,"28LJ400B"
26278,"MODELO",1676047,"34UC79G"
26278,"MODELO",1676048,"27MP59G"
26278,"MODELO",1676049,"32MP58HQ"
26278,"MODELO",1676050,"24MT48DF"
26278,"MODELO",1676051,"27UD59"
26278,"MODELO",1676052,"24M38H"
26278,"MODELO",1676053,"24MP48HQ"
26278,"MODELO",1676054,"24GM79G"
26278,"MODELO",1676055,"34UC79"
26278,"MODELO",1676056,"22M38H"
26278,"MODELO",1676057,"DISPLAY P27-8 TS PRO, EU"
26278,"MODELO",1676058,"HP ZDISPLAY ZVR VIRTUAL REALITY"
26278,"MODELO",1676059,"HP ZDISPLAY Z38C 37.5” CURVED"
26278,"MODELO",4074843,"29U531A-W"
26278,"MODELO",4074845,"29U531A"
26278,"MODELO",2035348,"GW2283"
26278,"MODELO",1799999,"MONITOR P2723DE"
26278,"MODELO",1676060,"22MP58VQ"
26278,"MODELO",1676061,"HP ELITEDISPLAY E243M DE 23.8”"
26278,"MODELO",1676062,"HP ZDISPLAY Z27X STUDIO 27” DREAMCOLOR"
26278,"MODELO",1676063,"HP ZDISPLAY Z32X PROFESSIONAL DREAMCOLOR"
26278,"MODELO",1676064,"HP ZDISPLAY Z24NF G2 23.8”"
26278,"MODELO",1676065,"HP ZDISPLAY Z24X G2 24” DREAMCOLOR"
26278,"MODELO",1676066,"E20T-7 LED"
26278,"MODELO",1676067,"HP ELITEDISPLAY E233 DE 23”"
26278,"MODELO",1676068,"B19-7 LED"
26278,"MODELO",1676069,"MONITOR HP V273A DE 27”"
26278,"MODELO",1676070,"LC24FG70"
26278,"MODELO",1676071,"LC24F390"
26278,"MODELO",1676072,"LS24F350"
26278,"MODELO",1676073,"VA705-LED"
26278,"MODELO",1676074,"LH46MDCPLGA"
26278,"MODELO",1676075,"LS2023"
26278,"MODELO",1676076,"E970SWHEN"
26278,"MODELO",1676077,"LS24E310HLPE"
26278,"MODELO",1676078,"VA2261-2"
26278,"MODELO",1676079,"EA53V"
26278,"MODELO",1676080,"V221"
26278,"MODELO",1676081,"I2080SW"
26278,"MODELO",1676082,"U160"
26278,"MODELO",1676083,"LT3053P"
26278,"MODELO",1676084,"LE32W354F"
26278,"MODELO",1676085,"VH22"
26278,"MODELO",1676086,"BDL4250EL"
26278,"MODELO",1676087,"S140U"
26278,"MODELO",1676088,"Z23I"
26278,"MODELO",1676089,"AG241QX"
26278,"MODELO",1676090,"VG732M-LED"
26278,"MODELO",1676091,"ELITEDISPLAY - WEBCAM E221C"
26278,"MODELO",1676092,"Z34C"
26278,"MODELO",1676093,"AG271QX"
26278,"MODELO",1676094,"AG322FCX"
26278,"MODELO",1676095,"VA2055SA"
26278,"MODELO",1676096,"E1759FWU"
26278,"MODELO",1676097,"I2472PWHUT"
26278,"MODELO",1676098,"A-195M"
26278,"MODELO",1676099,"VX2252MH"
26278,"MODELO",1676100,"V201"
26278,"MODELO",1676101,"LE43F1361"
26278,"MODELO",1676102,"LS20D300NH"
26278,"MODELO",1676103,"LE58F1552"
26278,"MODELO",1676104,"CDE3200-L"
26278,"MODELO",1676105,"E2416H"
26278,"MODELO",1676106,"29UC88"
26278,"MODELO",1676107,"GL2760H"
26278,"MODELO",1676108,"22MP57HQ"
26278,"MODELO",1676109,"28MT48BF"
26278,"MODELO",1676110,"GL2450"
26278,"MODELO",1676111,"LV2011"
26278,"MODELO",1676112,"24GM77"
26278,"MODELO",1676113,"LS24D300HL/PE"
26278,"MODELO",1676114,"E1670SWU"
26278,"MODELO",1676115,"E2014H"
26278,"MODELO",1676116,"34UM67"
26278,"MODELO",1676117,"I2475SXJ"
26278,"MODELO",1676118,"Z23N"
26278,"MODELO",1676119,"VG2239M-LED"
26278,"MODELO",1676120,"THINKVISION E2223S"
26278,"MODELO",1676121,"28MT47B"
26278,"MODELO",1676122,"I2769VM/BK"
26278,"MODELO",1676123,"P2717H"
26278,"MODELO",1676124,"E2060SW"
26278,"MODELO",1676125,"VA1938WA-LED"
26278,"MODELO",1676126,"E2420HS"
26278,"MODELO",1676127,"E2220H"
26278,"MODELO",1676128,"34GL750"
26278,"MODELO",1676129,"27GL850"
26278,"MODELO",1676130,"VA220HR"
26278,"MODELO",1676131,"P2219H"
26278,"MODELO",1676132,"AP7-U65-NA-1"
26278,"MODELO",1676133,"P2719H"
26278,"MODELO",1676134,"GW2280"
26278,"MODELO",1676135,"PD2700U"
26278,"MODELO",1676136,"SW271"
26278,"MODELO",1676137,"VA1903H"
26278,"MODELO",1676138,"VA2261H-2"
26278,"MODELO",1676139,"VA2719-SH"
26278,"MODELO",1676140,"GW2480"
26278,"MODELO",1676141,"ACTIVPANEL NICKEL"
26278,"MODELO",1676142,"ADV24IPS"
26278,"MODELO",1676143,"ADV215TN"
26278,"MODELO",1676144,"19.5 HD"
26278,"MODELO",1676145,"24E1Q"
26278,"MODELO",1676146,"VG24VQE"
26278,"MODELO",1676147,"24B1XH"
26278,"MODELO",1676148,"27UL500"
26278,"MODELO",1676149,"27GK750F"
26278,"MODELO",1676150,"32GK650F-B"
26278,"MODELO",1676151,"32GK650F"
26278,"MODELO",1676152,"OPTIX MAG24C"
26278,"MODELO",1676153,"E2418HN"
26278,"MODELO",1676154,"24MK600M"
26278,"MODELO",1676155,"24GL600F"
26278,"MODELO",1676156,"MONITOR HP P204V DE 19.5”"
26278,"MODELO",1676157,"MONITOR HP P224 DE 21.5”"
26278,"MODELO",1676158,"MONITOR HP P244 DE 23.8”"
26278,"MODELO",1676159,"MONITOR HP P274 DE 27”"
26278,"MODELO",1676160,"MONITOR HP P204 DE 19.5”"
26278,"MODELO",1676161,"HP ELITEDISPLAY E243 DE 23.8”"
26278,"MODELO",1676162,"S26361-K1594-V160"
26278,"MODELO",1676163,"HP ELITEDISPLAY E273Q DE 27”"
26278,"MODELO",1676164,"HP ELITEDISPLAY S340C CURVO DE 34”"
26278,"MODELO",1676165,"HP Z43 4K UHD 42.5'' MONITOR"
26278,"MODELO",1676166,"HP MONITOR Z27X G2 27''"
26278,"MODELO",1676167,"HP MONITOR Z24I G2 24''"
26278,"MODELO",1676168,"DISPLAY B22-8 TS PRO"
26278,"MODELO",1676169,"DISPLAY B24-8 TS PRO"
26278,"MODELO",1676170,"P21-8 TS PRO EU"
26278,"MODELO",1676171,"E2216HV"
26278,"MODELO",1676172,"P2419H"
26278,"MODELO",1676173,"OPTIPLEX 7060 SFF"
26278,"MODELO",1676174,"MONITOR DELL P2017H"
26278,"MODELO",1676175,"MONITOR DELL P2717H"
26278,"MODELO",1676176,"MONITOR DELL E2216H"
26278,"MODELO",1676177,"MONITOR DELL U2717D"
26278,"MODELO",1676178,"MONITOR DELL E2417H"
26278,"MODELO",1676179,"MONITOR DELL P2217H"
26278,"MODELO",1676180,"MONITOR DELL U2417H"
26278,"MODELO",1676181,"LENOVO LI2215S"
26278,"MODELO",1676182,"24TK410D"
26278,"MODELO",1676183,"28LK430B"
26278,"MODELO",1676184,"P27-8 TS PRO, EU"
26278,"MODELO",4222941,"27G64"
26278,"MODELO",2489868,"VG279Q1A"
26278,"MODELO",1799918,"MONITOR E2424HS"
26278,"MODELO",1799994,"MONITOR P2723D"
26278,"MODELO",1800005,"MONITOR P2723QE"
26278,"MODELO",3775577,"PIXEL M238"
26278,"MODELO",1676185,"THINKVISION E21"
26278,"MODELO",1676186,"THINKVISION E24"
26278,"MODELO",1676187,"THINKVISION T2254P WIDE"
26278,"MODELO",1676188,"DELL 22 MONITOR E2216HV"
26278,"MODELO",1676189,"E20T - 7 LED"
26278,"MODELO",1676190,"24MK430H"
26278,"MODELO",1676191,"24MK430H-B"
26278,"MODELO",1676192,"DISPLAY B24 W-7 LED(S)"
26278,"MODELO",1676193,"MONITOR DELL E2216HV"
26278,"MODELO",1676194,"20MK400H"
26278,"MODELO",1676195,"CDE 5510"
26278,"MODELO",1676196,"CDE 7500"
26278,"MODELO",1676197,"32UD59"
26278,"MODELO",1676198,"BL2420PT"
26278,"MODELO",1676199,"GW2470HL"
26278,"MODELO",1676200,"PD2700Q"
26278,"MODELO",1676201,"PD3200Q"
26278,"MODELO",1676202,"GC2870H"
26278,"MODELO",1676203,"SW2700PT"
26278,"MODELO",1676204,"B24W-7 LED"
26278,"MODELO",1676205,"LC24FG73"
26278,"MODELO",1676206,"LC34H890"
26278,"MODELO",1676207,"LU32J590"
26278,"MODELO",1676208,"HP Z24X G2 DREAMCOLOR"
26278,"MODELO",1676209,"HP V214A DE 20,7 PULGADAS"
26278,"MODELO",1676210,"HP N246V DE 23,8 PULGADAS"
26278,"MODELO",1676211,"HP N223V DE 21,5 PULGADAS"
26278,"MODELO",1676212,"HP DREAMCOLOR Z31X"
26278,"MODELO",1676213,"UHD 4K HP Z27 DE 27.0”"
26278,"MODELO",1676214,"HP ZDISPLAY Z24N G2 24.0 PULGADAS"
26278,"MODELO",1676215,"HP N223 DE 21,5 PULGADAS"
26278,"MODELO",1676216,"LS2223"
26278,"MODELO",1676217,"LE58F1352"
26278,"MODELO",1676218,"ELITEDISPLAY E221I"
26278,"MODELO",1676219,"L2206TM"
26278,"MODELO",1676220,"AG272FCX"
26278,"MODELO",1676221,"I2269VWM/BK"
26278,"MODELO",1676222,"THINKVISION T2254P"
26278,"MODELO",1676223,"THINKVISION T2224P"
26278,"MODELO",1676224,"THINKVISION E2323"
26278,"MODELO",1676225,"P2418HZ"
26278,"MODELO",1676226,"ADV-195TN"
26278,"MODELO",1676227,"ADV-195BK"
26278,"MODELO",1676228,"ADV-24IPS"
26278,"MODELO",1676229,"C8618QT"
26278,"MODELO",1676230,"ADV215TN4"
26278,"MODELO",1676231,"IFP2410"
26278,"MODELO",1676232,"TD2455"
26278,"MODELO",1676233,"VG2456"
26278,"MODELO",1676234,"22B2H"
26278,"MODELO",1676235,"C27G2"
26278,"MODELO",1676236,"24V2Q"
26278,"MODELO",1676237,"AG493UCX"
26278,"MODELO",1676238,"AG273QCX2"
26278,"MODELO",1676239,"THINKVISION T22I-20"
26278,"MODELO",1676240,"THINKVISION P27Q-20"
26278,"MODELO",1676241,"THINKVISION P24Q-20"
26278,"MODELO",1676242,"THINKVISION T22V-20"
26278,"MODELO",1676243,"0P2719H3"
26278,"MODELO",1676244,"THINKVISION T24I-20"
26278,"MODELO",1676245,"THINKVISION T24V-20"
26278,"MODELO",1676246,"UP2716D"
26278,"MODELO",2035371,"GW2480L"
26278,"MODELO",3775622,"BRICKELL 24C075HD1"
26278,"MODELO",1676247,"THINKVISION T23I-20"
26278,"MODELO",1676248,"61F7MAR1"
26278,"MODELO",1676249,"32UK550"
26278,"MODELO",1676250,"LENOVO D19-10"
26278,"MODELO",1676251,"THINKVISION T27I-10"
26278,"MODELO",1676252,"THINKVISION P32U-10"
26278,"MODELO",1676253,"THINKVISION S24E-10"
26278,"MODELO",1676254,"THINKVISION S27I-10"
26278,"MODELO",1676255,"ADV215TFT"
26278,"MODELO",1676256,"MAG241C"
26278,"MODELO",1676257,"G27C2"
26278,"MODELO",1676258,"LC24RG50FQ"
26278,"MODELO",1676259,"LC24RG50FQLXPE"
26278,"MODELO",1676260,"LC24RG50"
26278,"MODELO",1676261,"LC27JG54"
26278,"MODELO",1676262,"LC27R500"
26278,"MODELO",1676263,"LC34J550"
26278,"MODELO",1676264,"MONITOR HP ELITEDISPLAY E243M DE 23.8”"
26278,"MODELO",1676265,"MONITOR HP ELITEDISPLAY E233 DE 23”"
26278,"MODELO",1676266,"MONITOR HP ELITEDISPLAY E243 DE 23.8”"
26278,"MODELO",1676267,"MONITOR HP ELITEDISPLAY E273Q DE 27”"
26278,"MODELO",1676268,"MONITOR HP ELITEDISPLAY E202 DE 20”"
26278,"MODELO",1676269,"MONITOR HP V214A DE 20,7”"
26278,"MODELO",1676270,"LC32JG54"
26278,"MODELO",1676271,"THINKVISION T23D-10"
26278,"MODELO",1676272,"MONITOR HP ELITEDISPLAY E223 DE 21.5”"
26278,"MODELO",1676273,"C24G1"
26278,"MODELO",1676274,"THINKVISION X24 PRO"
26278,"MODELO",1676275,"THINKVISION T22V"
26278,"MODELO",1676276,"THINKVISION T24V-10"
26278,"MODELO",1676277,"THINKVISION T24V - 10"
26278,"MODELO",1676278,"THINKVISION T24I-10"
26278,"MODELO",1676279,"C27G1"
26278,"MODELO",1676280,"THINKVISION S22E-19"
26278,"MODELO",1676281,"E1715S"
26278,"MODELO",1676282,"9E2216H5"
26278,"MODELO",1676283,"E2318H"
26278,"MODELO",1676284,"E2218HN"
26278,"MODELO",1676285,"E2219HN"
26278,"MODELO",1676286,"9E2216H4"
26278,"MODELO",1676287,"21.5 FULLHD"
26278,"MODELO",1676288,"23.8 FULLHD"
26278,"MODELO",1676289,"24B1XHS"
26278,"MODELO",1676290,"22MK400H"
26278,"MODELO",1676291,"27MK600M-B"
26278,"MODELO",1676292,"27MK600M"
26278,"MODELO",1676293,"22MK600M"
26278,"MODELO",1676294,"OPTIX-G24VC"
26278,"MODELO",1676295,"OPTIX G24VC"
26278,"MODELO",1676296,"LF27T350"
26278,"MODELO",1676297,"LS27AM500"
26278,"MODELO",1676298,"LC27T550"
26278,"MODELO",1676299,"LC32G55"
26278,"MODELO",1676300,"MONITOR HP Z24F G3"
26278,"MODELO",1676301,"MONITOR HP Z24N G3"
26278,"MODELO",1676302,"LC32R500"
26278,"MODELO",1676303,"LF24T452"
26278,"MODELO",1676304,"LS24A600"
26278,"MODELO",1676305,"LS24AG30"
26278,"MODELO",1676306,"LS24R35"
26278,"MODELO",1676307,"LS27AG320"
26278,"MODELO",2939835,"VG2455"
26278,"MODELO",2939887,"VG2455-2K"
26278,"MODELO",1741370,"MONITOR E2423HN"
26278,"MODELO",1676308,"LS27AG550"
26278,"MODELO",1676309,"LS32AG550"
26278,"MODELO",1676310,"MONITOR HP P22VA G4"
26278,"MODELO",1676311,"LS22A33A"
26278,"MODELO",1676312,"LS49A950"
26278,"MODELO",1676313,"MONITOR C2422HE"
26278,"MODELO",1676314,"LF24T350"
26278,"MODELO",1676315,"LS19A330"
26278,"MODELO",1676316,"LS24AG320"
26278,"MODELO",1676317,"HP P22 G5"
26278,"MODELO",1676318,"LS27A700"
26278,"MODELO",1676319,"LS27BG402"
26278,"MODELO",1676320,"LS28AG700"
26278,"MODELO",1676321,"LS32BM500"
26278,"MODELO",1676322,"LS32BM801"
26278,"MODELO",1676323,"LS34A650"
26278,"MODELO",1676324,"THINKVISION E22-28"
26278,"MODELO",1676325,"P27-8TE PRO"
26278,"MODELO",1676326,"AD80HW"
26278,"MODELO",1676327,"TINY-IN-ONE 24 GEN 4"
26278,"MODELO",1676328,"B24-9 WE"
26278,"MODELO",1676329,"HUASHAN-CBA"
26278,"MODELO",1676330,"MOV20ADV6021N"
26278,"MODELO",1676331,"ADV-6021N"
26278,"MODELO",1676332,"PA278CV"
26278,"MODELO",1676333,"ADV5022"
26278,"MODELO",1676334,"BASICO"
26278,"MODELO",1676335,"HP Z43 42.5-INCH 4K UHD"
26278,"MODELO",1676336,"ZHUQUE-CAA"
26278,"MODELO",1676337,"ADV-5021"
26278,"MODELO",1676338,"ADV-5022"
26278,"MODELO",1676339,"ADV5021"
26278,"MODELO",1676340,"24B2XHM."
26278,"MODELO",1676341,"M32U-SA"
26278,"MODELO",1676342,"U2720Q"
26278,"MODELO",1676343,"G27QC A-SA"
26278,"MODELO",1676344,"34WP500"
26278,"MODELO",1676345,"G27FC-SA"
26278,"MODELO",1676346,"THINKVISION E24-29"
26278,"MODELO",1676347,"M32Q-SA"
26278,"MODELO",1676348,"MONITOR P2018H"
26278,"MODELO",1676349,"MONITOR P2319H"
26278,"MODELO",1676350,"ADV-24IPS2"
26278,"MODELO",1676351,"27MP400-B"
26278,"MODELO",1676352,"27MP60G"
26278,"MODELO",1676353,"32UN500"
26278,"MODELO",1676354,"LF22T350"
26278,"MODELO",1676355,"LF24T400"
26278,"MODELO",1676356,"LC49RG90"
26278,"MODELO",1676357,"24MP400-B"
26278,"MODELO",1676358,"PD-TOUCH 15S"
26278,"MODELO",1676359,"MONITOR TOUCH 15S"
26278,"MODELO",1676360,"THINKVISION T27Q-20"
26278,"MODELO",1676361,"MONITOR HP P21B G4"
26278,"MODELO",1676362,"MONITOR HP P22V G4"
26278,"MODELO",1676363,"MONITOR HP P24V G4"
26278,"MODELO",1676364,"LC49G95"
26278,"MODELO",1676365,"B27-9 TS QHD"
26278,"MODELO",1676366,"MONITOR HP P22 G4"
26278,"MODELO",1676367,"MONITOR HP P22H G4"
26278,"MODELO",1676368,"29WP60G"
26278,"MODELO",1676369,"MATEVIEW SE"
26278,"MODELO",1676370,"ZHUQUE-CA"
26278,"MODELO",2939938,"VG2755"
26278,"MODELO",1676371,"AD80HW DISPLAY 23.8"
26278,"MODELO",1676372,"DELL E2222HS"
26278,"MODELO",1676373,"32GN600-B"
26278,"MODELO",1676374,"27GN880"
26278,"MODELO",1676375,"THINKVISION E24-28"
26278,"MODELO",1676376,"1E2422H3"
26278,"MODELO",1676377,"VG2440V-GE"
26278,"MODELO",1676378,"MONITOR E2422H"
26278,"MODELO",1676379,"G27QC-SA"
26278,"MODELO",1676380,"THINKVISION E20-20"
26278,"MODELO",1676381,"G32QC A-SA"
26278,"MODELO",1676382,"22MN430"
26278,"MODELO",1676383,"22MN430H"
26278,"MODELO",1676384,"32MN600P"
26278,"MODELO",1676385,"VA2418-SH"
26278,"MODELO",1676386,"POS - D 15.1´ TFT LCD MONITOR WITH 5 WIRES RESISTIVE TOUCH BLACK BOTTON+LOGO / RESOLUCION 1024 X 768 /"
26278,"MODELO",1676387,"AORUS CV27Q-SA"
26278,"MODELO",1676388,"HP ELITEDISPLAY E273M DE 27''"
26278,"MODELO",1676389,"LENOVO C24-20"
26278,"MODELO",1676390,"THINKVISION S24E-20"
26278,"MODELO",1676391,"THINKVISION S22E-20"
26278,"MODELO",1676392,"AORUS FI27Q-X-SA"
26278,"MODELO",1676393,"AORUS FI27Q-P-SA"
26278,"MODELO",1676394,"AORUS FI27Q-SA"
26278,"MODELO",1676395,"MATEVIEW SE PREMIUM"
26278,"MODELO",1676396,"VX2758-P-MHD"
26278,"MODELO",1676397,"VX2758-2KP-MHD"
26278,"MODELO",1676398,"VP2468_H2"
26278,"MODELO",1676399,"53060684N12"
26278,"MODELO",1676400,"VX2757-MHD"
26278,"MODELO",1676401,"34WQ60C-B"
26278,"MODELO",1676402,"49WL95C-WE"
26278,"MODELO",1676403,"VX2776-4K-MHD"
26278,"MODELO",1676404,"VX2257-MHD"
26278,"MODELO",1676405,"VX2276-SMHD"
26278,"MODELO",1676406,"VG2248"
26278,"MODELO",1676407,"VG2248_H2"
26278,"MODELO",1676408,"VP2458"
26278,"MODELO",1676409,"VP2468"
26278,"MODELO",1676410,"VX2776-SMHD"
26278,"MODELO",1676411,"C2722DE"
26278,"MODELO",1676412,"VX2758-C-MH"
26278,"MODELO",1676413,"242B1H/44"
26278,"MODELO",1676414,"221B7QPJKEB/44"
26278,"MODELO",1676415,"VX2458-C-MHD"
26278,"MODELO",1676416,"275B1H/44"
26278,"MODELO",1676417,"M28U-SA"
26278,"MODELO",1676418,"P3421W"
26278,"MODELO",1676419,"M27Q-SA"
26278,"MODELO",1676420,"MONITOR E2221HS"
26278,"MODELO",1676421,"MONITOR E2221HN"
26278,"MODELO",1676422,"G27FC A-SA"
26278,"MODELO",1676423,"G27Q-SA"
26278,"MODELO",1676424,"G24F-SA"
26278,"MODELO",1676425,"HP ELITEDISPLAY E273"
26278,"MODELO",1676426,"VX2476-SMHD"
26278,"MODELO",1676427,"HP ELITEDISPLAY E273M DE 27”"
26278,"MODELO",1676428,"VX2458-MHD"
26278,"MODELO",1676429,"22MN430M"
26278,"MODELO",4150245,"ZW-Z2701"
26278,"MODELO",4227157,"S32GF"
26278,"MODELO",2798136,"HP P27H G5 FHD"
26278,"MODELO",3135233,"32GR93U"
26278,"MODELO",2564577,"S8 27B804"
26278,"MODELO",4024080,"MONITOR DELL 22 PRO STAND AJUSTABLE - E2225HSM"
26278,"MODELO",4024085,"MONITOR DELL PRO 27 PLUS - P2725H"
26278,"MODELO",3378399,"MONITOR E2225H"
26278,"MODELO",3780906,"THINKVISION T27HV-30"
26278,"MODELO",4227155,"LS24F320GANXZA-OS"
26278,"MODELO",2779274,"MONITOR P2425H"
26278,"MODELO",3862640,"MONITOR DELL 24 PRO STAND FIJO"
26278,"MODELO",1799159,"22A336"
26278,"MODELO",3136097,"HP SERIES 7 PRO 27 QHD - 727PQ"
26278,"MODELO",1799169,"24C310"
26278,"MODELO",1799191,"27A600U"
26278,"MODELO",1799200,"27B610"
26278,"MODELO",1799224,"32A700"
26278,"MODELO",1799230,"32AG320"
26278,"MODELO",1799251,"32BG702"
26278,"MODELO",3863848,"MONITOR U3225QE"
26278,"MODELO",2488661,"TE-2440S"
26278,"MODELO",2488670,"TE-2470G"
26278,"MODELO",2488673,"TE-2711S"
26278,"MODELO",2488677,"TE-2730S"
26278,"MODELO",2488681,"TE-2750G"
26278,"MODELO",3862660,"MONITOR E2425HM"
26278,"MODELO",3862680,"MONITOR DELL 27 PRO PLUS"
26278,"MODELO",2488685,"TE-2910G"
26278,"MODELO",1799237,"32B300"
26278,"MODELO",3864050,"27U421A"
26278,"MODELO",1938565,"VP229Q"
26278,"MODELO",2798725,"MONITOR E2425HS"
26278,"MODELO",4040321,"G61SD"
26278,"MODELO",4040386,"F81SD"
26278,"MODELO",4040388,"G80SD"
26278,"MODELO",2939012,"TD2230-2"
26278,"MODELO",3719463,"HP SERIES 5 PRO 23.8 INCH FHD USB-C MONITOR - 524PU"
26278,"MODELO",3136045,"HP SERIES 7 PRO 27 QHD THUNDERBOLT 4 - 727PU"
26278,"MODELO",2939111,"TD2465-2"
26278,"MODELO",3864038,"24U421A"
26278,"MODELO",3864058,"27U631A"
26278,"MODELO",3136108,"HP SERIES 7 PRO 24 WUXGA USB-C - 724PU"
26278,"MODELO",1729285,"HP Z27K G3"
26278,"MODELO",3778045,"32UR550K"
26278,"MODELO",2559022,"THINKVISION P34W-20"
26278,"MODELO",1719378,"THINKVISION T22I-30"
26278,"MODELO",2623406,"VIEWFINITY S8 27B804"
26278,"MODELO",4054649,"APOLUSS L2A"
26278,"MODELO",4074520,"M70F"
26278,"MODELO",4074526,"S31C"
26278,"MODELO",1719544,"61FCMAR6"
26278,"MODELO",1719559,"TE-3199N"
26278,"MODELO",4226149,"27P2A PRO"
26278,"MODELO",4074529,"S50GC"
26278,"MODELO",4074543,"S43UF"
26278,"MODELO",2623525,"S24C432GAN"
26278,"MODELO",1729919,"MONITOR HP P204V"
26278,"MODELO",1730048,"HP P22V G4"
26278,"MODELO",2939211,"VG2457V"
26278,"MODELO",2939228,"VG2757V-2K"
26278,"MODELO",2033252,"ADV-2150S"
26278,"MODELO",2909377,"27BA550"
26278,"MODELO",2027176,"GV24QST"
26278,"MODELO",1954867,"VA2735-H"
26278,"MODELO",2939167,"TD3207"
26278,"MODELO",2939323,"VG2457V-2"
26278,"MODELO",2939184,"VG2440V-2"
26278,"MODELO",2909256,"24BA550"
26278,"MODELO",1954904,"TD2223"
26278,"MODELO",4022717,"S61F"
26278,"MODELO",2626786,"LS27D700EAL"
26278,"MODELO",2939291,"VG2240"
26278,"MODELO",3761736,"LS22D300GALXPE"
26278,"MODELO",3761777,"S30GD"
26278,"MODELO",3141019,"G93SD"
26278,"MODELO",4229906,"MONITOR ALTA PERFORMANCE DE LUXE"
26278,"MODELO",4019478,"THINKVISION P24QD-40"
26278,"MODELO",2143595,"ADV-2750S"
26278,"MODELO",4093501,"TE-2786G"
26278,"MODELO",4019435,"THINKVISION P24Q-40"
26278,"MODELO",2562599,"MONITOR P3424WEB"
26278,"MODELO",4229933,"MONITOR ALTA PERFORMANCE STANDARD"
26278,"MODELO",3100573,"VX4381-4K"
26278,"MODELO",4313801,"MONITOR PC QT"
26278,"MODELO",2631420,"THINKVISION T34W-30"
26278,"MODELO",2562595,"P3424WEB"
26278,"MODELO",1799988,"MONITOR P2423DE"
26278,"MODELO",1799991,"MONITOR E2723HN"
26278,"MODELO",2647803,"27MS500"
26278,"MODELO",2747206,"LS32D600EALXPE"
26278,"MODELO",1798208,"SCREEN001GCS23SQUARE"
26278,"MODELO",4313911,"MONITO PC Q T-GLICH"
26278,"MODELO",3101175,"VP2456"
26278,"MODELO",1786058,"PLCDCRALED27P"
26278,"MODELO",1837177,"MONITOR S2722DC"
26278,"MODELO",1736456,"ADV-6022N"
26278,"MODELO",4143282,"VA2447-MHJ"
26278,"MODELO",2631217,"VY229HE"
26278,"MODELO",1744457,"MONITOR C2723H"
26278,"MODELO",4143395,"VA2714-H"
26278,"MODELO",4143488,"VX3218-PC-MHD"
26278,"MODELO",4149983,"ZW-Z2381"
26278,"MODELO",2149661,"25BG4"
26278,"MODELO",3378397,"MONITOR E2725H"
26278,"MODELO",3378402,"MONITOR E2225HS"
26278,"MODELO",3378406,"MONITOR E2425H"
26278,"MODELO",2149666,"28BG7"
26278,"MODELO",2149690,"34BG8"
26278,"MODELO",2149695,"43CG7"
26278,"MODELO",4118863,"HP SERIES 3 PRO 23.8 INCH FHD MONITOR - 324PH"
26278,"MODELO",2896488,"TD2430-2"
26278,"MODELO",2745891,"S27D600EAL"
26278,"MODELO",2938044,"VX2416A"
26278,"MODELO",4227759,"G50F"
26278,"MODELO",4227959,"G55T"
26278,"MODELO",1718790,"TE-3130"
26278,"MODELO",1718795,"TE-3131"
26278,"MODELO",2745957,"S27DG300EL"
26278,"MODELO",2938085,"VX2428A"
26278,"MODELO",4228062,"G70F"
26278,"MODELO",2048495,"INFVA24MB"
26278,"MODELO",2745968,"S43DM702"
26278,"MODELO",1747660,"MONITOR U3223QE"
26278,"MODELO",4227920,"G53F"
26278,"MODELO",4228099,"LS27B804PXNXGO-OS"
26278,"MODELO",2745941,"S24DG300EL"
26278,"MODELO",3138877,"VG32AQA1A"
26278,"MODELO",3138884,"LS55CG97WNLXPE"
26278,"MODELO",4140295,"TE-2419S"
26278,"MODELO",2938130,"VX2716A"
26278,"MODELO",4142247,"TE-2130CS"
26278,"MODELO",3155550,"HP SERIES 5 PRO 27"" QHD MONITOR - 527PQ"
26278,"MODELO",2746156,"TE-2712S"
26278,"MODELO",2746160,"TE-2766G"
26278,"MODELO",3138891,"G97NC"
26278,"MODELO",4003254,"S39GD"
26278,"MODELO",2030845,"32MP60G"
26278,"MODELO",1719365,"THINKVISION T24I-30"
26278,"MODELO",2938163,"TD2211"
26278,"MODELO",3863729,"MONITOR QHD DELL PRO 27 PLUS"
26278,"MODELO",3863825,"MONITOR  P2424HEB"
26278,"MODELO",3863831,"MONITOR P2724DEB"
26278,"MODELO",1730018,"HP E27D G4"
26278,"MODELO",2562664,"MONITOR PARA VIDEOCONFERENCIA DELL - P3424WEB"
26278,"MODELO",2149901,"27BK550Y"
26278,"MODELO",2906329,"27GS50F"
26278,"MODELO",3896282,"APOLUSS L24"
26278,"MODELO",1729969,"HP P24 G5"
26278,"MODELO",1729879,"HP Z24M G3"
26278,"MODELO",1729939,"HP P22V G5"
26278,"MODELO",1730001,"HP E24D G4"
26278,"MODELO",1729597,"HP Z34C CURVED"
26278,"MODELO",2906401,"27GS65F"
26278,"MODELO",2906414,"27GS60QC"
26278,"MODELO",2149920,"24MP60G"
26278,"MODELO",2022187,"32CM8B"
26278,"MODELO",1729832,"HP Z24F G3"
26278,"MODELO",3863802,"MONITOR QHD DELL PRO 27 PLUS CON CONCENTRADOR USB-C"
26278,"MODELO",3863816,"MONITOR 4K DELL PRO 27 PLUS CON  CONCENTRADOR USB-C"
26278,"MODELO",1730313,"THINKVISION T27I-30"
26278,"MODELO",1730037,"HP P22H G4"
26278,"MODELO",1729905,"HP Z32K G3"
26278,"MODELO",1729847,"HP E34M G4"
26278,"MODELO",3955015,"MW24F1"
26278,"MODELO",3955166,"MW27F1"
26278,"MODELO",4125524,"G95NC"
26278,"MODELO",3717239,"HP SERIES 3 PRO 21.45 INCH FHD MONITOR - 322PV"
26278,"MODELO",4118624,"HP SERIES 3 PRO 21.5 INCH FHD MONITOR 322PH"
26278,"MODELO",4118936,"HP SERIES 3 PRO 27 INCH FHD MONITOR - 327PF"
26278,"MODELO",2529355,"24C330"
26278,"MODELO",3826236,"MONITOR E2725HM"
26278,"MODELO",3826263,"MONITOR DELL 27 PRO CON STAND FIJO"
26278,"MODELO",3826496,"RAITO M27Q"
26278,"MODELO",4118969,"HP SERIES 3 PRO 27 INCH FHD MONITOR - 327PH"
26278,"MODELO",2529392,"27C330"
26278,"MODELO",2631147,"BE24EQSK"
26278,"MODELO",2502700,"HG2410FF"
26278,"MODELO",3863721,"MONITOR P2725D"
26278,"MODELO",4118816,"HP SERIES 3 PRO 23.8 INCH FHD MONITOR - 324PE"
26278,"MODELO",3826515,"RAITO M27F"
26278,"MODELO",3826525,"RAITO M24F"
26278,"MODELO",4118892,"HP SERIES 3 PRO 27 INCH FHD MONITOR - 327PE"
26278,"MODELO",3863790,"MONITOR P2725DE"
26278,"MODELO",3717068,"HP SERIES 3 PRO 21.5 INCH FHD MONITOR - 322PF"
26278,"MODELO",3863809,"MONITOR P2725QE"
26278,"MODELO",3894987,"TE-2713S"
26278,"MODELO",3894993,"TE-2767G"
26278,"MODELO",3895000,"TE-2769G"
26278,"MODELO",3895012,"TE-3251S"
26278,"MODELO",3895020,"TE-3252S"
26278,"MODELO",3719669,"HP SERIES 5 PRO 24 INCH WUXGA MONITOR - 524PN"
26278,"MODELO",2501505,"27GN65R"
26278,"MODELO",3719714,"HP SERIES 5 PRO 27 INCH QHD USB-C MONITOR - 527PU"
26278,"MODELO",3719511,"HP SERIES 5 PRO 23.8 INCH FHD USB-C CONFERENCING MONITOR - 524PM"
26278,"MODELO",3719750,"HP E27M G4 QHD USB-C CONFERENCING MONITOR"
26278,"MODELO",2033844,"VG278QR"
26278,"MODELO",3850873,"THINKVISION T24-40"
26278,"MODELO",2894598,"TE-2752G"
26278,"MODELO",2894608,"TE-2471G"
26278,"MODELO",2627729,"4K HP E32K G5 USB-C"
26278,"MODELO",4006031,"TE-2732S"
26278,"MODELO",3850908,"THINKVISION T27-40"
26278,"MODELO",2940653,"VG2757V-2K-2"
26278,"MODELO",3090426,"VG2756-4K"
26278,"MODELO",3090456,"VG3456A"
26278,"MODELO",4006076,"TE-3217G"
26278,"MODELO",1999934,"SCREEN008GCS27SQUARE"
26278,"MODELO",3857832,"HTL1A"
26278,"MODELO",3857843,"HTM1A"
26278,"MODELO",1729545,"HP Z24U G3"
26278,"MODELO",1835461,"HG2409"
26278,"MODELO",1729954,"HP P27H G5"
26278,"MODELO",3968482,"THINKVISION P27Q-40"
26278,"MODELO",3969390,"TE-2714S"
26278,"MODELO",1836588,"HP E27Q G5 QHD"
26278,"MODELO",3968532,"THINKVISION P27QD-40"
26278,"MODELO",3969190,"TE-2417S"
26278,"MODELO",2563624,"S22C310EAL"
26278,"MODELO",2563644,"S27C310EAL"
26278,"MODELO",2563659,"S27C432GAN"
26278,"MODELO",3390582,"XB-M270"
26278,"MODELO",3878396,"LS24C432GANXZA-OS"
26278,"MODELO",1806765,"32C500"
26278,"MODELO",4074390,"G90XF"
26278,"MODELO",2563708,"32R500"
26278,"MODELO",3878398,"S43GC"
26278,"MODELO",2563674,"S32B300NWN"
26278,"MODELO",3878462,"S36GD"
26278,"MODELO",2906295,"24GS50F"
26278,"MODELO",2906427,"32GS60QC"
26278,"MODELO",3969495,"TE-3253S"
26278,"MODELO",2563639,"S24C310EAL"
26278,"MODELO",3390570,"XB-M238"
26278,"MODELO",1832809,"24MQ400-B"
26278,"MODELO",3968606,"THINKVISION T34WD-40"
26278,"MODELO",4018894,"TE-2416CS"
26278,"MODELO",2156300,"19M38H"
26278,"MODELO",1971582,"MONITOR P3421W"
26278,"MODELO",1971580,"MONITOR S3422DW"
26278,"MODELO",1971578,"MONITOR U3423WE"
26278,"MODELO",4119924,"22U401A"
26278,"MODELO",2779612,"VP249HE"
26278,"MODELO",2779635,"VY249HF"
26278,"MODELO",3825967,"MONITOR E2425HSM"
26278,"MODELO",3826003,"MONITOR DELL 22 PRO CON STAND AJUSTABLE"
26278,"MODELO",1764680,"T27HV-30"
26278,"MODELO",4142873,"VA220-H"
26278,"MODELO",4019285,"THINKVISION E24-40"
26278,"MODELO",2647878,"27GQ50F"
26278,"MODELO",1765071,"MONITOR E2420H"
26278,"MODELO",2647790,"22MR410"
26278,"MODELO",1725966,"34GP63A-B"
26278,"MODELO",1747430,"THINKVISION T24V-30"
26278,"MODELO",1747432,"THINKVISION P24H-30"
26278,"MODELO",1748126,"BE24ECSNK"
26278,"MODELO",3135922,"HP E24T G5 FHD TOUCH"
26278,"MODELO",1747426,"THINKVISION T24MV-30"
26278,"MODELO",4143119,"VA240-H"
26278,"MODELO",3135964,"HP E14 G4 PORTABLE"
26278,"MODELO",3135997,"HP SERIES 7 PRO 37.5 INCH WQHD+THUNDERBOLT 4- 738PU"
26278,"MODELO",2895891,"HT-PDHU4010"
26278,"MODELO",2776435,"FHD HP P24V G5"
26278,"MODELO",2530204,"MONITOR PARA VIDEOCONFERENCIA DELL - P2724DEB"
26278,"MODELO",3879449,"G40B"
26278,"MODELO",3136024,"HP SERIES 7 PRO 34 WQHD CONFERENCING - 734PM"
26278,"MODELO",4122084,"THINKVISION T24D-4V"
26278,"MODELO",1955244,"MONITOR PRUEBA"
26278,"MODELO",2748598,"27UP550N"
26278,"MODELO",3761961,"S40GD"
26278,"MODELO",2748605,"45GR75DC"
26278,"MODELO",2771433,"S27DM501EL"
26278,"MODELO",4096560,"TE_2415S"
26278,"MODELO",2748611,"34GS95QE"
26278,"MODELO",2748614,"24MS500"
26278,"MODELO",4138004,"MP350M"
26278,"MODELO",2628110,"TE-3410G"
26278,"MODELO",2130729,"24GP60G"
26278,"MODELO",2894639,"TE-3250S"
26278,"MODELO",4230508,"RAITO M24G"
26278,"MODELO",3333493,"G85SD"
26278,"MODELO",3333501,"LS27C900PANXZA"
26278,"MODELO",4230571,"RAITO M32G"
26278,"MODELO",4230590,"32X3A"
26278,"MODELO",4230532,"RAITO M27C"
26278,"MODELO",3333508,"S90PC"
26278,"MODELO",4230517,"RAITO M27G"
26278,"MODELO",1799180,"24C360"
26278,"MODELO",1799186,"24R350"
26278,"MODELO",1799208,"28BG700"
26278,"MODELO",4122067,"THINKVISION T24-4V"
26278,"MODELO",2939851,"BRIGHT 6500"
26278,"MODELO",2563697,"S27C900"
26278,"MODELO",1973214,"24BR650B-C"
26278,"MODELO",2530200,"P2724DEB"
26278,"MODELO",2939980,"VG2755-2K"
26278,"MODELO",3735271,"27GS95QE"
26278,"MODELO",3928431,"MONITOR PARA VIDEOCONFERENCIA DELL P2424HEB"
26278,"MODELO",4006003,"TE-2128S"
26278,"MODELO",2939927,"VG2456A"
26278,"MODELO",1755140,"VG279QL1A"
26278,"MODELO",1973275,"24MK600M-W"
26278,"MODELO",4222737,"25G64"
26278,"MODELO",1787483,"20E1H"
26278,"MODELO",4222662,"24G54"
26278,"MODELO",2907035,"MONITOR P2725H"
26278,"MODELO",2907095,"27GS75Q"
26278,"MODELO",2907100,"32GS75Q"
26278,"MODELO",3778280,"BRICKELL+ 27C100HD1"
26278,"MODELO",1830110,"TOUCH 15S"
26278,"MODELO",4230548,"RAITO M27P"
26278,"MODELO",2554456,"4K HP SERIES 7 PRO 31.5"
26278,"MODELO",3779342,"RAITO M238"
26278,"MODELO",4231279,"VX2728J-2K"
26278,"MODELO",2529340,"27C900"
26278,"MODELO",2529397,"27F391"
26278,"MODELO",1835430,"HG2403"
26278,"MODELO",3779420,"RAITO M270"
26278,"MODELO",1760042,"TE-2150N"
26278,"MODELO",2896493,"TD2760"
26278,"MODELO",4231224,"VA220A-H"
26278,"MODELO",4231243,"VA240A-H"
26278,"MODELO",4231270,"VA2448-MHJ"
26278,"MODELO",1969983,"VX2416"
26278,"MODELO",3139995,"HT-2524P"
26278,"MODELO",3779471,"RAITO M215"
26278,"MODELO",4071084,"THINKVISION E27-40"
26278,"MODELO",3966828,"THINKVISION S24-4E"
26278,"MODELO",2936881,"VA2233-H2"
26278,"MODELO",4002671,"MZ3207-Y"
26278,"MODELO",4071125,"THINKVISION S27I-30"
26278,"MODELO",4071139,"THINKVISION T24D-40"
26278,"MODELO",2936905,"VA2435-H"
26278,"MODELO",2894968,"VX2716"
26278,"MODELO",4228485,"DELL PRO 24"
26278,"MODELO",4101552,"VA249HG"
26278,"MODELO",1770402,"MONITOR E2724HS"
26278,"MODELO",2046545,"VG27WQ1B"
26278,"MODELO",4101616,"VA279HG"
26278,"MODELO",4101740,"VY249HGR"
26278,"MODELO",4071112,"THINKVISION E27Q-40"
26278,"MODELO",2937817,"VA2735-H2"
26278,"MODELO",2940962,"THINKVISION T24M-20"
26278,"MODELO",4228494,"MONITOR DELL PRO 27 – E2726DS"
26278,"MODELO",4228505,"MONITOR DELL PRO P 24 – P2426H"
26278,"MODELO",4228520,"MONITOR DELL PRO P 27 – P2726H"
26278,"MODELO",4101692,"VY279HGR"
26278,"MODELO",2502720,"HG2722FC"
26278,"MODELO",2502740,"HG3230QC"
26278,"MODELO",3104867,"24MR400"
26278,"MODELO",3878520,"S80PB"
26278,"MODELO",2502714,"HG2411FC"
26278,"MODELO",2502742,"HG3440QW"
26278,"MODELO",3864069,"32U631A"
26278,"MODELO",4069218,"RAITO M24IF"
26278,"MODELO",1798214,"SCREEN003GCS23CURVED"
26278,"MODELO",4139694,"27U411A"
26278,"MODELO",4139706,"27G610A"
26278,"MODELO",4069325,"RAITO M27IF"
26278,"MODELO",1798216,"SCREEN004GCS27CURVED"
26278,"MODELO",2502738,"HG2725QC"
26278,"MODELO",2558985,"THINKVISION 27 3D"
26278,"MODELO",4139717,"32G810SA"
26278,"MODELO",4139830,"27U511SA"
26278,"MODELO",1798211,"SCREEN002GCS27SQUARE"
26278,"MODELO",4226429,"THINKVISION T27QD-4V"
26278,"MODELO",4139884,"34G600A"
26278,"MODELO",3743351,"32GS95UV-B"
26278,"MODELO",3743353,"32GS95UV"
26278,"MODELO",1725449,"19M38H-B"
26278,"MODELO",4139967,"34U511A"
26278,"MODELO",2777981,"MONITOR E2222HS"
26278,"MODELO",4140013,"34GX90SA"
26278,"MODELO",2777980,"E2222HS"
26278,"MODELO",2938217,"TD2223-2"
26278,"MODELO",1804294,"VG2456V"
26278,"MODELO",1804307,"THINKVISION T32P-30"
26278,"MODELO",3090388,"VG2756A-2K"
26278,"MODELO",2143364,"ADV-2451S"
26278,"MODELO",1780107,"S34BG85"
26278,"MODELO",3090535,"VG3456C"
26278,"MODELO",2143392,"27GR83Q"
26278,"MODELO",2143453,"27GR95QE"
26278,"MODELO",2745910,"S32D600EAL"
26278,"MODELO",1954939,"TD2230"
26278,"MODELO",2143415,"27GR93U"
26278,"MODELO",2130723,"20MK400"
26278,"MODELO",2894779,"VX2418C"
26278,"MODELO",1838037,"TE-2710S"
26278,"MODELO",2530859,"BE279QSK"
26278,"MODELO",2530861,"PA34VCNV"
26278,"MODELO",2033264,"ADV-2450S"
26278,"MODELO",2895018,"VX2718-P-MHD"
26278,"MODELO",1838053,"TE-3194N"
26278,"MODELO",2628359,"MF2412-K"
26278,"MODELO",2530948,"PA329CV"
26278,"MODELO",2530959,"VA24DQSB"
26278,"MODELO",2530971,"VA24EHF"
26278,"MODELO",2530980,"VA27DQSB"
26278,"MODELO",2488653,"TE-2411S"
26278,"MODELO",2488657,"TE-2412S"
26278,"MODELO",2488665,"TE-2401S"
26278,"MODELO",2558593,"ADV-2151S"
26278,"MODELO",2530863,"PA248QV"
26278,"MODELO",2530865,"PA278QV."
26278,"MODELO",2530867,"PA279CV"
26278,"MODELO",2531009,"VA34VCPSN"
26278,"MODELO",2026570,"VA24EHEY"
26278,"MODELO",1924915,"THINKVISION P27H-30"
26278,"MODELO",2530999,"VA27EHF"
26278,"MODELO",2141185,"FHD HP P27H G4"
26278,"MODELO",4093473,"ADV-2454S"
26278,"MODELO",4093479,"ADV-2755S"
26278,"MODELO",2488648,"TE-2123S"
26278,"MODELO",2530988,"VA27ECPSN"
26278,"MODELO",2531020,"VA329HE"
26278,"MODELO",2531089,"VP228HE."
26278,"MODELO",4093491,"TE-2753G"
26278,"MODELO",4093522,"TE-4920G"
26278,"MODELO",3879444,"S60D"
26278,"MODELO",2531032,"VY249HE-W"
26278,"MODELO",2531048,"VY279HE-W"
26278,"MODELO",1786059,"PGCSLCDCRALED27P"
26278,"MODELO",4133002,"M90SF"
26278,"MODELO",2510107,"LENOVO C24-40"
26278,"MODELO",2510115,"LENOVO C22E-20"
26278,"MODELO",2510118,"LENOVO C27-40"
26278,"MODELO",2510123,"LENOVO D22E-20"
26278,"MODELO",4132991,"S80UD"
26278,"MODELO",4132997,"S65UC"
26278,"MODELO",3719095,"HP SERIES 3 PRO 21.45 INCH FHD MONITOR – 322PE"
26278,"MODELO",3137487,"HP P22V G5 FHD MONITOR"
26278,"MODELO",4002500,"MF2439-K"
26278,"MODELO",4002555,"MF2739-K"
26278,"MODELO",3719192,"HP SERIES 3 PRO 23.8 INCH FHD MONITOR - 324PV"
26278,"MODELO",2530272,"MONITOR PARA VIDEOCONFERENCIA DELL - P2424HEB"
26278,"MODELO",3719172,"HP P24V G5 FHD MONITOR"
26278,"MODELO",3955179,"THINKVISION  E24-29"
26278,"MODELO",4132993,"S80D"
26278,"MODELO",1738961,"C27G2Z"
26278,"MODELO",3777417,"BRICKELL 27C075HD1"
26278,"MODELO",1737131,"E20T-7"
26278,"MODELO",4120090,"27G411A"
26278,"MODELO",2529381,"27CM501"
26278,"MODELO",3777387,"BRICKELL+ 24C100HD1"
26278,"MODELO",4231925,"APOLUSS T24"
26278,"MODELO",4231928,"MONITOR DELL PRO 27 – E2726HS"
26278,"MODELO",2510041,"PA278CGV"
26278,"MODELO",1750926,"VA-MF27"
26278,"MODELO",1741499,"MONITOR P2423D"
26278,"MODELO",1741501,"MONITOR P2422HE"
26278,"MODELO",4231942,"APOLUSS Q24"
26278,"MODELO",4232042,"APOLUSS R27"
26278,"MODELO",4225715,"25P1AD"
26278,"MODELO",4232009,"APOLUSS Q27"
26278,"MODELO",3858441,"HTT1A"
26278,"MODELO",3334342,"G30D"
26278,"MODELO",1741497,"MONITOR P2422H"
26278,"MODELO",1741503,"MONITOR P2423"
26278,"MODELO",4119946,"24G411A"
26278,"MODELO",4120033,"24U411A"
26278,"MODELO",2529369,"27CG552"
26278,"MODELO",4225953,"27P1AD"
26278,"MODELO",4232099,"APOLUSS Q32"
26278,"MODELO",4087998,"HP SERIES 5 PRO 27 INCH FHD MONITOR- 527PF"
26278,"MODELO",4227592,"S33F"
26278,"MODELO",4226787,"TE-3412G"
26278,"MODELO",4226805,"TE-2403S"
26278,"MODELO",4226837,"TE-2475G"
26278,"MODELO",4226822,"TE-2420CS"
26278,"MODELO",4226847,"TE-2476G"
26278,"MODELO",4226856,"TE-2734S"
26278,"MODELO",4226867,"TE-2788G"
26278,"MODELO",3825927,"MONITOR E2225HSM"
26278,"MODELO",3826021,"MONITOR DELL 24 PRO STAND AJUSTABLE"
26278,"MODELO",1722704,"VA279HAE"
26278,"MODELO",4227610,"S33GF"
26278,"MODELO",2530078,"FHD HP E24MV G4"
26278,"MODELO",4226875,"TE-3219G"
26278,"MODELO",2652669,"LS22C310EALXPE-1A"
26278,"MODELO",2652684,"S24C330GAL"
26278,"MODELO",3776409,"RATIO M270"
26278,"MODELO",3776420,"RATIO M238"
26278,"MODELO",2022039,"32CM8"
26278,"MODELO",3776439,"RATIO M215"
26278,"MODELO",3826071,"MONITOR DELL 24 PRO PLUS"
26278,"MODELO",2748600,"32UP550N"
26278,"MODELO",2501503,"24GN65R"
26278,"MODELO",1954809,"VA2433-H"
26278,"MODELO",1954803,"VA2233-H"
26278,"MODELO",2941125,"TE-2127S"
26278,"MODELO",2941131,"TE-3216G"
26278,"MODELO",2941135,"TE-3215G"
26278,"MODELO",2941139,"TE-2472G"
26278,"MODELO",2941143,"TE-3411G"
26278,"MODELO",3719973,"HP SERIES 5 PRO 27 INCH QHD USB-C CONFERENCING MONITOR - 527PM"
26278,"MODELO",2154828,"24BK550Y"
26278,"MODELO",2941119,"TE-2764G"
26278,"MODELO",2941146,"TE-2415S"
26278,"MODELO",1732025,"27UL500-W"
26278,"MODELO",1732026,"34WQ680-W"
26278,"MODELO",2139461,"HP Z38C 37.5-INCH CURVED DISPLAY"
26278,"MODELO",2009973,"SCREEN008GCS27CURVED"
26278,"MODELO",2009993,"SCREEN009GCS23SQUARE"
26278,"MODELO",2010011,"SCREEN009GCS23CURVED"
26278,"MODELO",1764666,"P27H-30"
26278,"MODELO",1724020,"32GN55R-B"
26278,"MODELO",2022242,"32CM8P"
26278,"MODELO",4094824,"TE_3215G"
26278,"MODELO",1786894,"HP E24M G4 FHD USB-C CONFERENCING"
26278,"MODELO",3742544,"34WQ500"
26278,"MODELO",1730159,"HP E22 G4"
26278,"MODELO",1730133,"TE-3132"
26278,"MODELO",4094825,"TE_3411G"
26278,"MODELO",1786921,"FHD HP E27 G5"
26278,"MODELO",1748230,"BE27ACSBK"
26278,"MODELO",1730102,"TE3020N"
26278,"MODELO",1723500,"27GN65R-B"
26278,"MODELO",1973162,"27BK550Y-B"
26278,"MODELO",1973289,"27MK600M-W"
26278,"MODELO",2510076,"PA278QV"
26278,"MODELO",3131519,"HP E45C G5 DQHD CURVED"
26278,"MODELO",1723508,"27UL500-B"
26278,"MODELO",1730170,"HP Z38C CURVED"
26278,"MODELO",2024820,"MA491"
26278,"MODELO",1730315,"THINKVISION T23I-30"
26278,"MODELO",1973031,"24BK550Y-B"
26278,"MODELO",3131502,"HP P32U G5 QHD USB-C"
26278,"MODELO",1729234,"HP E27U G4"
26278,"MODELO",1729286,"HP Z24N G3"
26278,"MODELO",3966938,"THINKVISION T27QD-40"
26278,"MODELO",2149748,"49CG9"
26278,"MODELO",2149751,"55BG9"
26278,"MODELO",2149756,"32CM5"
26278,"MODELO",2149758,"43BM7"
26278,"MODELO",3131531,"HP E27K G5 4K USB-C"
26278,"MODELO",1723489,"22MK600M-B"
26278,"MODELO",1723490,"22MN430M-B"
26278,"MODELO",1723492,"24GN60R-B"
26278,"MODELO",1723493,"24GN65R-B"
26278,"MODELO",1723498,"26WQ500-B.AWF"
26278,"MODELO",1723503,"27MK600-B"
26278,"MODELO",1723506,"27UK580-B"
26278,"MODELO",2652433,"32CG55"
26278,"MODELO",1729266,"HP Z27XS G3 DREAMCOLOR"
26278,"MODELO",1729277,"HP E14 G4"
26278,"MODELO",1729257,"HP P22 G4 22"
26278,"MODELO",1729203,"HP E24MV G4"
26278,"MODELO",3764157,"MCN24C075HD1-36S"
26279,"NRO_PARTE",3136113,"8Y2F7AA"
26279,"NRO_PARTE",3136136,"8X530AA"
26279,"NRO_PARTE",3136141,"4Q8N4AA#ABA"
26279,"NRO_PARTE",3136144,"4Q8N4AA"
26279,"NRO_PARTE",3136148,"8Y2R2AA"
26279,"NRO_PARTE",3136151,"8K135AA#ABA"
26279,"NRO_PARTE",3136157,"8J9G2AA"
26279,"NRO_PARTE",3136163,"64W18AA#ABA."
26279,"NRO_PARTE",2895892,"HT-M27PUDH"
26279,"NRO_PARTE",2464763,"64W51AA#ABA"
26279,"NRO_PARTE",2464795,"64W51AA"
26279,"NRO_PARTE",2464806,"6N4D0AA#ABA"
26279,"NRO_PARTE",2464812,"6N4D0AA"
26279,"NRO_PARTE",2625971,"LS32D700EALXPE"
26279,"NRO_PARTE",2895994,"VX2718-PC-MHD"
26279,"NRO_PARTE",2464941,"5RD66AA#ABA."
26279,"NRO_PARTE",2022208,"LS32CM80GULXPE"
26279,"NRO_PARTE",2125541,"AOC 22E1H"
26279,"NRO_PARTE",3136356,"9D9L6UT#ABA"
26279,"NRO_PARTE",2896090,"VA1655"
26279,"NRO_PARTE",1937300,"27MQ400-B.AWF"
26279,"NRO_PARTE",2125582,"AOC 24E1Q"
26279,"NRO_PARTE",3136116,"8X534AA#ABA"
26279,"NRO_PARTE",3136119,"8X534AA"
26279,"NRO_PARTE",4130640,"U3223QE3"
26279,"NRO_PARTE",2464911,"6N4D3AA#ABA"
26279,"NRO_PARTE",2464918,"6N4D3AA"
26279,"NRO_PARTE",1937617,"27QN600-B.AWF"
26279,"NRO_PARTE",3127873,"4E2425H3-C"
26279,"NRO_PARTE",2748018,"MON27CTE2731S"
26279,"NRO_PARTE",3136130,"8X530AA#ABA"
26279,"NRO_PARTE",3136147,"8Y2R2AA#ABA"
26279,"NRO_PARTE",3136156,"8J9G2AA#ABA"
26279,"NRO_PARTE",3136370,"9D9L6UT"
26279,"NRO_PARTE",4130661,"P2422H3"
26279,"NRO_PARTE",2464968,"5RD66AA."
26279,"NRO_PARTE",1757166,"64W18AA"
26279,"NRO_PARTE",2565168,"6N4D6AA"
26279,"NRO_PARTE",3136153,"8K135AA"
26279,"NRO_PARTE",2565180,"6N4D6AA#ABA"
26279,"NRO_PARTE",1954940,"TD2230"
26279,"NRO_PARTE",1781330,"27MK600M-B.AWF"
26279,"NRO_PARTE",3136413,"9U5J5UT"
26279,"NRO_PARTE",1719004,"62B9MAR4."
26279,"NRO_PARTE",1719005,"62AEKAR2."
26279,"NRO_PARTE",1719088,"61E0KAR6."
26279,"NRO_PARTE",4232219,"MO336ADV2368AM"
26279,"NRO_PARTE",4232229,"MO370ADV2769AM"
26279,"NRO_PARTE",4232238,"MO270ADV2769AM"
26279,"NRO_PARTE",3136396,"9U5J5UT#ABA"
26279,"NRO_PARTE",2156299,"19M38H-B"
26279,"NRO_PARTE",4231501,"63D8MAR3*"
26279,"NRO_PARTE",2142372,"24GQ50F-BB"
26279,"NRO_PARTE",2033277,"MON338FADV2450S"
26279,"NRO_PARTE",3858442,"HNRT-T1A"
26279,"NRO_PARTE",1719184,"MOV27TE3177N"
26279,"NRO_PARTE",4018932,"MON27FTE2715CS"
26279,"NRO_PARTE",1837178,"3S2722DC4"
26279,"NRO_PARTE",1969959,"TD2465"
26279,"NRO_PARTE",1719087,"PART NUMBER 61E0KAR6."
26279,"NRO_PARTE",4232258,"MO236ADV2368AM"
26279,"NRO_PARTE",3730830,"MO236ADV2452AM"
26279,"NRO_PARTE",3717325,"9U5A2AA#ABA"
26279,"NRO_PARTE",3730861,"MO336ADV2452AM"
26279,"NRO_PARTE",2142374,"27GR75Q-BB"
26279,"NRO_PARTE",4123287,"90LM06D3-B011I1"
26279,"NRO_PARTE",4232474,"RP322KPM6O"
26279,"NRO_PARTE",4232492,"RM24FIM6C"
26279,"NRO_PARTE",4232507,"RG25FIM6C"
26279,"NRO_PARTE",1968742,"3S2722DCE3"
26279,"NRO_PARTE",4232429,"RM24FIM6O"
26279,"NRO_PARTE",2489665,"VP227HE"
26279,"NRO_PARTE",4019287,"64BAMAR1"
26279,"NRO_PARTE",4019343,"64BAMAR136"
26279,"NRO_PARTE",1837690,"32UN550-W.AWF"
26279,"NRO_PARTE",4123234,"90LM06A3-B02AB0"
26279,"NRO_PARTE",4232445,"RG25FIM6O"
26279,"NRO_PARTE",4232523,"RP322KPM6C"
26279,"NRO_PARTE",1837858,"64X66AA."
26279,"NRO_PARTE",2032725,"9H.JLM77.15L"
26279,"NRO_PARTE",3721137,"9E0Z2UT"
26279,"NRO_PARTE",4135899,"MON34CTE3412G"
26279,"NRO_PARTE",2771831,"LS32DM500ELXPE"
26279,"NRO_PARTE",1837341,"63A2GAR1.4"
26279,"NRO_PARTE",1837390,"61FEMAR6."
26279,"NRO_PARTE",2771843,"LS32DM801ULXPE"
26279,"NRO_PARTE",2500579,"63EBMAR2"
26279,"NRO_PARTE",2779579,"BE24ECSBT"
26279,"NRO_PARTE",2500588,"63EDMAR2"
26279,"NRO_PARTE",2779636,"VY249HF"
26279,"NRO_PARTE",2779655,"VY279HF"
26279,"NRO_PARTE",2779675,"VZ24EHF"
26279,"NRO_PARTE",2779696,"VZ27EHF"
26279,"NRO_PARTE",1837340,"63A2GAR1"
26279,"NRO_PARTE",2779665,"63D0MAR3."
26279,"NRO_PARTE",2024767,"MA431"
26279,"NRO_PARTE",2149757,"LS32CM502ELXPE"
26279,"NRO_PARTE",2149759,"LS43BM702UNXZA"
26279,"NRO_PARTE",2024779,"VY279HE"
26279,"NRO_PARTE",1837872,"64X66AA#ABA."
26279,"NRO_PARTE",2149810,"24BR650B-C"
26279,"NRO_PARTE",2631179,"VA27EQSB"
26279,"NRO_PARTE",3730405,"HT2524P1Y"
26279,"NRO_PARTE",2440780,"24MP60G-B."
26279,"NRO_PARTE",3735102,"27GR93U--B"
26279,"NRO_PARTE",2631219,"VY229HE"
26279,"NRO_PARTE",4019438,"64B2GAR1"
26279,"NRO_PARTE",4019480,"64B1GAR1"
26279,"NRO_PARTE",2440831,"27MQ400-B"
26279,"NRO_PARTE",2440859,"29WQ600-W"
26279,"NRO_PARTE",1757190,"64W30AA"
26279,"NRO_PARTE",3861993,"5E2225HM3"
26279,"NRO_PARTE",1766107,"MB27106"
26279,"NRO_PARTE",3730414,"HT2524P3YL"
26279,"NRO_PARTE",3730433,"MONXXXC"
26279,"NRO_PARTE",3730462,"HT2527U2YL"
26279,"NRO_PARTE",3101176,"VP2456"
26279,"NRO_PARTE",1770403,"3E2724HS3"
26279,"NRO_PARTE",2440891,"32UR550-B"
26279,"NRO_PARTE",2440896,"34WQ75C-B"
26279,"NRO_PARTE",3307844,"001"
26279,"NRO_PARTE",3730374,"HT2524P2Y"
26279,"NRO_PARTE",3730422,"MONXXX"
26279,"NRO_PARTE",3730429,"MONZZZ"
26279,"NRO_PARTE",3730437,"MONBBB"
26279,"NRO_PARTE",3730440,"MONGGG"
26279,"NRO_PARTE",3730472,"HT2527U1YL"
26279,"NRO_PARTE",1761872,"BE24EQK"
26279,"NRO_PARTE",2440802,"26WQ500-B"
26279,"NRO_PARTE",2440883,"34WN780-B"
26279,"NRO_PARTE",2490569,"63DEKAR3"
26279,"NRO_PARTE",1801486,"6N4E8AA#ABA"
26279,"NRO_PARTE",1801515,"9TT78AA#ABA."
26279,"NRO_PARTE",3141911,"MON238CTE2473G"
26279,"NRO_PARTE",2906356,"24GS65F-B"
26279,"NRO_PARTE",3730352,"HT2524P3Y"
26279,"NRO_PARTE",3730452,"HT2527U3YL"
26279,"NRO_PARTE",1801503,"6N6E9AA#ABA"
26279,"NRO_PARTE",1801509,"6N6E9AA"
26279,"NRO_PARTE",1832810,"24MQ400-B.AWF"
26279,"NRO_PARTE",2906280,"32MR50C-B"
26279,"NRO_PARTE",2906296,"24GS50F-B"
26279,"NRO_PARTE",3735272,"27GS95QE-B"
26279,"NRO_PARTE",2440835,"27MQ400-B."
26279,"NRO_PARTE",1757411,"64W34AA"
26279,"NRO_PARTE",4147814,"MON195FTE1916S"
26279,"NRO_PARTE",2906331,"27GS50F-B"
26279,"NRO_PARTE",1761972,"XG32UQ"
26279,"NRO_PARTE",2440899,"32MP60G-B."
26279,"NRO_PARTE",3794090,"27GR93U"
26279,"NRO_PARTE",3913561,"LS27DG700ELXPE-OS"
26279,"NRO_PARTE",2027579,"MA551"
26279,"NRO_PARTE",1757436,"64X86AA"
26279,"NRO_PARTE",2770580,"64X69AA."
26279,"NRO_PARTE",1798209,"SCREEN001GCS23SQUARE"
26279,"NRO_PARTE",3913598,"LS27CG552ELXPE-OS"
26279,"NRO_PARTE",3850876,"64A4MARX"
26279,"NRO_PARTE",1755670,"64W41AA"
26279,"NRO_PARTE",2773165,"4P2722HE3"
26279,"NRO_PARTE",2535823,"90LM01K0-B031B0"
26279,"NRO_PARTE",2535822,"90LM05L1-B033B0"
26279,"NRO_PARTE",1730169,"Z4W65A4#ABA"
26279,"NRO_PARTE",1744467,"3C6522QT3"
26279,"NRO_PARTE",1729644,"3A6F7AA#ABA"
26279,"NRO_PARTE",1729904,"50U19AA#ABA"
26279,"NRO_PARTE",3913718,"LS27D700EALXPE-OS"
26279,"NRO_PARTE",3732536,"27US500-W"
26279,"NRO_PARTE",4038993,"5P2725H3-N"
26279,"NRO_PARTE",1800001,"3P2723DE3"
26279,"NRO_PARTE",2035352,"9H.LHLLA.TBL"
26279,"NRO_PARTE",4074848,"29U531A-W"
26279,"NRO_PARTE",1799990,"3P2423DE3"
26279,"NRO_PARTE",4222943,"27G64"
26279,"NRO_PARTE",2489736,"VG249Q1A"
26279,"NRO_PARTE",3775581,"DEMOSTRACION"
26279,"NRO_PARTE",2035369,"9H.LKYLJ.TPA"
26279,"NRO_PARTE",3775620,"MCN24C075HD1-36S"
26279,"NRO_PARTE",2939849,"VG2455"
26279,"NRO_PARTE",2939854,"MB32101"
26279,"NRO_PARTE",2939888,"VG2455-2K"
26279,"NRO_PARTE",1741348,"3E2423H3"
26279,"NRO_PARTE",2939929,"VG2456A"
26279,"NRO_PARTE",2035383,"9H.LGELA.TPL"
26279,"NRO_PARTE",1676430,"1FH50AA#ABA"
26279,"NRO_PARTE",1676431,"9UJ12A8#ABA"
26279,"NRO_PARTE",1676432,"1A7E5AA#ABA"
26279,"NRO_PARTE",1755831,"9VF99AA"
26279,"NRO_PARTE",1755837,"9VG71AA"
26279,"NRO_PARTE",1676433,"0C5519Q3"
26279,"NRO_PARTE",1676434,"4717385946255"
26279,"NRO_PARTE",1676435,"685417129386"
26279,"NRO_PARTE",1676436,"1P2418HZ3"
26279,"NRO_PARTE",1676437,"2U3421WE3"
26279,"NRO_PARTE",1676438,"1U3421WE3"
26279,"NRO_PARTE",1676439,"43UP771C0SB"
26279,"NRO_PARTE",1676440,"MB27101"
26279,"NRO_PARTE",1676441,"9VG71AA#ABA"
26279,"NRO_PARTE",1676442,"32GN50R-B.AWF"
26279,"NRO_PARTE",1676443,"61FEMAR6G"
26279,"NRO_PARTE",1676444,"62A4MAR4"
26279,"NRO_PARTE",1676445,"62A4MAR4G"
26279,"NRO_PARTE",1676446,"2U3421WE3-"
26279,"NRO_PARTE",1676447,"29WQ600-W.AWF"
26279,"NRO_PARTE",1676448,"28MQ780-B.AWF"
26279,"NRO_PARTE",1676449,"27GP750-B.AWF"
26279,"NRO_PARTE",1676450,"MOV24ADV5023"
26279,"NRO_PARTE",1676451,"VG278Q"
26279,"NRO_PARTE",1676452,"MOV195ADV4021N"
26279,"NRO_PARTE",1676453,"1E2422H3B"
26279,"NRO_PARTE",1676454,"VA249HE"
26279,"NRO_PARTE",1676455,"MOV20ADV195TN2-I"
26279,"NRO_PARTE",1676456,"E2070SWHN/PE"
26279,"NRO_PARTE",1676457,"24B2XHM"
26279,"NRO_PARTE",1676458,"61FBMAR6G"
26279,"NRO_PARTE",1676459,"62A9GAR1G"
26279,"NRO_PARTE",1676460,"62A5MAR4"
26279,"NRO_PARTE",1676461,"G32QCSA16525"
26279,"NRO_PARTE",1676462,"G34WQCSA14434"
26279,"NRO_PARTE",1676463,"MB22101"
26279,"NRO_PARTE",1676464,"62B8MAR3LA"
26279,"NRO_PARTE",1676465,"S26361-K1684-V140"
26279,"NRO_PARTE",1676466,"9VF96AA#ABA"
26279,"NRO_PARTE",1676467,"9VF99AA#ABA"
26279,"NRO_PARTE",1676468,"9TY83AA#ABA"
26279,"NRO_PARTE",1676469,""
26279,"NRO_PARTE",1676470,"43UQ801C0SB-2022"
26279,"NRO_PARTE",1676471,"S26361-K1609-V140"
26279,"NRO_PARTE",1676472,"7VH44AA"
26279,"NRO_PARTE",1676473,"1FH46A8"
26279,"NRO_PARTE",1676474,"61CAKAR1US"
26279,"NRO_PARTE",1676475,"VG2440V"
26279,"NRO_PARTE",1676476,"1SE2222H3"
26279,"NRO_PARTE",1676477,"1P2418HZ4"
26279,"NRO_PARTE",1676478,"9TT20AA"
26279,"NRO_PARTE",1676479,"63B4GAR6LA"
26279,"NRO_PARTE",1676480,"62F7KAR4LA"
26279,"NRO_PARTE",1676481,"2E2221HN3"
26279,"NRO_PARTE",1676482,"1P2222H3-ESS"
26279,"NRO_PARTE",1676483,"22MP410-B.AWF"
26279,"NRO_PARTE",1676484,"9VH72AA"
26279,"NRO_PARTE",1676485,"189T3AA#ABA"
26279,"NRO_PARTE",1676486,"9TT20AA#ABA"
26279,"NRO_PARTE",1676487,"9UJ14A8#ABA"
26279,"NRO_PARTE",1676488,"1E2422H3-ESS"
26279,"NRO_PARTE",1676489,"1P2722H3-ESS"
26279,"NRO_PARTE",1676490,"1C2422HE3"
26279,"NRO_PARTE",1676491,"189T3AA"
26279,"NRO_PARTE",1676492,"21Y56AA"
26279,"NRO_PARTE",1676493,"6PA50A4"
26279,"NRO_PARTE",1676494,"6PA56A4"
26279,"NRO_PARTE",1676495,"27GN750-B"
26279,"NRO_PARTE",4150246,"PN270CU01"
26279,"NRO_PARTE",3776453,"R238FHDVTVHN"
26279,"NRO_PARTE",3776665,"R238FHDVTNHD"
26279,"NRO_PARTE",3776710,"R270FHDITVHN"
26279,"NRO_PARTE",3776730,"R270FHDITNHN"
26279,"NRO_PARTE",2564578,"LS27B804PXNXGO"
26279,"NRO_PARTE",1676496,"169L0AA#ABA"
26279,"NRO_PARTE",1676497,"6PA50A4#ABA"
26279,"NRO_PARTE",1676498,"9UJ14A8"
26279,"NRO_PARTE",1676499,"6PA56A4#ABA"
26279,"NRO_PARTE",1676500,"9VH72AA#ABA"
26279,"NRO_PARTE",1676501,"169L0AA#ABM"
26279,"NRO_PARTE",1676502,"169L0AA"
26279,"NRO_PARTE",1676503,"189T0AA"
26279,"NRO_PARTE",1676504,"1P2422H3"
26279,"NRO_PARTE",1676505,"1P2722HE3"
26279,"NRO_PARTE",1676506,"MOV20ADV6021N"
26279,"NRO_PARTE",1676507,"53060068N36#2"
26279,"NRO_PARTE",1676508,"53060208N36#2"
26279,"NRO_PARTE",1676509,"53060252N36"
26279,"NRO_PARTE",1676510,"E2270SWHN/PE"
26279,"NRO_PARTE",1676511,"53060436N36"
26279,"NRO_PARTE",1676512,"1FH51AA_ ABA"
26279,"NRO_PARTE",1676513,"1FH51AA# ABA"
26279,"NRO_PARTE",1676514,"53060252N36#2"
26279,"NRO_PARTE",1676515,"53060252N12#2"
26279,"NRO_PARTE",1676516,"53060436N12"
26279,"NRO_PARTE",1676517,"26WQ500-B.AWF"
26279,"NRO_PARTE",1676518,"MW3222-L"
26279,"NRO_PARTE",1676519,"0P2418HZM4"
26279,"NRO_PARTE",1676520,"1FH48AA_ ABA"
26279,"NRO_PARTE",1676521,"1FH48AA- ABA"
26279,"NRO_PARTE",1676522,"G32QCASA16525"
26279,"NRO_PARTE",1676523,"1P2722H3"
26279,"NRO_PARTE",1676524,"24GN60R-B.AWF"
26279,"NRO_PARTE",1676525,"27GN60R-B.AWF"
26279,"NRO_PARTE",1676526,"VA2418-SH"
26279,"NRO_PARTE",1676527,"62B8MAR3"
26279,"NRO_PARTE",1676528,"189T0AA#ABA"
26279,"NRO_PARTE",1676529,"XG2705"
26279,"NRO_PARTE",1676530,"169L0AA#ABA-G4"
26279,"NRO_PARTE",1676531,"21Y56AA#ABA"
26279,"NRO_PARTE",1676532,"VX2768-2KP-MHD"
26279,"NRO_PARTE",1676533,"VX2478-SMHD"
26279,"NRO_PARTE",1676534,"XG240R"
26279,"NRO_PARTE",1676535,"32MN600P"
26279,"NRO_PARTE",1676536,"64W30AA#ABA"
26279,"NRO_PARTE",1676537,"49WL95C-W"
26279,"NRO_PARTE",1676538,"64W18AA#ABA"
26279,"NRO_PARTE",1676539,"221B7QPJKEB/44_PERUCOMPRAS"
26279,"NRO_PARTE",1676540,"MB24101"
26279,"NRO_PARTE",1676541,"0P2418HZ"
26279,"NRO_PARTE",1676542,"5RD65A8#ABA"
26279,"NRO_PARTE",1676543,"M1F41A8#ABA"
26279,"NRO_PARTE",1676544,"LS34J550WQLXPE"
26279,"NRO_PARTE",1676545,"LC27JG54QQLXPE"
26279,"NRO_PARTE",1676546,"LC24RG50FQLXPE"
26279,"NRO_PARTE",1676547,"OPTIX-G27C2"
26279,"NRO_PARTE",1676548,"9P2419H3"
26279,"NRO_PARTE",1676549,"9P2419H4"
26279,"NRO_PARTE",1676550,"61F7MAR1"
26279,"NRO_PARTE",1676551,"61EAGAR6"
26279,"NRO_PARTE",1676552,"0P2719H3"
26279,"NRO_PARTE",1676553,"0UP2716D3"
26279,"NRO_PARTE",1676554,"61FBMAR6"
26279,"NRO_PARTE",1676555,"61FCMAR6"
26279,"NRO_PARTE",1676556,"0P2219H3"
26279,"NRO_PARTE",1676557,"61F5GAR1"
26279,"NRO_PARTE",1676558,"0P2419H3"
26279,"NRO_PARTE",2798153,"64W41AA#ABA."
26279,"NRO_PARTE",3135234,"32GR93U-B"
26279,"NRO_PARTE",1676559,"61F6MAR2"
26279,"NRO_PARTE",1676560,"61FEMAR6"
26279,"NRO_PARTE",1676561,"AG273QCX2"
26279,"NRO_PARTE",1676562,"C27G1."
26279,"NRO_PARTE",1676563,"AG493UCX"
26279,"NRO_PARTE",1676564,"24B1XHS."
26279,"NRO_PARTE",1676565,"C27G2"
26279,"NRO_PARTE",1676566,"24V2Q"
26279,"NRO_PARTE",1676567,"22B2H"
26279,"NRO_PARTE",1676568,"C32G2E"
26279,"NRO_PARTE",1676569,"TD2455"
26279,"NRO_PARTE",1676570,"VG2456"
26279,"NRO_PARTE",1676571,"IFP2410"
26279,"NRO_PARTE",1676572,"M1F41AA#ABM"
26279,"NRO_PARTE",1676573,"MOV21ADV215TFT-I"
26279,"NRO_PARTE",1676574,"9C8618QT3"
26279,"NRO_PARTE",1676575,"MOV24ADV24IPS-I"
26279,"NRO_PARTE",1676576,"MOV20ADV195TN1-I"
26279,"NRO_PARTE",1676577,"9P2418HZ3"
26279,"NRO_PARTE",1676578,"QO215FHD2G"
26279,"NRO_PARTE",1676579,"QO238FHD2G"
26279,"NRO_PARTE",1676580,"QO195HD2G"
26279,"NRO_PARTE",1676581,"609585254176"
26279,"NRO_PARTE",1676582,"C32G2E_PERUCOMPRAS"
26279,"NRO_PARTE",1676583,"53060068W"
26279,"NRO_PARTE",1676584,"XG2405"
26279,"NRO_PARTE",1676585,"1P2222H3"
26279,"NRO_PARTE",1676586,"2E2423H3"
26279,"NRO_PARTE",1676587,"27GK750F-B"
26279,"NRO_PARTE",1676588,"32GK650F-B"
26279,"NRO_PARTE",1676589,"27MK600-B"
26279,"NRO_PARTE",1676590,"27MK600M-B"
26279,"NRO_PARTE",1676591,"9P2219H5"
26279,"NRO_PARTE",1676592,"9E2418HN3"
26279,"NRO_PARTE",1676593,"9E2417H5"
26279,"NRO_PARTE",1676594,"9E2418HN4"
26279,"NRO_PARTE",1676595,"OPTIX-MAG24C"
26279,"NRO_PARTE",1676596,"QO195HD1G"
26279,"NRO_PARTE",1676597,"QO215FHD1G"
26279,"NRO_PARTE",1676598,"QO238FHD1G"
26279,"NRO_PARTE",1676599,"9E2417H4"
26279,"NRO_PARTE",1676600,"9E2418HN5"
26279,"NRO_PARTE",1676601,"OPTIX-G24VC"
26279,"NRO_PARTE",1676602,"22MK600M-B"
26279,"NRO_PARTE",1676603,"24MK600M-B"
26279,"NRO_PARTE",1676604,"27UL500-W"
26279,"NRO_PARTE",1676605,"32UK550-B"
26279,"NRO_PARTE",1676606,"22MK400H-B"
26279,"NRO_PARTE",1676607,"24B1XHS"
26279,"NRO_PARTE",1676608,"QO215FHD"
26279,"NRO_PARTE",1676609,"QO195HD"
26279,"NRO_PARTE",1676610,"QO238FHD"
26279,"NRO_PARTE",1676611,"9E2216H4"
26279,"NRO_PARTE",1676612,"9E1916H5"
26279,"NRO_PARTE",1676613,"9E2016H4"
26279,"NRO_PARTE",1676614,"9E2218HN4"
26279,"NRO_PARTE",1676615,"9E2219HN3"
26279,"NRO_PARTE",1676616,"9E2219HN4"
26279,"NRO_PARTE",1676617,"9E2219HN5"
26279,"NRO_PARTE",1676618,"9E1715S4"
26279,"NRO_PARTE",1676619,"9E2318H4"
26279,"NRO_PARTE",1676620,"9E2318H3"
26279,"NRO_PARTE",1676621,"9E2318H5"
26279,"NRO_PARTE",1676622,"9E2417H3"
26279,"NRO_PARTE",4024081,"5E2225HSM3-N"
26279,"NRO_PARTE",3776410,"R270FHDITVHD"
26279,"NRO_PARTE",3776416,"R270FHDVTNHN"
26279,"NRO_PARTE",3776442,"R238FHDITNHD"
26279,"NRO_PARTE",3776443,"R215FHDITVNN"
26279,"NRO_PARTE",1676623,"9P2419H5"
26279,"NRO_PARTE",1676624,"MOV21ADV215TFT"
26279,"NRO_PARTE",1676625,"61C7KCR1"
26279,"NRO_PARTE",1676626,"61C1RAR2"
26279,"NRO_PARTE",1676627,"61C6MAR1"
26279,"NRO_PARTE",1676628,"61E0KAR6"
26279,"NRO_PARTE",1676629,"61CAKCR1"
26279,"NRO_PARTE",1676630,"24GL600F-B"
26279,"NRO_PARTE",1676631,"24E1Q"
26279,"NRO_PARTE",1676632,"24B1XH"
26279,"NRO_PARTE",1676633,"MOV21ADV215TN3"
26279,"NRO_PARTE",1676634,"MOV24ADV24IPS3"
26279,"NRO_PARTE",1676635,"1FH48AA#ABA"
26279,"NRO_PARTE",1676636,"MOV24ADV24IPS"
26279,"NRO_PARTE",1676637,"MOV21ADV215TN"
26279,"NRO_PARTE",1676638,"9P2719H4"
26279,"NRO_PARTE",1676639,"9H.LCWLA.TBL"
26279,"NRO_PARTE",1676640,"9H.LHALB.QBL"
26279,"NRO_PARTE",1676641,"AP7-U65-NA-1"
26279,"NRO_PARTE",1676642,"VA2719-SH"
26279,"NRO_PARTE",1676643,"9H.LH4LB.TBL"
26279,"NRO_PARTE",1676644,"9U2717D4"
26279,"NRO_PARTE",1676645,"9P2719H5"
26279,"NRO_PARTE",1676646,"VA1903H"
26279,"NRO_PARTE",1676647,"VA2261H-2"
26279,"NRO_PARTE",1676648,"9H.LHALB.QBA"
26279,"NRO_PARTE",1676649,"9H.LGLLB.QBA"
26279,"NRO_PARTE",1676650,"9H.LH4LB.QBL"
26279,"NRO_PARTE",1676651,"9H.LGDLA.TBL"
26279,"NRO_PARTE",1676652,"9H.LDKLB.QBL"
26279,"NRO_PARTE",1676653,"9P2719H3"
26279,"NRO_PARTE",1676654,"9P2219H4"
26279,"NRO_PARTE",1676655,"9U2717D5"
26279,"NRO_PARTE",1676656,"9U2717D3"
26279,"NRO_PARTE",1676657,"9P2219H3"
26279,"NRO_PARTE",1676658,"LVH215FHD"
26279,"NRO_PARTE",1676659,"0E2020H3"
26279,"NRO_PARTE",1676660,"27LG850-B"
26279,"NRO_PARTE",1676661,"0E2020H."
26279,"NRO_PARTE",1676662,"QO195HDLED"
26279,"NRO_PARTE",1676663,"0E2720H3"
26279,"NRO_PARTE",1676664,"0E2420H3"
26279,"NRO_PARTE",1676665,"0E2420HS3"
26279,"NRO_PARTE",1676666,"34GL750-B"
26279,"NRO_PARTE",1676667,"0E2020H3."
26279,"NRO_PARTE",1676668,"5QG35AA"
26279,"NRO_PARTE",1676669,"5RD65AA"
26279,"NRO_PARTE",1676670,"M1F41A A#ABM"
26279,"NRO_PARTE",1676671,"1FH48AA#ABM"
26279,"NRO_PARTE",1676672,"1FH46AA#ABM"
26279,"NRO_PARTE",1676673,"1FH47AA#ABM"
26279,"NRO_PARTE",1676674,"VA2405-H"
26279,"NRO_PARTE",1676675,"VA2718-SH"
26279,"NRO_PARTE",1676676,"0E2220H3"
26279,"NRO_PARTE",1676677,"34WL500-B"
26279,"NRO_PARTE",1676678,"0E1920H3"
26279,"NRO_PARTE",1676679,"0E2720HS3"
26279,"NRO_PARTE",1676680,"5QG34AA"
26279,"NRO_PARTE",1676681,"1FH52AA#ABM"
26279,"NRO_PARTE",1676682,"9P2418HZM3"
26279,"NRO_PARTE",1676683,"32G2E"
26279,"NRO_PARTE",1676684,"CQ32G2E"
26279,"NRO_PARTE",1676685,"AG353UCG"
26279,"NRO_PARTE",1676686,"27MP59G-P"
26279,"NRO_PARTE",2894599,"MON27FTE2752G"
26279,"NRO_PARTE",2894609,"MON238CTE2471G"
26279,"NRO_PARTE",1676687,"24GM79G-B"
26279,"NRO_PARTE",1676688,"34UC79G-B"
26279,"NRO_PARTE",1676689,"22M38H-B"
26279,"NRO_PARTE",1676690,"60B7HAR1"
26279,"NRO_PARTE",1676691,"19M38A-P"
26279,"NRO_PARTE",1676692,"CDE 7500"
26279,"NRO_PARTE",1676693,"CDE 5510"
26279,"NRO_PARTE",1676694,"S26361-K1497-V161"
26279,"NRO_PARTE",1676695,"24M38H-B"
26279,"NRO_PARTE",1676696,"24UD58-P"
26279,"NRO_PARTE",1676697,"20MP48A-P"
26279,"NRO_PARTE",1676698,"25UM58-P"
26279,"NRO_PARTE",1676699,"8E2216HV3"
26279,"NRO_PARTE",1676700,"24MK430H-B"
26279,"NRO_PARTE",1676701,"S26361-K1538-V161+"
26279,"NRO_PARTE",1676702,"61BAMAR2"
26279,"NRO_PARTE",1676703,"61B7JAR6"
26279,"NRO_PARTE",1676704,"61B9JAR1"
26279,"NRO_PARTE",1676705,"S26361-K1472-V141+"
26279,"NRO_PARTE",1676706,"S26361-K1594-V160+"
26279,"NRO_PARTE",1676707,"28LK430B-PD"
26279,"NRO_PARTE",1676708,"24TK410D-PN"
26279,"NRO_PARTE",1676709,"65CCAAC6US"
26279,"NRO_PARTE",1676710,"65CCAAC6"
26279,"NRO_PARTE",1676711,"8U2717D3"
26279,"NRO_PARTE",1676712,"8U2717D5"
26279,"NRO_PARTE",1676713,"8P2217H4"
26279,"NRO_PARTE",1676714,"8P2217H5"
26279,"NRO_PARTE",1676715,"8P2717H4"
26279,"NRO_PARTE",1676716,"8P2017H3"
26279,"NRO_PARTE",1676717,"8P2017H4"
26279,"NRO_PARTE",1676718,"8E2417H3"
26279,"NRO_PARTE",1676719,"8P2717H3"
26279,"NRO_PARTE",1676720,"8U2717D4"
26279,"NRO_PARTE",1676721,"8U2417H4"
26279,"NRO_PARTE",1676722,"8U2417H5"
26279,"NRO_PARTE",1676723,"8P2717H5"
26279,"NRO_PARTE",1676724,"8U2417H3"
26279,"NRO_PARTE",1676725,"8P2017H5"
26279,"NRO_PARTE",1676726,"8P2217H3"
26279,"NRO_PARTE",1676727,"8E2216H4"
26279,"NRO_PARTE",1676728,"8E2216H5"
26279,"NRO_PARTE",1676729,"8E2216H3"
26279,"NRO_PARTE",1676730,"8E2417H4"
26279,"NRO_PARTE",1676731,"8E2417H5"
26279,"NRO_PARTE",1676732,"8P2018H3"
26279,"NRO_PARTE",1676733,"8P2018H4"
26279,"NRO_PARTE",1676734,"8P2018H5"
26279,"NRO_PARTE",1676735,"8P2419H4"
26279,"NRO_PARTE",1676736,"8P2419H3"
26279,"NRO_PARTE",1676737,"8P2419H5"
26279,"NRO_PARTE",1676738,"8E2216HV4"
26279,"NRO_PARTE",1676739,"8E2216HV5"
26279,"NRO_PARTE",1676740,"S26361-K1594-V160 1"
26279,"NRO_PARTE",1676741,"S26361-K1577-V160"
26279,"NRO_PARTE",1676742,"S26361-K1602-V160"
26279,"NRO_PARTE",1676743,"MOV20ADV195TN2"
26279,"NRO_PARTE",1676744,"MOV20ADV195TN0"
26279,"NRO_PARTE",1676745,"1JS08A4"
26279,"NRO_PARTE",1676746,"2NJ08A4"
26279,"NRO_PARTE",1676747,"1AA85A4"
26279,"NRO_PARTE",1676748,"1FH52AA"
26279,"NRO_PARTE",1676749,"V4G46AA"
26279,"NRO_PARTE",1676750,"9E2216H5"
26279,"NRO_PARTE",3776421,"R238FHDITVHN"
26279,"NRO_PARTE",3776432,"R238FHDITNHN"
26279,"NRO_PARTE",3776438,"R215FHDITVHN"
26279,"NRO_PARTE",3378410,"4E2425HS3"
26279,"NRO_PARTE",1676751,"9E2218HN3"
26279,"NRO_PARTE",1676752,"9E2218HN5"
26279,"NRO_PARTE",1676753,"9E1916H4"
26279,"NRO_PARTE",1676754,"9E2016H3"
26279,"NRO_PARTE",1676755,"9E2016H5"
26279,"NRO_PARTE",1676756,"9E2216H3"
26279,"NRO_PARTE",1676757,"9E1715S5"
26279,"NRO_PARTE",1676758,"9E1715S3"
26279,"NRO_PARTE",1676759,"61C9KCR1"
26279,"NRO_PARTE",1676760,"61CAKAR1"
26279,"NRO_PARTE",1676761,"5QG36A8#ABM"
26279,"NRO_PARTE",1676762,"5RD66AA#ABM"
26279,"NRO_PARTE",1676763,"5QG35AA#ABM"
26279,"NRO_PARTE",1676764,"5QG34AA#ABM"
26279,"NRO_PARTE",1676765,"C27G1"
26279,"NRO_PARTE",1676766,"C24G1"
26279,"NRO_PARTE",1676767,"61CEMAR2"
26279,"NRO_PARTE",1676768,"61BCMAR6"
26279,"NRO_PARTE",1676769,"61BBMAR6"
26279,"NRO_PARTE",1676770,"60E4ECR1US"
26279,"NRO_PARTE",1676771,"9E1916H3"
26279,"NRO_PARTE",1676772,"1FH45A8#ABA"
26279,"NRO_PARTE",1676773,"61C9KAR1"
26279,"NRO_PARTE",1676774,"61C7KAR1"
26279,"NRO_PARTE",1676775,"61C3MAR6"
26279,"NRO_PARTE",1676776,"LC32JG54QQLXPE"
26279,"NRO_PARTE",1676777,"LC27R500FHLXPE"
26279,"NRO_PARTE",1676778,"3WP69AA#ABA"
26279,"NRO_PARTE",1676779,"1FH46A8#ABA"
26279,"NRO_PARTE",1676780,"1FH52A8#ABA"
26279,"NRO_PARTE",1676781,"1FH48A8#ABA"
26279,"NRO_PARTE",1676782,"5QG34A8#ABA"
26279,"NRO_PARTE",1676783,"1FH47A8#ABA"
26279,"NRO_PARTE",1676784,"5QG35A8#ABA"
26279,"NRO_PARTE",1676785,"G2460PQU"
26279,"NRO_PARTE",1676786,"9H.LACLB.L8L"
26279,"NRO_PARTE",1676787,"K7C00A4#ABA"
26279,"NRO_PARTE",1676788,"60D3MAR1US"
26279,"NRO_PARTE",1676789,"24MT48AF"
26279,"NRO_PARTE",1676790,"60B0HAR1US"
26279,"NRO_PARTE",1676791,"4E2014H5"
26279,"NRO_PARTE",1676792,"34UM68"
26279,"NRO_PARTE",1676793,"M2461FWH"
26279,"NRO_PARTE",1676794,"LE40F1351"
26279,"NRO_PARTE",1676795,"LS27C500HS/ZA"
26279,"NRO_PARTE",1676796,"60B3HAR2US"
26279,"NRO_PARTE",1676797,"3778HB2-PE"
26279,"NRO_PARTE",1676798,"G2460PG"
26279,"NRO_PARTE",1676799,"C9E49AA#ABA"
26279,"NRO_PARTE",1676800,"M3284VWH"
26279,"NRO_PARTE",1676801,"1453HB1-PE"
26279,"NRO_PARTE",1676802,"6P2717H3"
26279,"NRO_PARTE",1676803,"5E2016H4"
26279,"NRO_PARTE",1676804,"E4S07AA#ABA"
26279,"NRO_PARTE",1676805,"C9V76AA#ABA"
26279,"NRO_PARTE",1676806,"VX 2452MH"
26279,"NRO_PARTE",1676807,"VX 2252MH"
26279,"NRO_PARTE",1676808,"TD 2420"
26279,"NRO_PARTE",1676809,"TD2740"
26279,"NRO_PARTE",1676810,"VP2780-4K"
26279,"NRO_PARTE",1676811,"VA 1903A"
26279,"NRO_PARTE",1676812,"VP 2772"
26279,"NRO_PARTE",1676813,"VP 2765-LED"
26279,"NRO_PARTE",1676814,"VX 2770SMH-LED"
26279,"NRO_PARTE",3776688,"R238FHDVTVHD"
26279,"NRO_PARTE",4227159,"LS24F320GANXZA-OS"
26279,"NRO_PARTE",3378398,"4E2725H3"
26279,"NRO_PARTE",1676815,"VX 2370SMH-LED"
26279,"NRO_PARTE",1676816,"VA 708A"
26279,"NRO_PARTE",1676817,"VX 2270SMH-LED"
26279,"NRO_PARTE",1676818,"S26361-K1471-V140"
26279,"NRO_PARTE",1676819,"1FH46AA#ABA"
26279,"NRO_PARTE",1676820,"S26361-K1538-V160"
26279,"NRO_PARTE",1676821,"1JR59A4"
26279,"NRO_PARTE",1676822,"1JS07A4"
26279,"NRO_PARTE",1676823,"D7R00A4"
26279,"NRO_PARTE",1676824,"1FH48AA"
26279,"NRO_PARTE",1676825,"22MP58VQ"
26279,"NRO_PARTE",1676826,"Z4W65A4"
26279,"NRO_PARTE",1676827,"K5H59A4"
26279,"NRO_PARTE",1676828,"M2D46A4"
26279,"NRO_PARTE",1676829,"S26361-K1472-V141"
26279,"NRO_PARTE",1676830,"PROCOLOR 652U"
26279,"NRO_PARTE",1676831,"Z0A71A4"
26279,"NRO_PARTE",1676832,"S26361-K1595-V160"
26279,"NRO_PARTE",1676833,"Z0A73A4"
26279,"NRO_PARTE",1676834,"PROCOLOR 862U"
26279,"NRO_PARTE",1676835,"PROCOLOR 752U"
26279,"NRO_PARTE",1676836,"S26361-K1538-V161"
26279,"NRO_PARTE",1676837,"S26361-K1594-V160"
26279,"NRO_PARTE",1676838,"MOV20ADV215IPS3"
26279,"NRO_PARTE",1676839,"MOV20ADV195TN"
26279,"NRO_PARTE",1676840,"MOV20ADV195TN3"
26279,"NRO_PARTE",1676841,"MOV20ADV215IPS"
26279,"NRO_PARTE",1676842,"1JS06A4#ABA"
26279,"NRO_PARTE",1676843,"LC49HG90DMLXPE"
26279,"NRO_PARTE",1676844,"LC27FG73FQLXPE"
26279,"NRO_PARTE",1676845,"LC34H890WJLXPE"
26279,"NRO_PARTE",1676846,"LS22F350FHLXPE"
26279,"NRO_PARTE",1676847,"LC49J890DKLXPE"
26279,"NRO_PARTE",1676848,"LC24FG73FQLXPE"
26279,"NRO_PARTE",1676849,"1JS05A4#ABA"
26279,"NRO_PARTE",1676850,"1JS10A4"
26279,"NRO_PARTE",1676851,"1AA81A4"
26279,"NRO_PARTE",1676852,"Z4Y82A4"
26279,"NRO_PARTE",1676853,"2NK17AA"
26279,"NRO_PARTE",1676854,"3ML60AA"
26279,"NRO_PARTE",1676855,"1FR84AA"
26279,"NRO_PARTE",1676856,"2TB68A4"
26279,"NRO_PARTE",1676857,"1RM28AA"
26279,"NRO_PARTE",1676858,"1JS09A4"
26279,"NRO_PARTE",1676859,"LU32J590UQLXPE"
26279,"NRO_PARTE",1676860,"9H.LDKLB.QBA"
26279,"NRO_PARTE",1676861,"9H.LE6LB.QBL"
26279,"NRO_PARTE",1676862,"9H.LF7LA.TBA"
26279,"NRO_PARTE",1676863,"9H.LG6LA.TBL"
26279,"NRO_PARTE",1676864,"9H.LFALA.TBA"
26279,"NRO_PARTE",1676865,"9H.LCWLA.TBA"
26279,"NRO_PARTE",1676866,"9H.LEKLA.TBL"
26279,"NRO_PARTE",1676867,"32UD59-B"
26279,"NRO_PARTE",1676868,"20MK400H-B"
26279,"NRO_PARTE",1676869,"32MP58HQ-P"
26279,"NRO_PARTE",1676870,"29UM69G-B"
26279,"NRO_PARTE",1676871,"34UM69G-B"
26279,"NRO_PARTE",1676872,"22MP58VQ-P"
26279,"NRO_PARTE",1676873,"27UD59-W"
26279,"NRO_PARTE",1676874,"24MP48HQ-B"
26279,"NRO_PARTE",1676875,"24MP48HQ-P"
26279,"NRO_PARTE",1676876,"1JS20A4"
26279,"NRO_PARTE",1676877,"1JS21A4"
26279,"NRO_PARTE",3776670,"R238FHDVTNHN"
26279,"NRO_PARTE",1676878,"S26361-K1595-V1603"
26279,"NRO_PARTE",1676879,"1FH47AA"
26279,"NRO_PARTE",1676880,"MOV20ADV195TN1"
26279,"NRO_PARTE",1676881,"5RD65AA#ABM"
26279,"NRO_PARTE",1676882,"OPTIX-MAG241C"
26279,"NRO_PARTE",1676883,"C9V73AA#ABA"
26279,"NRO_PARTE",1676884,"60CBMAR6US"
26279,"NRO_PARTE",1676885,"MOV20ECOET-M195"
26279,"NRO_PARTE",1676886,"LS19E310HYPE"
26279,"NRO_PARTE",1676887,"47LV35A-5B"
26279,"NRO_PARTE",1676888,"E960SWN"
26279,"NRO_PARTE",1676889,"6E2417H5"
26279,"NRO_PARTE",1676890,"E2470SWD"
26279,"NRO_PARTE",1676891,"LE48H454F"
26279,"NRO_PARTE",1676892,"5E2216H3"
26279,"NRO_PARTE",1676893,"VA2407H"
26279,"NRO_PARTE",1676894,"19M38A"
26279,"NRO_PARTE",1676895,"VA708A"
26279,"NRO_PARTE",1676896,"6E2417H4"
26279,"NRO_PARTE",1676897,"C9F26AA#ABA"
26279,"NRO_PARTE",1676898,"22EA53V"
26279,"NRO_PARTE",1676899,"MOV21ADVA-215H"
26279,"NRO_PARTE",1676900,"22MP55HQ-P-AWF"
26279,"NRO_PARTE",1676901,"VX2252MH"
26279,"NRO_PARTE",1676902,"P2313H"
26279,"NRO_PARTE",1676903,"60B8AAR6US"
26279,"NRO_PARTE",1676904,"19M37A"
26279,"NRO_PARTE",1676905,"U2879VF"
26279,"NRO_PARTE",1676906,"E2214H36"
26279,"NRO_PARTE",1676907,"24MT45A"
26279,"NRO_PARTE",1676908,"K7C09A4#ABA"
26279,"NRO_PARTE",1676909,"VG2439M-LED"
26279,"NRO_PARTE",1676910,"22MP58VG"
26279,"NRO_PARTE",1676911,"F0W81AA#ABA"
26279,"NRO_PARTE",1676912,"MOV24ADV24FH"
26279,"NRO_PARTE",1676913,"K7B99A4#ABA"
26279,"NRO_PARTE",1676914,"I2367F"
26279,"NRO_PARTE",1676915,"4420MB2-PE"
26279,"NRO_PARTE",1676916,"T3U90AA#ABM"
26279,"NRO_PARTE",1676917,"C9F26AA#ABM"
26279,"NRO_PARTE",1676918,"F7M92AA#ABM"
26279,"NRO_PARTE",1676919,"5E1916H5"
26279,"NRO_PARTE",1676920,"3783HB2"
26279,"NRO_PARTE",1676921,"D7P92A4#ABA"
26279,"NRO_PARTE",1676922,"2448MB6-PE"
26279,"NRO_PARTE",1676923,"D2W67AA#ABA"
26279,"NRO_PARTE",1676924,"4E2214H3"
26279,"NRO_PARTE",1676925,"I2369V/BK"
26279,"NRO_PARTE",1676926,"55LV35A-5B"
26279,"NRO_PARTE",1676927,"E1713S"
26279,"NRO_PARTE",1676928,"29UM67"
26279,"NRO_PARTE",1676929,"6P2217H5"
26279,"NRO_PARTE",1676930,"LE55F1361"
26279,"NRO_PARTE",1676931,"V9E67AA#ABM"
26279,"NRO_PARTE",1676932,"5E2416H5"
26279,"NRO_PARTE",1676933,"VG932M-LED"
26279,"NRO_PARTE",1676934,"60F4MAR6"
26279,"NRO_PARTE",1676935,"9H.L94LA.B8L"
26279,"NRO_PARTE",1676936,"60AFHAR1US"
26279,"NRO_PARTE",1676937,"I2757FM"
26279,"NRO_PARTE",1676938,"E4S03AA#ABM"
26279,"NRO_PARTE",1676939,"I3284VWH"
26279,"NRO_PARTE",1676940,"VA1903A"
26279,"NRO_PARTE",1676941,"LE32H1352"
26279,"NRO_PARTE",2798140,"64W41AA."
26279,"NRO_PARTE",2779276,"4P2425H3"
26279,"NRO_PARTE",3776737,"R270FHDITNHD"
26279,"NRO_PARTE",4227499,"LS27F320GANXZA-OS"
26279,"NRO_PARTE",1676942,"27MP65HQ-AWF"
26279,"NRO_PARTE",1676943,"9H.LDMLB.QBL"
26279,"NRO_PARTE",1676944,"F3J72AA#ABM"
26279,"NRO_PARTE",1676945,"C9E54AA#ABA"
26279,"NRO_PARTE",1676946,"E9Q82A4#ABA"
26279,"NRO_PARTE",1676947,"D7Q13A4#ABA"
26279,"NRO_PARTE",1676948,"MOV20ADVA-195M1"
26279,"NRO_PARTE",1676949,"25UM58"
26279,"NRO_PARTE",1676950,"MOV24ADVF240W3G"
26279,"NRO_PARTE",1676951,"BDL4620QL"
26279,"NRO_PARTE",1676952,"3794HB1"
26279,"NRO_PARTE",1676953,"9H.LA3LA.DBL"
26279,"NRO_PARTE",1676954,"I2757FH"
26279,"NRO_PARTE",1676955,"6P2217H4"
26279,"NRO_PARTE",1676956,"5E2416H3"
26279,"NRO_PARTE",1676957,"61B1JAR1"
26279,"NRO_PARTE",1676958,"UM.ZP6AA.B01"
26279,"NRO_PARTE",1676959,"VT2406-L"
26279,"NRO_PARTE",1676960,"6P2017H4"
26279,"NRO_PARTE",1676961,"242G5DJEB"
26279,"NRO_PARTE",1676962,"24MT47A"
26279,"NRO_PARTE",1676963,"20M45A"
26279,"NRO_PARTE",1676964,"E2261FW"
26279,"NRO_PARTE",1676965,"A5V72AA#ABM"
26279,"NRO_PARTE",1676966,"6P2017H5"
26279,"NRO_PARTE",1676967,"Q2963PM"
26279,"NRO_PARTE",1676968,"VT2756-L"
26279,"NRO_PARTE",1676969,"4E2414H3"
26279,"NRO_PARTE",1676970,"9H.LCGLB.QPL"
26279,"NRO_PARTE",1676971,"C9F73AA#ABA"
26279,"NRO_PARTE",1676972,"LS24D300HL/PE"
26279,"NRO_PARTE",1676973,"E6W38AA#ABM"
26279,"NRO_PARTE",1676974,"E2070SWN"
26279,"NRO_PARTE",1676975,"VA1917A"
26279,"NRO_PARTE",1676976,"VG2239M-LED"
26279,"NRO_PARTE",1676977,"LE43F1761"
26279,"NRO_PARTE",1676978,"NM274AA#ABA"
26279,"NRO_PARTE",1676979,"VP2772"
26279,"NRO_PARTE",1676980,"VA 2759-SMH"
26279,"NRO_PARTE",1676981,"TD 2220"
26279,"NRO_PARTE",1676982,"7P2018H3"
26279,"NRO_PARTE",1676983,"7P2018H4"
26279,"NRO_PARTE",1676984,"1FH45AA#ABA"
26279,"NRO_PARTE",1676985,"M2470SWHN"
26279,"NRO_PARTE",1676986,"7P2018H5"
26279,"NRO_PARTE",1676987,"M1T03AA#ABA"
26279,"NRO_PARTE",1676988,"60EBJAR1"
26279,"NRO_PARTE",1676989,"27MP67HQ"
26279,"NRO_PARTE",1676990,"23MP57HQ"
26279,"NRO_PARTE",1676991,"LS19D300NY/PE"
26279,"NRO_PARTE",1676992,"24MP58VQ"
26279,"NRO_PARTE",1676993,"LS22C150NS/PE"
26279,"NRO_PARTE",1676994,"VA705-LED"
26279,"NRO_PARTE",1676995,"CDE6500-L"
26279,"NRO_PARTE",1676996,"9H.L6KLA.T8L"
26279,"NRO_PARTE",1676997,"29UM65-P-AWF"
26279,"NRO_PARTE",1676998,"XW475A4#ABA"
26279,"NRO_PARTE",1676999,"VA1938WA-LED"
26279,"NRO_PARTE",1677000,"I2769VM/BK"
26279,"NRO_PARTE",1677001,"LS23C350HS/PE"
26279,"NRO_PARTE",1677002,"LH32MECPLGA/ZA"
26279,"NRO_PARTE",1677003,"60A1-MAR2"
26279,"NRO_PARTE",1677004,"27MU67"
26279,"NRO_PARTE",3862662,"5E2425HM3"
26279,"NRO_PARTE",3862671,"5E2425HM3-B"
26279,"NRO_PARTE",3862675,"5P2725H3"
26279,"NRO_PARTE",3862681,"5P2725H3-B"
26279,"NRO_PARTE",2631884,"MON215FADV215GA"
26279,"NRO_PARTE",3136054,"8J9E6AA"
26279,"NRO_PARTE",1799225,"LS32A700NWLXPE"
26279,"NRO_PARTE",1799231,"LS32AG320NLXPE"
26279,"NRO_PARTE",1799252,"LS32BG702ENXGO"
26279,"NRO_PARTE",3863849,"5U3225QE3"
26279,"NRO_PARTE",1677005,"M2471FM"
26279,"NRO_PARTE",1677006,"VX2270SMH-LED"
26279,"NRO_PARTE",1677007,"MOV20ADVA-195MS"
26279,"NRO_PARTE",1677008,"60C9MAR1US"
26279,"NRO_PARTE",1677009,"6P2017H3"
26279,"NRO_PARTE",1677010,"LS20D300HS/PE"
26279,"NRO_PARTE",1677011,"MOV20ADVA195MSG"
26279,"NRO_PARTE",1677012,"E970SWN"
26279,"NRO_PARTE",1677013,"244E5QHSD"
26279,"NRO_PARTE",1677014,"VG2847SMH"
26279,"NRO_PARTE",1677015,"BDL4250EL"
26279,"NRO_PARTE",1677016,"E2050S"
26279,"NRO_PARTE",1677017,"9H.L6XLA.DBL"
26279,"NRO_PARTE",1677018,"K7X30AA#ABA"
26279,"NRO_PARTE",1677019,"M1N96AA#ABA"
26279,"NRO_PARTE",1677020,"60ABAAR-1US"
26279,"NRO_PARTE",1677021,"60DFAAR1US"
26279,"NRO_PARTE",1677022,"60B9HAR1US"
26279,"NRO_PARTE",1677023,"E5Z68AA#ABA"
26279,"NRO_PARTE",1677024,"9H.L9LLA.DBL"
26279,"NRO_PARTE",1677025,"6U2717D3"
26279,"NRO_PARTE",1677026,"23MP55HQ-AWF"
26279,"NRO_PARTE",1677027,"GV546A4#ABA"
26279,"NRO_PARTE",1677028,"LS27E510CSPE"
26279,"NRO_PARTE",1677029,"TD2340"
26279,"NRO_PARTE",1677030,"LH32MDCPLGA/ZA"
26279,"NRO_PARTE",1677031,"27UD68"
26279,"NRO_PARTE",1677032,"LS20D300NH/PE"
26279,"NRO_PARTE",1677033,"TH-65LFB70U"
26279,"NRO_PARTE",1677034,"6U2717D4"
26279,"NRO_PARTE",1677035,"VX2452MH"
26279,"NRO_PARTE",1677036,"VT1602-L"
26279,"NRO_PARTE",1677037,"J3G14A4#ABA"
26279,"NRO_PARTE",1677038,"E3F38AA#ABA"
26279,"NRO_PARTE",1677039,"60F5MAR6"
26279,"NRO_PARTE",1677040,"60CCMAR2US"
26279,"NRO_PARTE",1677041,"S65WN01"
26279,"NRO_PARTE",1677042,"F0U55AA#AC4"
26279,"NRO_PARTE",1677043,"LM975A4#ABA"
26279,"NRO_PARTE",1677044,"60A1-MAR2-US"
26279,"NRO_PARTE",1677045,"D7Q14A4#ABA"
26279,"NRO_PARTE",1677046,"60C8MAR1US"
26279,"NRO_PARTE",1677047,"6U2417H5"
26279,"NRO_PARTE",1677048,"C4M77AA#ABM"
26279,"NRO_PARTE",1677049,"25UM57"
26279,"NRO_PARTE",1677050,"9H.LC4LA.TPL"
26279,"NRO_PARTE",1677051,"AG241QG"
26279,"NRO_PARTE",1677052,"E2260SWDA"
26279,"NRO_PARTE",1677053,"I2769VM"
26279,"NRO_PARTE",1677054,"9H.L6WLA.T8L"
26279,"NRO_PARTE",1677055,"6P2417H5"
26279,"NRO_PARTE",1677056,"29UC97"
26279,"NRO_PARTE",1677057,"E1660SW"
26279,"NRO_PARTE",1677058,"9H.LC8LA.RBL"
26279,"NRO_PARTE",1677059,"K1U77A4#ABA"
26279,"NRO_PARTE",1677060,"LS19C150FS/PE"
26279,"NRO_PARTE",1677061,"E4U30AA#ABA"
26279,"NRO_PARTE",1677062,"A9P21AA#ABA"
26279,"NRO_PARTE",1677063,"D9E49AA#ABA"
26279,"NRO_PARTE",1677064,"20M47A"
26279,"NRO_PARTE",1677065,"E2T08AA#ABA"
26279,"NRO_PARTE",1677066,"60A0-MAR1-US"
26279,"NRO_PARTE",1677067,"9H.LE6LA.TBL"
26279,"NRO_PARTE",3135923,"6N6E6AA#ABA"
26279,"NRO_PARTE",1799172,"LS24C310EALXPE"
26279,"NRO_PARTE",1799192,"LS27A600UUNXGO"
26279,"NRO_PARTE",1799238,"LS32B300NWNXGO"
26279,"NRO_PARTE",1677068,"3024HC1"
26279,"NRO_PARTE",1677069,"5E1916H4"
26279,"NRO_PARTE",1677070,"M2470SWH"
26279,"NRO_PARTE",1677071,"K7X31AA#ABA"
26279,"NRO_PARTE",1677072,"CDE4200-L"
26279,"NRO_PARTE",1677073,"MOV20ADVA195H"
26279,"NRO_PARTE",1677074,"6U2717D5"
26279,"NRO_PARTE",1677075,"25UM65-P-AWF"
26279,"NRO_PARTE",1677076,"23EA53V"
26279,"NRO_PARTE",1677077,"D7P53A4#ABA"
26279,"NRO_PARTE",1677078,"3778HB2"
26279,"NRO_PARTE",1677079,"60C7MAR1US"
26279,"NRO_PARTE",1677080,"J2W50A4#ABA"
26279,"NRO_PARTE",1677081,"60D2HAR1US"
26279,"NRO_PARTE",1677082,"LE55F1761"
26279,"NRO_PARTE",1677083,"34UM65-P-AWF"
26279,"NRO_PARTE",1677084,"V5G70AA#ABA"
26279,"NRO_PARTE",1677085,"A1W80AA#ABA"
26279,"NRO_PARTE",1677086,"U2868PQU"
26279,"NRO_PARTE",1677087,"5E1916H3"
26279,"NRO_PARTE",1677088,"27MP68VQ"
26279,"NRO_PARTE",1677089,"3028-PE"
26279,"NRO_PARTE",1677090,"I2472PWHUT"
26279,"NRO_PARTE",1677091,"I2080SW"
26279,"NRO_PARTE",1677092,"C9E54AA#ABM"
26279,"NRO_PARTE",1677093,"60C2HAR1US"
26279,"NRO_PARTE",1677094,"AG272FCX"
26279,"NRO_PARTE",1677095,"6P2417H4"
26279,"NRO_PARTE",1677096,"F0U57AA#AC4"
26279,"NRO_PARTE",1677097,"60F7MAR1"
26279,"NRO_PARTE",1677098,"20M45A-B-AWF"
26279,"NRO_PARTE",1677099,"24GM77"
26279,"NRO_PARTE",1677100,"VG2860MHL-4K"
26279,"NRO_PARTE",1677101,"19EN43S"
26279,"NRO_PARTE",1677102,"9H.LE5LB.QPL"
26279,"NRO_PARTE",1677103,"6U2417H4"
26279,"NRO_PARTE",1677104,"42L22-F"
26279,"NRO_PARTE",1677105,"B7F36AA#ABA"
26279,"NRO_PARTE",1677106,"20EN43S"
26279,"NRO_PARTE",1677107,"F4M97AA#ABA"
26279,"NRO_PARTE",1677108,"G8R65AA#ABA"
26279,"NRO_PARTE",1677109,"MOV24ADVF240W"
26279,"NRO_PARTE",1677110,"60AAHAR1US"
26279,"NRO_PARTE",1677111,"VX2770SMH-LED"
26279,"NRO_PARTE",1677112,"PJ4602"
26279,"NRO_PARTE",1677113,"5E2216H5"
26279,"NRO_PARTE",1677114,"VA2703-LED"
26279,"NRO_PARTE",1677115,"1RM23AA"
26279,"NRO_PARTE",1677116,"E2270SWHN"
26279,"NRO_PARTE",1677117,"LC34F791WQLXPE"
26279,"NRO_PARTE",1677118,"LC32F391FWLXPE"
26279,"NRO_PARTE",1677119,"LC24FG70FQLXPE"
26279,"NRO_PARTE",1677120,"LC24F390FHLXPE"
26279,"NRO_PARTE",1677121,"LS22F355FHLXPE"
26279,"NRO_PARTE",1677122,"MOV215ADV215FHG"
26279,"NRO_PARTE",1677123,"61B4MAR1"
26279,"NRO_PARTE",1677124,"60F3JAR2"
26279,"NRO_PARTE",1677125,"LC27F591FDLXPE"
26279,"NRO_PARTE",1677126,"LC27F390FHLXPE"
26279,"NRO_PARTE",1677127,"LS27F350FHLXPE"
26279,"NRO_PARTE",1677128,"LS24F350FHLXPE"
26279,"NRO_PARTE",1677129,"61A8GAR1US"
26279,"NRO_PARTE",1677130,"61ABMAR1US"
26279,"NRO_PARTE",2488654,"MON238FTE2411S"
26279,"NRO_PARTE",2488662,"MON238FTE2440S"
26279,"NRO_PARTE",2488671,"MON238CTE2470G"
26279,"NRO_PARTE",2488674,"MON27FTE2711S"
26279,"NRO_PARTE",2488678,"MON27CTE2730S"
26279,"NRO_PARTE",2644900,"LS22C310EALXPE-1"
26279,"NRO_PARTE",3862643,"5E2225HM3-B"
26279,"NRO_PARTE",1938566,"VP229Q"
26279,"NRO_PARTE",3719465,"9D9V7AA"
26279,"NRO_PARTE",1677131,"61A3HAR1US"
26279,"NRO_PARTE",1677132,"61A8GAR1"
26279,"NRO_PARTE",1677133,"61A6MAR3"
26279,"NRO_PARTE",1677134,"61A5GAR3"
26279,"NRO_PARTE",1677135,"61A3HAR1"
26279,"NRO_PARTE",1677136,"61AFGAR1"
26279,"NRO_PARTE",1677137,"61ABMAR1"
26279,"NRO_PARTE",1677138,"27GN950-B"
26279,"NRO_PARTE",1677139,"1FH48AA_ABA"
26279,"NRO_PARTE",1677140,"1FH48AA-ABA"
26279,"NRO_PARTE",1677141,"53060068-3"
26279,"NRO_PARTE",1677142,"1FH51AA#ABA"
26279,"NRO_PARTE",1677143,"1FH51AA_ABA"
26279,"NRO_PARTE",1677144,"MB22102"
26279,"NRO_PARTE",1677145,"60F3JAR2US"
26279,"NRO_PARTE",1677146,"61A9MAR1"
26279,"NRO_PARTE",1677147,"61AEGAR3"
26279,"NRO_PARTE",1677148,"61B1JAR1US"
26279,"NRO_PARTE",1677149,"61A9MAR1US"
26279,"NRO_PARTE",1677150,"61A5GAR3US"
26279,"NRO_PARTE",1677151,"61A6MAR3US"
26279,"NRO_PARTE",1677152,"61AFGAR1US"
26279,"NRO_PARTE",1677153,"61AEGAR3US"
26279,"NRO_PARTE",1677154,"LE32S5970"
26279,"NRO_PARTE",1677155,"LE65U7970"
26279,"NRO_PARTE",1677156,"LE43S5970"
26279,"NRO_PARTE",1677157,"LE55U7970"
26279,"NRO_PARTE",1677158,"G2460PF"
26279,"NRO_PARTE",1677159,"E2180SWN"
26279,"NRO_PARTE",1677160,"E2070SWHN"
26279,"NRO_PARTE",1677161,"LE49S5970"
26279,"NRO_PARTE",1677162,"LE50U7970"
26279,"NRO_PARTE",1677163,"I2490VXQ-BT"
26279,"NRO_PARTE",1677164,"E1670SWU/WM"
26279,"NRO_PARTE",1677165,"29UM69G"
26279,"NRO_PARTE",1677166,"24UD58"
26279,"NRO_PARTE",1677167,"27UD69"
26279,"NRO_PARTE",1677168,"34UM69G"
26279,"NRO_PARTE",1677169,"K7X30AA"
26279,"NRO_PARTE",1677170,"V9E67AA"
26279,"NRO_PARTE",1677171,"1JS06A4"
26279,"NRO_PARTE",1677172,"1EQ82AA"
26279,"NRO_PARTE",1677173,"VA 2261-2"
26279,"NRO_PARTE",1677174,"VA 2407H"
26279,"NRO_PARTE",1677175,"AG352QCX AGON"
26279,"NRO_PARTE",1677176,"AG322FCX AGON"
26279,"NRO_PARTE",1677177,"AG322QCX AGON"
26279,"NRO_PARTE",1677178,"AG251FZ AGON"
26279,"NRO_PARTE",1677179,"AG352UCG AGON"
26279,"NRO_PARTE",1677180,"1JS05A4"
26279,"NRO_PARTE",1677181,"E2275SWJ"
26279,"NRO_PARTE",1677182,"MSIOPTIXG24C-AM"
26279,"NRO_PARTE",1677183,"AG271QX AGON"
26279,"NRO_PARTE",1677184,"Q2963PQ"
26279,"NRO_PARTE",1677185,"E2461FWH"
26279,"NRO_PARTE",1677186,"E2770SHE"
26279,"NRO_PARTE",1677187,"VA2055SA"
26279,"NRO_PARTE",1677188,"VG732M-LED"
26279,"NRO_PARTE",1677189,"5E2016H5"
26279,"NRO_PARTE",1677190,"5E2416H4"
26279,"NRO_PARTE",1677191,"22MP57HQ"
26279,"NRO_PARTE",1677192,"60A8KAR2US"
26279,"NRO_PARTE",1677193,"LS24E310HLPE"
26279,"NRO_PARTE",1677194,"VA2261-2"
26279,"NRO_PARTE",2488682,"MON27FTE2750G"
26279,"NRO_PARTE",4040324,"LS27DG612SLXPE-OS"
26279,"NRO_PARTE",3135980,"1B065AA."
26279,"NRO_PARTE",3136011,"8K167AA"
26279,"NRO_PARTE",3864052,"27U421A-B"
26279,"NRO_PARTE",1677195,"42F27"
26279,"NRO_PARTE",1677196,"6P2717H4"
26279,"NRO_PARTE",1677197,"LS34E790CNSPE"
26279,"NRO_PARTE",1677198,"LH46MDCPLGA/ZA"
26279,"NRO_PARTE",1677199,"LS24D360HL/PE"
26279,"NRO_PARTE",1677200,"60G5HAR1"
26279,"NRO_PARTE",1677201,"M2J71A4#ABA"
26279,"NRO_PARTE",1677202,"6P2717H5"
26279,"NRO_PARTE",1677203,"AG271QX"
26279,"NRO_PARTE",1677204,"LE39M13365"
26279,"NRO_PARTE",1677205,"M1F41AA#ABA"
26279,"NRO_PARTE",1677206,"C9V75AA#ABA"
26279,"NRO_PARTE",1677207,"J3G07A4#ABA"
26279,"NRO_PARTE",1677208,"60A4-RAR1"
26279,"NRO_PARTE",1677209,"6U2417H3"
26279,"NRO_PARTE",1677210,"M2870VHE"
26279,"NRO_PARTE",1677211,"LS24E310HLZA"
26279,"NRO_PARTE",1677212,"TD2420"
26279,"NRO_PARTE",1677213,"AG241QX"
26279,"NRO_PARTE",1677214,"E2371F"
26279,"NRO_PARTE",1677215,"4E2014H3"
26279,"NRO_PARTE",1677216,"VA2759SMH"
26279,"NRO_PARTE",1677217,"VA2759-SMH"
26279,"NRO_PARTE",1677218,"29UC88"
26279,"NRO_PARTE",1677219,"4E2414H5"
26279,"NRO_PARTE",1677220,"TD2220"
26279,"NRO_PARTE",1677221,"E1914H48"
26279,"NRO_PARTE",1677222,"2572MB6-PE"
26279,"NRO_PARTE",1677223,"LS27D590PS/PE"
26279,"NRO_PARTE",1677224,"MOV215ADV215FH"
26279,"NRO_PARTE",1677225,"34UM67"
26279,"NRO_PARTE",1677226,"9H.LAHLA.TPL"
26279,"NRO_PARTE",1677227,"LE58F1352"
26279,"NRO_PARTE",1677228,"LE32W354F"
26279,"NRO_PARTE",1677229,"D2343P"
26279,"NRO_PARTE",1677230,"E1759FWU"
26279,"NRO_PARTE",1677231,"E2270SWN"
26279,"NRO_PARTE",1677232,"K7X27AA#ABA"
26279,"NRO_PARTE",1677233,"3783HB2-PE"
26279,"NRO_PARTE",1677234,"F9Z09AA"
26279,"NRO_PARTE",1677235,"P1913"
26279,"NRO_PARTE",1677236,"E1914H60"
26279,"NRO_PARTE",1677237,"HME101877"
26279,"NRO_PARTE",1677238,"9H.LAJLA.T8L"
26279,"NRO_PARTE",1677239,"VA2855SMH"
26279,"NRO_PARTE",1677240,"D7Z72AA#ABA"
26279,"NRO_PARTE",1677241,"60F8MAR1"
26279,"NRO_PARTE",1677242,"4E2214H4"
26279,"NRO_PARTE",1677243,"VT2216-L"
26279,"NRO_PARTE",1677244,"LS22D300NY/PE"
26279,"NRO_PARTE",1677245,"28MT48BF"
26279,"NRO_PARTE",1677246,"LS20C300NL/PE"
26279,"NRO_PARTE",1677247,"E2461FW"
26279,"NRO_PARTE",1677248,"LE24H1351"
26279,"NRO_PARTE",1677249,"29UM68"
26279,"NRO_PARTE",1677250,"LS22E310HYPE"
26279,"NRO_PARTE",1677251,"LS22C300HS/PE"
26279,"NRO_PARTE",1677252,"9H.L7PLB.DBA"
26279,"NRO_PARTE",1677253,"K7C01A4#ABA"
26279,"NRO_PARTE",1677254,"I2269VWM/BK"
26279,"NRO_PARTE",1677255,"E1914H36"
26279,"NRO_PARTE",1677256,"W1Y58AA#ABA"
26279,"NRO_PARTE",1677257,"4E2014H4"
26279,"NRO_PARTE",1677258,"VA2246M-LED"
26279,"NRO_PARTE",2798727,"4E2425H3"
26279,"NRO_PARTE",4040389,"LS32DG800SLXPE-OS"
26279,"NRO_PARTE",4040391,"LS34DG850SLXPE-OS"
26279,"NRO_PARTE",2631885,"MON238FADV245GA"
26279,"NRO_PARTE",3719488,"9D9V7AA#ABA"
26279,"NRO_PARTE",1677259,"AG271QG"
26279,"NRO_PARTE",1677260,"C9E54A8#ABA"
26279,"NRO_PARTE",1677261,"E2060SW"
26279,"NRO_PARTE",1677262,"G9W86AA#ABM"
26279,"NRO_PARTE",1677263,"LE58F1552"
26279,"NRO_PARTE",1677264,"I2276VWM"
26279,"NRO_PARTE",1677265,"C3583FQ"
26279,"NRO_PARTE",1677266,"60ABAAR-1"
26279,"NRO_PARTE",1677267,"60FBHAR1"
26279,"NRO_PARTE",1677268,"VG2039M-LED"
26279,"NRO_PARTE",1677269,"A3R82AA#ABM"
26279,"NRO_PARTE",1677270,"LT24C301LB/PE"
26279,"NRO_PARTE",1677271,"LS22D390HS/PE"
26279,"NRO_PARTE",1677272,"AG272FCX AGON"
26279,"NRO_PARTE",1677273,"AG241QX AGON"
26279,"NRO_PARTE",1677274,"LC27FG70FQLXPE"
26279,"NRO_PARTE",1677275,"LU28E590DS/PE"
26279,"NRO_PARTE",1677276,"M1P02AA"
26279,"NRO_PARTE",1677277,"L4J08AA"
26279,"NRO_PARTE",1677278,"X7R61AA#ABA"
26279,"NRO_PARTE",1677279,"M1P00AA#ABM"
26279,"NRO_PARTE",1677280,"MSIOPTIXG27C2-AM"
26279,"NRO_PARTE",1677281,"M2870VQ"
26279,"NRO_PARTE",1677282,"AG271QG AGON"
26279,"NRO_PARTE",1677283,"M4B78AA"
26279,"NRO_PARTE",1677284,"T3U90AA"
26279,"NRO_PARTE",1677285,"X7R53AA#ABA"
26279,"NRO_PARTE",1677286,"VG2437MC-LED"
26279,"NRO_PARTE",1677287,"E1912H"
26279,"NRO_PARTE",1677288,"Q2577PWQ"
26279,"NRO_PARTE",1677289,"19M35A-B-AWF"
26279,"NRO_PARTE",1677290,"5E2216H4"
26279,"NRO_PARTE",1677291,"G2770PF"
26279,"NRO_PARTE",1677292,"V5E94AA#ABA"
26279,"NRO_PARTE",1677293,"60A6MAR2US"
26279,"NRO_PARTE",1677294,"60CAMAR6US"
26279,"NRO_PARTE",1677295,"6P2417H3"
26279,"NRO_PARTE",1677296,"LE49F1361"
26279,"NRO_PARTE",1677297,"60A0-MAR1"
26279,"NRO_PARTE",1677298,"16EN33S"
26279,"NRO_PARTE",1677299,"E1670SWU"
26279,"NRO_PARTE",1677300,"5E2016H3"
26279,"NRO_PARTE",1677301,"P0Q48AA#ABM"
26279,"NRO_PARTE",1677302,"LE49F1761"
26279,"NRO_PARTE",1677303,"VX2370SMH-LED"
26279,"NRO_PARTE",1677304,"BDL4220QL"
26279,"NRO_PARTE",1677305,"E2013H"
26279,"NRO_PARTE",1677306,"LE40H1351"
26279,"NRO_PARTE",1677307,"19M35A"
26279,"NRO_PARTE",1677308,"6P2217H3"
26279,"NRO_PARTE",1677309,"M2J79A4#ABA"
26279,"NRO_PARTE",1677310,"MOV20ADVA-195M"
26279,"NRO_PARTE",1677311,"3794HB1-PE"
26279,"NRO_PARTE",1677312,"L4S23AA#ABM"
26279,"NRO_PARTE",1677313,"I2269VWM"
26279,"NRO_PARTE",1677314,"E970SWHEN"
26279,"NRO_PARTE",1677315,"E2213"
26279,"NRO_PARTE",1677316,"6E2417H3"
26279,"NRO_PARTE",1677317,"F4M47AA#ABA"
26279,"NRO_PARTE",1677318,"LE43F1361"
26279,"NRO_PARTE",1677319,"LS22E390HS/PE"
26279,"NRO_PARTE",1677320,"XW477A4#ABA"
26279,"NRO_PARTE",1677321,"2572MB6"
26279,"NRO_PARTE",2488649,"MON215FTE2123S"
26279,"NRO_PARTE",2558984,"63F1UAR3"
26279,"NRO_PARTE",2559024,"62CCRAR3"
26279,"NRO_PARTE",4040336,"LS49DG930SLXPE-OS"
26279,"NRO_PARTE",3136033,"8K157AA"
26279,"NRO_PARTE",3136104,"8J4D8AA"
26279,"NRO_PARTE",2939109,"TD2465-2"
26279,"NRO_PARTE",2939168,"TD3207"
26279,"NRO_PARTE",3864039,"24U421A-B"
26279,"NRO_PARTE",3864059,"27U631A-B"
26279,"NRO_PARTE",3719512,"9E0G9UT"
26279,"NRO_PARTE",1677322,"M1N98AA#ABA"
26279,"NRO_PARTE",1677323,"CDE3200-L"
26279,"NRO_PARTE",1677324,"VP2765-LED"
26279,"NRO_PARTE",1677325,"LT24D310LB/PE"
26279,"NRO_PARTE",1677326,"9H.L7ALA.DPL"
26279,"NRO_PARTE",1677327,"AG322FCX"
26279,"NRO_PARTE",1677328,"D7P94A4#ABA"
26279,"NRO_PARTE",1677329,"F9Z10AA#ABM"
26279,"NRO_PARTE",1677330,"I2475SXJ"
26279,"NRO_PARTE",1677331,"60F9MAR1"
26279,"NRO_PARTE",1677332,"BDL4650EL"
26279,"NRO_PARTE",1677333,"K0Q34AA#ABA"
26279,"NRO_PARTE",1677334,"VP2365-LED"
26279,"NRO_PARTE",1677335,"28MT47B"
26279,"NRO_PARTE",1677336,"1453HB1"
26279,"NRO_PARTE",1677337,"C9V75AA#ABM"
26279,"NRO_PARTE",1677338,"C2422HE3"
26279,"NRO_PARTE",1677339,"LC27G55TQWLXPE"
26279,"NRO_PARTE",1677340,"VG24VQE"
26279,"NRO_PARTE",1677341,"2E2722HS3"
26279,"NRO_PARTE",1677342,"685417723584"
26279,"NRO_PARTE",1677343,"685417107384"
26279,"NRO_PARTE",1677344,"TOUCH 15S"
26279,"NRO_PARTE",1677345,"LF22T350FHLXPE"
26279,"NRO_PARTE",1677346,"LS27AM500NLXPE"
26279,"NRO_PARTE",1677347,"LC27T550FDLXPE"
26279,"NRO_PARTE",1677348,"LC32G55TQWLXPE"
26279,"NRO_PARTE",1677349,"LC49RG90SSLXPE"
26279,"NRO_PARTE",1677350,"0P2419H3-A"
26279,"NRO_PARTE",1677351,"4717385946125"
26279,"NRO_PARTE",1677352,"3G828AA#ABA"
26279,"NRO_PARTE",1677353,"1C4Z5AA#ABA"
26279,"NRO_PARTE",1677354,"LC32R500FHLXPE"
26279,"NRO_PARTE",1677355,"LS19A330NHLXPE"
26279,"NRO_PARTE",1677356,"LS22A33ANHLXPE"
26279,"NRO_PARTE",1677357,"LS24AG320NLXPE"
26279,"NRO_PARTE",1677358,"LS27A700NWLXPE"
26279,"NRO_PARTE",1677359,"64X86AA#ABA"
26279,"NRO_PARTE",1677360,"LS27AG550ELXPE"
26279,"NRO_PARTE",1677361,"LS28AG700NNXZA"
26279,"NRO_PARTE",1677362,"453D2AA#ABA"
26279,"NRO_PARTE",1677363,"9VF99AA#ABA-G5"
26279,"NRO_PARTE",1677364,"LF24T350FHLXPE"
26279,"NRO_PARTE",1677365,"LF24T452FQNXGO"
26279,"NRO_PARTE",1677366,"LS24A600NWNXGO"
26279,"NRO_PARTE",1677367,"PA278CV"
26279,"NRO_PARTE",1677368,"PA247CV"
26279,"NRO_PARTE",1677369,"VG27WQ"
26279,"NRO_PARTE",1677370,"LS24AG30ANLXPE"
26279,"NRO_PARTE",1677371,"LS24R35AFHNXZA"
26279,"NRO_PARTE",1677372,"LS27BG402ENXGO"
26279,"NRO_PARTE",1677373,"LS32AG550ELXPE"
26279,"NRO_PARTE",1677374,"VA24EHE"
26279,"NRO_PARTE",1677375,"VG27VQ"
26279,"NRO_PARTE",1677376,"VG24VQ"
26279,"NRO_PARTE",1677377,"LS27AG320NLXPE"
26279,"NRO_PARTE",1677378,"LS32BM500ENXGO"
26279,"NRO_PARTE",1677379,"LS32BM801UNXGO"
26279,"NRO_PARTE",1677380,"LS34A650UXLXPE"
26279,"NRO_PARTE",1677381,"LS49A950UINXZA"
26279,"NRO_PARTE",1677382,"685417726288"
26279,"NRO_PARTE",1677383,"VP228HE"
26279,"NRO_PARTE",1677384,"62BAMAR4"
26279,"NRO_PARTE",3136098,"8J4D8AA#ABA"
26279,"NRO_PARTE",2939011,"TD2230-2"
26279,"NRO_PARTE",3390571,"XBM238F100"
26279,"NRO_PARTE",1677385,"2E2222H3"
26279,"NRO_PARTE",1677386,"53060208"
26279,"NRO_PARTE",1677387,"685417132584"
26279,"NRO_PARTE",1677388,"11GDPAR1LA"
26279,"NRO_PARTE",1677389,"1AA85A4#ABA"
26279,"NRO_PARTE",1677390,"685417723683"
26279,"NRO_PARTE",1677391,"XCB"
26279,"NRO_PARTE",1677392,"53060252"
26279,"NRO_PARTE",1677393,"MOV24ADV5021"
26279,"NRO_PARTE",1677394,"MOV24ADV5022"
26279,"NRO_PARTE",1677395,"M21001"
26279,"NRO_PARTE",1677396,"53060068"
26279,"NRO_PARTE",1677397,"63D0MAR3LA"
26279,"NRO_PARTE",1677398,"1U2720Q3"
26279,"NRO_PARTE",1677399,"M32USA14419"
26279,"NRO_PARTE",1677400,"M32QSA16519"
26279,"NRO_PARTE",1677401,"32GN600-B.AWF"
26279,"NRO_PARTE",1677402,"LF27T350FHLXPE"
26279,"NRO_PARTE",1677403,"G27FCSA16519"
26279,"NRO_PARTE",1677404,"27GN880-B.AWF"
26279,"NRO_PARTE",1677405,"M32QSA16525"
26279,"NRO_PARTE",1677406,"27MP60G-B.AWF"
26279,"NRO_PARTE",1677407,"32UN500-B.AWF"
26279,"NRO_PARTE",1677408,"34WP500"
26279,"NRO_PARTE",1677409,"G27FCASA16519"
26279,"NRO_PARTE",1677410,"G27QCASA16525"
26279,"NRO_PARTE",1677411,"1E2417H3"
26279,"NRO_PARTE",1677412,"1P2018H3"
26279,"NRO_PARTE",1677413,"32MN600P-B"
26279,"NRO_PARTE",1677414,"VA2403I2FHD"
26279,"NRO_PARTE",1677415,"22MN430H-B"
26279,"NRO_PARTE",1677416,"MOV24ADV24IPS2"
26279,"NRO_PARTE",1677417,"27MP400-B.AWF"
26279,"NRO_PARTE",1677418,"LF24T400FHLXPE"
26279,"NRO_PARTE",1677419,"24MP400-B.AWF"
26279,"NRO_PARTE",1677420,"61EDGAR2LA"
26279,"NRO_PARTE",1677421,"S26361-K1694-V160"
26279,"NRO_PARTE",1677422,"9TY24AA#ABA"
26279,"NRO_PARTE",1677423,"9TT53AA#ABA"
26279,"NRO_PARTE",1677424,"9TT78AA#ABA"
26279,"NRO_PARTE",1677425,"1C4Z7AA#ABA"
26279,"NRO_PARTE",1677426,"LC49G95TSSLXPE"
26279,"NRO_PARTE",1677427,"53060208N36"
26279,"NRO_PARTE",1677428,"7UZ36AA#ABA"
26279,"NRO_PARTE",1677429,"1A7E4AA#ABA"
26279,"NRO_PARTE",1677430,"53060068N36"
26279,"NRO_PARTE",1677431,"53060068N12"
26279,"NRO_PARTE",1677432,"29WP60G-B"
26279,"NRO_PARTE",1677433,"53060684N12"
26279,"NRO_PARTE",1677434,"53060701N36"
26279,"NRO_PARTE",1677435,"53060208N12#2"
26279,"NRO_PARTE",1677436,"53060230N36"
26279,"NRO_PARTE",1677437,"53060230N12"
26279,"NRO_PARTE",1677438,"53060208N12"
26279,"NRO_PARTE",1677439,"2E2222HS3"
26279,"NRO_PARTE",1677440,"32GN600-B"
26279,"NRO_PARTE",1677441,"27GN880"
26279,"NRO_PARTE",1677442,"1E2422H3"
26279,"NRO_PARTE",1677443,"1E2422H3A"
26279,"NRO_PARTE",1677444,"1FH48A8"
26279,"NRO_PARTE",1677445,"62BAMAR4LA"
26279,"NRO_PARTE",1677446,"0P2418HZM3"
26279,"NRO_PARTE",1677447,"62BBKAR1LA"
26279,"NRO_PARTE",3136046,"8J9E6AA#ABA"
26279,"NRO_PARTE",3136109,"8Y2F7AA#ABA"
26279,"NRO_PARTE",2554475,"8Y2K9AA"
26279,"NRO_PARTE",1677448,"G27QCSA16525"
26279,"NRO_PARTE",1677449,"VG2440V-GE"
26279,"NRO_PARTE",1677450,"VA3456-MHDJ"
26279,"NRO_PARTE",1677451,"PD-TOUCH 15S"
26279,"NRO_PARTE",1677452,"VG2248"
26279,"NRO_PARTE",1677453,"1P2319H3"
26279,"NRO_PARTE",1677454,"AORUSFI27QPSA16525"
26279,"NRO_PARTE",1677455,"AORUSFI27QSA16527"
26279,"NRO_PARTE",1677456,"AORUSCV27QSA16525"
26279,"NRO_PARTE",1677457,"64W34AA#ABA"
26279,"NRO_PARTE",1677458,"1FH51AA#ABM"
26279,"NRO_PARTE",1677459,"M27QSA17025"
26279,"NRO_PARTE",1677460,"M28USA14438"
26279,"NRO_PARTE",1677461,"MOV20ADV195TN2-1"
26279,"NRO_PARTE",1677462,"62B9MAR4"
26279,"NRO_PARTE",1677463,"62A8KAR1"
26279,"NRO_PARTE",1677464,"62AEKAR2"
26279,"NRO_PARTE",1677465,"62BBKAR1"
26279,"NRO_PARTE",1677466,"62C6KAR1"
26279,"NRO_PARTE",1677467,"AORUSFI27QXSA24025"
26279,"NRO_PARTE",1677468,"53060701N12"
26279,"NRO_PARTE",1677469,"53060684N36"
26279,"NRO_PARTE",1677470,"VP2468"
26279,"NRO_PARTE",1677471,"34WQ60C-B.AWF"
26279,"NRO_PARTE",1677472,"49WL95C-WE.AWF"
26279,"NRO_PARTE",1677473,"VX2257-MHD"
26279,"NRO_PARTE",1677474,"VX2276-SMHD"
26279,"NRO_PARTE",1677475,"VG2248_H2"
26279,"NRO_PARTE",1677476,"VP2458"
26279,"NRO_PARTE",1677477,"VP2468_H2"
26279,"NRO_PARTE",1677478,"61F7MAR1G"
26279,"NRO_PARTE",1677479,"VX2757-MHD"
26279,"NRO_PARTE",1677480,"VX2758-P-MHD"
26279,"NRO_PARTE",1677481,"VX2758-2KP-MHD"
26279,"NRO_PARTE",1677482,"VX2776-SMHD"
26279,"NRO_PARTE",1677483,"VX2776-4K-MHD"
26279,"NRO_PARTE",1677484,"1C2722DE4"
26279,"NRO_PARTE",1677485,"VX2758-C-MH"
26279,"NRO_PARTE",1677486,"242B1H/44_PERUCOMPRAS"
26279,"NRO_PARTE",1677487,"275B1H/44_PERUCOMPRAS"
26279,"NRO_PARTE",1677488,"VX2476-SMHD"
26279,"NRO_PARTE",1677489,"0P3421W3"
26279,"NRO_PARTE",1677490,"62A9GAR1"
26279,"NRO_PARTE",1677491,"G27QSA16525"
26279,"NRO_PARTE",1677492,"G24F-SA16519"
26279,"NRO_PARTE",1677493,"G24FSA16519"
26279,"NRO_PARTE",1677494,"7VH44AA#ABA"
26279,"NRO_PARTE",1677495,"VX2458-C-MHD"
26279,"NRO_PARTE",1677496,"1FH51AA"
26279,"NRO_PARTE",1677497,"1FH46AA"
26279,"NRO_PARTE",1677498,"32MN600"
26279,"NRO_PARTE",1677499,"VX2457-MHD"
26279,"NRO_PARTE",1677500,"VX2458-MHD"
26279,"NRO_PARTE",1677501,"62B8MAR3-4"
26279,"NRO_PARTE",1677502,"61FCMAR6G"
26279,"NRO_PARTE",1677503,"22MN430M-B"
26279,"NRO_PARTE",3852082,"HT2527U36YL"
26279,"NRO_PARTE",1925376,"3P2723D3-B"
26279,"NRO_PARTE",4074418,"LS27FG900XLXPE-OS"
26279,"NRO_PARTE",2623482,"27QN600-B"
26279,"NRO_PARTE",3852142,"HT2527U3YRT"
26279,"NRO_PARTE",4054652,"MON2ANB3"
26279,"NRO_PARTE",4074521,"LS43FM700ULXPE-OS"
26279,"NRO_PARTE",4074530,"LS34C500GALXPE-OS"
26279,"NRO_PARTE",1719379,"63B0MAR6"
26279,"NRO_PARTE",4054743,"MON2ASB3"
26279,"NRO_PARTE",4225954,"27P1AD"
26279,"NRO_PARTE",3852116,"HT2527U3YR"
26279,"NRO_PARTE",4074527,"LS24C310EALXPE-OS"
26279,"NRO_PARTE",4074544,"LS24F430UALXPE-OS"
26279,"NRO_PARTE",2557104,"LS32CG552ELXPE"
26279,"NRO_PARTE",1719560,"MOV27TE3199N"
26279,"NRO_PARTE",3852170,"HT2524P36R"
26279,"NRO_PARTE",4226150,"27P2A PRO"
26279,"NRO_PARTE",2939186,"VG2440V-2"
26279,"NRO_PARTE",2033195,"MB27107"
26279,"NRO_PARTE",2939213,"VG2457V"
26279,"NRO_PARTE",2939230,"VG2757V-2K"
26279,"NRO_PARTE",1744473,"3C8621QT3"
26279,"NRO_PARTE",2626787,"LS27D700EALXPE"
26279,"NRO_PARTE",2939292,"VG2240"
26279,"NRO_PARTE",2939324,"VG2457V-2"
26279,"NRO_PARTE",2027177,"MT-GV24QST-MB"
26279,"NRO_PARTE",1954868,"VA2735-H"
26279,"NRO_PARTE",4022718,"LS27F610EANXZA-OS"
26279,"NRO_PARTE",4022720,"LS49FG910ENXZA-OS"
26279,"NRO_PARTE",4022723,"LS32DG300ELXPE-OS"
26279,"NRO_PARTE",4022747,"LS27C900PANXZA-OS"
26279,"NRO_PARTE",3761743,"LS22D300GALXPE-OS"
26279,"NRO_PARTE",1744338,"3C2423H3"
26279,"NRO_PARTE",2561538,"63EBMAR2."
26279,"NRO_PARTE",4143489,"VX3218-PC-MHD"
26279,"NRO_PARTE",2895019,"VX2718-P-MHD"
26279,"NRO_PARTE",2747030,"LS27C432GANXZA-1A"
26279,"NRO_PARTE",1801497,"6N4E8AA"
26279,"NRO_PARTE",3100574,"VX4381-4K"
26279,"NRO_PARTE",1954971,"TD2423D"
26279,"NRO_PARTE",4229907,"MHAX-26001"
26279,"NRO_PARTE",4229918,"MHAX-26002"
26279,"NRO_PARTE",2464668,"64X69AA#ABA"
26279,"NRO_PARTE",4094564,"MO238ADV2454AM"
26279,"NRO_PARTE",2562596,"4P3424WEB3"
26279,"NRO_PARTE",1954905,"TD2223"
26279,"NRO_PARTE",4229936,"MSAX-26001"
26279,"NRO_PARTE",1798215,"SCREEN003GCS23CURVED"
26279,"NRO_PARTE",4313802,"MQTPC001"
26279,"NRO_PARTE",4143557,"VY249HGR."
26279,"NRO_PARTE",2747192,"LS27D600EALXPE-1"
26279,"NRO_PARTE",4019651,"R270FJ5A4"
26279,"NRO_PARTE",2143596,"MON27CADV2750S"
26279,"NRO_PARTE",2747014,"LS24C432GANXZA-1A"
26279,"NRO_PARTE",2747240,"LS32B300NWNXGO-1"
26279,"NRO_PARTE",4019620,"R270FJ5A2"
26279,"NRO_PARTE",4019633,"R270FJ5A3"
26279,"NRO_PARTE",1799919,"3E2424HS3"
26279,"NRO_PARTE",1799992,"3E2723HN3"
26279,"NRO_PARTE",1800006,"3P2723QE3"
26279,"NRO_PARTE",2143610,"MON27OADV2750S"
26279,"NRO_PARTE",1799996,"3P2723D3"
26279,"NRO_PARTE",3892655,"MON238CTE2402S"
26279,"NRO_PARTE",1798212,"SCREEN002GCS27SQUARE"
26279,"NRO_PARTE",4139695,"27U411A-B"
26279,"NRO_PARTE",4139707,"27G640A-B"
26279,"NRO_PARTE",2747207,"LS32D600EALXPE-1"
26279,"NRO_PARTE",4019672,"R270FJ5A5"
26279,"NRO_PARTE",4143254,"90LM0560-B031B0"
26279,"NRO_PARTE",4143283,"VA2447-MHJ"
26279,"NRO_PARTE",4018477,"R238FJ5A1"
26279,"NRO_PARTE",1745152,"1B9T0AA"
26279,"NRO_PARTE",1745161,"1C4Z5AA"
26279,"NRO_PARTE",3141020,"LS49DG930SLXPE"
26279,"NRO_PARTE",4018583,"R238FJ5A2"
26279,"NRO_PARTE",1736458,"MOV20ADV6022N"
26279,"NRO_PARTE",1768845,"63A1GAR1"
26279,"NRO_PARTE",4018716,"R238FJ5A4"
26279,"NRO_PARTE",1745186,"30A19AA"
26279,"NRO_PARTE",4143396,"VA2714-H"
26279,"NRO_PARTE",2149696,"LS43CG702NNXZA"
26279,"NRO_PARTE",1744458,"3C2723H3"
26279,"NRO_PARTE",1745170,"1C4Z6AA"
26279,"NRO_PARTE",1745190,"3A6F7AA"
26279,"NRO_PARTE",2631421,"63D4GAR1LA"
26279,"NRO_PARTE",4018652,"R238FJ5A3"
26279,"NRO_PARTE",4018817,"R270FJ5A1"
26279,"NRO_PARTE",2149744,"LS49CG930SLXPE"
26279,"NRO_PARTE",2149752,"LS55BG970NNXGO"
26279,"NRO_PARTE",2149755,"LS55CG97WNLXPE"
26279,"NRO_PARTE",4118582,"MF2739K700"
26279,"NRO_PARTE",4118683,"MZ3207Y700"
26279,"NRO_PARTE",4149985,"PN238CS02"
26279,"NRO_PARTE",1745145,"1B065AA"
26279,"NRO_PARTE",4118798,"B0BN7UT#ABA"
26279,"NRO_PARTE",4118818,"B1GM5AA"
26279,"NRO_PARTE",3378400,"4E2225H3"
26279,"NRO_PARTE",3378403,"4E2225HS3"
26279,"NRO_PARTE",3378407,"4E2425H3-A"
26279,"NRO_PARTE",2149662,"LS25BG402ENXGO"
26279,"NRO_PARTE",4143450,"VX2428A."
26279,"NRO_PARTE",4143522,"VY279HGR."
26279,"NRO_PARTE",4018762,"R238FJ5A5"
26279,"NRO_PARTE",1745401,"40Z26AA"
26279,"NRO_PARTE",1745459,"453D2AA"
26279,"NRO_PARTE",1745078,"1A9M8AA"
26279,"NRO_PARTE",4118626,"B0BN7UT"
26279,"NRO_PARTE",4118864,"B0BU9UT"
26279,"NRO_PARTE",4118871,"B0BU9UT#ABA"
26279,"NRO_PARTE",4118894,"B1GM6AA"
26279,"NRO_PARTE",4227764,"LS27FG500ELXPE-OS"
26279,"NRO_PARTE",3155551,"9D9S0UT"
26279,"NRO_PARTE",3155552,"9D9S0UT#ABA"
26279,"NRO_PARTE",2745912,"LS32D600EALXPE"
26279,"NRO_PARTE",4227960,"LC34G55TWWNXZA-OS"
26279,"NRO_PARTE",2745958,"LS27DG300ELXPE"
26279,"NRO_PARTE",2745969,"LS43DM702UNXGO"
26279,"NRO_PARTE",4139968,"34U511A-B"
26279,"NRO_PARTE",4228064,"LS27FG700ENXZA-OS"
26279,"NRO_PARTE",2048494,"MT-INFVA24-MB"
26279,"NRO_PARTE",1718791,"MOV24TE3131"
26279,"NRO_PARTE",1718907,"MOV24TE3130"
26279,"NRO_PARTE",4227921,"LS27FG530ELXPE-OS"
26279,"NRO_PARTE",4228104,"LS27B804PXNXZA-OS"
26279,"NRO_PARTE",4142258,"MON215FTE2130CS"
26279,"NRO_PARTE",1718977,"62B8MAR3.4"
26279,"NRO_PARTE",1718980,"63D0MAR3"
26279,"NRO_PARTE",1718985,"62F7KAR4"
26279,"NRO_PARTE",1718986,"63B4GAR6"
26279,"NRO_PARTE",2745875,"LS27D600EALXPE"
26279,"NRO_PARTE",4140296,"MON24FTE2419CS"
26279,"NRO_PARTE",2938046,"VX2416A"
26279,"NRO_PARTE",2938087,"VX2428A"
26279,"NRO_PARTE",4228142,"LS27D802EANXZA-OS"
26279,"NRO_PARTE",3138879,"VG32AQA1A"
26279,"NRO_PARTE",2938132,"VX2716A"
26279,"NRO_PARTE",2938216,"TD2223-2"
26279,"NRO_PARTE",2938165,"TD2211"
26279,"NRO_PARTE",4227994,"64B6MAR1#"
26279,"NRO_PARTE",1718969,"62BAMAR4."
26279,"NRO_PARTE",1718970,"62C6KAR1."
26279,"NRO_PARTE",1718976,"62B8MAR3."
26279,"NRO_PARTE",1718982,"61EDGAR2"
26279,"NRO_PARTE",4003255,"LS27D390GANXZA-OS"
26279,"NRO_PARTE",2746163,"MON27CTE2766G"
26279,"NRO_PARTE",2030824,"22MN430M-BB"
26279,"NRO_PARTE",2030829,"24MK600M-W"
26279,"NRO_PARTE",2030846,"32MP60G-B"
26279,"NRO_PARTE",1719364,"63CFMAR1"
26279,"NRO_PARTE",3863833,"5P2724DEB3"
26279,"NRO_PARTE",2906415,"27GS60QC-B"
26279,"NRO_PARTE",2149903,"27BK550Y-B"
26279,"NRO_PARTE",2906428,"32GS60QC-B"
26279,"NRO_PARTE",3896284,"MON24SA3"
26279,"NRO_PARTE",1729846,"40Z26AA#ABA"
26279,"NRO_PARTE",1729918,"5RD66AA#ABA"
26279,"NRO_PARTE",1730103,"MOV195TE3020N2"
26279,"NRO_PARTE",1729937,"64V81AA#ABA"
26279,"NRO_PARTE",1729595,"30A19AA#ABA"
26279,"NRO_PARTE",1729968,"64X66AA#ABA"
26279,"NRO_PARTE",1730135,"MOV24TE3132"
26279,"NRO_PARTE",4125517,"LS32DG700ELXPE-OS"
26279,"NRO_PARTE",4125520,"LS32CG552ELXPE-OS"
26279,"NRO_PARTE",4125522,"LS55CG97WNLXPE-OS"
26279,"NRO_PARTE",4125526,"LS32D700EALXPE-OS"
26279,"NRO_PARTE",3863817,"5P2725QE3-B"
26279,"NRO_PARTE",3863839,"5P3424WEB3"
26279,"NRO_PARTE",1730306,"61F7MAR1."
26279,"NRO_PARTE",1729878,"4Q8N9AA#ABA"
26279,"NRO_PARTE",2894158,"63D2GAR1DP"
26279,"NRO_PARTE",2894162,"63D2GAR1DP1"
26279,"NRO_PARTE",1729952,"64W41AA#ABA"
26279,"NRO_PARTE",3777390,"MCN24C100HD1-36S"
26279,"NRO_PARTE",4125525,"LS57CG950NNXZA-OS"
26279,"NRO_PARTE",3717240,"9U5A2AA"
26279,"NRO_PARTE",4088000,"B28F5UT#ABA"
26279,"NRO_PARTE",3717108,"9U5B0UT#ABA"
26279,"NRO_PARTE",2529356,"LS24C330GALXPE"
26279,"NRO_PARTE",1724861,"32MN600P-B.AWF"
26279,"NRO_PARTE",1724879,"32GN55R-B.AWF"
26279,"NRO_PARTE",3826238,"5E2725HM3"
26279,"NRO_PARTE",3826265,"5E2725HM3-B"
26279,"NRO_PARTE",3731762,"MO37ADV2754AM"
26279,"NRO_PARTE",4118938,"B0CG3UT"
26279,"NRO_PARTE",4118954,"B0CG3UT#ABA"
26279,"NRO_PARTE",4118986,"B0CG8UT#ABA"
26279,"NRO_PARTE",2631414,"63D2GAR1LA"
26279,"NRO_PARTE",1999935,"SCREEN008GCS27SQUARE"
26279,"NRO_PARTE",2631148,"BE24EQSK"
26279,"NRO_PARTE",2631165,"VA24EQSB"
26279,"NRO_PARTE",4118923,"B1GM6AA#ABA"
26279,"NRO_PARTE",3863723,"5P2725D3"
26279,"NRO_PARTE",1724886,"29WQ600-B.AWF"
26279,"NRO_PARTE",2631428,"63D4GAR1"
26279,"NRO_PARTE",3826517,"R270FHDI3XHD"
26279,"NRO_PARTE",3826526,"R238FHDI3XHD"
26279,"NRO_PARTE",4118970,"B0CG8UT"
26279,"NRO_PARTE",3826498,"R270QHDI3XHD"
26279,"NRO_PARTE",3878363,"S40GD"
26279,"NRO_PARTE",3878371,"LS24D400GALXPE-OS"
26279,"NRO_PARTE",4118849,"B1GM5AA#ABA"
26279,"NRO_PARTE",3863731,"5P2725D3-B"
26279,"NRO_PARTE",3863791,"5P2725DE3"
26279,"NRO_PARTE",2771435,"LS27DM501ELXPE"
26279,"NRO_PARTE",3878348,"LS22D400GALXPE-OS"
26279,"NRO_PARTE",3717070,"9U5B0UT"
26279,"NRO_PARTE",3863803,"5P2725DE3-B"
26279,"NRO_PARTE",3863811,"5P2725QE3"
26279,"NRO_PARTE",3863826,"5P2424HEB3"
26279,"NRO_PARTE",3894988,"MON27FTE2713S"
26279,"NRO_PARTE",3894994,"MON27CTE2767G"
26279,"NRO_PARTE",3895001,"MON27FTE2769G"
26279,"NRO_PARTE",3895014,"MON315CTE3251S"
26279,"NRO_PARTE",3895021,"MON315FTE3252S"
26279,"NRO_PARTE",3719690,"9D9A7AA#ABA"
26279,"NRO_PARTE",2530206,"4P2724DEB3"
26279,"NRO_PARTE",3719716,"9E0G5AA"
26279,"NRO_PARTE",2530277,"4P2424HEB3"
26279,"NRO_PARTE",3719671,"9D9A7AA"
26279,"NRO_PARTE",2627730,"6N4D6AA."
26279,"NRO_PARTE",2033847,"VG278QR"
26279,"NRO_PARTE",3719880,"40Z29AA#ABA"
26279,"NRO_PARTE",3719640,"9E0G9UT#ABA"
26279,"NRO_PARTE",3090389,"VG2756A-2K"
26279,"NRO_PARTE",3090428,"VG2756-4K"
26279,"NRO_PARTE",2627771,"6N4D6AA-DP"
26279,"NRO_PARTE",4006006,"MON215FTE2128S"
26279,"NRO_PARTE",4006033,"MON27CTE2732S"
26279,"NRO_PARTE",4097794,"LS27D400GALXPE-OS"
26279,"NRO_PARTE",3850910,"TVT2740"
26279,"NRO_PARTE",2940654,"VG2757V-2K-2"
26279,"NRO_PARTE",3090459,"VG3456A"
26279,"NRO_PARTE",2894969,"VX2716"
26279,"NRO_PARTE",4006078,"MON315CTE3217G"
26279,"NRO_PARTE",3719726,"9E0G5AA#ABA"
26279,"NRO_PARTE",3719753,"40Z29AA"
26279,"NRO_PARTE",3720042,"9E0Y9UT#ABA"
26279,"NRO_PARTE",2627738,"6N4D6AA#ABA."
26279,"NRO_PARTE",1729863,"453D2AA#ABA."
26279,"NRO_PARTE",2746157,"MON27FTE2712S"
26279,"NRO_PARTE",3968489,"64A7GAR6"
26279,"NRO_PARTE",3969391,"MON27FTE2714S"
26279,"NRO_PARTE",2644896,"LS27804PXNXGO"
26279,"NRO_PARTE",3968533,"64B3GAR2"
26279,"NRO_PARTE",3969195,"MON238FTE2417S"
26279,"NRO_PARTE",3857833,"HNRT-L1A"
26279,"NRO_PARTE",3857844,"HNRT-M1A"
26279,"NRO_PARTE",2563625,"LS22C310EALXPE"
26279,"NRO_PARTE",2563640,"LS24C310EALXPE1"
26279,"NRO_PARTE",3878381,"LS24D300GALXPE-OS"
26279,"NRO_PARTE",3968608,"64AEGAR1"
26279,"NRO_PARTE",2563660,"LS27C432GANXZA"
26279,"NRO_PARTE",2563712,"LS57CG950NNXZA"
26279,"NRO_PARTE",3390584,"XBM270F180"
26279,"NRO_PARTE",2906402,"27GS65F-B"
26279,"NRO_PARTE",3968651,"MB27107C"
26279,"NRO_PARTE",2563709,"LS24C432GANXZA"
26279,"NRO_PARTE",3878399,"LS24C432GANXZA-OS"
26279,"NRO_PARTE",3878463,"LS24D360GALXPE-OS"
26279,"NRO_PARTE",3969458,"MON27CTE2766G_"
26279,"NRO_PARTE",3969497,"MON315CTE3253S"
26279,"NRO_PARTE",2563645,"LS27C310EALXPE"
26279,"NRO_PARTE",4018895,"MON238FTE2416CS"
26279,"NRO_PARTE",2531512,"61F6MAR2LA"
26279,"NRO_PARTE",3104869,"24MR400-W"
26279,"NRO_PARTE",2033265,"MON238FADV2450S"
26279,"NRO_PARTE",2554457,"8Y2K9AA#ABA"
26279,"NRO_PARTE",3138910,"LS55CG97WNLXPE-1"
26279,"NRO_PARTE",1971581,"3S3422DW3"
26279,"NRO_PARTE",1971583,"3P3421W3"
26279,"NRO_PARTE",1971579,"3U3423WE3"
26279,"NRO_PARTE",4119926,"22U401A-B"
26279,"NRO_PARTE",4119948,"24G411A-B"
26279,"NRO_PARTE",3139359,"90LM07L0-B033B0"
26279,"NRO_PARTE",2779613,"VP249HE"
26279,"NRO_PARTE",1745067,"1A7E4AA"
26279,"NRO_PARTE",1745073,"1A7E5AA"
26279,"NRO_PARTE",3825928,"5E2225HSM3"
26279,"NRO_PARTE",3825969,"5E2425HSM3"
26279,"NRO_PARTE",1806767,"LS34C500GALXPE"
26279,"NRO_PARTE",1725968,"34GP63A-B.AWF"
26279,"NRO_PARTE",3721208,"9E0Z2UT#ABA"
26279,"NRO_PARTE",3826006,"5E2225HSM3-B"
26279,"NRO_PARTE",4142874,"VA220-H"
26279,"NRO_PARTE",3968059,"MDM2505M2T9XW"
26279,"NRO_PARTE",1780604,"3E2724HS3-B"
26279,"NRO_PARTE",4122068,"64B6MAR1"
26279,"NRO_PARTE",4122086,"64B7UAR1"
26279,"NRO_PARTE",1780901,"62B9MAR4.5"
26279,"NRO_PARTE",1780902,"63B0MAR6.5"
26279,"NRO_PARTE",1780907,"63D0MAR3.5"
26279,"NRO_PARTE",2647791,"22MR410-B"
26279,"NRO_PARTE",2647805,"27MS500-B"
26279,"NRO_PARTE",1764667,"63A1GAR1LA"
26279,"NRO_PARTE",1764681,"63D6UAR3LA"
26279,"NRO_PARTE",1745477,"4Q8N9AA"
26279,"NRO_PARTE",1745492,"50U19AA"
26279,"NRO_PARTE",1745521,"5RD66AA"
26279,"NRO_PARTE",1745530,"64V81AA"
26279,"NRO_PARTE",2770592,"64X69AA#ABA."
26279,"NRO_PARTE",1747433,"63B3GAR6"
26279,"NRO_PARTE",1745352,"3G828AA"
26279,"NRO_PARTE",4228941,"64BDGAR4#"
26279,"NRO_PARTE",1747428,"63D8MAR3"
26279,"NRO_PARTE",4122052,"64BAMAR1."
26279,"NRO_PARTE",3135953,"6N6E6AA"
26279,"NRO_PARTE",3135998,"8K167AA#ABA"
26279,"NRO_PARTE",1787489,"AOC 20E1H"
26279,"NRO_PARTE",2895902,"HT-M27PUDH."
26279,"NRO_PARTE",2895908,"HT-M27PUDHV"
26279,"NRO_PARTE",2776437,"64W18AA-G5"
26279,"NRO_PARTE",2776461,"64W18AA#ABA-G5"
26279,"NRO_PARTE",3879421,"LS24DG300ELXPE-OS"
26279,"NRO_PARTE",1748128,"BE24ECSNK"
26279,"NRO_PARTE",3135968,"1B065AA#AC3."
26279,"NRO_PARTE",3136025,"8K157AA#ABA"
26279,"NRO_PARTE",2776477,"LS32D700EALXPE-DP"
26279,"NRO_PARTE",4143120,"VA240-H"
26279,"NRO_PARTE",1841811,"24MQ400-B.AWF."
26279,"NRO_PARTE",4096564,"MON27FTE2753G_"
26279,"NRO_PARTE",4096571,"MON27FTE2786G_"
26279,"NRO_PARTE",1955245,"PRUEBA1"
26279,"NRO_PARTE",3761963,"LS22D400GALXPE -OS"
26279,"NRO_PARTE",2748615,"24MS500-B"
26279,"NRO_PARTE",2748601,"32UP550N-W"
26279,"NRO_PARTE",4096561,"MON238FTE2415S_"
26279,"NRO_PARTE",2628111,"MON34CTE3410G"
26279,"NRO_PARTE",2748612,"34GS95QE-B"
26279,"NRO_PARTE",4138005,"135458"
26279,"NRO_PARTE",4230315,"MSAX-26002"
26279,"NRO_PARTE",2130730,"24MP60G-BB"
26279,"NRO_PARTE",2033253,"MON215FADV2150S"
26279,"NRO_PARTE",2894640,"MON315CTE3250S"
26279,"NRO_PARTE",3333362,"63DDKAR6-2"
26279,"NRO_PARTE",3333383,"63DCKAR6-2"
26279,"NRO_PARTE",1755688,"64X66AA"
26279,"NRO_PARTE",4230509,"RG24FIM6O"
26279,"NRO_PARTE",1755761,"7UZ36AA"
26279,"NRO_PARTE",1755814,"9TY83AA"
26279,"NRO_PARTE",4230518,"RG27FIM6O"
26279,"NRO_PARTE",3333504,"S90PC"
26279,"NRO_PARTE",1755805,"9TT53AA"
26279,"NRO_PARTE",4230591,"32X3A"
26279,"NRO_PARTE",4230593,"RG27FIM6C"
26279,"NRO_PARTE",4230600,"RG272KVCM6C"
26279,"NRO_PARTE",4230608,"RP274KIM6C"
26279,"NRO_PARTE",3793860,"45GR75DC"
26279,"NRO_PARTE",3333492,"LS34DG850SLXPE"
26279,"NRO_PARTE",3333514,"LS27C900PANXZA-1"
26279,"NRO_PARTE",1755809,"9TT78AA"
26279,"NRO_PARTE",1799161,"LS22A336NHLXPE"
26279,"NRO_PARTE",4230549,"RP274KIM6O"
26279,"NRO_PARTE",4230572,"RG32FVCM6O"
26279,"NRO_PARTE",3794080,"27GS95QE"
26279,"NRO_PARTE",1755818,"9VF96AA"
26279,"NRO_PARTE",1799181,"LS24C360EALXPE"
26279,"NRO_PARTE",1799188,"LS24R350FZNXZA"
26279,"NRO_PARTE",1799201,"LS27B610EQNXZA"
26279,"NRO_PARTE",1799209,"LS28BG700ENXGO"
26279,"NRO_PARTE",2939940,"VG2755"
26279,"NRO_PARTE",1973215,"24BR650B-C.AWF"
26279,"NRO_PARTE",1973291,"27MK600-W.AWF"
26279,"NRO_PARTE",1755141,"VG279QL1A"
26279,"NRO_PARTE",2939981,"VG2755-2K"
26279,"NRO_PARTE",4072774,"MON2ASA3"
26279,"NRO_PARTE",4222664,"24G54"
26279,"NRO_PARTE",2799215,"4E2425H3-B"
26279,"NRO_PARTE",4222739,"25G64"
26279,"NRO_PARTE",4072882,"MON2ANA3"
26279,"NRO_PARTE",2489869,"VG279Q1A"
26279,"NRO_PARTE",4133003,"LS32FM902SLXPE-OS"
26279,"NRO_PARTE",2907036,"4P2725H3"
26279,"NRO_PARTE",2907096,"27GS75Q-B"
26279,"NRO_PARTE",2907101,"32GS75Q-B"
26279,"NRO_PARTE",3778281,"MCN27C100HD1-36S"
26279,"NRO_PARTE",4231226,"VA220A-H"
26279,"NRO_PARTE",2143393,"27GR83Q-B"
26279,"NRO_PARTE",2563384,"27GN65R"
26279,"NRO_PARTE",2563385,"27GN65R-B"
26279,"NRO_PARTE",2896172,"VX2418-P-MHD"
26279,"NRO_PARTE",4095802,"B28F5UT"
26279,"NRO_PARTE",3778047,"32UR550K-B"
26279,"NRO_PARTE",4230584,"RG24FIM6C"
26279,"NRO_PARTE",4230617,"RG32FVCM6C"
26279,"NRO_PARTE",4231244,"VA240A-H"
26279,"NRO_PARTE",4231280,"VX2728J-2K"
26279,"NRO_PARTE",2529371,"LS27CG552ELXPE"
26279,"NRO_PARTE",4230533,"RG272KVCM6O"
26279,"NRO_PARTE",3332890,"9D9S0UT#ABA-G4"
26279,"NRO_PARTE",1832811,"34WQ680-W.AWF."
26279,"NRO_PARTE",1723168,"VA249HE ."
26279,"NRO_PARTE",2896494,"TD2760"
26279,"NRO_PARTE",1731679,"MB27105"
26279,"NRO_PARTE",3779419,"4E2425HS3-DP"
26279,"NRO_PARTE",4231260,"VA270A-H"
26279,"NRO_PARTE",4231271,"VA2448-MHJ"
26279,"NRO_PARTE",2896486,"TD2430-2"
26279,"NRO_PARTE",3139998,"HT2524P3"
26279,"NRO_PARTE",2529393,"LS27C330GALXPE"
26279,"NRO_PARTE",3332899,"9D9S0UT-G4"
26279,"NRO_PARTE",3779565,"MB32106"
26279,"NRO_PARTE",4071086,"64BCMAR4"
26279,"NRO_PARTE",1955076,"TD2430"
26279,"NRO_PARTE",2936882,"VA2233-H2"
26279,"NRO_PARTE",2936907,"VA2435-H"
26279,"NRO_PARTE",4071126,"63DFKAR4"
26279,"NRO_PARTE",2894780,"VX2418C"
26279,"NRO_PARTE",4101621,"VA279HG"
26279,"NRO_PARTE",4071140,"64B9GAR1"
26279,"NRO_PARTE",4228486,"5E2426HB"
26279,"NRO_PARTE",4101557,"VA249HG"
26279,"NRO_PARTE",4002672,"MZ3207Y625"
26279,"NRO_PARTE",4228501,"5E2726DS-DP"
26279,"NRO_PARTE",2046546,"VG27WQ1B"
26279,"NRO_PARTE",2130724,"20MK400H"
26279,"NRO_PARTE",4101695,"VY279HGR"
26279,"NRO_PARTE",4071114,"64BDGAR4"
26279,"NRO_PARTE",2937820,"VA2735-H2"
26279,"NRO_PARTE",2940963,"62D9GAR6"
26279,"NRO_PARTE",2940979,"62D9GAR636"
26279,"NRO_PARTE",4228495,"5E2726DS"
26279,"NRO_PARTE",4228507,"5P2426H"
26279,"NRO_PARTE",4228515,"5P2426H-H"
26279,"NRO_PARTE",4228521,"5P2726H"
26279,"NRO_PARTE",4226430,"64B8UAR1"
26279,"NRO_PARTE",3864070,"32U631A-B"
26279,"NRO_PARTE",4069220,"R238FHDICA5"
26279,"NRO_PARTE",4139719,"32G810SA-W"
26279,"NRO_PARTE",4069336,"R270FHDIOA5"
26279,"NRO_PARTE",1798217,"SCREEN004GCS27CURVED"
26279,"NRO_PARTE",4139832,"27U511SA-W"
26279,"NRO_PARTE",3878522,"LS27B804PXNXGO-OS"
26279,"NRO_PARTE",2627779,"6N4D6AA#ABA-DP"
26279,"NRO_PARTE",3743355,"32GS95UV-B"
26279,"NRO_PARTE",4139887,"34G600A-B"
26279,"NRO_PARTE",4069323,"R270FHDICA5"
26279,"NRO_PARTE",2022040,"LS32CM801ULXPE"
26279,"NRO_PARTE",1725446,"19M38H-B.AWF"
26279,"NRO_PARTE",3106069,"4P2725H3-B"
26279,"NRO_PARTE",4069304,"R238FHDIOA5"
26279,"NRO_PARTE",4142638,"TD2223."
26279,"NRO_PARTE",2777984,"2E2222HS3-B"
26279,"NRO_PARTE",4140015,"34GX90SA-W"
26279,"NRO_PARTE",2464708,"64X69AA"
26279,"NRO_PARTE",4142800,"TD2423D."
26279,"NRO_PARTE",2143342,"27GR75Q-B"
26279,"NRO_PARTE",2143350,"24MP60G-B"
26279,"NRO_PARTE",3090537,"VG3456C"
26279,"NRO_PARTE",1780115,"LS34BG850SNXZA"
26279,"NRO_PARTE",2143346,"24GQ50F-B"
26279,"NRO_PARTE",2143371,"MON236OADV2451S"
26279,"NRO_PARTE",1804308,"63D2GAR1"
26279,"NRO_PARTE",2130733,"32MP60G-BB"
26279,"NRO_PARTE",1804296,"VG2456V"
26279,"NRO_PARTE",2143416,"27GR93U-B"
26279,"NRO_PARTE",2745945,"LS24DG300ELXPE"
26279,"NRO_PARTE",3913454,"LS27DG300ELXPE-OS"
26279,"NRO_PARTE",3852048,"HT2527U3L"
26279,"NRO_PARTE",1729544,"1C4Z6AA#ABA"
26279,"NRO_PARTE",2143366,"MON236CADV2451S"
26279,"NRO_PARTE",2143454,"27GR95QE-B"
26279,"NRO_PARTE",1838038,"MOV27TE2710S"
26279,"NRO_PARTE",3879445,"LS24D600EALXPE-OS"
26279,"NRO_PARTE",2530860,"BE279QSK"
26279,"NRO_PARTE",2530862,"PA34VCNV"
26279,"NRO_PARTE",2529398,"LC27F391FHNXZA"
26279,"NRO_PARTE",2033274,"MON315FADV2150S"
26279,"NRO_PARTE",2558600,"MON238EADV2450S"
26279,"NRO_PARTE",1838054,"MOV27TE3194N"
26279,"NRO_PARTE",2530949,"PA329CV"
26279,"NRO_PARTE",2530960,"VA24DQSB"
26279,"NRO_PARTE",2488658,"MON238FTE2412S"
26279,"NRO_PARTE",2488666,"MON238CTE2401S"
26279,"NRO_PARTE",2558605,"MON338EADV2450S"
26279,"NRO_PARTE",2530864,"PA248QV"
26279,"NRO_PARTE",2530866,"PA278QV."
26279,"NRO_PARTE",2530868,"PA279CV"
26279,"NRO_PARTE",2530982,"VA27DQSB"
26279,"NRO_PARTE",2529341,"LS27C900PANXZA"
26279,"NRO_PARTE",3879450,"LS25BG402ENXGO-OS"
26279,"NRO_PARTE",2628360,"VA24E4DFHD"
26279,"NRO_PARTE",2530973,"VA24EHF"
26279,"NRO_PARTE",2530989,"VA27ECPSN"
26279,"NRO_PARTE",2531010,"VA34VCPSN"
26279,"NRO_PARTE",2531021,"VA329HE"
26279,"NRO_PARTE",2141186,"7VH95AA#ABA"
26279,"NRO_PARTE",2141192,"7VH95AA"
26279,"NRO_PARTE",2026571,"VA24EHEY"
26279,"NRO_PARTE",2488686,"MON29FTE2910G"
26279,"NRO_PARTE",1760043,"MOV20TE2150N"
26279,"NRO_PARTE",2558594,"MON215FADV2151S"
26279,"NRO_PARTE",2558598,"MON315FADV2151S"
26279,"NRO_PARTE",2531000,"VA27EHF"
26279,"NRO_PARTE",2529382,"LS27CM501ELXPE"
26279,"NRO_PARTE",2531034,"VY249HE-W"
26279,"NRO_PARTE",2909258,"24BA550-B"
26279,"NRO_PARTE",2909379,"27BA550-B"
26279,"NRO_PARTE",2162683,"24MQ400-B"
26279,"NRO_PARTE",2022835,"27MK600M-W.AWF"
26279,"NRO_PARTE",2531049,"VY279HE-W"
26279,"NRO_PARTE",4132996,"LS27D802EANXGO-OS"
26279,"NRO_PARTE",4132998,"LS34C650UALXPE-OS"
26279,"NRO_PARTE",2510114,"63E2KAC6"
26279,"NRO_PARTE",2510117,"63DDKAR6"
26279,"NRO_PARTE",2510121,"66D2KAC6"
26279,"NRO_PARTE",2510125,"61F6MAR2."
26279,"NRO_PARTE",3137488,"7N909AT#ABA"
26279,"NRO_PARTE",4002501,"MF2439K625"
26279,"NRO_PARTE",3142233,"HT2524P3H"
26279,"NRO_PARTE",2510102,"63DCKAR6"
26279,"NRO_PARTE",4002566,"MF2739K625"
26279,"NRO_PARTE",1786060,"PGCSLCDCRALED27P"
26279,"NRO_PARTE",3719096,"AK2F1UT"
26279,"NRO_PARTE",1969984,"VX2416"
26279,"NRO_PARTE",3719109,"AK2F1UT#ABA"
26279,"NRO_PARTE",3333239,"63B2MAR6-2"
26279,"NRO_PARTE",3333336,"62F7KAR4LA-2"
26279,"NRO_PARTE",4132992,"LS37D800UANXZA-OS"
26279,"NRO_PARTE",4003273,"LS32D390GANXZA-OS"
26279,"NRO_PARTE",3719181,"7N914AT#ABA"
26279,"NRO_PARTE",3137497,"7N909AT"
26279,"NRO_PARTE",3955181,"63D0MAR3N"
26279,"NRO_PARTE",2530079,"169L0AA#ABA."
26279,"NRO_PARTE",4132994,"LS32D802EANXGO-OS"
26279,"NRO_PARTE",4127356,"123456ASD135"
26279,"NRO_PARTE",3719173,"7N914AT"
26279,"NRO_PARTE",3896283,"MON24NA3"
26279,"NRO_PARTE",3333249,"63B3GAR6-2"
26279,"NRO_PARTE",4118529,"MF2439K700"
26279,"NRO_PARTE",3719193,"9U5C1AA"
26279,"NRO_PARTE",3719201,"9U5C1AA#ABA"
26279,"NRO_PARTE",1738959,"C27G2Z"
26279,"NRO_PARTE",3777419,"MCN27C075HD1-36S"
26279,"NRO_PARTE",4120093,"27G411A-B"
26279,"NRO_PARTE",1750917,"VA2703I2FHD"
26279,"NRO_PARTE",1840037,"MB24106"
26279,"NRO_PARTE",4120035,"24U411A-B"
26279,"NRO_PARTE",4232010,"MON27Q01"
26279,"NRO_PARTE",2530084,"169L0AA."
26279,"NRO_PARTE",1741502,"3P2422HE3"
26279,"NRO_PARTE",4225716,"25P1AD"
26279,"NRO_PARTE",4231927,"MON24T01"
26279,"NRO_PARTE",1768843,"63D6UAR3"
26279,"NRO_PARTE",2510084,"VP228HE."
26279,"NRO_PARTE",4231929,"5E2726HS"
26279,"NRO_PARTE",4231967,"MON24T02"
26279,"NRO_PARTE",4232027,"MON27Q02"
26279,"NRO_PARTE",4232043,"MON27R01"
26279,"NRO_PARTE",1840016,"MB106"
26279,"NRO_PARTE",4231943,"MON24Q01"
26279,"NRO_PARTE",4231985,"MON24Q02"
26279,"NRO_PARTE",4232057,"MON27Q03"
26279,"NRO_PARTE",4232073,"MON27Q04"
26279,"NRO_PARTE",4232087,"MON27R02"
26279,"NRO_PARTE",4232101,"MON32Q01"
26279,"NRO_PARTE",1836589,"6N6F2AA#ABA-G4"
26279,"NRO_PARTE",1741498,"3P2422H3"
26279,"NRO_PARTE",1741500,"3P2423D3"
26279,"NRO_PARTE",1741504,"3P24233"
26279,"NRO_PARTE",4232115,"MON32R01"
26279,"NRO_PARTE",4232126,"MON32Q02"
26279,"NRO_PARTE",4232139,"MON32R02"
26279,"NRO_PARTE",3334343,"LS32DG300ELXPE"
26279,"NRO_PARTE",4226838,"MON245FTE2475G"
26279,"NRO_PARTE",2652686,"LS24C330GALXPE"
26279,"NRO_PARTE",2652695,"LS24C310EALXPE-1"
26279,"NRO_PARTE",3826026,"5E2425HSM3-B"
26279,"NRO_PARTE",1722773,"VA249HE."
26279,"NRO_PARTE",4226848,"MON238CTE2476G"
26279,"NRO_PARTE",4226869,"MON27CTE2788G"
26279,"NRO_PARTE",1741371,"3E2423HN3"
26279,"NRO_PARTE",1722705,"VA279HAE"
26279,"NRO_PARTE",3749082,"HT2524P36M"
26279,"NRO_PARTE",4226806,"MON238CTE2403S"
26279,"NRO_PARTE",4226825,"MON24FTE2420CS"
26279,"NRO_PARTE",3731704,"MO27ADV2754AM"
26279,"NRO_PARTE",4226877,"MON315CTE3219G"
26279,"NRO_PARTE",2652670,"LS22C310EALXPE-1A"
26279,"NRO_PARTE",3776412,"R270FHDVTVHN"
26279,"NRO_PARTE",4227805,"LS32FG500ELXPE-OS"
26279,"NRO_PARTE",2022243,"LS32CM80PULXPE"
26279,"NRO_PARTE",4226857,"MON27CTE2734S"
26279,"NRO_PARTE",3776426,"R270FHDVTNHD"
26279,"NRO_PARTE",3776434,"R270FHDVTVHD"
26279,"NRO_PARTE",3776446,"R238FHDITVHD"
26279,"NRO_PARTE",3776451,"R215FHDITNHN"
26279,"NRO_PARTE",3776459,"R215FHDVTVNN"
26279,"NRO_PARTE",3731856,"MO238ADV2453AM"
26279,"NRO_PARTE",4227611,"LS24F330EALXPE-OS"
26279,"NRO_PARTE",3776461,"R215FHDVTNHN"
26279,"NRO_PARTE",3731876,"MO338ADV2453AM"
26279,"NRO_PARTE",3826075,"5P2425H3-B"
26279,"NRO_PARTE",3826123,"5P2425H3"
26279,"NRO_PARTE",3731923,"MO215ADV2152AM"
26279,"NRO_PARTE",3731945,"MO315ADV2152AM"
26279,"NRO_PARTE",2022189,"LS32CM80BULXPE"
26279,"NRO_PARTE",2748599,"27UP550N-W"
26279,"NRO_PARTE",2748606,"45GR75DC-B"
26279,"NRO_PARTE",3776457,"R215FHDVTVHN"
26279,"NRO_PARTE",1765059,"3E2420H3"
26279,"NRO_PARTE",2501504,"24GN65R-B"
26279,"NRO_PARTE",1954810,"VA2433-H"
26279,"NRO_PARTE",2941120,"MON27CTE2764G"
26279,"NRO_PARTE",2941126,"MON215FTE2127S"
26279,"NRO_PARTE",2941133,"MON315CTE3216G"
26279,"NRO_PARTE",2941147,"MON238FTE2415S"
26279,"NRO_PARTE",3719974,"9E0Y9UT"
26279,"NRO_PARTE",4094588,"MO27ADV2755AM"
26279,"NRO_PARTE",2154829,"24BK550Y-B"
26279,"NRO_PARTE",2647879,"27GQ50F-B"
26279,"NRO_PARTE",2941136,"MON315CTE3215G"
26279,"NRO_PARTE",2941140,"MON245FTE2472G"
26279,"NRO_PARTE",2941144,"MON34CTE3411G"
26279,"NRO_PARTE",2139454,"Z4W65A8"
26279,"NRO_PARTE",2139483,"Z4W65A8#ABA"
26279,"NRO_PARTE",2010012,"SCREEN009GCS23CURVED"
26279,"NRO_PARTE",3742545,"34WQ500-B"
26279,"NRO_PARTE",1732027,"34WQ680-W.AWF"
26279,"NRO_PARTE",2510043,"PA278CGV"
26279,"NRO_PARTE",4094568,"MO338ADV2454AM"
26279,"NRO_PARTE",4094694,"MO238ADV2453DPN"
26279,"NRO_PARTE",4229208,"64B8UAR1#"
26279,"NRO_PARTE",2009974,"SCREEN008GCS27CURVED"
26279,"NRO_PARTE",2009994,"SCREEN009GCS23SQUARE"
26279,"NRO_PARTE",1723797,"27UL500-W.AWF"
26279,"NRO_PARTE",1954804,"VA2233-H"
26279,"NRO_PARTE",4094734,"MO27ADV2753DPN"
26279,"NRO_PARTE",4094739,"MO37ADV2753DPN"
26279,"NRO_PARTE",1786907,"40Z32AA#ABA"
26279,"NRO_PARTE",1747427,"63D7UAR3"
26279,"NRO_PARTE",4094687,"MO37ADV2755AM"
26279,"NRO_PARTE",4094703,"MO338ADV2453DPN"
26279,"NRO_PARTE",4094802,"MON34CTE3411G_"
26279,"NRO_PARTE",4094823,"MON315CTE3215G_"
26279,"NRO_PARTE",2611045,"LS32B300NWNXGO_1"
26279,"NRO_PARTE",2599877,"62C6KAR1LA"
26279,"NRO_PARTE",4094795,"MON49CTE4920G_"
26279,"NRO_PARTE",1747661,"3U3223QE3"
26279,"NRO_PARTE",1786895,"40Z32AA"
26279,"NRO_PARTE",1786920,"6N4E2AA"
26279,"NRO_PARTE",1786929,"6N4E2AA#ABA"
26279,"NRO_PARTE",1748231,"BE27ACSBK"
26279,"NRO_PARTE",4101742,"VY249HGR"
26279,"NRO_PARTE",3966832,"64B5KAR1"
26279,"NRO_PARTE",3731091,"MO27ADV2751AM"
26279,"NRO_PARTE",3731110,"MO37ADV2751AM"
26279,"NRO_PARTE",4130653,"C2423H3"
26279,"NRO_PARTE",3759910,"45GR75DC B"
26279,"NRO_PARTE",1723501,"27GN65R-B.AWF"
26279,"NRO_PARTE",1973276,"24MK600-W.AWF"
26279,"NRO_PARTE",1973163,"27BK550Y-B.AWF"
26279,"NRO_PARTE",1973290,"27MK600M-W"
26279,"NRO_PARTE",2510077,"PA278QV"
26279,"NRO_PARTE",4040387,"LS27FG810SNXZA-OS"
26279,"NRO_PARTE",1723488,"22MK600M-B.AWF"
26279,"NRO_PARTE",2652407,"LS27C310EALXPE-1"
26279,"NRO_PARTE",2652415,"LS27C432GANXZA-1"
26279,"NRO_PARTE",3131524,"6N4C1AA"
26279,"NRO_PARTE",3131532,"6N4C4AA#ABA"
26279,"NRO_PARTE",3131535,"6N4C4AA"
26279,"NRO_PARTE",2024822,"MA491"
26279,"NRO_PARTE",2652434,"LS32CG552ELXPE-1"
26279,"NRO_PARTE",1730307,"63E0KAR4"
26279,"NRO_PARTE",1730308,"63A4MAR1"
26279,"NRO_PARTE",1730309,"63B2MAR6"
26279,"NRO_PARTE",1973033,"24BK550Y-B.AWF"
26279,"NRO_PARTE",3966939,"64AAGAR2"
26279,"NRO_PARTE",1723495,"24MK430H-B.AWF"
26279,"NRO_PARTE",3131503,"64W51AA#ABA."
26279,"NRO_PARTE",1723497,"24MK600M-B.AWF"
26279,"NRO_PARTE",1729262,"1A9M8AA#ABA"
26279,"NRO_PARTE",3968018,"MDM2505P5H7I8"
26279,"NRO_PARTE",3131509,"64W51AA."
26279,"NRO_PARTE",3131520,"6N4C1AA#ABA"
26279,"NRO_PARTE",2777376,"90LM055J-B011B0"
26279,"NRO_PARTE",1723491,"22MN430M-B.AWF"
26279,"NRO_PARTE",1723494,"24GN65R-B.AWF"
26279,"NRO_PARTE",1723504,"27MK600-B.AWF"
26279,"NRO_PARTE",1723507,"27UK580-B.AWF"
26279,"NRO_PARTE",2652423,"LS24C432GANXZA-1"
26279,"NRO_PARTE",1722100,"LS34A650UBLXPE"
26279,"NRO_PARTE",2652634,"LS27C310EALXPE-1A"
26279,"NRO_PARTE",1729276,"1B065AA#AC3"
26279,"NRO_PARTE",1729284,"1B9T0AA#ABA"
26426,"EMPAQUE_DE_FABRICA",1677504,"EN: CAJA"
51109,"SISTEMA_DE_MANEJO_RAEE",3716348,"SIST. MANEJO RAEE: INDIVIDUAL"
51109,"SISTEMA_DE_MANEJO_RAEE",3716345,"SIST. MANEJO RAEE: COLECTIVO"
26280,"CERTIFICACION",1677505,"EYESAFE"
26280,"CERTIFICACION",1677506,"FLICKER-FREE"
26280,"CERTIFICACION",1677507,"HDR400"
26280,"CERTIFICACION",1677508,"CERTIFICADO POR SKYPE FOR BUSINESS"
26280,"CERTIFICACION",1677509,"ISO 9001"
26280,"CERTIFICACION",1677510,"WEEE"
26280,"CERTIFICACION",1677511,"GOST-R Rusia"
26280,"CERTIFICACION",1677512,"CE O UE"
26280,"CERTIFICACION",1677513,"TCO"
26280,"CERTIFICACION",1677514,"BSMI - Taiwan Mark"
26280,"CERTIFICACION",1677515,"EuP/ErP"
26280,"CERTIFICACION",1677516,"EPEAT"
26280,"CERTIFICACION",1677517,"ISO 14001"
26280,"CERTIFICACION",1677518,"EPA 5.0"
26280,"CERTIFICACION",1677519,"VCCI - JAPON"
26280,"CERTIFICACION",1677520,"TUV/S S-Mark (Japan)"
26280,"CERTIFICACION",1677521,"FCC - EE. UU."
26280,"CERTIFICACION",1677522,"cCSAus"
26280,"CERTIFICACION",1677523,"UL"
26280,"CERTIFICACION",1677524,"RoHS"
26280,"CERTIFICACION",1677525,"ENERGY STAR"
26438,"COMPONENTES",1677526,"CABLE DE DP"
26438,"COMPONENTES",1677527,"CABLE DE VGA"
26438,"COMPONENTES",1677528,"CABLE DE USB"
26438,"COMPONENTES",1677529,"MANUAL"
26438,"COMPONENTES",1677530,"CD CON SOFTWARE"
26438,"COMPONENTES",1677531,"CABLE HDMI"
26438,"COMPONENTES",1677532,"CABLE PARA AUDIO"
26438,"COMPONENTES",1677533,"ADAPTADOR DE ENERGIA"
26438,"COMPONENTES",1677534,"CABLE DE PODER"
26438,"COMPONENTES",1677535,"CONTROL REMOTO"
26438,"COMPONENTES",3710050,"CABLE DE ALIMENTACIÓN DE ENERGÍA CON CONTACTO A TIERRA"
26438,"COMPONENTES",3710051,"CABLE DE VIDEO"
26438,"COMPONENTES",3710052,"ADAPTADOR DE ENERGÍA, CABLE HDMI"
26438,"COMPONENTES",3710053,"CABLE USB"
26438,"COMPONENTES",3710054,"CD DE INSTALACION"
26438,"COMPONENTES",3710055,"CABLE DP"
26438,"COMPONENTES",3710056,"USB TIPO A A B"
26438,"COMPONENTES",3710057,"CABLE THUNDERBOLT 4"
26438,"COMPONENTES",3710058,"CONTORL REMOTO"
26438,"COMPONENTES",3710059,"CAMARA"
26438,"COMPONENTES",3710060,"POGO GENDER"
26438,"COMPONENTES",3710061,"CABLE TIPO C"
26438,"COMPONENTES",3710062,"CABLE TIPO"
26438,"COMPONENTES",3710063,"CAMARA WEB"
26438,"COMPONENTES",3710064,"CABLE HDMI A MICRO HMDI "
26438,"COMPONENTES",3710065,"CABLE HDMI  CABLE DP"
26438,"COMPONENTES",3710066,"CABLE HDMI  CABLE TIPO C"
26438,"COMPONENTES",3710067,"CABLE MINI DP"
26438,"COMPONENTES",3710068,"CABLE DP  "
26438,"COMPONENTES",3710069,"CABLE DISPLAY PORT"
26438,"COMPONENTES",3710070,"CABLE AUDIO"
26438,"COMPONENTES",3710071,"CABLE THUNDERBOLT"
26438,"COMPONENTES",3710072,"CABLE VGA"
26438,"COMPONENTES",4149103,"CABLE USB - C"
